start	4	2024	1	1	0
	288	369	72.000000	-2.250000	-1.917593e-04	1.009496e+05	1.955598e+00	6.487490e+00	1.476730e+04	1.477005e+04	1.471093e+04	8.141192e+01	7.957696e+01	2024	1	1	0
	285	368	71.250000	-2.000000	-1.151275e-04	1.008898e+05	1.955598e+00	5.289485e+00	1.472615e+04	1.472904e+04	1.468961e+04	8.127256e+01	7.994523e+01	2024	1	1	12
	284	361	71.000000	-0.250000	-2.226629e-05	1.011784e+05	2.036141e+00	3.894727e+00	1.496238e+04	1.496308e+04	1.494925e+04	8.220890e+01	8.120423e+01	2024	1	1	18
	293	365	73.250000	-1.250000	-7.280312e-05	1.011767e+05	1.955598e+00	3.668923e+00	1.494201e+04	1.494373e+04	1.492071e+04	8.468835e+01	8.286568e+01	2024	1	2	6
start	5	2024	1	1	0
	366	376	91.500000	-4.000000	-5.335733e-05	1.009246e+05	2.236784e+00	7.583953e+00	1.474543e+04	1.474788e+04	1.470418e+04	8.550883e+01	8.404617e+01	2024	1	1	0
	364	375	91.000000	-3.750000	-4.808162e-05	1.010548e+05	2.236784e+00	7.201795e+00	1.486695e+04	1.486912e+04	1.484651e+04	8.554688e+01	8.517970e+01	2024	1	1	6
	363	382	90.750000	-5.500000	-2.116081e-05	1.009148e+05	1.674565e+00	8.501511e+00	1.475467e+04	1.475763e+04	1.471461e+04	8.932980e+01	8.688894e+01	2024	1	1	12
	351	381	87.750000	-5.250000	-1.202265e-04	1.010934e+05	1.132127e+00	9.222414e+00	1.489356e+04	1.489577e+04	1.484138e+04	9.022340e+01	8.825114e+01	2024	1	1	18
	346	384	86.500000	-6.000000	-1.079834e-04	1.009661e+05	1.373156e+00	7.130231e+00	1.479867e+04	1.480078e+04	1.473859e+04	9.145049e+01	8.786868e+01	2024	1	2	0
start	5	2024	1	1	0
	245	379	61.250000	-4.750000	-2.418086e-05	1.009686e+05	9.913999e-01	4.819747e+00	1.476465e+04	1.476508e+04	1.473693e+04	7.965617e+01	8.109750e+01	2024	1	1	0
	253	386	63.250000	-6.500000	-8.566235e-05	1.011508e+05	1.413473e+00	6.323355e+00	1.495822e+04	1.496100e+04	1.492488e+04	7.819095e+01	7.954558e+01	2024	1	1	6
	256	379	64.000000	-4.750000	-2.879021e-05	1.008718e+05	9.309574e-01	8.001714e+00	1.470968e+04	1.471100e+04	1.468311e+04	8.350808e+01	7.990450e+01	2024	1	1	12
	246	377	61.500000	-4.250000	-7.013441e-05	1.009511e+05	1.393170e+00	7.200740e+00	1.475050e+04	1.475358e+04	1.471534e+04	8.337992e+01	8.272394e+01	2024	1	2	0
	253	376	63.250000	-4.000000	-8.973689e-05	1.011724e+05	9.309574e-01	7.134362e+00	1.494960e+04	1.495156e+04	1.491061e+04	8.485412e+01	8.417516e+01	2024	1	2	18
start	5	2024	1	1	0
	222	400	55.500000	-10.000000	-4.004687e-06	1.009196e+05	1.232238e+00	5.149282e+00	1.475251e+04	1.475518e+04	1.472193e+04	7.773608e+01	8.022353e+01	2024	1	1	0
	226	397	56.500000	-9.250000	-6.321468e-05	1.011794e+05	8.304603e-01	8.414296e+00	1.498534e+04	1.498834e+04	1.493813e+04	8.615929e+01	8.231109e+01	2024	1	1	18
	228	387	57.000000	-6.750000	-2.118037e-05	1.007089e+05	1.152007e+00	7.333926e+00	1.468985e+04	1.469255e+04	1.466517e+04	7.852550e+01	7.913133e+01	2024	1	2	12
	219	394	54.750000	-8.500000	-8.258433e-05	1.011214e+05	1.232238e+00	8.596765e+00	1.493514e+04	1.493766e+04	1.489873e+04	8.805944e+01	8.469724e+01	2024	1	2	18
	219	393	54.750000	-8.250000	-8.810870e-05	1.008738e+05	1.333094e+00	7.095422e+00	1.473126e+04	1.473305e+04	1.467689e+04	8.884662e+01	8.306353e+01	2024	1	3	0
start	23	2024	1	1	0
	162	443	40.500000	-20.750000	-4.900508e-04	1.000506e+05	2.034799e+00	1.587131e+01	1.449558e+04	1.452432e+04	1.393505e+04	8.865363e+01	8.281876e+01	2024	1	1	0
	167	444	41.750000	-21.000000	-4.497573e-04	9.366377e+04	4.823790e+02	1.750600e+01	1.462731e+04	1.465572e+04	1.398513e+04	8.810571e+01	8.408349e+01	2024	1	1	6
	172	446	43.000000	-21.500000	-8.112204e-04	8.997084e+04	6.995154e+03	1.762192e+01	1.443047e+04	1.446271e+04	1.357086e+04	8.873788e+01	8.409474e+01	2024	1	1	12
	176	448	44.000000	-22.000000	-1.187835e-03	8.585538e+04	1.006669e+04	1.651066e+01	1.448638e+04	1.451869e+04	1.356225e+04	8.985561e+01	8.800391e+01	2024	1	1	18
	178	446	44.500000	-21.500000	-7.980561e-04	8.231009e+04	1.131926e+04	1.544422e+01	1.433058e+04	1.436305e+04	1.371834e+04	8.776852e+01	8.583160e+01	2024	1	2	0
	182	447	45.500000	-21.750000	-7.878502e-04	8.160768e+04	1.482688e+04	1.137656e+01	1.447715e+04	1.450790e+04	1.395009e+04	8.854563e+01	8.580796e+01	2024	1	2	6
	192	448	48.000000	-22.000000	-6.050377e-04	8.146688e+04	1.492266e+04	1.452060e+01	1.435523e+04	1.438071e+04	1.396417e+04	8.475312e+01	8.291634e+01	2024	1	2	12
	193	448	48.250000	-22.000000	-2.064141e-03	8.160438e+04	1.492266e+04	2.035421e+01	1.448684e+04	1.451534e+04	1.336811e+04	8.772994e+01	8.514328e+01	2024	1	2	18
	196	449	49.000000	-22.250000	-7.910263e-04	8.215884e+04	1.215488e+04	1.690866e+01	1.434823e+04	1.437661e+04	1.355389e+04	8.713356e+01	8.558530e+01	2024	1	3	0
	200	452	50.000000	-23.000000	-8.078529e-04	8.869678e+04	5.428051e+01	1.865652e+01	1.444917e+04	1.448167e+04	1.372391e+04	8.757042e+01	8.455246e+01	2024	1	3	6
	206	456	51.500000	-24.000000	-6.158291e-04	9.966182e+04	1.835524e+00	1.889252e+01	1.427137e+04	1.430459e+04	1.365345e+04	8.244622e+01	8.187375e+01	2024	1	3	12
	210	461	52.500000	-25.250000	-6.600006e-04	9.976956e+04	1.654602e+00	1.729353e+01	1.447107e+04	1.450802e+04	1.375546e+04	8.566529e+01	8.025371e+01	2024	1	3	18
	215	468	53.750000	-27.000000	-6.481733e-04	9.966167e+04	1.454901e+00	1.789321e+01	1.426196e+04	1.430764e+04	1.362423e+04	8.612852e+01	8.155462e+01	2024	1	4	0
	223	477	55.750000	-29.250000	-1.501030e-03	9.940886e+04	1.715041e+00	2.343759e+01	1.436899e+04	1.442462e+04	1.333049e+04	8.197486e+01	7.546476e+01	2024	1	4	6
	231	475	57.750000	-28.750000	-5.309905e-04	9.917253e+04	1.594001e+00	2.310024e+01	1.419177e+04	1.426064e+04	1.307668e+04	7.640588e+01	7.539174e+01	2024	1	4	12
	237	480	59.250000	-30.000000	-5.920155e-04	9.958834e+04	1.172455e+00	2.182650e+01	1.431314e+04	1.438344e+04	1.344812e+04	7.706300e+01	7.375271e+01	2024	1	4	18
	240	483	60.000000	-30.750000	-7.093514e-04	9.952579e+04	1.172455e+00	2.156709e+01	1.417087e+04	1.424590e+04	1.338669e+04	8.438902e+01	7.977901e+01	2024	1	5	0
	245	482	61.250000	-30.500000	-3.047935e-04	9.986049e+04	1.172455e+00	2.291075e+01	1.439273e+04	1.446244e+04	1.366147e+04	8.207863e+01	8.040411e+01	2024	1	5	6
	252	483	63.000000	-30.750000	-2.921664e-04	9.999716e+04	1.011771e+00	2.024297e+01	1.433099e+04	1.439533e+04	1.372169e+04	8.457493e+01	8.197592e+01	2024	1	5	12
	256	483	64.000000	-30.750000	-2.965147e-04	1.003742e+05	7.503881e-01	1.734355e+01	1.452217e+04	1.457346e+04	1.404049e+04	8.387400e+01	8.130288e+01	2024	1	5	18
	259	484	64.750000	-31.000000	-2.640716e-04	1.003951e+05	7.503881e-01	1.674055e+01	1.440168e+04	1.444358e+04	1.403662e+04	8.670206e+01	8.150194e+01	2024	1	6	0
	262	484	65.500000	-31.000000	-2.377201e-04	1.006310e+05	1.071792e+00	1.530801e+01	1.455490e+04	1.459064e+04	1.424823e+04	8.912676e+01	8.560704e+01	2024	1	6	6
	266	482	66.500000	-30.500000	-1.995889e-04	1.005527e+05	1.071792e+00	1.520238e+01	1.446469e+04	1.449587e+04	1.420043e+04	8.791323e+01	8.398075e+01	2024	1	6	12
start	10	2024	1	2	6
	262	390	65.500000	-7.500000	-1.273414e-04	1.012137e+05	1.433427e+00	7.318614e+00	1.498323e+04	1.498420e+04	1.493821e+04	8.725585e+01	8.523682e+01	2024	1	2	6
	251	389	62.750000	-7.250000	-1.196098e-04	1.009038e+05	1.413473e+00	7.235608e+00	1.473091e+04	1.473570e+04	1.466164e+04	8.648336e+01	8.511771e+01	2024	1	3	0
	244	388	61.000000	-7.000000	-8.588866e-05	1.011286e+05	1.131980e+00	6.363349e+00	1.491140e+04	1.491507e+04	1.486846e+04	8.660685e+01	8.501366e+01	2024	1	3	18
	250	386	62.500000	-6.500000	-6.228941e-05	1.009247e+05	1.413473e+00	7.230933e+00	1.475981e+04	1.476336e+04	1.472410e+04	8.589468e+01	8.339503e+01	2024	1	4	0
	252	378	63.000000	-4.500000	-3.749784e-05	1.011239e+05	9.910712e-01	6.611580e+00	1.492606e+04	1.492894e+04	1.489649e+04	8.572157e+01	8.302009e+01	2024	1	4	6
	247	378	61.750000	-4.500000	-6.762403e-05	1.008265e+05	9.913999e-01	7.351441e+00	1.466828e+04	1.467221e+04	1.462781e+04	8.549692e+01	8.334449e+01	2024	1	4	12
	240	381	60.000000	-5.250000	-8.433289e-05	1.011423e+05	9.913999e-01	8.044064e+00	1.493944e+04	1.494555e+04	1.489312e+04	9.195936e+01	8.688490e+01	2024	1	4	18
	232	375	58.000000	-3.750000	-2.317394e-04	1.008678e+05	1.453390e+00	9.647997e+00	1.473880e+04	1.474334e+04	1.465744e+04	8.830064e+01	8.380009e+01	2024	1	5	0
	234	379	58.500000	-4.750000	-1.566552e-04	1.008572e+05	1.453390e+00	1.300423e+01	1.472486e+04	1.473270e+04	1.463519e+04	8.810696e+01	8.565676e+01	2024	1	5	12
	238	379	59.500000	-4.750000	-1.082651e-04	1.009471e+05	1.453390e+00	9.917767e+00	1.479319e+04	1.479728e+04	1.472775e+04	8.600083e+01	8.177843e+01	2024	1	6	0
start	7	2024	1	2	12
	278	371	69.500000	-2.750000	-8.400367e-05	1.009139e+05	1.393128e+00	5.666697e+00	1.473064e+04	1.473347e+04	1.468542e+04	8.961983e+01	8.632693e+01	2024	1	2	12
	281	368	70.250000	-2.000000	-2.128205e-04	1.011864e+05	1.955598e+00	5.491488e+00	1.495582e+04	1.495898e+04	1.490673e+04	9.049714e+01	8.622758e+01	2024	1	2	18
	283	371	70.750000	-2.750000	-1.962199e-04	1.011468e+05	1.955598e+00	6.597217e+00	1.493622e+04	1.493657e+04	1.487678e+04	8.144576e+01	8.120561e+01	2024	1	3	6
	281	371	70.250000	-2.750000	-1.495718e-04	1.007718e+05	1.614205e+00	6.813267e+00	1.468505e+04	1.468660e+04	1.465470e+04	7.540147e+01	7.427832e+01	2024	1	3	12
	284	372	71.000000	-3.000000	-1.259728e-04	1.011036e+05	1.955598e+00	4.986321e+00	1.491168e+04	1.491252e+04	1.487634e+04	7.646893e+01	7.686781e+01	2024	1	3	18
	283	367	70.750000	-1.750000	-7.891911e-05	1.009257e+05	1.955598e+00	7.578733e+00	1.474871e+04	1.475024e+04	1.471998e+04	8.303134e+01	8.065295e+01	2024	1	4	0
	285	368	71.250000	-2.000000	-6.276625e-05	1.008245e+05	1.955598e+00	6.258035e+00	1.468282e+04	1.468600e+04	1.463693e+04	8.144626e+01	8.229190e+01	2024	1	4	12
start	43	2024	1	2	12
	328	378	82.000000	-4.500000	-2.746866e-05	1.009529e+05	1.614064e+00	5.817264e+00	1.475926e+04	1.476166e+04	1.471617e+04	8.208182e+01	8.093218e+01	2024	1	2	12
	338	380	84.500000	-5.000000	-1.089703e-04	1.009108e+05	1.634285e+00	6.096498e+00	1.473217e+04	1.473537e+04	1.468739e+04	8.244332e+01	8.138732e+01	2024	1	3	0
	334	378	83.500000	-4.500000	-1.134290e-04	1.010498e+05	1.634285e+00	5.754206e+00	1.483755e+04	1.484112e+04	1.478666e+04	8.545803e+01	8.419869e+01	2024	1	3	6
	325	382	81.250000	-5.500000	-8.144369e-05	1.008638e+05	1.614064e+00	7.197079e+00	1.467542e+04	1.467916e+04	1.462620e+04	8.913939e+01	8.605762e+01	2024	1	3	12
	317	380	79.250000	-5.000000	-2.493842e-04	1.010926e+05	1.352872e+00	6.710967e+00	1.486668e+04	1.486901e+04	1.481271e+04	8.811440e+01	8.728869e+01	2024	1	3	18
	317	377	79.250000	-4.250000	-2.181595e-04	1.010939e+05	1.332789e+00	8.677927e+00	1.489113e+04	1.489252e+04	1.482662e+04	8.906308e+01	8.687473e+01	2024	1	4	6
	317	384	79.250000	-6.000000	-1.588191e-04	1.009335e+05	1.352872e+00	7.361679e+00	1.473270e+04	1.473404e+04	1.468193e+04	8.062160e+01	7.835595e+01	2024	1	4	12
	316	382	79.000000	-5.500000	-1.152975e-04	1.011093e+05	1.352872e+00	5.583753e+00	1.489339e+04	1.489712e+04	1.483049e+04	7.761201e+01	7.774770e+01	2024	1	4	18
	321	384	80.250000	-6.000000	-1.313055e-04	1.008938e+05	1.352872e+00	6.461955e+00	1.471579e+04	1.472008e+04	1.465994e+04	7.654250e+01	7.784823e+01	2024	1	5	0
	315	389	78.750000	-7.250000	-3.821170e-05	1.011265e+05	1.332789e+00	8.213130e+00	1.488774e+04	1.489062e+04	1.485822e+04	8.556605e+01	8.148661e+01	2024	1	5	6
	310	382	77.500000	-5.500000	-9.803404e-05	1.009442e+05	1.332789e+00	6.398061e+00	1.473951e+04	1.474187e+04	1.470219e+04	8.851322e+01	8.386559e+01	2024	1	5	12
	310	383	77.500000	-5.750000	-1.351649e-04	1.011382e+05	1.332789e+00	7.625335e+00	1.489243e+04	1.489600e+04	1.485161e+04	8.912882e+01	8.627718e+01	2024	1	5	18
	308	385	77.000000	-6.250000	-1.104705e-04	1.009541e+05	1.332789e+00	7.135071e+00	1.475004e+04	1.475196e+04	1.470000e+04	8.774249e+01	8.477010e+01	2024	1	6	0
	310	388	77.500000	-7.000000	-9.991415e-05	1.010950e+05	1.332789e+00	7.645867e+00	1.486310e+04	1.486689e+04	1.481123e+04	8.808999e+01	8.555896e+01	2024	1	6	6
	309	392	77.250000	-8.000000	-1.375563e-04	1.011419e+05	1.292903e+00	8.280628e+00	1.491194e+04	1.491615e+04	1.486594e+04	8.585251e+01	8.204728e+01	2024	1	6	18
	311	392	77.750000	-8.000000	-2.162911e-04	1.009330e+05	1.292903e+00	8.988296e+00	1.476076e+04	1.476462e+04	1.466126e+04	8.880508e+01	8.705777e+01	2024	1	7	0
	311	395	77.750000	-8.750000	-2.600776e-04	1.010568e+05	1.292903e+00	8.864821e+00	1.484942e+04	1.485638e+04	1.475997e+04	8.482687e+01	8.279135e+01	2024	1	7	6
	308	397	77.000000	-9.250000	-1.983650e-04	1.008026e+05	1.272318e+00	6.746177e+00	1.462988e+04	1.463478e+04	1.453933e+04	8.605830e+01	7.806588e+01	2024	1	7	12
	310	395	77.500000	-8.750000	-2.572788e-04	1.010263e+05	1.292903e+00	8.825217e+00	1.485946e+04	1.486452e+04	1.474465e+04	8.819239e+01	8.272397e+01	2024	1	7	18
	311	396	77.750000	-9.000000	-5.023032e-04	1.008894e+05	1.292903e+00	9.002790e+00	1.473287e+04	1.473857e+04	1.461872e+04	8.649059e+01	8.210120e+01	2024	1	8	0
	311	397	77.750000	-9.250000	-2.863742e-04	1.010510e+05	1.272318e+00	1.066255e+01	1.489501e+04	1.489824e+04	1.478118e+04	8.596326e+01	8.360494e+01	2024	1	8	6
	313	396	78.250000	-9.000000	-2.460568e-04	1.008517e+05	1.292903e+00	9.961625e+00	1.473058e+04	1.473376e+04	1.462973e+04	8.843952e+01	8.409600e+01	2024	1	8	12
	318	394	79.500000	-8.500000	-4.225357e-04	1.010129e+05	8.305774e-01	1.095213e+01	1.490407e+04	1.490978e+04	1.475288e+04	8.860312e+01	8.560205e+01	2024	1	8	18
	318	396	79.500000	-9.000000	-3.433211e-04	1.008939e+05	7.906586e-01	9.942437e+00	1.477977e+04	1.478061e+04	1.466150e+04	9.057215e+01	8.523459e+01	2024	1	9	0
	316	396	79.000000	-9.000000	-2.653401e-04	1.010131e+05	8.705572e-01	9.951166e+00	1.489166e+04	1.489592e+04	1.475191e+04	8.895181e+01	8.244360e+01	2024	1	9	6
	315	394	78.750000	-8.500000	-2.802017e-04	1.006709e+05	1.292903e+00	1.107096e+01	1.464412e+04	1.464857e+04	1.447998e+04	8.247755e+01	7.709315e+01	2024	1	9	12
	314	393	78.500000	-8.250000	-2.622982e-04	1.009072e+05	1.292903e+00	9.523512e+00	1.482905e+04	1.483345e+04	1.469336e+04	8.199118e+01	7.814592e+01	2024	1	9	18
	315	392	78.750000	-8.000000	-2.316269e-04	1.007091e+05	1.292903e+00	1.029245e+01	1.467327e+04	1.467913e+04	1.453059e+04	8.017497e+01	7.925301e+01	2024	1	10	0
	315	390	78.750000	-7.500000	-1.974588e-04	1.008398e+05	1.292903e+00	9.952538e+00	1.477573e+04	1.478167e+04	1.465186e+04	8.307960e+01	8.157102e+01	2024	1	10	6
	316	389	79.000000	-7.250000	-2.044546e-04	1.006058e+05	1.332789e+00	9.404260e+00	1.458043e+04	1.458633e+04	1.445615e+04	8.205626e+01	8.027979e+01	2024	1	10	12
	317	388	79.250000	-7.000000	-1.841187e-04	1.009300e+05	1.352872e+00	1.071147e+01	1.484262e+04	1.484937e+04	1.471915e+04	8.375147e+01	8.318462e+01	2024	1	10	18
	317	386	79.250000	-6.500000	-1.666711e-04	1.007941e+05	1.352872e+00	1.169425e+01	1.468650e+04	1.469165e+04	1.459469e+04	8.470831e+01	8.305003e+01	2024	1	11	0
	319	385	79.750000	-6.250000	-1.306087e-04	1.009352e+05	1.352872e+00	9.397963e+00	1.480659e+04	1.481186e+04	1.472866e+04	8.674999e+01	8.168019e+01	2024	1	11	6
	320	385	80.000000	-6.250000	-1.336858e-04	1.007726e+05	1.352872e+00	7.931741e+00	1.464881e+04	1.465285e+04	1.458694e+04	8.189492e+01	7.440295e+01	2024	1	11	12
	321	383	80.250000	-5.750000	-1.254897e-04	1.009977e+05	1.352872e+00	7.270161e+00	1.484392e+04	1.484767e+04	1.478120e+04	8.192981e+01	7.614999e+01	2024	1	11	18
	323	383	80.750000	-5.750000	-1.095033e-04	1.007482e+05	1.352872e+00	7.535501e+00	1.464150e+04	1.464743e+04	1.457747e+04	8.484992e+01	7.654610e+01	2024	1	12	0
	319	381	79.750000	-5.250000	-1.072427e-04	1.009798e+05	1.352872e+00	8.303148e+00	1.480004e+04	1.480396e+04	1.474775e+04	8.728372e+01	7.966195e+01	2024	1	12	6
	319	379	79.750000	-4.750000	-1.304685e-04	1.007137e+05	1.352872e+00	8.468029e+00	1.460952e+04	1.461490e+04	1.453191e+04	8.749103e+01	7.943748e+01	2024	1	12	12
	322	380	80.500000	-5.000000	-1.451878e-04	1.009995e+05	1.352872e+00	8.871182e+00	1.483230e+04	1.483637e+04	1.476765e+04	8.490019e+01	7.806210e+01	2024	1	12	18
	322	384	80.500000	-6.000000	-2.800352e-04	1.008091e+05	1.352872e+00	1.071123e+01	1.469296e+04	1.469746e+04	1.460550e+04	8.008533e+01	7.616576e+01	2024	1	13	0
	320	385	80.000000	-6.250000	-2.375366e-04	1.009960e+05	1.352872e+00	1.120406e+01	1.484512e+04	1.484826e+04	1.475736e+04	8.076742e+01	7.630421e+01	2024	1	13	6
	321	385	80.250000	-6.250000	-1.683608e-04	1.008161e+05	1.352872e+00	1.213254e+01	1.468861e+04	1.469328e+04	1.461555e+04	8.303273e+01	7.633136e+01	2024	1	13	12
	322	387	80.500000	-6.750000	-1.208072e-04	1.009191e+05	1.352872e+00	1.055764e+01	1.476228e+04	1.476500e+04	1.470631e+04	8.014415e+01	7.488226e+01	2024	1	14	0
start	5	2024	1	2	18
	677	362	169.250000	-0.500000	9.217765e-07	1.008004e+05	2.176599e+00	6.986969e+00	1.465918e+04	1.466237e+04	1.463948e+04	8.341537e+01	7.629753e+01	2024	1	2	18
	688	361	172.000000	-0.250000	-2.862420e-06	1.007318e+05	1.332845e+00	8.685642e+00	1.461034e+04	1.461298e+04	1.459103e+04	8.759284e+01	8.370276e+01	2024	1	3	6
	684	360	171.000000	0.000000	3.040768e-07	1.008848e+05	2.176599e+00	8.773745e+00	1.474674e+04	1.474952e+04	1.472157e+04	8.973959e+01	8.334140e+01	2024	1	3	12
	690	364	172.500000	-1.000000	-1.302199e-05	1.006706e+05	1.332845e+00	9.097705e+00	1.459251e+04	1.459556e+04	1.452171e+04	8.981740e+01	8.315971e+01	2024	1	3	18
	697	372	174.250000	-3.000000	-3.489433e-06	1.008077e+05	1.393169e+00	5.550219e+00	1.467812e+04	1.467933e+04	1.464848e+04	8.498951e+01	7.933170e+01	2024	1	4	0
start	4	2024	1	3	12
	705	363	176.250000	-0.750000	-1.131883e-05	1.008418e+05	2.638664e+00	1.120059e+01	1.471024e+04	1.471243e+04	1.468932e+04	9.186025e+01	8.662341e+01	2024	1	3	12
	709	361	177.250000	-0.250000	-4.065689e-05	1.007529e+05	2.638664e+00	7.749015e+00	1.460962e+04	1.461103e+04	1.458687e+04	9.084033e+01	8.616177e+01	2024	1	4	6
	702	360	175.500000	0.000000	-9.598560e-05	1.008553e+05	2.638664e+00	1.030296e+01	1.469470e+04	1.469481e+04	1.467449e+04	8.751849e+01	8.470869e+01	2024	1	4	18
	704	362	176.000000	-0.500000	-7.954752e-05	1.008635e+05	2.638664e+00	7.272471e+00	1.473184e+04	1.473103e+04	1.467659e+04	7.513668e+01	7.860159e+01	2024	1	5	6
start	5	2024	1	4	6
	948	360	237.000000	0.000000	-3.410038e-05	1.013219e+05	1.955514e+00	8.289299e+00	1.496050e+04	1.496084e+04	1.495049e+04	8.599429e+01	8.250858e+01	2024	1	4	6
	939	364	234.750000	-1.000000	-1.075515e-05	1.009018e+05	1.091637e+00	8.130510e+00	1.464779e+04	1.464881e+04	1.463494e+04	7.720521e+01	7.953389e+01	2024	1	5	0
	939	360	234.750000	0.000000	-1.598825e-05	1.007532e+05	1.433130e+00	9.266421e+00	1.451916e+04	1.452181e+04	1.448894e+04	8.952443e+01	8.856236e+01	2024	1	5	12
	930	360	232.500000	0.000000	-2.770941e-05	1.006961e+05	1.091637e+00	9.140474e+00	1.449613e+04	1.449831e+04	1.447512e+04	9.058675e+01	8.895184e+01	2024	1	6	0
	919	364	229.750000	-1.000000	-2.025440e-05	1.009699e+05	9.106419e-01	1.074678e+01	1.471959e+04	1.472191e+04	1.469407e+04	7.999000e+01	8.030320e+01	2024	1	6	18
start	101	2024	1	4	18
	376	380	94.000000	-5.000000	-5.882210e-05	1.009813e+05	1.774652e+00	7.261922e+00	1.478337e+04	1.478859e+04	1.473274e+04	9.202197e+01	8.904469e+01	2024	1	4	18
	375	378	93.750000	-4.500000	-1.963726e-04	1.009875e+05	1.774652e+00	8.436533e+00	1.484173e+04	1.484322e+04	1.481359e+04	8.086265e+01	8.306944e+01	2024	1	5	6
	377	382	94.250000	-5.500000	-9.013643e-05	1.008902e+05	1.774652e+00	9.415070e+00	1.479501e+04	1.479952e+04	1.473857e+04	7.980975e+01	8.178223e+01	2024	1	5	12
	376	386	94.000000	-6.500000	-5.782791e-05	1.010572e+05	1.774652e+00	8.086560e+00	1.484175e+04	1.484512e+04	1.481511e+04	8.899122e+01	8.538779e+01	2024	1	5	18
	370	384	92.500000	-6.000000	-6.451528e-05	1.009721e+05	1.292746e+00	6.204171e+00	1.477494e+04	1.477815e+04	1.473738e+04	8.392792e+01	8.134547e+01	2024	1	6	0
	373	388	93.250000	-7.000000	-5.941279e-05	1.010400e+05	1.774652e+00	5.589571e+00	1.482172e+04	1.482388e+04	1.479560e+04	8.940376e+01	8.474561e+01	2024	1	6	6
	378	384	94.500000	-6.000000	-7.516425e-05	1.009477e+05	1.774652e+00	4.906992e+00	1.476551e+04	1.476891e+04	1.473855e+04	8.839439e+01	8.425864e+01	2024	1	6	12
	387	387	96.750000	-6.750000	-2.299622e-05	1.010559e+05	1.634335e+00	4.790435e+00	1.484146e+04	1.484464e+04	1.481032e+04	8.692469e+01	8.543964e+01	2024	1	6	18
	378	383	94.500000	-5.750000	-8.811126e-05	1.009590e+05	1.774652e+00	4.881043e+00	1.477829e+04	1.478322e+04	1.473664e+04	8.533764e+01	8.257302e+01	2024	1	7	0
	382	383	95.500000	-5.750000	-6.317371e-05	1.009958e+05	1.774652e+00	5.429157e+00	1.479336e+04	1.479593e+04	1.476547e+04	8.778737e+01	8.498096e+01	2024	1	7	6
	381	381	95.250000	-5.250000	-7.146667e-05	1.009226e+05	1.774652e+00	5.197725e+00	1.474973e+04	1.475247e+04	1.471420e+04	8.791485e+01	8.640961e+01	2024	1	7	12
	379	384	94.750000	-6.000000	-7.107388e-05	1.009803e+05	1.774652e+00	5.908964e+00	1.479175e+04	1.479595e+04	1.474978e+04	8.974334e+01	8.873721e+01	2024	1	7	18
	379	382	94.750000	-5.500000	-7.407367e-05	1.010004e+05	1.774652e+00	6.294562e+00	1.479271e+04	1.479577e+04	1.475759e+04	8.753217e+01	8.590393e+01	2024	1	8	0
	376	387	94.000000	-6.750000	-6.422773e-05	1.010490e+05	1.774652e+00	5.472982e+00	1.483603e+04	1.483909e+04	1.480768e+04	8.739338e+01	8.583965e+01	2024	1	8	6
	368	383	92.000000	-5.750000	-5.487492e-05	1.008997e+05	1.091694e+00	7.041475e+00	1.472859e+04	1.473155e+04	1.469836e+04	8.213288e+01	8.099940e+01	2024	1	8	12
	372	387	93.000000	-6.750000	-5.474524e-05	1.008759e+05	1.774652e+00	8.191874e+00	1.469600e+04	1.470199e+04	1.464162e+04	8.896499e+01	8.757594e+01	2024	1	9	0
	373	388	93.250000	-7.000000	-5.514221e-05	1.008472e+05	1.774652e+00	7.786544e+00	1.468840e+04	1.469347e+04	1.465486e+04	8.866624e+01	8.630309e+01	2024	1	9	18
	364	387	91.000000	-6.750000	-7.344363e-05	1.006968e+05	1.091694e+00	8.344419e+00	1.457533e+04	1.458243e+04	1.451853e+04	9.039097e+01	8.511062e+01	2024	1	10	12
	372	396	93.000000	-9.000000	-2.322197e-04	1.008960e+05	1.292746e+00	9.338102e+00	1.472901e+04	1.473347e+04	1.466803e+04	8.984963e+01	8.545736e+01	2024	1	10	18
	361	392	90.250000	-8.000000	-7.264479e-05	1.007901e+05	1.412591e+00	9.389809e+00	1.466619e+04	1.467401e+04	1.460331e+04	8.470926e+01	8.058457e+01	2024	1	11	0
	371	398	92.750000	-9.500000	-2.176017e-04	1.008692e+05	9.712112e-01	9.021465e+00	1.471843e+04	1.472233e+04	1.464666e+04	9.262513e+01	8.547390e+01	2024	1	11	6
	371	400	92.750000	-10.000000	-2.129301e-04	1.006966e+05	1.413272e+00	8.429824e+00	1.458613e+04	1.459375e+04	1.450456e+04	8.791914e+01	8.342515e+01	2024	1	11	12
	369	400	92.250000	-10.000000	-1.750509e-04	1.008567e+05	1.132110e+00	8.915531e+00	1.472639e+04	1.473410e+04	1.464520e+04	8.872455e+01	8.779253e+01	2024	1	11	18
	369	400	92.250000	-10.000000	-1.999831e-04	1.007782e+05	1.132110e+00	8.803567e+00	1.464647e+04	1.465371e+04	1.455822e+04	8.793773e+01	8.623209e+01	2024	1	12	0
	370	398	92.500000	-9.500000	-1.823446e-04	1.008118e+05	9.712112e-01	9.804474e+00	1.469177e+04	1.469990e+04	1.458762e+04	8.950759e+01	8.606795e+01	2024	1	12	6
	375	398	93.750000	-9.500000	-2.291142e-04	1.007567e+05	9.712112e-01	9.833968e+00	1.464089e+04	1.464714e+04	1.455491e+04	8.837324e+01	8.569681e+01	2024	1	12	12
	372	403	93.000000	-10.750000	-1.220016e-04	1.008245e+05	1.413272e+00	9.789907e+00	1.470368e+04	1.471456e+04	1.461378e+04	9.085535e+01	8.581069e+01	2024	1	12	18
	373	405	93.250000	-11.250000	-1.196689e-04	1.007311e+05	1.413272e+00	9.292017e+00	1.462465e+04	1.463476e+04	1.453488e+04	8.967564e+01	8.205526e+01	2024	1	13	0
	374	403	93.500000	-10.750000	-2.254369e-04	1.007650e+05	1.413272e+00	9.031314e+00	1.467471e+04	1.468557e+04	1.454986e+04	8.692476e+01	8.259299e+01	2024	1	13	6
	378	404	94.500000	-11.000000	-2.373829e-04	1.006691e+05	1.413272e+00	1.045401e+01	1.462174e+04	1.463359e+04	1.447142e+04	8.560302e+01	8.433842e+01	2024	1	13	12
	377	404	94.250000	-11.000000	-2.417350e-04	1.007908e+05	1.413272e+00	1.057492e+01	1.472603e+04	1.473752e+04	1.456441e+04	8.586471e+01	8.564276e+01	2024	1	13	18
	376	403	94.000000	-10.750000	-3.203338e-04	1.006441e+05	1.413272e+00	1.216056e+01	1.463710e+04	1.465020e+04	1.446218e+04	7.823933e+01	8.179240e+01	2024	1	14	0
	378	404	94.500000	-11.000000	-2.895324e-04	1.006016e+05	1.413272e+00	1.330416e+01	1.466594e+04	1.467908e+04	1.443789e+04	8.205111e+01	8.491711e+01	2024	1	14	6
	377	404	94.250000	-11.000000	-2.176536e-04	1.003967e+05	1.413272e+00	1.261220e+01	1.454698e+04	1.456590e+04	1.428161e+04	8.290557e+01	8.392988e+01	2024	1	14	12
	375	401	93.750000	-10.250000	-2.113204e-04	1.004851e+05	1.413272e+00	1.278177e+01	1.462899e+04	1.464918e+04	1.434325e+04	8.810713e+01	8.514995e+01	2024	1	14	18
	373	400	93.250000	-10.000000	-3.204341e-04	1.004817e+05	1.413272e+00	1.345587e+01	1.458106e+04	1.460061e+04	1.430627e+04	9.059689e+01	8.492696e+01	2024	1	15	0
	375	398	93.750000	-9.500000	-4.326168e-04	1.004481e+05	9.712112e-01	1.613937e+01	1.462825e+04	1.464561e+04	1.426739e+04	9.037718e+01	8.392625e+01	2024	1	15	6
	377	399	94.250000	-9.750000	-3.588211e-04	1.003497e+05	9.712112e-01	1.565516e+01	1.452152e+04	1.453868e+04	1.419055e+04	8.777932e+01	8.378623e+01	2024	1	15	12
	377	400	94.250000	-10.000000	-3.459924e-04	1.003164e+05	1.232499e+00	1.546048e+01	1.453695e+04	1.455596e+04	1.418484e+04	8.969466e+01	8.676418e+01	2024	1	15	18
	375	398	93.750000	-9.500000	-5.214408e-04	1.002310e+05	9.712112e-01	1.570662e+01	1.446646e+04	1.448622e+04	1.408673e+04	8.683759e+01	8.666792e+01	2024	1	16	0
	376	399	94.000000	-9.750000	-4.845171e-04	1.001591e+05	9.712112e-01	1.653108e+01	1.452590e+04	1.454731e+04	1.405486e+04	8.641187e+01	8.651550e+01	2024	1	16	6
	375	399	93.750000	-9.750000	-3.883648e-04	1.001035e+05	9.712112e-01	1.482493e+01	1.445149e+04	1.447523e+04	1.396920e+04	8.793655e+01	8.485535e+01	2024	1	16	12
	377	398	94.250000	-9.500000	-4.433105e-04	1.000134e+05	9.712112e-01	1.613589e+01	1.445921e+04	1.448327e+04	1.390536e+04	8.960506e+01	8.598230e+01	2024	1	16	18
	376	399	94.000000	-9.750000	-4.890836e-04	9.994956e+04	9.712112e-01	1.543542e+01	1.439026e+04	1.441339e+04	1.384477e+04	8.694468e+01	8.366809e+01	2024	1	17	0
	377	400	94.250000	-10.000000	-4.612673e-04	9.991077e+04	1.232499e+00	1.590759e+01	1.444877e+04	1.447292e+04	1.383955e+04	9.010648e+01	8.668090e+01	2024	1	17	6
	376	401	94.000000	-10.250000	-5.828631e-04	9.976081e+04	1.413272e+00	1.706038e+01	1.440960e+04	1.443672e+04	1.370834e+04	8.870109e+01	8.314709e+01	2024	1	17	12
	376	403	94.000000	-10.750000	-5.387042e-04	9.970702e+04	1.413272e+00	1.916571e+01	1.445963e+04	1.448839e+04	1.366829e+04	9.106798e+01	8.131293e+01	2024	1	17	18
	376	404	94.000000	-11.000000	-6.365073e-04	9.966205e+04	1.413272e+00	1.891690e+01	1.443007e+04	1.446108e+04	1.362269e+04	8.893918e+01	8.329372e+01	2024	1	18	0
	374	406	93.500000	-11.500000	-7.055926e-04	9.963830e+04	1.413272e+00	1.983002e+01	1.445286e+04	1.448244e+04	1.363062e+04	9.114436e+01	8.085359e+01	2024	1	18	6
	375	408	93.750000	-12.000000	-5.937470e-04	9.950580e+04	1.413272e+00	1.905140e+01	1.438778e+04	1.441664e+04	1.351484e+04	8.676163e+01	8.120495e+01	2024	1	18	12
	373	409	93.250000	-12.250000	-5.438214e-04	9.961944e+04	1.413272e+00	1.909482e+01	1.445230e+04	1.448212e+04	1.359402e+04	8.828003e+01	7.969182e+01	2024	1	18	18
	373	410	93.250000	-12.500000	-6.238329e-04	9.960809e+04	1.413272e+00	1.841665e+01	1.446429e+04	1.449433e+04	1.358059e+04	8.730232e+01	8.169032e+01	2024	1	19	0
	371	410	92.750000	-12.500000	-6.618183e-04	9.950759e+04	1.413272e+00	1.940417e+01	1.450810e+04	1.453618e+04	1.353750e+04	8.541003e+01	7.914120e+01	2024	1	19	6
	371	411	92.750000	-12.750000	-6.538001e-04	9.941995e+04	1.413272e+00	1.976637e+01	1.442943e+04	1.445717e+04	1.345256e+04	8.255341e+01	7.839232e+01	2024	1	19	12
	371	410	92.750000	-12.500000	-7.233191e-04	9.950417e+04	1.413272e+00	1.862707e+01	1.451849e+04	1.454947e+04	1.352589e+04	7.942880e+01	7.875936e+01	2024	1	19	18
	371	410	92.750000	-12.500000	-8.270058e-04	9.913211e+04	1.413272e+00	2.037032e+01	1.448244e+04	1.451508e+04	1.323673e+04	7.929908e+01	7.994552e+01	2024	1	20	0
	370	410	92.500000	-12.500000	-8.608429e-04	9.916353e+04	1.413272e+00	2.092429e+01	1.455743e+04	1.458930e+04	1.325824e+04	8.369944e+01	7.970547e+01	2024	1	20	6
	370	410	92.500000	-12.500000	-9.689878e-04	9.910116e+04	1.413272e+00	1.983157e+01	1.449962e+04	1.453303e+04	1.318615e+04	8.523747e+01	7.867495e+01	2024	1	20	12
	370	409	92.500000	-12.250000	-1.011134e-03	9.927028e+04	1.413272e+00	2.105391e+01	1.463833e+04	1.466798e+04	1.333750e+04	8.833773e+01	7.956915e+01	2024	1	20	18
	369	408	92.250000	-12.000000	-1.037892e-03	9.920247e+04	1.413272e+00	2.062195e+01	1.455854e+04	1.458802e+04	1.327023e+04	8.636018e+01	8.084795e+01	2024	1	21	0
	369	408	92.250000	-12.000000	-1.130824e-03	9.910123e+04	1.413272e+00	2.092650e+01	1.460638e+04	1.463357e+04	1.320849e+04	8.743199e+01	8.113612e+01	2024	1	21	6
	368	408	92.000000	-12.000000	-9.866704e-04	9.913267e+04	1.413272e+00	1.987079e+01	1.450562e+04	1.453656e+04	1.322476e+04	8.778522e+01	8.235009e+01	2024	1	21	12
	367	408	91.750000	-12.000000	-7.898381e-04	9.946580e+04	1.413272e+00	1.926688e+01	1.461285e+04	1.464341e+04	1.350189e+04	8.949746e+01	8.436842e+01	2024	1	21	18
	367	409	91.750000	-12.250000	-7.568947e-04	9.938903e+04	1.413272e+00	2.106962e+01	1.456724e+04	1.459771e+04	1.342952e+04	8.820686e+01	8.190108e+01	2024	1	22	0
	366	409	91.500000	-12.250000	-9.644947e-04	9.941524e+04	1.413272e+00	2.095013e+01	1.466950e+04	1.469825e+04	1.343323e+04	8.894904e+01	8.126427e+01	2024	1	22	6
	365	410	91.250000	-12.500000	-1.048403e-03	9.959006e+04	1.132110e+00	1.878429e+01	1.461629e+04	1.464220e+04	1.357687e+04	8.921403e+01	7.979462e+01	2024	1	22	12
	366	410	91.500000	-12.500000	-7.963369e-04	9.986673e+04	1.413272e+00	1.791926e+01	1.476533e+04	1.478980e+04	1.383646e+04	9.083950e+01	8.355587e+01	2024	1	22	18
	366	411	91.500000	-12.750000	-7.447498e-04	9.989670e+04	1.413272e+00	1.784840e+01	1.467776e+04	1.470300e+04	1.384089e+04	9.070393e+01	8.356071e+01	2024	1	23	0
	365	413	91.250000	-13.250000	-6.892912e-04	9.995366e+04	1.152186e+00	1.764569e+01	1.471742e+04	1.474159e+04	1.387886e+04	9.009061e+01	8.124232e+01	2024	1	23	6
	365	414	91.250000	-13.500000	-8.815047e-04	9.979433e+04	1.152186e+00	1.776808e+01	1.464614e+04	1.467374e+04	1.372187e+04	8.773094e+01	8.069970e+01	2024	1	23	12
	365	415	91.250000	-13.750000	-6.981918e-04	9.992298e+04	1.152186e+00	1.810918e+01	1.472355e+04	1.475145e+04	1.384862e+04	9.107738e+01	8.204069e+01	2024	1	23	18
	364	415	91.000000	-13.750000	-6.505928e-04	9.981145e+04	1.152186e+00	1.856565e+01	1.464700e+04	1.467604e+04	1.379258e+04	9.125407e+01	8.325723e+01	2024	1	24	0
	364	416	91.000000	-14.000000	-7.209901e-04	9.967819e+04	1.152186e+00	2.093187e+01	1.470101e+04	1.472953e+04	1.367481e+04	8.969423e+01	8.164532e+01	2024	1	24	6
	364	417	91.000000	-14.250000	-1.030611e-03	9.959674e+04	1.152186e+00	2.061414e+01	1.462871e+04	1.465557e+04	1.357375e+04	8.709070e+01	8.174481e+01	2024	1	24	12
	364	417	91.000000	-14.250000	-9.322495e-04	9.963981e+04	1.152186e+00	1.942156e+01	1.474308e+04	1.476662e+04	1.360921e+04	9.274437e+01	8.462541e+01	2024	1	24	18
	362	419	90.500000	-14.750000	-1.112924e-03	9.956398e+04	1.212369e+00	2.022673e+01	1.468337e+04	1.470865e+04	1.355310e+04	9.181535e+01	8.435555e+01	2024	1	25	0
	360	421	90.000000	-15.250000	-8.331139e-04	9.975539e+04	1.212369e+00	2.026940e+01	1.481247e+04	1.483683e+04	1.374046e+04	9.028108e+01	8.293614e+01	2024	1	25	6
	357	422	89.250000	-15.500000	-1.039819e-03	9.965802e+04	1.212369e+00	2.013406e+01	1.473103e+04	1.475657e+04	1.362243e+04	8.613290e+01	8.117422e+01	2024	1	25	12
	352	424	88.000000	-16.000000	-9.457860e-04	9.992632e+04	1.292589e+00	1.893730e+01	1.490091e+04	1.492370e+04	1.387571e+04	9.255037e+01	8.370215e+01	2024	1	25	18
	348	426	87.000000	-16.500000	-8.688194e-04	9.983407e+04	1.413402e+00	2.079536e+01	1.478339e+04	1.480520e+04	1.379587e+04	9.104335e+01	8.186436e+01	2024	1	26	0
	345	427	86.250000	-16.750000	-7.216905e-04	9.999378e+04	1.413402e+00	2.041288e+01	1.487402e+04	1.489477e+04	1.396800e+04	8.789627e+01	8.163923e+01	2024	1	26	6
	340	429	85.000000	-17.250000	-7.171503e-04	1.000240e+05	1.413402e+00	1.896547e+01	1.477453e+04	1.479655e+04	1.396347e+04	8.861986e+01	7.886083e+01	2024	1	26	12
	336	432	84.000000	-18.000000	-5.943608e-04	1.003766e+05	1.273174e+00	1.905677e+01	1.497989e+04	1.499994e+04	1.426687e+04	9.190394e+01	8.399854e+01	2024	1	26	18
	331	434	82.750000	-18.500000	-9.193306e-04	1.000180e+05	1.273174e+00	1.979245e+01	1.483812e+04	1.485947e+04	1.398360e+04	9.271623e+01	8.411398e+01	2024	1	27	0
	328	435	82.000000	-18.750000	-9.196762e-04	9.991288e+04	8.509222e-01	2.016452e+01	1.491039e+04	1.493274e+04	1.389884e+04	8.908743e+01	8.371464e+01	2024	1	27	6
	323	436	80.750000	-19.000000	-9.919258e-04	9.974772e+04	1.312631e+00	2.076150e+01	1.478267e+04	1.480712e+04	1.376034e+04	8.187587e+01	8.024445e+01	2024	1	27	12
	318	438	79.500000	-19.500000	-7.170066e-04	1.002034e+05	1.533765e+00	1.872209e+01	1.495393e+04	1.497463e+04	1.415055e+04	9.044784e+01	8.414161e+01	2024	1	27	18
	312	439	78.000000	-19.750000	-9.121411e-04	9.998420e+04	1.634210e+00	1.932943e+01	1.482223e+04	1.484484e+04	1.394372e+04	8.618708e+01	8.395813e+01	2024	1	28	0
	306	441	76.500000	-20.250000	-8.824724e-04	1.000782e+05	1.634210e+00	2.166871e+01	1.493864e+04	1.495809e+04	1.402313e+04	8.409109e+01	8.272089e+01	2024	1	28	6
	300	444	75.000000	-21.000000	-8.158351e-04	9.995723e+04	1.634210e+00	1.885484e+01	1.475155e+04	1.477004e+04	1.392763e+04	8.585742e+01	7.978262e+01	2024	1	28	12
	294	446	73.500000	-21.500000	-7.240823e-04	1.002218e+05	1.272890e+00	1.840793e+01	1.492572e+04	1.494518e+04	1.416435e+04	8.778919e+01	8.197895e+01	2024	1	28	18
	289	450	72.250000	-22.500000	-7.228181e-04	9.994195e+04	1.312852e+00	2.009788e+01	1.474010e+04	1.476088e+04	1.389145e+04	8.599538e+01	8.156272e+01	2024	1	29	0
	286	455	71.500000	-23.750000	-7.400450e-04	1.000515e+05	1.191932e+00	1.970085e+01	1.482073e+04	1.484263e+04	1.397540e+04	8.805933e+01	8.011357e+01	2024	1	29	6
	283	460	70.750000	-25.000000	-1.089521e-03	9.967143e+04	1.071882e+00	1.901246e+01	1.469571e+04	1.471452e+04	1.363361e+04	8.581480e+01	7.734394e+01	2024	1	29	12
	283	465	70.750000	-26.250000	-1.366263e-03	9.941480e+04	1.071882e+00	2.155174e+01	1.483969e+04	1.486180e+04	1.345209e+04	8.522575e+01	7.576083e+01	2024	1	29	18
	285	470	71.250000	-27.500000	-1.291511e-03	9.921511e+04	1.453099e+00	2.214346e+01	1.468513e+04	1.470900e+04	1.317555e+04	7.951918e+01	7.707024e+01	2024	1	30	0
	289	475	72.250000	-28.750000	-1.035759e-03	9.946613e+04	1.252656e+00	2.194204e+01	1.478346e+04	1.480596e+04	1.346622e+04	8.062946e+01	8.150713e+01	2024	1	30	6
	295	479	73.750000	-29.750000	-1.686889e-03	9.940038e+04	1.252656e+00	2.128012e+01	1.465778e+04	1.468316e+04	1.332105e+04	8.531908e+01	8.158287e+01	2024	1	30	12
	303	482	75.750000	-30.500000	-8.928131e-04	9.972216e+04	1.412740e+00	2.177739e+01	1.470262e+04	1.473178e+04	1.361797e+04	8.978067e+01	7.239034e+01	2024	1	30	18
	314	486	78.500000	-31.500000	-7.956964e-04	9.977309e+04	1.393057e+00	2.168272e+01	1.446103e+04	1.448914e+04	1.361167e+04	8.195328e+01	7.083382e+01	2024	1	31	0
	326	491	81.500000	-32.750000	-9.514168e-04	9.968855e+04	1.151886e+00	2.315925e+01	1.434676e+04	1.437816e+04	1.354743e+04	8.446742e+01	8.077937e+01	2024	1	31	6
start	9	2024	1	5	6
	256	368	64.000000	-2.000000	-9.400165e-05	1.011455e+05	8.908886e-01	8.999536e+00	1.495695e+04	1.495737e+04	1.486572e+04	8.772523e+01	8.445611e+01	2024	1	5	6
	253	374	63.250000	-3.500000	-3.459270e-04	1.011562e+05	8.908886e-01	1.159686e+01	1.495935e+04	1.496053e+04	1.488261e+04	8.926688e+01	8.426065e+01	2024	1	5	18
	252	380	63.000000	-5.000000	-1.188088e-04	1.011820e+05	9.910712e-01	1.072223e+01	1.496948e+04	1.497393e+04	1.491835e+04	8.443375e+01	8.260078e+01	2024	1	6	6
	256	380	64.000000	-5.000000	-8.744281e-05	1.009137e+05	9.309574e-01	9.742774e+00	1.472030e+04	1.472333e+04	1.468630e+04	8.230597e+01	8.101437e+01	2024	1	6	12
	254	381	63.500000	-5.250000	-7.804111e-05	1.012449e+05	9.309574e-01	9.846398e+00	1.500454e+04	1.500761e+04	1.497407e+04	8.517286e+01	8.235555e+01	2024	1	6	18
	248	381	62.000000	-5.250000	-8.533965e-05	1.009600e+05	1.131980e+00	9.219588e+00	1.474597e+04	1.474861e+04	1.470876e+04	9.227752e+01	8.582721e+01	2024	1	7	0
	249	381	62.250000	-5.250000	-3.068673e-04	1.010768e+05	1.131980e+00	9.972918e+00	1.489397e+04	1.490054e+04	1.479447e+04	8.798690e+01	8.695686e+01	2024	1	7	6
	257	388	64.250000	-7.000000	-6.712973e-05	1.008494e+05	1.433427e+00	9.689383e+00	1.468635e+04	1.469164e+04	1.464522e+04	8.297130e+01	8.338326e+01	2024	1	8	0
	262	390	65.500000	-7.500000	-7.323315e-05	1.008107e+05	1.433427e+00	1.024521e+01	1.463076e+04	1.463343e+04	1.460598e+04	8.443615e+01	8.075803e+01	2024	1	8	12
start	4	2024	1	6	6
	703	387	175.750000	-6.750000	-4.996546e-05	1.008000e+05	1.152034e+00	5.247296e+00	1.468125e+04	1.468386e+04	1.465585e+04	8.431078e+01	8.183926e+01	2024	1	6	6
	704	390	176.000000	-7.500000	-1.148311e-04	1.009227e+05	1.152056e+00	6.682557e+00	1.478138e+04	1.478431e+04	1.472380e+04	8.982780e+01	8.773362e+01	2024	1	6	12
	704	381	176.000000	-5.250000	-2.351331e-04	1.008958e+05	1.393169e+00	7.009290e+00	1.478359e+04	1.478612e+04	1.472334e+04	8.081754e+01	8.126606e+01	2024	1	7	6
	706	383	176.500000	-5.750000	-1.474030e-04	1.010416e+05	1.393169e+00	8.570454e+00	1.489671e+04	1.489873e+04	1.484908e+04	7.684536e+01	7.506373e+01	2024	1	7	12
start	11	2024	1	7	0
	785	429	196.250000	-17.250000	-6.435881e-05	1.010290e+05	1.152358e+00	8.831027e+00	1.490286e+04	1.490850e+04	1.485901e+04	7.580799e+01	7.422250e+01	2024	1	7	0
	783	434	195.750000	-18.500000	-9.777676e-05	1.012243e+05	8.108562e-01	8.095693e+00	1.500271e+04	1.500738e+04	1.494428e+04	8.904652e+01	8.552959e+01	2024	1	7	18
	786	437	196.500000	-19.250000	-2.849847e-04	1.011394e+05	7.301772e-01	8.040863e+00	1.493176e+04	1.493496e+04	1.485597e+04	8.624623e+01	8.366318e+01	2024	1	8	0
	785	439	196.250000	-19.750000	-3.407635e-04	1.011760e+05	7.301772e-01	8.132296e+00	1.497091e+04	1.497509e+04	1.487781e+04	8.701064e+01	8.398222e+01	2024	1	8	6
	783	441	195.750000	-20.250000	-2.262383e-04	1.011687e+05	7.301772e-01	1.008082e+01	1.494789e+04	1.495225e+04	1.485461e+04	8.488323e+01	8.421687e+01	2024	1	8	12
	777	442	194.250000	-20.500000	-1.546128e-04	1.011879e+05	7.904290e-01	9.205404e+00	1.494459e+04	1.495001e+04	1.487575e+04	8.592326e+01	8.590244e+01	2024	1	8	18
	775	443	193.750000	-20.750000	-1.059754e-04	1.010539e+05	1.492996e+00	7.980945e+00	1.486814e+04	1.487475e+04	1.480112e+04	8.739977e+01	8.622353e+01	2024	1	9	0
	772	445	193.000000	-21.250000	-7.526088e-05	1.010141e+05	1.492996e+00	9.558050e+00	1.483429e+04	1.484055e+04	1.477341e+04	8.868216e+01	8.520868e+01	2024	1	9	6
	766	450	191.500000	-22.500000	-2.004583e-04	1.010392e+05	1.111819e+00	1.101892e+01	1.486228e+04	1.487070e+04	1.474148e+04	8.564146e+01	8.315452e+01	2024	1	9	18
	758	446	189.500000	-21.500000	-1.068299e-04	1.009228e+05	1.192435e+00	1.153204e+01	1.481383e+04	1.482129e+04	1.474773e+04	8.486271e+01	8.513409e+01	2024	1	10	6
	754	441	188.500000	-20.250000	-6.273389e-05	1.009650e+05	8.330264e+01	1.137762e+01	1.484370e+04	1.484931e+04	1.479165e+04	8.101170e+01	8.285140e+01	2024	1	10	18
start	11	2024	1	7	12
	618	362	154.500000	-0.500000	6.406801e-06	1.010386e+05	2.136455e+00	7.240063e+00	1.486485e+04	1.486443e+04	1.484670e+04	8.409576e+01	7.954025e+01	2024	1	7	12
	619	361	154.750000	-0.250000	4.723668e-06	1.010474e+05	2.116419e+00	8.453484e+00	1.486649e+04	1.486726e+04	1.483772e+04	8.689758e+01	7.938126e+01	2024	1	8	0
	628	366	157.000000	-1.500000	-3.153458e-05	1.007880e+05	8.707310e-01	5.471076e+00	1.466219e+04	1.466204e+04	1.463193e+04	7.630865e+01	7.905356e+01	2024	1	8	6
	621	360	155.250000	0.000000	-1.399079e-06	1.009699e+05	1.292790e+00	7.440415e+00	1.480158e+04	1.480316e+04	1.477712e+04	8.466838e+01	8.295599e+01	2024	1	9	0
	630	363	157.500000	-0.750000	4.221918e-06	1.007001e+05	1.312912e+00	7.379183e+00	1.456664e+04	1.456788e+04	1.455016e+04	9.102078e+01	8.908257e+01	2024	1	9	6
	627	363	156.750000	-0.750000	4.700851e-06	1.006952e+05	1.312912e+00	8.172256e+00	1.456065e+04	1.456121e+04	1.453411e+04	8.543325e+01	8.666943e+01	2024	1	9	18
	623	360	155.750000	0.000000	5.480368e-06	1.009261e+05	1.292790e+00	7.541070e+00	1.476111e+04	1.476155e+04	1.473509e+04	8.666894e+01	8.449725e+01	2024	1	10	0
	621	362	155.250000	-0.500000	-6.467104e-06	1.005720e+05	1.453435e+00	7.518325e+00	1.446419e+04	1.446604e+04	1.442265e+04	8.526921e+01	8.572041e+01	2024	1	10	18
	614	361	153.500000	-0.250000	-1.035631e-05	1.004762e+05	3.442997e+00	5.666652e+00	1.447583e+04	1.447843e+04	1.444853e+04	8.527804e+01	8.564031e+01	2024	1	11	6
	622	360	155.500000	0.000000	-7.979106e-06	1.006107e+05	1.292790e+00	6.678779e+00	1.449271e+04	1.449357e+04	1.446833e+04	8.772460e+01	8.756544e+01	2024	1	11	18
	615	360	153.750000	0.000000	-5.199574e-06	1.004208e+05	3.181094e+00	6.358826e+00	1.442043e+04	1.442115e+04	1.438450e+04	8.742648e+01	8.787636e+01	2024	1	12	6
start	5	2024	1	7	18
	1402	361	350.500000	-0.250000	-1.358520e-05	1.009673e+05	7.703071e-01	7.914840e+00	1.478350e+04	1.478688e+04	1.475215e+04	7.944604e+01	7.719940e+01	2024	1	7	18
	1412	362	353.000000	-0.500000	-3.731623e-05	1.010500e+05	1.191976e+00	7.137566e+00	1.480746e+04	1.480862e+04	1.478856e+04	7.622829e+01	7.636242e+01	2024	1	8	6
	1415	360	353.750000	0.000000	-4.705624e-05	1.009379e+05	9.712011e-01	8.025638e+00	1.473551e+04	1.473692e+04	1.471362e+04	8.414454e+01	8.085128e+01	2024	1	8	18
	1413	360	353.250000	0.000000	-1.506018e-05	1.010551e+05	1.191976e+00	8.129982e+00	1.480430e+04	1.480492e+04	1.478816e+04	9.067664e+01	8.795486e+01	2024	1	9	6
	1417	365	354.250000	-1.250000	-1.582527e-05	1.012349e+05	1.191976e+00	8.165538e+00	1.494861e+04	1.494877e+04	1.493136e+04	8.310741e+01	7.844906e+01	2024	1	9	12
start	4	2024	1	8	0
	221	394	55.250000	-8.500000	-3.682077e-05	1.008184e+05	1.232238e+00	8.044883e+00	1.467065e+04	1.467606e+04	1.463634e+04	8.649842e+01	8.473585e+01	2024	1	8	0
	221	403	55.250000	-10.750000	-3.358559e-05	1.010009e+05	1.232238e+00	6.779614e+00	1.484794e+04	1.485156e+04	1.481012e+04	8.682070e+01	8.589970e+01	2024	1	8	18
	226	395	56.500000	-8.750000	-7.912354e-05	1.007959e+05	1.152007e+00	9.544481e+00	1.462787e+04	1.463014e+04	1.458875e+04	9.061781e+01	8.572927e+01	2024	1	9	0
	216	399	54.000000	-9.750000	-6.431364e-05	1.007049e+05	1.614419e+00	1.058148e+01	1.459511e+04	1.459967e+04	1.454748e+04	8.626878e+01	8.641219e+01	2024	1	9	12
start	4	2024	1	8	12
	699	360	174.750000	0.000000	-7.310417e-06	1.009717e+05	1.332845e+00	7.050026e+00	1.481672e+04	1.481644e+04	1.479761e+04	7.829639e+01	7.863484e+01	2024	1	8	12
	692	368	173.000000	-2.000000	-2.032355e-05	1.008699e+05	1.051454e+00	4.171754e+00	1.469838e+04	1.470048e+04	1.466912e+04	8.023930e+01	8.231126e+01	2024	1	8	18
	700	361	175.000000	-0.250000	-3.308291e-06	1.008539e+05	2.638664e+00	5.674416e+00	1.472626e+04	1.472729e+04	1.471686e+04	8.344067e+01	8.168687e+01	2024	1	9	12
	708	362	177.000000	-0.500000	-1.017051e-05	1.007602e+05	2.638664e+00	6.087604e+00	1.462232e+04	1.462488e+04	1.459648e+04	8.041928e+01	8.091782e+01	2024	1	9	18
start	8	2024	1	8	18
	664	372	166.000000	-3.000000	-1.102523e-05	1.008359e+05	1.674552e+00	4.771860e+00	1.469035e+04	1.469066e+04	1.467362e+04	7.673763e+01	8.019761e+01	2024	1	8	18
	669	364	167.250000	-1.000000	-2.060342e-05	1.007581e+05	5.350978e+00	7.840957e+00	1.461731e+04	1.461664e+04	1.460179e+04	8.175449e+01	8.295564e+01	2024	1	9	6
	662	363	165.500000	-0.750000	-4.381174e-06	1.009129e+05	5.350978e+00	7.216025e+00	1.474284e+04	1.474374e+04	1.470723e+04	8.494554e+01	8.453733e+01	2024	1	9	12
	663	360	165.750000	0.000000	-8.407515e-06	1.008541e+05	5.350978e+00	8.258870e+00	1.470571e+04	1.470575e+04	1.469796e+04	8.657281e+01	8.471835e+01	2024	1	10	0
	659	360	164.750000	0.000000	7.957220e-06	1.005410e+05	1.473456e+00	7.877333e+00	1.445191e+04	1.445466e+04	1.441878e+04	8.402352e+01	8.488194e+01	2024	1	10	18
	666	368	166.500000	-2.000000	4.155794e-06	1.007731e+05	5.350978e+00	4.565676e+00	1.465638e+04	1.465782e+04	1.463094e+04	7.998587e+01	8.168957e+01	2024	1	11	0
	673	360	168.250000	0.000000	-1.057982e-06	1.006682e+05	5.350978e+00	6.671837e+00	1.456762e+04	1.456839e+04	1.456103e+04	8.749809e+01	8.728535e+01	2024	1	11	6
	677	364	169.250000	-1.000000	-2.406538e-06	1.008256e+05	2.176599e+00	6.032317e+00	1.472650e+04	1.472821e+04	1.469894e+04	8.298287e+01	8.370776e+01	2024	1	11	12
start	12	2024	1	8	18
	659	453	164.750000	-23.250000	-6.803707e-05	9.682791e+04	3.416312e+03	9.419081e+00	1.467532e+04	1.468659e+04	1.457550e+04	8.232977e+01	8.045541e+01	2024	1	8	18
	667	448	166.750000	-22.000000	-7.048086e-05	9.682289e+04	5.299759e+03	9.757051e+00	1.471968e+04	1.473212e+04	1.462025e+04	8.428948e+01	8.166778e+01	2024	1	9	0
	664	452	166.000000	-23.000000	-8.008885e-05	9.661306e+04	5.299759e+03	1.042191e+01	1.456645e+04	1.458173e+04	1.445104e+04	8.418736e+01	8.139297e+01	2024	1	9	6
	659	455	164.750000	-23.750000	-9.349780e-05	9.663823e+04	1.431044e+01	1.034727e+01	1.449724e+04	1.451468e+04	1.439136e+04	8.168418e+01	8.014644e+01	2024	1	9	18
	657	455	164.250000	-23.750000	-9.772507e-05	9.672312e+04	1.090371e+01	1.081741e+01	1.462512e+04	1.464466e+04	1.449521e+04	7.971737e+01	7.943078e+01	2024	1	10	0
	655	453	163.750000	-23.250000	-8.471659e-05	9.660077e+04	1.090371e+01	1.010242e+01	1.447968e+04	1.449651e+04	1.436348e+04	7.952401e+01	7.625714e+01	2024	1	10	6
	653	450	163.250000	-22.500000	-8.971570e-05	9.682975e+04	5.693785e+01	9.438157e+00	1.457050e+04	1.458834e+04	1.445128e+04	7.861855e+01	7.450966e+01	2024	1	10	12
	648	449	162.000000	-22.250000	-1.015067e-04	9.779900e+04	3.303126e+00	9.709597e+00	1.443425e+04	1.445009e+04	1.431353e+04	8.005467e+01	7.407629e+01	2024	1	10	18
	645	448	161.250000	-22.000000	-8.474453e-05	1.007961e+05	1.613989e+00	8.999489e+00	1.463287e+04	1.464693e+04	1.453194e+04	7.975620e+01	7.398130e+01	2024	1	11	0
	643	448	160.750000	-22.000000	-9.427965e-05	1.007292e+05	1.613989e+00	9.762363e+00	1.457368e+04	1.458647e+04	1.447716e+04	8.059679e+01	7.547501e+01	2024	1	11	6
	637	445	159.250000	-21.250000	-7.661432e-05	1.009356e+05	1.795627e+00	1.118007e+01	1.474676e+04	1.475661e+04	1.468069e+04	7.683247e+01	7.277893e+01	2024	1	11	12
	633	449	158.250000	-22.250000	-6.594462e-05	1.007737e+05	1.615003e+00	9.533040e+00	1.459905e+04	1.460990e+04	1.451858e+04	7.845124e+01	7.458881e+01	2024	1	11	18
start	4	2024	1	9	12
	358	388	89.500000	-7.000000	-5.963468e-05	1.008139e+05	8.509199e-01	8.681183e+00	1.464304e+04	1.464742e+04	1.460348e+04	8.918609e+01	8.380056e+01	2024	1	9	12
	357	383	89.250000	-5.750000	-1.030001e-04	1.007691e+05	1.071637e+00	7.573174e+00	1.464767e+04	1.465433e+04	1.457359e+04	9.115874e+01	8.643320e+01	2024	1	10	0
	354	383	88.500000	-5.750000	-1.956408e-04	1.008658e+05	1.071637e+00	8.268552e+00	1.472273e+04	1.472697e+04	1.465111e+04	9.140829e+01	8.519857e+01	2024	1	10	6
	364	387	91.000000	-6.750000	-7.344363e-05	1.006968e+05	1.091694e+00	8.344419e+00	1.457533e+04	1.458243e+04	1.451853e+04	9.039097e+01	8.511062e+01	2024	1	10	12
start	4	2024	1	9	12
	255	395	63.750000	-8.750000	-1.710677e-05	1.006739e+05	2.096102e+00	5.913955e+00	1.456565e+04	1.457197e+04	1.451448e+04	7.781907e+01	8.099255e+01	2024	1	9	12
	263	393	65.750000	-8.250000	-7.591443e-05	1.010232e+05	1.433427e+00	1.092614e+01	1.483284e+04	1.483707e+04	1.478173e+04	8.400776e+01	8.341833e+01	2024	1	9	18
	253	397	63.250000	-9.250000	-2.932874e-05	1.007571e+05	2.096102e+00	7.538982e+00	1.461243e+04	1.461676e+04	1.457021e+04	8.701881e+01	8.593272e+01	2024	1	10	0
	258	399	64.500000	-9.750000	-1.852100e-04	1.009588e+05	2.096102e+00	8.494593e+00	1.478832e+04	1.479468e+04	1.470998e+04	8.850869e+01	8.673846e+01	2024	1	10	6
start	5	2024	1	9	18
	236	400	59.000000	-10.000000	-1.419382e-05	1.010182e+05	2.156258e+00	7.184560e+00	1.483174e+04	1.483348e+04	1.480373e+04	8.932914e+01	8.767407e+01	2024	1	9	18
	229	401	57.250000	-10.250000	-3.975956e-05	1.007671e+05	1.312319e+00	9.929047e+00	1.461362e+04	1.461703e+04	1.457559e+04	9.207590e+01	9.008784e+01	2024	1	10	0
	235	396	58.750000	-9.000000	-1.033430e-04	1.009858e+05	1.312319e+00	9.784562e+00	1.480128e+04	1.480448e+04	1.476411e+04	9.226521e+01	8.974575e+01	2024	1	10	6
	230	398	57.500000	-9.500000	-6.494997e-05	1.006388e+05	1.312319e+00	1.217388e+01	1.451662e+04	1.452224e+04	1.446578e+04	9.258430e+01	8.745319e+01	2024	1	10	12
	220	400	55.000000	-10.000000	-5.930513e-04	1.009502e+05	1.232238e+00	1.376668e+01	1.482791e+04	1.483195e+04	1.467541e+04	8.935880e+01	8.576904e+01	2024	1	11	6
start	5	2024	1	10	6
	695	362	173.750000	-0.500000	-1.307181e-05	1.007128e+05	1.332845e+00	5.627776e+00	1.459023e+04	1.459138e+04	1.457873e+04	8.909959e+01	8.680538e+01	2024	1	10	6
	694	366	173.500000	-1.500000	-2.205372e-06	1.006140e+05	1.332845e+00	6.161514e+00	1.450623e+04	1.450882e+04	1.449878e+04	8.369379e+01	8.326317e+01	2024	1	10	18
	697	369	174.250000	-2.250000	-3.322959e-06	1.007112e+05	1.051454e+00	5.998441e+00	1.462556e+04	1.462581e+04	1.461353e+04	8.296288e+01	8.329164e+01	2024	1	11	6
	699	361	174.750000	-0.250000	-8.873176e-06	1.006447e+05	1.332845e+00	9.839431e+00	1.456621e+04	1.456661e+04	1.451333e+04	8.126465e+01	8.471223e+01	2024	1	11	18
	708	365	177.000000	-1.250000	-5.149748e-06	1.007227e+05	2.638664e+00	8.294812e+00	1.463951e+04	1.464040e+04	1.461054e+04	7.919311e+01	7.592704e+01	2024	1	12	12
start	10	2024	1	10	6
	795	432	198.750000	-18.000000	-3.196648e-05	1.010318e+05	3.661729e+00	9.662944e+00	1.484133e+04	1.484496e+04	1.480173e+04	8.092415e+01	7.802264e+01	2024	1	10	6
	794	430	198.500000	-17.500000	-6.807921e-05	1.009218e+05	6.493666e-01	8.854135e+00	1.473848e+04	1.474338e+04	1.468590e+04	8.348753e+01	8.085849e+01	2024	1	10	12
	797	434	199.250000	-18.500000	-2.777146e-04	1.009711e+05	3.661729e+00	1.171953e+01	1.480738e+04	1.481483e+04	1.473206e+04	8.219257e+01	7.993430e+01	2024	1	11	0
	800	435	200.000000	-18.750000	-3.990978e-04	1.011282e+05	3.661729e+00	1.299113e+01	1.488109e+04	1.488681e+04	1.477391e+04	8.380431e+01	8.086517e+01	2024	1	11	6
	800	429	200.000000	-17.250000	-5.363445e-04	1.011227e+05	3.661729e+00	1.136627e+01	1.491985e+04	1.492503e+04	1.478795e+04	8.718906e+01	8.424670e+01	2024	1	11	18
	801	428	200.250000	-17.000000	-4.661179e-04	1.010262e+05	3.661729e+00	1.140190e+01	1.485049e+04	1.485574e+04	1.473447e+04	8.297982e+01	8.139247e+01	2024	1	12	0
	799	426	199.750000	-16.500000	-3.172299e-04	1.010678e+05	6.493666e-01	1.182895e+01	1.486514e+04	1.487096e+04	1.478625e+04	8.447318e+01	8.191797e+01	2024	1	12	6
	797	424	199.250000	-16.000000	-1.954078e-04	1.009427e+05	7.099987e-01	1.209370e+01	1.476562e+04	1.477220e+04	1.468866e+04	8.527613e+01	8.194011e+01	2024	1	12	12
	791	420	197.750000	-15.000000	-7.386273e-05	1.008191e+05	8.506430e-01	1.178521e+01	1.472248e+04	1.472786e+04	1.467825e+04	8.646797e+01	8.364732e+01	2024	1	13	0
	795	422	198.750000	-15.500000	-2.000481e-05	1.008281e+05	7.501140e-01	1.176095e+01	1.470052e+04	1.470568e+04	1.466467e+04	8.373262e+01	8.216792e+01	2024	1	13	12
start	48	2024	1	10	18
	243	400	60.750000	-10.000000	-8.082390e-05	1.009790e+05	1.835035e+00	9.999899e+00	1.479006e+04	1.479595e+04	1.473828e+04	9.210416e+01	8.814793e+01	2024	1	10	18
	245	407	61.250000	-11.750000	-1.307593e-04	1.007301e+05	2.116592e+00	1.061363e+01	1.461180e+04	1.461646e+04	1.453531e+04	8.666243e+01	8.565264e+01	2024	1	11	0
	241	405	60.250000	-11.250000	-1.246482e-04	1.009002e+05	2.156258e+00	1.244566e+01	1.478541e+04	1.479244e+04	1.470541e+04	8.712139e+01	8.492979e+01	2024	1	11	6
	239	408	59.750000	-12.000000	-1.158342e-04	1.005946e+05	2.156258e+00	1.197742e+01	1.453059e+04	1.454103e+04	1.445006e+04	8.611262e+01	8.247701e+01	2024	1	11	12
	231	412	57.750000	-13.000000	-1.221220e-04	1.008927e+05	2.156258e+00	1.039536e+01	1.475943e+04	1.476759e+04	1.469720e+04	8.866043e+01	8.697207e+01	2024	1	11	18
	230	413	57.500000	-13.250000	-4.343188e-04	1.005052e+05	1.695055e+00	1.120045e+01	1.456478e+04	1.457936e+04	1.434697e+04	8.615925e+01	8.546077e+01	2024	1	12	0
	227	410	56.750000	-12.500000	-5.799672e-04	1.005538e+05	1.695055e+00	1.216616e+01	1.472041e+04	1.473505e+04	1.441387e+04	8.814850e+01	8.426644e+01	2024	1	12	6
	229	412	57.250000	-13.000000	-3.745197e-04	1.002967e+05	1.695055e+00	1.197317e+01	1.448502e+04	1.450343e+04	1.420516e+04	8.507996e+01	8.349050e+01	2024	1	12	12
	228	416	57.000000	-14.000000	-3.393202e-04	1.004885e+05	1.794939e+00	1.169961e+01	1.464840e+04	1.467188e+04	1.435653e+04	8.877325e+01	8.457354e+01	2024	1	12	18
	223	421	55.750000	-15.250000	-4.446632e-04	1.001221e+05	1.794939e+00	1.353627e+01	1.440668e+04	1.443075e+04	1.405188e+04	8.828756e+01	8.465004e+01	2024	1	13	0
	219	423	54.750000	-15.750000	-3.883960e-04	1.001210e+05	1.312609e+00	1.502397e+01	1.458114e+04	1.461155e+04	1.406761e+04	8.651571e+01	8.391665e+01	2024	1	13	6
	216	428	54.000000	-17.000000	-5.983785e-04	9.981115e+04	2.638118e+00	1.409685e+01	1.443889e+04	1.446935e+04	1.380367e+04	8.354051e+01	7.801857e+01	2024	1	13	12
	215	432	53.750000	-18.000000	-5.926276e-04	9.981683e+04	3.302295e+00	1.776030e+01	1.458358e+04	1.461807e+04	1.378554e+04	8.387441e+01	7.641300e+01	2024	1	13	18
	213	434	53.250000	-18.500000	-6.070619e-04	9.893712e+04	3.302295e+00	1.798397e+01	1.436403e+04	1.440187e+04	1.342906e+04	8.042515e+01	7.445801e+01	2024	1	14	0
	213	437	53.250000	-19.250000	-7.034270e-04	9.292562e+04	1.312146e+01	1.991606e+01	1.455845e+04	1.459658e+04	1.336477e+04	8.377326e+01	7.855497e+01	2024	1	14	6
	214	439	53.500000	-19.750000	-9.631289e-04	9.263672e+04	3.011609e+01	2.453787e+01	1.432171e+04	1.436897e+04	1.278036e+04	8.229091e+01	7.565736e+01	2024	1	14	12
	215	440	53.750000	-20.000000	-8.962671e-04	9.275914e+04	9.018631e+03	2.440034e+01	1.453632e+04	1.458101e+04	1.298812e+04	8.018520e+01	7.795502e+01	2024	1	14	18
	217	442	54.250000	-20.500000	-1.209378e-03	9.242570e+04	9.018631e+03	2.299097e+01	1.439129e+04	1.443536e+04	1.296402e+04	8.479624e+01	8.077749e+01	2024	1	15	0
	220	444	55.000000	-21.000000	-1.157946e-03	9.157312e+04	9.018631e+03	2.385804e+01	1.453251e+04	1.457622e+04	1.322276e+04	8.504394e+01	7.811011e+01	2024	1	15	6
	224	446	56.000000	-21.500000	-1.442612e-03	9.116173e+04	9.018631e+03	2.420084e+01	1.427107e+04	1.432521e+04	1.278930e+04	8.198538e+01	7.549962e+01	2024	1	15	12
	227	448	56.750000	-22.000000	-1.321482e-03	9.188038e+04	9.018631e+03	2.430129e+01	1.433383e+04	1.438957e+04	1.257796e+04	8.571869e+01	7.637760e+01	2024	1	15	18
	231	449	57.750000	-22.250000	-1.059373e-03	9.233505e+04	1.346864e+03	2.406933e+01	1.416385e+04	1.421966e+04	1.265348e+04	9.050830e+01	8.243266e+01	2024	1	16	0
	236	452	59.000000	-23.000000	-1.068494e-03	9.821309e+04	4.285924e+00	2.336138e+01	1.422983e+04	1.428930e+04	1.240673e+04	9.028747e+01	8.249308e+01	2024	1	16	6
	240	453	60.000000	-23.250000	-1.106422e-03	9.789645e+04	1.814647e+00	2.310922e+01	1.392033e+04	1.398882e+04	1.212820e+04	8.805693e+01	8.196841e+01	2024	1	16	12
	246	453	61.500000	-23.250000	-7.965574e-04	9.813344e+04	1.935331e+00	2.249491e+01	1.399537e+04	1.406507e+04	1.234561e+04	8.807382e+01	8.403698e+01	2024	1	16	18
	250	455	62.500000	-23.750000	-1.252440e-03	9.762156e+04	1.935331e+00	2.464641e+01	1.376680e+04	1.383710e+04	1.187952e+04	8.527215e+01	8.372471e+01	2024	1	17	0
	253	456	63.250000	-24.000000	-1.075016e-03	9.763877e+04	1.935331e+00	2.245998e+01	1.391818e+04	1.398495e+04	1.191080e+04	9.031378e+01	8.829949e+01	2024	1	17	6
	256	457	64.000000	-24.250000	-1.020421e-03	9.801481e+04	1.935331e+00	2.210497e+01	1.377702e+04	1.384436e+04	1.224259e+04	8.778121e+01	8.552903e+01	2024	1	17	12
	257	456	64.250000	-24.000000	-7.467244e-04	9.829202e+04	1.935331e+00	1.991016e+01	1.389343e+04	1.395848e+04	1.249304e+04	9.144764e+01	8.698493e+01	2024	1	17	18
	260	456	65.000000	-24.000000	-9.289575e-04	9.813605e+04	1.754774e+00	2.071519e+01	1.373060e+04	1.379486e+04	1.233844e+04	8.773170e+01	8.617419e+01	2024	1	18	0
	261	455	65.250000	-23.750000	-7.224607e-04	9.841630e+04	1.273016e+00	2.066916e+01	1.391661e+04	1.397361e+04	1.261650e+04	8.719223e+01	8.616150e+01	2024	1	18	6
	261	455	65.250000	-23.750000	-6.855382e-04	9.861880e+04	1.273016e+00	1.870103e+01	1.382515e+04	1.387535e+04	1.278896e+04	8.874841e+01	8.604945e+01	2024	1	18	12
	259	454	64.750000	-23.500000	-5.286222e-04	9.915244e+04	1.754774e+00	1.656547e+01	1.405925e+04	1.410182e+04	1.324102e+04	8.759921e+01	8.622081e+01	2024	1	18	18
	257	454	64.250000	-23.500000	-4.437077e-04	9.923109e+04	1.754774e+00	1.539764e+01	1.396027e+04	1.399795e+04	1.330709e+04	9.129298e+01	8.725998e+01	2024	1	19	0
	255	453	63.750000	-23.250000	-3.671627e-04	9.955959e+04	1.935331e+00	1.340143e+01	1.412916e+04	1.416395e+04	1.359588e+04	9.246244e+01	8.772865e+01	2024	1	19	6
	253	454	63.250000	-23.500000	-3.301171e-04	9.948295e+04	1.935331e+00	1.280229e+01	1.398781e+04	1.402068e+04	1.351656e+04	9.142301e+01	8.646542e+01	2024	1	19	12
	251	455	62.750000	-23.750000	-2.969671e-04	9.983117e+04	1.935331e+00	1.269048e+01	1.421926e+04	1.424942e+04	1.381626e+04	9.420334e+01	8.814943e+01	2024	1	19	18
	249	457	62.250000	-24.250000	-2.475891e-04	9.984311e+04	1.935331e+00	1.236130e+01	1.414354e+04	1.416834e+04	1.381385e+04	9.508541e+01	8.863979e+01	2024	1	20	0
	247	459	61.750000	-24.750000	-2.153246e-04	1.001185e+05	1.935331e+00	1.182929e+01	1.434094e+04	1.436373e+04	1.405274e+04	9.376128e+01	8.923817e+01	2024	1	20	6
	245	460	61.250000	-25.000000	-2.080153e-04	1.000812e+05	1.935331e+00	1.349488e+01	1.427642e+04	1.429892e+04	1.401840e+04	9.610888e+01	9.007971e+01	2024	1	20	12
	242	462	60.500000	-25.500000	-1.720791e-04	1.003703e+05	1.935331e+00	1.400686e+01	1.448790e+04	1.450957e+04	1.424838e+04	9.503117e+01	8.995099e+01	2024	1	20	18
	238	463	59.500000	-25.750000	-1.776186e-04	1.003195e+05	1.593619e+00	1.593501e+01	1.440103e+04	1.442313e+04	1.418548e+04	9.617175e+01	9.023232e+01	2024	1	21	0
	234	464	58.500000	-26.000000	-1.550366e-04	1.005072e+05	1.593619e+00	1.723596e+01	1.456317e+04	1.458611e+04	1.435661e+04	9.555270e+01	9.016180e+01	2024	1	21	6
	228	463	57.000000	-25.750000	-1.388241e-04	1.004977e+05	1.534079e+00	1.447927e+01	1.451678e+04	1.453855e+04	1.434589e+04	9.262880e+01	8.847530e+01	2024	1	21	12
	222	463	55.500000	-25.750000	-1.034907e-04	1.007098e+05	2.136390e+00	1.332724e+01	1.465553e+04	1.467414e+04	1.450639e+04	8.493669e+01	8.339887e+01	2024	1	21	18
	215	467	53.750000	-26.750000	-9.561097e-05	1.006790e+05	1.454901e+00	1.436343e+01	1.457864e+04	1.459863e+04	1.443365e+04	9.086584e+01	8.877781e+01	2024	1	22	0
	209	473	52.250000	-28.250000	-9.227009e-05	1.008752e+05	1.734400e+00	1.429095e+01	1.473539e+04	1.475451e+04	1.460648e+04	8.594608e+01	8.512518e+01	2024	1	22	6
	210	477	52.500000	-29.250000	-1.411305e-04	1.007751e+05	1.835711e+00	1.276480e+01	1.465214e+04	1.466898e+04	1.453425e+04	7.904153e+01	8.006518e+01	2024	1	22	12
start	10	2024	1	11	0
	845	456	211.250000	-24.000000	-1.795457e-04	1.012531e+05	2.231657e+01	6.712103e+00	1.486883e+04	1.486991e+04	1.481056e+04	8.790137e+01	8.341138e+01	2024	1	11	0
	852	457	213.000000	-24.250000	-4.739016e-04	1.012842e+05	7.597525e+00	8.761548e+00	1.492325e+04	1.492490e+04	1.483428e+04	8.696043e+01	8.232487e+01	2024	1	11	6
	845	450	211.250000	-22.500000	-3.613457e-04	1.011066e+05	2.231657e+01	1.037687e+01	1.478010e+04	1.478493e+04	1.468181e+04	8.619737e+01	8.371701e+01	2024	1	11	12
	840	446	210.000000	-21.500000	-3.418545e-04	1.012237e+05	2.992704e+01	9.968224e+00	1.488852e+04	1.489514e+04	1.477470e+04	8.781151e+01	8.427459e+01	2024	1	11	18
	845	446	211.250000	-21.500000	-3.917611e-04	1.011072e+05	2.231657e+01	9.927689e+00	1.482359e+04	1.483075e+04	1.470535e+04	8.538299e+01	8.242778e+01	2024	1	12	0
	847	447	211.750000	-21.750000	-3.981730e-04	1.012268e+05	2.231657e+01	1.021951e+01	1.496951e+04	1.497849e+04	1.482250e+04	8.729050e+01	8.264291e+01	2024	1	12	6
	852	454	213.000000	-23.500000	-2.097613e-04	1.013391e+05	7.597525e+00	1.348150e+01	1.508003e+04	1.508496e+04	1.500888e+04	8.889777e+01	8.450072e+01	2024	1	13	0
	854	458	213.500000	-24.500000	-3.560307e-04	1.015490e+05	7.597525e+00	1.302293e+01	1.521808e+04	1.522232e+04	1.510673e+04	8.847865e+01	8.505309e+01	2024	1	13	6
	852	461	213.000000	-25.250000	-3.369227e-04	1.014191e+05	7.597525e+00	1.180229e+01	1.512007e+04	1.512379e+04	1.504705e+04	8.853268e+01	8.681918e+01	2024	1	13	12
	856	464	214.000000	-26.000000	-5.121017e-04	1.017008e+05	9.912824e-01	1.149820e+01	1.530855e+04	1.531065e+04	1.515491e+04	9.211970e+01	8.813230e+01	2024	1	13	18
start	4	2024	1	14	6
	270	402	67.500000	-10.500000	-3.922265e-05	1.011656e+05	1.151966e+00	6.098658e+00	1.495099e+04	1.495357e+04	1.492752e+04	7.856851e+01	8.112495e+01	2024	1	14	6
	267	410	66.750000	-12.500000	-5.483581e-05	1.009597e+05	1.232515e+00	6.294684e+00	1.478576e+04	1.478967e+04	1.474777e+04	8.460984e+01	8.124921e+01	2024	1	15	0
	264	412	66.000000	-13.000000	-5.525979e-05	1.011761e+05	1.232515e+00	6.997295e+00	1.497013e+04	1.497340e+04	1.493876e+04	8.429893e+01	8.178944e+01	2024	1	15	6
	259	413	64.750000	-13.250000	-6.252644e-05	1.008387e+05	1.232515e+00	6.108623e+00	1.469790e+04	1.469947e+04	1.465980e+04	8.259013e+01	8.189776e+01	2024	1	15	12
start	66	2024	1	14	6
	603	430	150.750000	-17.500000	-3.097681e-04	1.004376e+05	1.453254e+00	6.806220e+00	1.438185e+04	1.438529e+04	1.429364e+04	8.400008e+01	8.310336e+01	2024	1	14	6
	602	430	150.500000	-17.500000	-2.993715e-04	1.006007e+05	2.216168e+00	8.909267e+00	1.457877e+04	1.458259e+04	1.448386e+04	8.376721e+01	8.342883e+01	2024	1	14	12
	601	431	150.250000	-17.750000	-2.092938e-04	1.001231e+05	2.216168e+00	8.549366e+00	1.434932e+04	1.435475e+04	1.424712e+04	8.664160e+01	8.480446e+01	2024	1	14	18
	594	427	148.500000	-16.750000	-1.326811e-04	9.183573e+04	1.211789e+01	1.092451e+01	1.444824e+04	1.445683e+04	1.436117e+04	8.776632e+01	8.611819e+01	2024	1	15	12
	594	431	148.500000	-17.750000	-1.079314e-04	9.157338e+04	4.165895e+01	1.007252e+01	1.419838e+04	1.420847e+04	1.411409e+04	9.131215e+01	8.710286e+01	2024	1	15	18
	588	430	147.000000	-17.500000	-1.495078e-04	9.168505e+04	8.950066e+03	1.081283e+01	1.436781e+04	1.437692e+04	1.428323e+04	9.219942e+01	8.998815e+01	2024	1	16	0
	593	425	148.250000	-16.250000	-1.042890e-04	9.178145e+04	2.339075e+01	1.068722e+01	1.442368e+04	1.443327e+04	1.432245e+04	9.041480e+01	8.796730e+01	2024	1	16	12
	602	427	150.500000	-16.750000	-1.138756e-04	1.001844e+05	1.352993e+00	1.084494e+01	1.420712e+04	1.421905e+04	1.411636e+04	9.018588e+01	8.807668e+01	2024	1	16	18
	603	428	150.750000	-17.000000	-1.021898e-04	1.002746e+05	1.453254e+00	1.049127e+01	1.437417e+04	1.438844e+04	1.423615e+04	8.461443e+01	8.619663e+01	2024	1	17	0
	606	422	151.500000	-15.500000	-1.070369e-04	9.999277e+04	1.995858e+00	1.118687e+01	1.411422e+04	1.412764e+04	1.400618e+04	8.934341e+01	8.747984e+01	2024	1	17	6
	611	421	152.750000	-15.250000	-1.147878e-04	1.003168e+05	1.975871e+00	1.328074e+01	1.435017e+04	1.436062e+04	1.425134e+04	9.315226e+01	8.804597e+01	2024	1	17	12
	613	417	153.250000	-14.250000	-5.342935e-04	9.996302e+04	2.559899e+00	1.519995e+01	1.413947e+04	1.415308e+04	1.392879e+04	9.180424e+01	8.924275e+01	2024	1	17	18
	617	418	154.250000	-14.500000	-4.001451e-04	1.001710e+05	1.975871e+00	1.389228e+01	1.432891e+04	1.434179e+04	1.412644e+04	8.978739e+01	8.846648e+01	2024	1	18	0
	619	418	154.750000	-14.500000	-3.071653e-04	9.982730e+04	1.975871e+00	1.353139e+01	1.407990e+04	1.409339e+04	1.385838e+04	9.056028e+01	8.950129e+01	2024	1	18	6
	622	417	155.500000	-14.250000	-2.214862e-04	1.000598e+05	1.513575e+00	1.304716e+01	1.428472e+04	1.430058e+04	1.408346e+04	9.241618e+01	8.928267e+01	2024	1	18	12
	623	415	155.750000	-13.750000	-3.311520e-04	9.971544e+04	1.513575e+00	1.614006e+01	1.402641e+04	1.404323e+04	1.377302e+04	9.124480e+01	8.801809e+01	2024	1	18	18
	624	414	156.000000	-13.500000	-4.440057e-04	9.999109e+04	1.533907e+00	1.596289e+01	1.427667e+04	1.429248e+04	1.399734e+04	8.991562e+01	8.776846e+01	2024	1	19	0
	627	415	156.750000	-13.750000	-6.940644e-04	9.939759e+04	1.614517e+00	1.780514e+01	1.404141e+04	1.406524e+04	1.349038e+04	8.584192e+01	8.676757e+01	2024	1	19	6
	626	418	156.500000	-14.500000	-4.029241e-04	9.986495e+04	1.513575e+00	1.608992e+01	1.426660e+04	1.429088e+04	1.390856e+04	8.620546e+01	8.781461e+01	2024	1	19	12
	624	418	156.000000	-14.500000	-2.960134e-04	9.970017e+04	1.513575e+00	1.477699e+01	1.407247e+04	1.409754e+04	1.377439e+04	8.965202e+01	9.040279e+01	2024	1	19	18
	623	418	155.750000	-14.500000	-3.015611e-04	9.995211e+04	1.513575e+00	1.454455e+01	1.429367e+04	1.431686e+04	1.398873e+04	8.838586e+01	8.813156e+01	2024	1	20	0
	622	418	155.500000	-14.500000	-2.636639e-04	9.964453e+04	1.513575e+00	1.429708e+01	1.403410e+04	1.406098e+04	1.373049e+04	8.977150e+01	8.819544e+01	2024	1	20	6
	621	418	155.250000	-14.500000	-2.253007e-04	1.000302e+05	1.634048e+00	1.315953e+01	1.430754e+04	1.433355e+04	1.404640e+04	9.182946e+01	9.002853e+01	2024	1	20	12
	621	418	155.250000	-14.500000	-3.468995e-04	9.974728e+04	1.634048e+00	1.638001e+01	1.407832e+04	1.410443e+04	1.380038e+04	8.975391e+01	8.872895e+01	2024	1	20	18
	617	421	154.250000	-15.250000	-1.825062e-04	9.992847e+04	1.975871e+00	1.585780e+01	1.428624e+04	1.431430e+04	1.400073e+04	8.744511e+01	8.649995e+01	2024	1	21	0
	618	421	154.500000	-15.250000	-1.914550e-04	9.975523e+04	1.975871e+00	1.571997e+01	1.408763e+04	1.411704e+04	1.381999e+04	8.990285e+01	8.668454e+01	2024	1	21	6
	615	422	153.750000	-15.500000	-2.390493e-04	9.991167e+04	1.975871e+00	1.636744e+01	1.426529e+04	1.429793e+04	1.394564e+04	8.873638e+01	8.640418e+01	2024	1	21	12
	614	423	153.500000	-15.750000	-2.411476e-04	9.967380e+04	1.975871e+00	1.713037e+01	1.406475e+04	1.409993e+04	1.372289e+04	9.053663e+01	8.814848e+01	2024	1	21	18
	615	418	153.750000	-14.500000	-4.737428e-04	9.985203e+04	1.995952e+00	1.810547e+01	1.427572e+04	1.430585e+04	1.389052e+04	9.039010e+01	8.783852e+01	2024	1	22	0
	617	424	154.250000	-16.000000	-3.066382e-04	9.954724e+04	1.975871e+00	1.815732e+01	1.400423e+04	1.403936e+04	1.363086e+04	9.084831e+01	8.786400e+01	2024	1	22	6
	616	426	154.000000	-16.500000	-2.623664e-04	9.978606e+04	1.634048e+00	1.588095e+01	1.419558e+04	1.423186e+04	1.380625e+04	8.717075e+01	8.624271e+01	2024	1	22	12
	615	426	153.750000	-16.500000	-2.782533e-04	9.952373e+04	1.975871e+00	1.707369e+01	1.397661e+04	1.401709e+04	1.357084e+04	9.086346e+01	8.749317e+01	2024	1	22	18
	615	427	153.750000	-16.750000	-3.193216e-04	9.949070e+04	1.634048e+00	2.000145e+01	1.412978e+04	1.418270e+04	1.355927e+04	8.634563e+01	8.522872e+01	2024	1	23	0
	616	429	154.000000	-17.250000	-3.607504e-04	9.914666e+04	1.634048e+00	1.698186e+01	1.391065e+04	1.396973e+04	1.325611e+04	9.009319e+01	8.805849e+01	2024	1	23	6
	615	429	153.750000	-17.250000	-3.642258e-04	9.947533e+04	1.634048e+00	1.695774e+01	1.419042e+04	1.424740e+04	1.354874e+04	8.845541e+01	8.769644e+01	2024	1	23	12
	613	430	153.250000	-17.500000	-3.757009e-04	9.917098e+04	1.634048e+00	1.736551e+01	1.401194e+04	1.407026e+04	1.329288e+04	9.009367e+01	8.835925e+01	2024	1	23	18
	613	429	153.250000	-17.250000	-4.488907e-04	9.940445e+04	1.634048e+00	1.782151e+01	1.424639e+04	1.430715e+04	1.346446e+04	8.712978e+01	8.553507e+01	2024	1	24	0
	609	429	152.250000	-17.250000	-4.364972e-04	9.915419e+04	1.574056e+00	1.952614e+01	1.407421e+04	1.413412e+04	1.327431e+04	8.976531e+01	8.499582e+01	2024	1	24	6
	607	431	151.750000	-17.750000	-3.928118e-04	9.945274e+04	1.313260e+00	1.969065e+01	1.430687e+04	1.437374e+04	1.346237e+04	9.306136e+01	8.528767e+01	2024	1	24	12
	602	431	150.500000	-17.750000	-5.040497e-04	9.905881e+04	2.216168e+00	2.027604e+01	1.408015e+04	1.414742e+04	1.314621e+04	9.137779e+01	8.425178e+01	2024	1	24	18
	596	432	149.000000	-18.000000	-4.454413e-04	9.555698e+04	8.154044e+01	1.867072e+01	1.433258e+04	1.438593e+04	1.359323e+04	8.751956e+01	8.188467e+01	2024	1	25	0
	593	435	148.250000	-18.750000	-6.463428e-04	9.158939e+04	4.566474e+03	1.941727e+01	1.416863e+04	1.421646e+04	1.343334e+04	8.613409e+01	7.994315e+01	2024	1	25	6
	587	436	146.750000	-19.000000	-6.995955e-04	9.090802e+04	8.950066e+03	1.972629e+01	1.434808e+04	1.439459e+04	1.350980e+04	8.553778e+01	7.865376e+01	2024	1	25	12
	581	438	145.250000	-19.500000	-8.971784e-04	9.035032e+04	8.602448e+03	1.431622e+01	1.415231e+04	1.418884e+04	1.337334e+04	8.745832e+01	7.686626e+01	2024	1	25	18
	580	441	145.000000	-20.250000	-4.136187e-04	9.056607e+04	8.602448e+03	1.206313e+01	1.430857e+04	1.434227e+04	1.369187e+04	9.200488e+01	8.191862e+01	2024	1	26	0
	577	446	144.250000	-21.500000	-3.430222e-04	9.059278e+04	8.491673e+03	9.937570e+00	1.407301e+04	1.409866e+04	1.372900e+04	8.372407e+01	7.259552e+01	2024	1	26	6
	572	448	143.000000	-22.000000	-3.280810e-04	9.087203e+04	4.910177e+03	8.791977e+00	1.425538e+04	1.427845e+04	1.386159e+04	7.837502e+01	7.025568e+01	2024	1	26	12
	568	448	142.000000	-22.000000	-6.555747e-04	9.114860e+04	3.914015e+03	1.042097e+01	1.410115e+04	1.412615e+04	1.359862e+04	8.443073e+01	7.521122e+01	2024	1	26	18
	569	448	142.250000	-22.000000	-5.956476e-04	9.099702e+04	3.914015e+03	1.106332e+01	1.425854e+04	1.428214e+04	1.368560e+04	8.688786e+01	7.966714e+01	2024	1	27	0
	569	449	142.250000	-22.250000	-6.221298e-04	9.118188e+04	3.914015e+03	9.965128e+00	1.408251e+04	1.410681e+04	1.359334e+04	8.612930e+01	7.562904e+01	2024	1	27	6
	569	447	142.250000	-21.750000	-4.529210e-04	9.092872e+04	3.914015e+03	1.131274e+01	1.428791e+04	1.431229e+04	1.372359e+04	8.158302e+01	6.945179e+01	2024	1	27	12
	568	446	142.000000	-21.500000	-3.746971e-04	9.080442e+04	3.914015e+03	8.209787e+00	1.415300e+04	1.417686e+04	1.369093e+04	8.662518e+01	7.394504e+01	2024	1	27	18
	568	445	142.000000	-21.250000	-3.145449e-04	9.105020e+04	4.086414e+03	9.336228e+00	1.435671e+04	1.438078e+04	1.394059e+04	9.271221e+01	7.796255e+01	2024	1	28	0
	569	446	142.250000	-21.500000	-2.593356e-04	9.077825e+04	4.086414e+03	8.336767e+00	1.417943e+04	1.420150e+04	1.385713e+04	8.933667e+01	7.521455e+01	2024	1	28	6
	570	448	142.500000	-22.000000	-2.399350e-04	9.118123e+04	3.914015e+03	6.150712e+00	1.443661e+04	1.445579e+04	1.414838e+04	8.132928e+01	6.805563e+01	2024	1	28	12
	569	450	142.250000	-22.500000	-2.532653e-04	9.304077e+04	3.914015e+03	7.852690e+00	1.433807e+04	1.435515e+04	1.410348e+04	8.552307e+01	6.934772e+01	2024	1	28	18
	568	451	142.000000	-22.750000	-2.877638e-04	9.584795e+04	3.914015e+03	9.416577e+00	1.450924e+04	1.453365e+04	1.409182e+04	8.341150e+01	6.815205e+01	2024	1	29	0
	570	451	142.500000	-22.750000	-4.015800e-04	9.314748e+04	3.236697e+03	9.465199e+00	1.434919e+04	1.436791e+04	1.394665e+04	8.390781e+01	6.782376e+01	2024	1	29	6
	569	453	142.250000	-23.250000	-3.333769e-04	9.616443e+04	2.752010e+03	6.462881e+00	1.455657e+04	1.457556e+04	1.416911e+04	7.690694e+01	5.863986e+01	2024	1	29	12
	566	453	141.500000	-23.250000	-2.778827e-04	9.573780e+04	3.914015e+03	7.229049e+00	1.439883e+04	1.442088e+04	1.405196e+04	8.032959e+01	6.021772e+01	2024	1	29	18
	564	451	141.000000	-22.750000	-3.386710e-04	9.592711e+04	3.992148e+03	7.441826e+00	1.462384e+04	1.464559e+04	1.432155e+04	8.117240e+01	6.018959e+01	2024	1	30	0
	564	449	141.000000	-22.250000	-2.528524e-04	9.566613e+04	4.419041e+03	1.013702e+01	1.444386e+04	1.446299e+04	1.416610e+04	8.177106e+01	6.446750e+01	2024	1	30	6
	561	445	140.250000	-21.250000	-2.623748e-04	9.550716e+04	4.419041e+03	6.712890e+00	1.446031e+04	1.447981e+04	1.412572e+04	7.873020e+01	6.255701e+01	2024	1	30	18
	560	440	140.000000	-20.000000	-4.355353e-04	9.571109e+04	4.419041e+03	1.080230e+01	1.461953e+04	1.464003e+04	1.420467e+04	8.428617e+01	7.053641e+01	2024	1	31	0
	559	439	139.750000	-19.750000	-4.797950e-04	9.556355e+04	4.419041e+03	1.061357e+01	1.438783e+04	1.440908e+04	1.395080e+04	8.376703e+01	7.023560e+01	2024	1	31	6
	557	435	139.250000	-18.750000	-5.575644e-04	9.584808e+04	3.815966e+03	1.157088e+01	1.453499e+04	1.455874e+04	1.399769e+04	7.774209e+01	6.659705e+01	2024	1	31	12
start	11	2024	1	15	6
	714	430	178.500000	-17.500000	-2.295438e-04	9.499912e+04	6.201385e+03	1.154241e+01	1.449588e+04	1.450149e+04	1.440789e+04	9.147945e+01	8.578607e+01	2024	1	15	6
	712	433	178.000000	-18.250000	-1.861465e-04	9.508773e+04	6.201385e+03	1.221500e+01	1.457982e+04	1.458645e+04	1.448180e+04	8.862350e+01	8.462273e+01	2024	1	15	12
	709	434	177.250000	-18.500000	-4.433268e-04	9.498338e+04	6.201385e+03	1.367353e+01	1.450103e+04	1.450832e+04	1.432984e+04	8.730631e+01	8.314426e+01	2024	1	15	18
	704	435	176.000000	-18.750000	-4.643693e-04	9.501005e+04	3.430158e+03	1.536589e+01	1.450339e+04	1.450896e+04	1.438735e+04	8.402430e+01	8.190229e+01	2024	1	16	0
	697	434	174.250000	-18.500000	-2.940802e-04	1.002081e+05	2.076352e+00	1.434212e+01	1.440287e+04	1.440912e+04	1.425323e+04	8.252001e+01	8.184665e+01	2024	1	16	6
	694	432	173.500000	-18.000000	-1.958418e-04	1.005695e+05	1.192428e+00	1.235626e+01	1.454673e+04	1.455375e+04	1.443457e+04	8.428520e+01	8.397341e+01	2024	1	16	12
	692	432	173.000000	-18.000000	-1.770565e-04	1.004554e+05	1.293090e+00	9.776316e+00	1.443423e+04	1.444112e+04	1.435011e+04	8.471138e+01	8.346658e+01	2024	1	16	18
	695	433	173.750000	-18.250000	-1.236070e-04	1.002858e+05	1.292891e+00	8.092108e+00	1.430899e+04	1.431587e+04	1.422743e+04	8.802069e+01	8.475990e+01	2024	1	17	6
	699	439	174.750000	-19.750000	-8.206489e-05	1.001800e+05	1.292891e+00	6.595783e+00	1.439023e+04	1.439532e+04	1.434369e+04	8.592205e+01	8.298403e+01	2024	1	18	0
	697	438	174.250000	-19.500000	-6.865733e-05	1.003223e+05	1.292891e+00	6.127787e+00	1.429373e+04	1.429824e+04	1.424550e+04	8.717424e+01	8.366342e+01	2024	1	18	6
	697	447	174.250000	-21.750000	-3.921520e-05	1.004768e+05	1.192414e+00	7.237987e+00	1.438964e+04	1.439736e+04	1.433871e+04	8.128293e+01	8.368271e+01	2024	1	18	12
start	5	2024	1	16	18
	717	437	179.250000	-19.250000	-5.246410e-04	9.504744e+04	6.201385e+03	9.547593e+00	1.452500e+04	1.452940e+04	1.439761e+04	8.949747e+01	8.762058e+01	2024	1	16	18
	714	440	178.500000	-20.000000	-2.788580e-04	9.495756e+04	8.517232e+02	7.843659e+00	1.447954e+04	1.448755e+04	1.435365e+04	8.800704e+01	8.719235e+01	2024	1	17	0
	710	442	177.500000	-20.500000	-1.301062e-04	9.497681e+04	4.292644e+02	8.387638e+00	1.438858e+04	1.439781e+04	1.427359e+04	8.917361e+01	8.764969e+01	2024	1	17	12
	708	443	177.000000	-20.750000	-8.597714e-05	9.613302e+04	2.000758e+02	5.980197e+00	1.429368e+04	1.430295e+04	1.421654e+04	8.713844e+01	8.613673e+01	2024	1	17	18
	699	439	174.750000	-19.750000	-8.206489e-05	1.001800e+05	1.292891e+00	6.595783e+00	1.439023e+04	1.439532e+04	1.434369e+04	8.592205e+01	8.298403e+01	2024	1	18	0
start	4	2024	1	17	0
	687	374	171.750000	-3.500000	-1.934823e-06	1.005336e+05	6.899797e-01	4.350184e+00	1.447594e+04	1.447642e+04	1.445427e+04	7.711713e+01	7.987763e+01	2024	1	17	0
	684	371	171.000000	-2.750000	-6.543472e-06	1.003908e+05	8.104258e-01	4.882288e+00	1.433078e+04	1.433114e+04	1.431405e+04	8.018988e+01	8.229097e+01	2024	1	17	6
	686	360	171.500000	0.000000	-8.751173e-06	1.005008e+05	1.312749e+00	5.924033e+00	1.444404e+04	1.444433e+04	1.443346e+04	8.097210e+01	7.596712e+01	2024	1	17	12
	686	361	171.500000	-0.250000	-9.772601e-06	1.004840e+05	1.312749e+00	6.083992e+00	1.439911e+04	1.439860e+04	1.438666e+04	7.844264e+01	7.679684e+01	2024	1	17	18
start	5	2024	1	17	0
	283	382	70.750000	-5.500000	-1.212722e-05	1.008116e+05	8.105182e-01	8.346781e+00	1.463472e+04	1.463613e+04	1.460002e+04	8.168653e+01	7.866874e+01	2024	1	17	0
	276	390	69.000000	-7.500000	-2.754007e-04	1.009310e+05	1.634308e+00	9.817907e+00	1.481125e+04	1.481262e+04	1.475641e+04	8.743822e+01	8.623561e+01	2024	1	17	18
	282	391	70.500000	-7.750000	-2.573621e-04	1.007000e+05	9.710957e-01	1.042317e+01	1.458215e+04	1.458706e+04	1.450906e+04	8.804378e+01	8.585038e+01	2024	1	18	0
	289	392	72.250000	-8.000000	-3.284144e-04	1.008583e+05	1.453210e+00	1.268819e+01	1.475064e+04	1.475347e+04	1.467112e+04	9.001256e+01	8.695098e+01	2024	1	18	6
	295	398	73.750000	-9.500000	-2.051247e-04	1.006438e+05	1.232250e+00	1.153782e+01	1.456997e+04	1.457073e+04	1.451684e+04	8.371714e+01	8.247676e+01	2024	1	18	12
start	4	2024	1	17	12
	953	363	238.250000	-0.750000	-2.156617e-05	1.006508e+05	1.654097e+00	9.352479e+00	1.446790e+04	1.447077e+04	1.445384e+04	8.149005e+01	8.367509e+01	2024	1	17	12
	950	360	237.500000	0.000000	-2.601021e-05	1.010083e+05	1.955514e+00	9.399827e+00	1.478262e+04	1.478471e+04	1.476012e+04	9.160339e+01	8.797852e+01	2024	1	18	6
	955	361	238.750000	-0.250000	-2.573780e-05	1.010584e+05	1.955514e+00	9.128168e+00	1.483060e+04	1.483146e+04	1.480402e+04	8.969910e+01	9.113837e+01	2024	1	18	18
	957	361	239.250000	-0.250000	-2.662418e-05	1.006561e+05	1.613883e+00	8.631680e+00	1.447416e+04	1.447767e+04	1.444221e+04	8.899424e+01	9.016997e+01	2024	1	19	0
start	5	2024	1	18	0
	932	362	233.000000	-0.500000	-2.046349e-05	1.006120e+05	1.091637e+00	1.080992e+01	1.442603e+04	1.443058e+04	1.439169e+04	8.728272e+01	8.493788e+01	2024	1	18	0
	928	365	232.000000	-1.250000	-3.396999e-05	1.007518e+05	1.091637e+00	1.078235e+01	1.453119e+04	1.453462e+04	1.449984e+04	8.759197e+01	8.687411e+01	2024	1	18	12
	917	366	229.250000	-1.500000	-1.520989e-05	1.006361e+05	9.106419e-01	1.029765e+01	1.446668e+04	1.446919e+04	1.443859e+04	8.266669e+01	8.265751e+01	2024	1	19	0
	920	375	230.000000	-3.750000	-2.288632e-05	1.010586e+05	9.106419e-01	1.074236e+01	1.480454e+04	1.480497e+04	1.479125e+04	8.516111e+01	7.980775e+01	2024	1	19	6
	919	383	229.750000	-5.750000	-6.245449e-06	1.010472e+05	9.712355e-01	1.118401e+01	1.480117e+04	1.480253e+04	1.478326e+04	8.167500e+01	7.855524e+01	2024	1	19	18
start	4	2024	1	18	6
	1363	375	340.750000	-3.750000	-1.748675e-05	1.011623e+05	9.511707e-01	6.485479e+00	1.484313e+04	1.484521e+04	1.482575e+04	7.731908e+01	7.503630e+01	2024	1	18	6
	1369	365	342.250000	-1.250000	-1.269113e-05	1.013388e+05	1.071425e+00	5.774904e+00	1.500620e+04	1.500711e+04	1.499684e+04	8.584487e+01	8.442297e+01	2024	1	18	12
	1372	362	343.000000	-0.500000	-1.067994e-05	1.013941e+05	1.071425e+00	5.689099e+00	1.507224e+04	1.507280e+04	1.505846e+04	8.062893e+01	8.452500e+01	2024	1	19	0
	1372	361	343.000000	-0.250000	-7.716008e-07	1.013240e+05	1.071425e+00	6.011744e+00	1.503429e+04	1.503535e+04	1.501419e+04	7.503658e+01	7.803355e+01	2024	1	19	12
start	4	2024	1	18	18
	975	360	243.750000	0.000000	-1.545600e-05	1.011004e+05	8.908572e-01	9.191720e+00	1.484034e+04	1.484103e+04	1.482902e+04	9.190948e+01	9.143388e+01	2024	1	18	18
	984	360	246.000000	0.000000	-8.385163e-06	1.006841e+05	9.715036e-01	9.108328e+00	1.451804e+04	1.451997e+04	1.450771e+04	8.817728e+01	9.091330e+01	2024	1	19	0
	989	361	247.250000	-0.250000	-1.167925e-05	1.008290e+05	1.293055e+00	8.782349e+00	1.462603e+04	1.462688e+04	1.462294e+04	8.931893e+01	9.022412e+01	2024	1	19	12
	997	369	249.250000	-2.250000	-1.000497e-05	1.007401e+05	1.393142e+00	9.235181e+00	1.453769e+04	1.453999e+04	1.452060e+04	8.316921e+01	8.186768e+01	2024	1	20	0
start	5	2024	1	19	0
	878	363	219.500000	-0.750000	-1.926301e-05	1.005871e+05	1.192116e+00	1.073580e+01	1.441847e+04	1.442089e+04	1.440746e+04	8.061692e+01	7.676270e+01	2024	1	19	0
	887	363	221.750000	-0.750000	-2.458366e-05	1.006690e+05	1.192116e+00	1.060060e+01	1.447587e+04	1.447838e+04	1.444244e+04	8.529265e+01	8.566329e+01	2024	1	19	12
	889	360	222.250000	0.000000	-4.397519e-05	1.009602e+05	1.192116e+00	9.894438e+00	1.474636e+04	1.474792e+04	1.472776e+04	8.305564e+01	8.413115e+01	2024	1	19	18
	880	361	220.000000	-0.250000	-1.080963e-05	1.005331e+05	1.192116e+00	9.266945e+00	1.439078e+04	1.439407e+04	1.435698e+04	8.439321e+01	8.370338e+01	2024	1	20	0
	890	363	222.500000	-0.750000	3.337394e-06	1.008423e+05	1.192116e+00	1.088182e+01	1.467376e+04	1.467572e+04	1.465350e+04	8.500077e+01	8.645330e+01	2024	1	20	18
start	9	2024	1	19	0
	261	412	65.250000	-13.000000	-3.690599e-05	1.003401e+05	1.232515e+00	1.144005e+01	1.439995e+04	1.440005e+04	1.435496e+04	8.537370e+01	7.773867e+01	2024	1	19	0
	271	419	67.750000	-14.750000	-1.460281e-04	1.002960e+05	1.533516e+00	1.227705e+01	1.433904e+04	1.434185e+04	1.427444e+04	8.184481e+01	7.917258e+01	2024	1	19	12
	264	418	66.000000	-14.500000	-2.586571e-04	1.006255e+05	1.533516e+00	1.331882e+01	1.457991e+04	1.458838e+04	1.447574e+04	9.091465e+01	8.662808e+01	2024	1	20	6
	267	424	66.750000	-16.000000	-7.181871e-05	1.004542e+05	1.533516e+00	1.395829e+01	1.442860e+04	1.443749e+04	1.435228e+04	8.526007e+01	8.384303e+01	2024	1	20	12
	269	427	67.250000	-16.750000	-8.714246e-05	1.007013e+05	1.533516e+00	1.297218e+01	1.463921e+04	1.465060e+04	1.454950e+04	8.917513e+01	8.640264e+01	2024	1	20	18
	264	429	66.000000	-17.250000	-1.361419e-04	1.006872e+05	9.913255e-01	1.169377e+01	1.462438e+04	1.463273e+04	1.457136e+04	9.076927e+01	8.803878e+01	2024	1	21	6
	264	424	66.000000	-16.000000	-2.898623e-04	1.004217e+05	1.533516e+00	1.614237e+01	1.446814e+04	1.448236e+04	1.429339e+04	8.853527e+01	8.539459e+01	2024	1	21	12
	259	431	64.750000	-17.750000	-1.981726e-04	1.006588e+05	2.074063e+00	1.310869e+01	1.462078e+04	1.463364e+04	1.449364e+04	8.845839e+01	8.616611e+01	2024	1	21	18
	253	432	63.250000	-18.000000	-1.841239e-04	1.004210e+05	1.282729e+02	1.195224e+01	1.441400e+04	1.442797e+04	1.430615e+04	9.050111e+01	8.733057e+01	2024	1	22	0
start	4	2024	1	19	6
	937	360	234.250000	0.000000	2.654269e-06	1.010366e+05	1.433130e+00	9.312162e+00	1.480193e+04	1.480311e+04	1.478475e+04	8.766273e+01	9.019940e+01	2024	1	19	6
	935	366	233.750000	-1.500000	-7.471768e-06	1.006461e+05	1.091637e+00	1.021634e+01	1.447173e+04	1.447347e+04	1.445010e+04	8.742076e+01	8.788492e+01	2024	1	20	0
	934	361	233.500000	-0.250000	-3.695954e-06	1.009773e+05	1.433130e+00	1.062401e+01	1.476267e+04	1.476377e+04	1.474425e+04	8.887840e+01	8.829286e+01	2024	1	20	18
	939	361	234.750000	-0.250000	-6.910879e-06	1.005325e+05	1.433130e+00	9.330528e+00	1.439595e+04	1.439893e+04	1.437861e+04	8.250829e+01	8.290597e+01	2024	1	21	0
start	4	2024	1	19	18
	921	363	230.250000	-0.750000	-2.874620e-05	1.010062e+05	9.106419e-01	1.024680e+01	1.477818e+04	1.477950e+04	1.475476e+04	8.569653e+01	8.805247e+01	2024	1	19	18
	916	362	229.000000	-0.500000	-4.584668e-06	1.006322e+05	9.106419e-01	1.024452e+01	1.449233e+04	1.449443e+04	1.447503e+04	9.194920e+01	9.129606e+01	2024	1	20	12
	907	360	226.750000	0.000000	-2.133520e-05	1.004925e+05	1.031411e+00	1.066144e+01	1.436196e+04	1.436328e+04	1.433498e+04	8.934952e+01	8.823679e+01	2024	1	21	0
	907	360	226.750000	0.000000	-3.649504e-05	1.009468e+05	1.031411e+00	9.587989e+00	1.473488e+04	1.473552e+04	1.472802e+04	8.739910e+01	8.803968e+01	2024	1	21	18
start	8	2024	1	20	0
	833	368	208.250000	-2.000000	-6.726710e-06	1.005631e+05	1.151997e+00	9.721017e+00	1.443747e+04	1.444038e+04	1.441810e+04	7.729710e+01	7.911234e+01	2024	1	20	0
	843	367	210.750000	-1.750000	-2.622115e-05	1.005702e+05	1.573924e+00	9.353450e+00	1.442816e+04	1.443269e+04	1.439928e+04	8.502549e+01	8.439965e+01	2024	1	20	12
	848	364	212.000000	-1.000000	-7.749069e-06	1.007633e+05	1.573924e+00	1.045406e+01	1.463485e+04	1.463798e+04	1.461913e+04	8.802245e+01	8.594470e+01	2024	1	20	18
	858	363	214.500000	-0.750000	-1.097214e-05	1.007402e+05	9.310293e-01	9.883446e+00	1.460146e+04	1.460358e+04	1.456799e+04	8.613133e+01	8.439684e+01	2024	1	21	6
	865	364	216.250000	-1.000000	-3.311527e-05	1.005687e+05	8.707308e-01	1.030544e+01	1.443868e+04	1.444077e+04	1.441214e+04	8.741131e+01	8.772934e+01	2024	1	21	12
	867	364	216.750000	-1.000000	-5.321810e-06	1.008808e+05	8.706454e-01	1.034127e+01	1.469649e+04	1.469729e+04	1.467714e+04	8.798529e+01	8.661262e+01	2024	1	21	18
	859	372	214.750000	-3.000000	-1.080497e-05	1.006091e+05	1.011460e+00	9.462511e+00	1.448253e+04	1.448458e+04	1.446187e+04	7.737177e+01	7.898685e+01	2024	1	22	12
	865	364	216.250000	-1.000000	-1.086690e-05	1.008987e+05	8.707308e-01	9.842548e+00	1.472159e+04	1.472363e+04	1.470646e+04	7.937859e+01	8.016172e+01	2024	1	22	18
start	7	2024	1	20	6
	750	459	187.500000	-24.750000	-1.663296e-04	1.007435e+05	9.307816e-01	1.610312e+01	1.472916e+04	1.473910e+04	1.463936e+04	9.261841e+01	8.801898e+01	2024	1	20	6
	747	450	186.750000	-22.500000	-3.395032e-04	1.009302e+05	6.142403e+01	1.394595e+01	1.474986e+04	1.475634e+04	1.466353e+04	9.306058e+01	8.967445e+01	2024	1	20	12
	753	450	188.250000	-22.500000	-1.987484e-04	1.008815e+05	1.313054e+00	1.281463e+01	1.472290e+04	1.473015e+04	1.463136e+04	9.296432e+01	8.958887e+01	2024	1	21	0
	755	452	188.750000	-23.000000	-5.297710e-04	1.008232e+05	1.313054e+00	1.454981e+01	1.472834e+04	1.473524e+04	1.456586e+04	9.095885e+01	8.678526e+01	2024	1	21	6
	755	449	188.750000	-22.250000	-4.839350e-04	1.008147e+05	1.313054e+00	1.326347e+01	1.466744e+04	1.467650e+04	1.451914e+04	9.017554e+01	8.568768e+01	2024	1	21	12
	757	444	189.250000	-21.000000	-5.333594e-04	1.007568e+05	1.469614e+01	1.311617e+01	1.467937e+04	1.468819e+04	1.453314e+04	9.202892e+01	8.562089e+01	2024	1	21	18
	753	444	188.250000	-21.000000	-2.269170e-04	1.006162e+05	1.313054e+00	1.182809e+01	1.458331e+04	1.459021e+04	1.446923e+04	8.931518e+01	8.505830e+01	2024	1	22	6
start	4	2024	1	20	12
	976	365	244.000000	-1.250000	-3.975141e-05	1.007612e+05	1.353184e+00	9.396655e+00	1.454443e+04	1.454670e+04	1.451878e+04	9.358849e+01	9.245564e+01	2024	1	20	12
	966	364	241.500000	-1.000000	-1.240266e-05	1.009322e+05	1.051604e+00	9.894413e+00	1.471397e+04	1.471487e+04	1.470461e+04	8.991587e+01	9.000504e+01	2024	1	21	6
	977	368	244.250000	-2.000000	-2.552778e-05	1.009608e+05	1.353184e+00	9.747636e+00	1.471364e+04	1.471659e+04	1.469439e+04	9.058542e+01	8.992824e+01	2024	1	21	18
	980	360	245.000000	0.000000	-1.776428e-05	1.009672e+05	9.715036e-01	7.813632e+00	1.475857e+04	1.475984e+04	1.474398e+04	9.621298e+01	9.397428e+01	2024	1	22	6
start	30	2024	1	21	0
	305	404	76.250000	-11.000000	-6.577047e-05	1.009045e+05	1.835340e+00	9.742308e+00	1.472993e+04	1.473183e+04	1.469011e+04	9.277703e+01	8.778988e+01	2024	1	21	0
	304	407	76.000000	-11.750000	-1.218964e-04	1.010592e+05	1.835340e+00	7.428190e+00	1.488169e+04	1.488313e+04	1.484824e+04	9.015553e+01	8.190865e+01	2024	1	21	6
	311	403	77.750000	-10.750000	-2.321650e-04	1.009017e+05	1.533988e+00	6.524395e+00	1.477424e+04	1.477503e+04	1.474476e+04	8.838736e+01	7.844536e+01	2024	1	21	12
	306	406	76.500000	-11.500000	-3.231636e-04	1.011478e+05	1.835340e+00	6.801592e+00	1.493089e+04	1.493349e+04	1.486914e+04	9.080461e+01	8.069205e+01	2024	1	21	18
	305	407	76.250000	-11.750000	-3.533415e-04	1.009810e+05	1.835340e+00	7.027938e+00	1.478309e+04	1.478544e+04	1.472090e+04	9.007001e+01	8.007189e+01	2024	1	22	0
	305	406	76.250000	-11.500000	-2.025089e-04	1.010942e+05	1.835340e+00	7.278776e+00	1.491856e+04	1.492054e+04	1.486448e+04	8.610464e+01	7.624277e+01	2024	1	22	6
	296	406	74.000000	-11.500000	-1.076625e-04	1.009391e+05	1.835340e+00	8.181128e+00	1.479443e+04	1.479688e+04	1.473412e+04	8.533440e+01	7.892547e+01	2024	1	22	12
	305	404	76.250000	-11.000000	-1.048038e-04	1.012227e+05	1.835340e+00	7.827337e+00	1.499743e+04	1.500166e+04	1.495296e+04	8.458437e+01	7.971030e+01	2024	1	22	18
	298	404	74.500000	-11.000000	-3.062086e-04	1.009717e+05	1.835340e+00	8.054389e+00	1.481947e+04	1.482266e+04	1.472889e+04	8.879420e+01	8.335065e+01	2024	1	23	0
	305	400	76.250000	-10.000000	-3.272526e-04	1.010767e+05	1.533988e+00	1.045045e+01	1.491894e+04	1.492306e+04	1.481886e+04	8.516647e+01	8.141116e+01	2024	1	23	6
	306	401	76.500000	-10.250000	-2.312181e-04	1.009143e+05	1.533988e+00	9.186765e+00	1.477422e+04	1.477538e+04	1.471399e+04	7.837428e+01	7.366493e+01	2024	1	23	12
	307	396	76.750000	-9.000000	-1.574240e-04	1.009075e+05	1.292903e+00	8.515407e+00	1.477844e+04	1.478326e+04	1.468008e+04	8.686944e+01	8.102002e+01	2024	1	24	0
	311	394	77.750000	-8.500000	-1.544778e-04	1.011232e+05	1.292903e+00	9.515223e+00	1.493176e+04	1.493506e+04	1.485618e+04	9.048401e+01	8.383089e+01	2024	1	24	6
	314	393	78.500000	-8.250000	-1.793676e-04	1.009617e+05	1.292903e+00	9.505530e+00	1.478161e+04	1.478404e+04	1.470262e+04	8.994518e+01	7.998692e+01	2024	1	24	12
	317	392	79.250000	-8.000000	-1.387328e-04	1.011798e+05	1.292903e+00	9.333255e+00	1.497262e+04	1.497582e+04	1.490884e+04	8.826375e+01	7.856651e+01	2024	1	24	18
	320	394	80.000000	-8.500000	-1.401762e-04	1.009690e+05	8.508675e-01	1.036899e+01	1.480609e+04	1.481129e+04	1.473660e+04	8.346985e+01	7.705230e+01	2024	1	25	0
	322	395	80.500000	-8.750000	-1.255174e-04	1.011514e+05	9.711636e-01	8.534990e+00	1.496686e+04	1.497215e+04	1.490346e+04	8.882290e+01	8.105595e+01	2024	1	25	6
	329	395	82.250000	-8.750000	-1.251195e-04	1.012143e+05	1.453672e+00	9.909395e+00	1.500831e+04	1.501282e+04	1.492809e+04	8.792871e+01	8.211192e+01	2024	1	25	18
	335	393	83.750000	-8.250000	-3.846509e-04	1.010861e+05	1.453672e+00	1.084128e+01	1.488810e+04	1.488730e+04	1.479774e+04	9.226965e+01	8.508271e+01	2024	1	26	0
	339	397	84.750000	-9.250000	-4.861925e-04	1.011528e+05	1.453672e+00	1.227808e+01	1.499326e+04	1.499546e+04	1.483738e+04	8.748222e+01	8.155961e+01	2024	1	26	6
	341	401	85.250000	-10.250000	-2.696386e-04	1.010350e+05	8.708552e-01	9.944205e+00	1.489173e+04	1.489372e+04	1.479609e+04	8.379779e+01	7.641039e+01	2024	1	26	12
	343	406	85.750000	-11.500000	-2.081823e-04	1.012306e+05	1.051690e+00	9.291428e+00	1.503540e+04	1.503789e+04	1.495700e+04	8.337437e+01	7.743571e+01	2024	1	26	18
	344	409	86.000000	-12.250000	-1.884287e-04	1.011280e+05	1.152138e+00	9.098723e+00	1.492319e+04	1.492546e+04	1.484047e+04	8.500517e+01	8.058488e+01	2024	1	27	0
	345	411	86.250000	-12.750000	-2.957049e-04	1.011819e+05	1.152138e+00	9.388356e+00	1.499237e+04	1.499627e+04	1.489859e+04	8.340642e+01	8.166202e+01	2024	1	27	6
	344	414	86.000000	-13.500000	-2.626630e-04	1.010617e+05	1.312673e+00	7.663831e+00	1.487434e+04	1.487680e+04	1.479884e+04	7.876625e+01	7.993037e+01	2024	1	27	12
	346	415	86.500000	-13.750000	-1.940057e-04	1.012954e+05	1.312673e+00	7.641131e+00	1.505092e+04	1.505169e+04	1.499380e+04	7.618932e+01	7.967870e+01	2024	1	27	18
	344	415	86.000000	-13.750000	-3.649108e-04	1.011592e+05	1.312673e+00	8.040166e+00	1.494397e+04	1.494693e+04	1.486097e+04	7.651762e+01	8.001785e+01	2024	1	28	0
	345	416	86.250000	-14.000000	-4.159766e-04	1.012712e+05	1.312673e+00	8.442924e+00	1.504365e+04	1.504432e+04	1.495701e+04	8.335598e+01	8.230957e+01	2024	1	28	6
	347	415	86.750000	-13.750000	-2.468491e-04	1.011212e+05	1.312654e+00	8.711280e+00	1.491222e+04	1.491177e+04	1.485288e+04	7.949394e+01	7.893835e+01	2024	1	28	12
	350	413	87.500000	-13.250000	-1.862994e-04	1.012598e+05	1.131543e+00	8.286851e+00	1.501992e+04	1.502118e+04	1.496198e+04	8.438468e+01	8.279780e+01	2024	1	28	18
start	31	2024	1	21	0
	214	424	53.500000	-16.000000	-2.024737e-04	9.973647e+04	1.735309e+00	1.486591e+01	1.433746e+04	1.434998e+04	1.422398e+04	9.133947e+01	8.650227e+01	2024	1	21	0
	217	425	54.250000	-16.250000	-2.108265e-04	1.005372e+05	1.713761e+00	1.510647e+01	1.453292e+04	1.454366e+04	1.440849e+04	8.887697e+01	8.389411e+01	2024	1	21	6
	222	424	55.500000	-16.000000	-1.519073e-04	1.003257e+05	1.312609e+00	1.362586e+01	1.436488e+04	1.437754e+04	1.422926e+04	8.733045e+01	8.178348e+01	2024	1	21	12
	226	424	56.500000	-16.000000	-2.513698e-04	1.005428e+05	1.794939e+00	1.440943e+01	1.455615e+04	1.457088e+04	1.440827e+04	8.882865e+01	8.140553e+01	2024	1	21	18
	231	422	57.750000	-15.500000	-3.093532e-04	1.002970e+05	1.794939e+00	1.709482e+01	1.439000e+04	1.440673e+04	1.417952e+04	9.068910e+01	8.475742e+01	2024	1	22	0
	236	423	59.000000	-15.750000	-3.128967e-04	1.003532e+05	1.794939e+00	1.822879e+01	1.453959e+04	1.456130e+04	1.424811e+04	9.020182e+01	8.611594e+01	2024	1	22	6
	237	423	59.250000	-15.750000	-3.314780e-04	1.000121e+05	1.794939e+00	1.778266e+01	1.430396e+04	1.433296e+04	1.395975e+04	9.051357e+01	8.738822e+01	2024	1	22	12
	241	424	60.250000	-16.000000	-3.867338e-04	1.001037e+05	1.533698e+00	1.710470e+01	1.447057e+04	1.450501e+04	1.406384e+04	8.996904e+01	8.706502e+01	2024	1	22	18
	243	431	60.750000	-17.750000	-2.834694e-04	9.991370e+04	1.493025e+00	1.633608e+01	1.423719e+04	1.427242e+04	1.389389e+04	8.796915e+01	8.768325e+01	2024	1	23	0
	238	435	59.500000	-18.750000	-2.002052e-04	9.900866e+04	2.595980e+00	1.700356e+01	1.428481e+04	1.432349e+04	1.396586e+04	8.772639e+01	8.643357e+01	2024	1	23	6
	234	439	58.500000	-19.750000	-2.067205e-04	9.247733e+04	2.582904e+03	1.603161e+01	1.407436e+04	1.411385e+04	1.374762e+04	9.363134e+01	8.832133e+01	2024	1	23	12
	232	439	58.000000	-19.750000	-2.314278e-04	9.253298e+04	2.582904e+03	1.510760e+01	1.422570e+04	1.426743e+04	1.388188e+04	9.474235e+01	8.847330e+01	2024	1	23	18
	231	438	57.750000	-19.500000	-3.521524e-04	9.221845e+04	2.582904e+03	1.576264e+01	1.402198e+04	1.406145e+04	1.361221e+04	9.409460e+01	8.966554e+01	2024	1	24	0
	230	436	57.500000	-19.000000	-4.936282e-04	9.224819e+04	2.582904e+03	1.702321e+01	1.413451e+04	1.417601e+04	1.366193e+04	8.707128e+01	8.703387e+01	2024	1	24	6
	233	439	58.250000	-19.750000	-4.044645e-04	9.205274e+04	2.582904e+03	1.847504e+01	1.392070e+04	1.396221e+04	1.340187e+04	8.946575e+01	8.595485e+01	2024	1	24	12
	233	441	58.250000	-20.250000	-5.011887e-04	9.226281e+04	2.582904e+03	1.883982e+01	1.407812e+04	1.412457e+04	1.349059e+04	9.220374e+01	8.708057e+01	2024	1	24	18
	237	445	59.250000	-21.250000	-3.841976e-04	9.836898e+04	2.582904e+03	1.782170e+01	1.390500e+04	1.394739e+04	1.326160e+04	8.753009e+01	8.411888e+01	2024	1	25	0
	238	449	59.500000	-22.250000	-4.096527e-04	9.878239e+04	5.028555e+00	1.843379e+01	1.407003e+04	1.411679e+04	1.332396e+04	8.897540e+01	8.444670e+01	2024	1	25	6
	241	454	60.250000	-23.500000	-5.669156e-04	9.908302e+04	1.814647e+00	1.810769e+01	1.394919e+04	1.399568e+04	1.317855e+04	8.977130e+01	8.691060e+01	2024	1	25	12
	242	458	60.500000	-24.500000	-8.750055e-04	9.902032e+04	1.935331e+00	1.911242e+01	1.413234e+04	1.418535e+04	1.313759e+04	9.030788e+01	8.855880e+01	2024	1	25	18
	244	462	61.000000	-25.500000	-6.801707e-04	9.891307e+04	1.935331e+00	2.106778e+01	1.403473e+04	1.409132e+04	1.304237e+04	8.871053e+01	8.774370e+01	2024	1	26	0
	246	464	61.500000	-26.000000	-8.177136e-04	9.899478e+04	1.935331e+00	2.241020e+01	1.425091e+04	1.431334e+04	1.313888e+04	8.098159e+01	8.126674e+01	2024	1	26	6
	246	465	61.500000	-26.250000	-4.499129e-04	9.919703e+04	1.935331e+00	2.454186e+01	1.426140e+04	1.432176e+04	1.327972e+04	8.284932e+01	8.203269e+01	2024	1	26	12
	246	466	61.500000	-26.500000	-4.470181e-04	9.970160e+04	1.774136e+00	2.190493e+01	1.447708e+04	1.453830e+04	1.368737e+04	8.351176e+01	8.197076e+01	2024	1	26	18
	244	470	61.000000	-27.500000	-4.213040e-04	9.966202e+04	1.151634e+00	2.252994e+01	1.435858e+04	1.442047e+04	1.362335e+04	8.664304e+01	8.607476e+01	2024	1	27	0
	241	474	60.250000	-28.500000	-3.080729e-04	9.998688e+04	1.172455e+00	1.977442e+01	1.452318e+04	1.457690e+04	1.392297e+04	8.685823e+01	8.899809e+01	2024	1	27	6
	239	479	59.750000	-29.750000	-2.729746e-04	1.000387e+05	1.172455e+00	1.924616e+01	1.445865e+04	1.451375e+04	1.389909e+04	8.759835e+01	8.872865e+01	2024	1	27	12
	236	484	59.000000	-31.000000	-2.201721e-04	1.003514e+05	1.172455e+00	1.791939e+01	1.458263e+04	1.463553e+04	1.414918e+04	8.796597e+01	8.502265e+01	2024	1	27	18
	236	489	59.000000	-32.250000	-2.038591e-04	1.003502e+05	1.032171e+00	1.607890e+01	1.448063e+04	1.452778e+04	1.411522e+04	8.709417e+01	8.450819e+01	2024	1	28	0
	238	494	59.500000	-33.500000	-1.850682e-04	1.005932e+05	1.011178e+00	1.567658e+01	1.457983e+04	1.461839e+04	1.428613e+04	8.779736e+01	7.956049e+01	2024	1	28	6
	243	499	60.750000	-34.750000	-1.782144e-04	1.005282e+05	1.311944e+00	1.317302e+01	1.441436e+04	1.444551e+04	1.418213e+04	8.282011e+01	7.185394e+01	2024	1	28	12
start	7	2024	1	21	12
	954	371	238.500000	-2.750000	-2.280367e-05	1.006387e+05	1.051681e+00	1.087210e+01	1.444618e+04	1.444973e+04	1.441401e+04	8.691158e+01	8.936543e+01	2024	1	21	12
	962	363	240.500000	-0.750000	-1.711166e-05	1.006350e+05	1.613883e+00	8.986149e+00	1.445187e+04	1.445379e+04	1.443127e+04	8.647314e+01	8.649318e+01	2024	1	22	0
	963	368	240.750000	-2.000000	-2.153381e-05	1.007071e+05	1.051604e+00	8.864972e+00	1.452043e+04	1.452158e+04	1.450887e+04	9.637500e+01	9.532867e+01	2024	1	22	12
	957	365	239.250000	-1.250000	-3.053644e-05	1.009677e+05	1.613883e+00	9.510563e+00	1.475255e+04	1.475614e+04	1.472609e+04	9.517930e+01	9.417916e+01	2024	1	22	18
	950	360	237.500000	0.000000	-5.595852e-05	1.006927e+05	1.955514e+00	8.313848e+00	1.450829e+04	1.451005e+04	1.449202e+04	9.678786e+01	9.430787e+01	2024	1	23	0
	957	363	239.250000	-0.750000	-2.307980e-05	1.010490e+05	1.613883e+00	8.836908e+00	1.481538e+04	1.481564e+04	1.480362e+04	8.435760e+01	8.497713e+01	2024	1	23	18
	966	360	241.500000	0.000000	-3.460865e-05	1.007085e+05	1.011285e+00	8.589606e+00	1.451261e+04	1.451491e+04	1.449483e+04	8.534711e+01	8.547310e+01	2024	1	24	0
start	14	2024	1	22	0
	772	441	193.000000	-20.250000	-6.306223e-04	1.006620e+05	1.492996e+00	1.411139e+01	1.460689e+04	1.461293e+04	1.446602e+04	7.939044e+01	7.685757e+01	2024	1	22	0
	777	437	194.250000	-19.250000	-2.821253e-04	1.007611e+05	1.492996e+00	1.140508e+01	1.459007e+04	1.459622e+04	1.449812e+04	8.269106e+01	7.986933e+01	2024	1	22	12
	780	436	195.000000	-19.000000	-3.554414e-04	1.008827e+05	7.904290e-01	1.149297e+01	1.470208e+04	1.470800e+04	1.456421e+04	8.719379e+01	8.377816e+01	2024	1	22	18
	782	436	195.500000	-19.000000	-2.842443e-04	1.007897e+05	7.704747e-01	1.170752e+01	1.466329e+04	1.466938e+04	1.455964e+04	8.834714e+01	8.418776e+01	2024	1	23	0
	770	434	192.500000	-18.500000	-9.427639e-05	1.008513e+05	1.713976e+00	9.628027e+00	1.472873e+04	1.473822e+04	1.464474e+04	8.615709e+01	7.979820e+01	2024	1	23	12
	773	434	193.250000	-18.500000	-1.202950e-04	1.009480e+05	1.492996e+00	1.009246e+01	1.478461e+04	1.479218e+04	1.472325e+04	9.152191e+01	8.411398e+01	2024	1	23	18
	782	436	195.500000	-19.000000	-2.585433e-04	1.008335e+05	7.704747e-01	1.059716e+01	1.469929e+04	1.470732e+04	1.460908e+04	9.070071e+01	8.749215e+01	2024	1	24	0
	790	436	197.500000	-19.000000	-3.763859e-04	1.008462e+05	7.301772e-01	1.147909e+01	1.473126e+04	1.473688e+04	1.461843e+04	8.840308e+01	8.557219e+01	2024	1	24	6
	780	435	195.000000	-18.750000	-1.457506e-04	1.007567e+05	1.112115e+00	1.169630e+01	1.463793e+04	1.464653e+04	1.455400e+04	8.908589e+01	8.639242e+01	2024	1	24	12
	776	436	194.000000	-19.000000	-1.015991e-04	1.007848e+05	1.492996e+00	9.854597e+00	1.466893e+04	1.467634e+04	1.457884e+04	8.670980e+01	8.508179e+01	2024	1	24	18
	776	436	194.000000	-19.000000	-1.091221e-04	1.007120e+05	1.492996e+00	9.248549e+00	1.462742e+04	1.463388e+04	1.454923e+04	8.430070e+01	8.443914e+01	2024	1	25	0
	778	439	194.500000	-19.750000	-1.130600e-04	1.007914e+05	7.904290e-01	9.429692e+00	1.466461e+04	1.466950e+04	1.460896e+04	8.638439e+01	8.347692e+01	2024	1	25	6
	782	446	195.500000	-21.500000	-3.148057e-05	1.008253e+05	6.699494e-01	1.147816e+01	1.468294e+04	1.468872e+04	1.459559e+04	8.639671e+01	8.193497e+01	2024	1	25	18
	776	443	194.000000	-20.750000	-6.618327e-05	1.007341e+05	1.492996e+00	9.224129e+00	1.460003e+04	1.460387e+04	1.455612e+04	8.336681e+01	8.389137e+01	2024	1	26	0
start	4	2024	1	22	6
	1396	367	349.000000	-1.750000	-1.460523e-05	1.013672e+05	6.899931e-01	5.850172e+00	1.503362e+04	1.503538e+04	1.501098e+04	8.551501e+01	8.024702e+01	2024	1	22	6
	1387	365	346.750000	-1.250000	1.443783e-06	1.014611e+05	9.311727e-01	6.150601e+00	1.514771e+04	1.514993e+04	1.512462e+04	8.555040e+01	8.197115e+01	2024	1	22	12
	1380	366	345.000000	-1.500000	-5.208771e-05	1.012887e+05	1.292545e+00	6.979230e+00	1.496674e+04	1.496881e+04	1.494698e+04	8.290211e+01	8.403474e+01	2024	1	23	6
	1389	371	347.250000	-2.750000	-2.218108e-05	1.013645e+05	9.311727e-01	8.365993e+00	1.503766e+04	1.503825e+04	1.502383e+04	8.447105e+01	8.082280e+01	2024	1	24	0
start	5	2024	1	22	18
	889	360	222.250000	0.000000	-2.493360e-05	1.008947e+05	1.192116e+00	1.090267e+01	1.473256e+04	1.473559e+04	1.467971e+04	8.726295e+01	8.556989e+01	2024	1	22	18
	881	363	220.250000	-0.750000	-1.608301e-05	1.005767e+05	1.192116e+00	1.000977e+01	1.443705e+04	1.444061e+04	1.441852e+04	8.598841e+01	8.305469e+01	2024	1	23	0
	881	368	220.250000	-2.000000	-2.198736e-05	1.009827e+05	1.192116e+00	9.748939e+00	1.475437e+04	1.475570e+04	1.473123e+04	8.416658e+01	8.358540e+01	2024	1	23	6
	888	370	222.000000	-2.500000	-1.148204e-05	1.007155e+05	1.192271e+00	9.462541e+00	1.455098e+04	1.455350e+04	1.452196e+04	8.725629e+01	8.626012e+01	2024	1	24	0
	887	360	221.750000	0.000000	-2.847845e-05	1.008577e+05	1.192116e+00	8.935439e+00	1.467130e+04	1.467484e+04	1.463537e+04	8.640550e+01	8.775983e+01	2024	1	24	12
start	4	2024	1	22	18
	1400	373	350.000000	-3.250000	-9.853626e-06	1.012597e+05	1.252206e+00	7.562629e+00	1.496017e+04	1.496195e+04	1.493671e+04	8.689534e+01	8.014393e+01	2024	1	22	18
	1402	370	350.500000	-2.500000	-1.832168e-05	1.012987e+05	1.091806e+00	7.213837e+00	1.499548e+04	1.499669e+04	1.498136e+04	8.272527e+01	8.016263e+01	2024	1	23	6
	1400	369	350.000000	-2.250000	-2.528401e-05	1.013823e+05	6.899931e-01	8.191519e+00	1.508297e+04	1.508626e+04	1.505962e+04	7.865250e+01	7.793635e+01	2024	1	23	12
	1389	371	347.250000	-2.750000	-2.218108e-05	1.013645e+05	9.311727e-01	8.365993e+00	1.503766e+04	1.503825e+04	1.502383e+04	8.447105e+01	8.082280e+01	2024	1	24	0
start	4	2024	1	23	12
	1361	362	340.250000	-0.500000	-2.388330e-05	1.014233e+05	1.071425e+00	6.139336e+00	1.511804e+04	1.511766e+04	1.510337e+04	8.060917e+01	8.144717e+01	2024	1	23	12
	1368	360	342.000000	0.000000	-7.522525e-06	1.011222e+05	1.071425e+00	6.267916e+00	1.484896e+04	1.485059e+04	1.483543e+04	8.034291e+01	8.177654e+01	2024	1	24	6
	1376	360	344.000000	0.000000	-9.880401e-06	1.014160e+05	1.272547e+00	7.488164e+00	1.511587e+04	1.511659e+04	1.511498e+04	7.949830e+01	8.016245e+01	2024	1	25	0
	1380	361	345.000000	-0.250000	-2.022577e-05	1.011734e+05	1.272547e+00	8.348566e+00	1.490163e+04	1.490325e+04	1.489109e+04	8.303999e+01	8.218651e+01	2024	1	25	6
start	5	2024	1	23	12
	808	365	202.000000	-1.250000	-2.585026e-05	1.009513e+05	9.109479e-01	7.211197e+00	1.476154e+04	1.476282e+04	1.474024e+04	7.643299e+01	7.739346e+01	2024	1	23	12
	797	367	199.250000	-1.750000	-3.309292e-05	1.009082e+05	1.011444e+00	6.290905e+00	1.475450e+04	1.475600e+04	1.473681e+04	7.579606e+01	7.541969e+01	2024	1	24	6
	800	363	200.000000	-0.750000	-1.575286e-05	1.009067e+05	9.913574e-01	6.393355e+00	1.474017e+04	1.474228e+04	1.473125e+04	8.658192e+01	8.399063e+01	2024	1	24	12
	792	362	198.000000	-0.500000	-1.907651e-05	1.010098e+05	9.913574e-01	7.497303e+00	1.483236e+04	1.483337e+04	1.483021e+04	8.480957e+01	8.228925e+01	2024	1	24	18
	795	364	198.750000	-1.000000	-9.675743e-06	1.009054e+05	9.913574e-01	7.615173e+00	1.473785e+04	1.474068e+04	1.471446e+04	8.351803e+01	7.896005e+01	2024	1	25	6
start	4	2024	1	23	18
	860	375	215.000000	-3.750000	-4.641502e-05	1.010940e+05	1.011460e+00	8.914745e+00	1.487573e+04	1.487612e+04	1.485875e+04	8.374751e+01	8.202206e+01	2024	1	23	18
	857	373	214.250000	-3.250000	-1.214189e-05	1.010202e+05	1.011460e+00	7.913167e+00	1.482141e+04	1.482251e+04	1.480168e+04	7.952534e+01	8.039365e+01	2024	1	24	6
	849	368	212.250000	-2.000000	-1.306925e-05	1.007990e+05	1.573924e+00	8.084270e+00	1.464519e+04	1.464712e+04	1.462210e+04	8.861206e+01	8.694440e+01	2024	1	25	0
	844	364	211.000000	-1.000000	-1.784158e-05	1.009774e+05	1.573924e+00	8.721932e+00	1.480840e+04	1.481058e+04	1.478246e+04	9.022872e+01	8.797335e+01	2024	1	25	6
start	10	2024	1	23	18
	698	438	174.500000	-19.500000	-2.386400e-04	1.008160e+05	1.292891e+00	6.503036e+00	1.470113e+04	1.470046e+04	1.463088e+04	8.708711e+01	8.265655e+01	2024	1	23	18
	697	437	174.250000	-19.250000	-1.832072e-04	1.007552e+05	1.292891e+00	9.052009e+00	1.463470e+04	1.463930e+04	1.458606e+04	8.230611e+01	7.963413e+01	2024	1	24	6
	700	435	175.000000	-18.750000	-3.264421e-04	9.670274e+04	7.904078e+00	1.003509e+01	1.473159e+04	1.473997e+04	1.462462e+04	8.306810e+01	7.682318e+01	2024	1	24	12
	703	432	175.750000	-18.000000	-3.206462e-04	9.515581e+04	3.430158e+03	1.052848e+01	1.456514e+04	1.457526e+04	1.435896e+04	8.486034e+01	7.560480e+01	2024	1	24	18
	705	428	176.250000	-17.000000	-2.697865e-04	9.512198e+04	6.201385e+03	1.381876e+01	1.458159e+04	1.459337e+04	1.435160e+04	8.948407e+01	8.108321e+01	2024	1	25	0
	710	429	177.500000	-17.250000	-4.413326e-04	9.477339e+04	6.201385e+03	1.383834e+01	1.439267e+04	1.440885e+04	1.408246e+04	8.994191e+01	8.199747e+01	2024	1	25	6
	713	427	178.250000	-16.750000	-2.827207e-04	9.504602e+04	6.201385e+03	1.159190e+01	1.453741e+04	1.454654e+04	1.435230e+04	8.873602e+01	8.371141e+01	2024	1	25	12
	719	426	179.750000	-16.500000	-2.743397e-04	9.492832e+04	3.442270e+03	1.472545e+01	1.438685e+04	1.439845e+04	1.421434e+04	9.125960e+01	8.546200e+01	2024	1	25	18
	725	430	181.250000	-17.500000	-4.386825e-04	9.753707e+04	1.636455e+03	1.581241e+01	1.436977e+04	1.438409e+04	1.414974e+04	8.957507e+01	8.553684e+01	2024	1	26	0
	733	433	183.250000	-18.250000	-3.618572e-04	1.000668e+05	3.675581e+01	1.590326e+01	1.427140e+04	1.428595e+04	1.402113e+04	8.767779e+01	8.604259e+01	2024	1	26	6
start	11	2024	1	24	0
	554	412	138.500000	-13.000000	-1.517318e-04	9.948345e+04	3.441725e+02	1.105732e+01	1.466584e+04	1.467682e+04	1.456346e+04	9.134726e+01	8.403845e+01	2024	1	24	0
	555	411	138.750000	-12.750000	-2.499942e-04	9.958719e+04	2.124888e+02	1.200393e+01	1.445982e+04	1.447082e+04	1.434156e+04	8.722014e+01	8.476282e+01	2024	1	24	6
	556	411	139.000000	-12.750000	-5.002790e-04	1.001537e+05	1.066757e+01	1.362805e+01	1.467732e+04	1.469056e+04	1.449075e+04	8.482216e+01	8.129693e+01	2024	1	24	12
	556	413	139.000000	-13.250000	-2.723068e-04	9.989481e+04	2.316279e+00	1.560442e+01	1.443502e+04	1.445018e+04	1.421871e+04	8.616109e+01	8.159995e+01	2024	1	24	18
	552	413	138.000000	-13.250000	-3.204206e-04	9.907998e+04	5.858505e+02	1.349430e+01	1.461353e+04	1.463057e+04	1.439423e+04	8.381136e+01	7.753225e+01	2024	1	25	0
	553	413	138.250000	-13.250000	-5.387564e-04	9.874639e+04	5.858505e+02	1.528306e+01	1.437004e+04	1.438621e+04	1.410471e+04	8.450151e+01	8.151417e+01	2024	1	25	6
	557	414	139.250000	-13.500000	-2.974430e-04	9.961602e+04	2.297813e+00	1.444724e+01	1.457101e+04	1.458730e+04	1.439805e+04	7.851128e+01	7.695479e+01	2024	1	25	12
	559	416	139.750000	-14.000000	-3.632996e-04	9.872832e+04	2.409255e+02	1.523275e+01	1.435929e+04	1.437201e+04	1.415934e+04	7.788463e+01	7.731850e+01	2024	1	25	18
	562	415	140.500000	-13.750000	-3.893299e-04	9.842807e+04	1.428913e+03	1.501563e+01	1.458700e+04	1.459692e+04	1.443062e+04	7.998009e+01	7.855872e+01	2024	1	26	0
	567	416	141.750000	-14.000000	-3.573273e-04	9.737078e+04	3.438978e+03	1.520533e+01	1.431558e+04	1.432223e+04	1.414238e+04	8.589656e+01	8.306686e+01	2024	1	26	6
	567	425	141.750000	-16.250000	-1.278948e-04	9.450860e+04	2.066902e+03	1.342321e+01	1.425940e+04	1.426735e+04	1.418975e+04	8.437959e+01	8.330547e+01	2024	1	26	18
start	6	2024	1	24	12
	1288	447	322.000000	-21.750000	-5.439692e-04	9.277674e+04	6.207579e+00	1.292727e+01	1.473889e+04	1.475016e+04	1.455400e+04	9.369858e+01	8.924270e+01	2024	1	24	12
	1292	449	323.000000	-22.250000	-4.060299e-04	1.005158e+05	1.995013e+00	1.505463e+01	1.459197e+04	1.460522e+04	1.435059e+04	9.155824e+01	8.826662e+01	2024	1	24	18
	1296	454	324.000000	-23.500000	-3.863135e-04	1.007720e+05	1.653210e+00	1.489240e+01	1.471851e+04	1.472962e+04	1.455498e+04	8.694669e+01	8.676908e+01	2024	1	25	0
	1299	458	324.750000	-24.500000	-6.572802e-04	1.004724e+05	1.593584e+00	1.291642e+01	1.449685e+04	1.450853e+04	1.426609e+04	9.006460e+01	8.932146e+01	2024	1	25	6
	1301	462	325.250000	-25.500000	-4.650513e-04	1.006290e+05	1.593584e+00	1.487952e+01	1.467162e+04	1.468453e+04	1.442205e+04	9.101824e+01	9.000982e+01	2024	1	25	12
	1302	464	325.500000	-26.000000	-3.081951e-04	1.006453e+05	1.755499e+00	1.540069e+01	1.461257e+04	1.462591e+04	1.443084e+04	8.628127e+01	8.807698e+01	2024	1	25	18
start	7	2024	1	25	0
	725	442	181.250000	-20.500000	-3.871480e-04	1.005560e+05	2.556788e+01	9.106532e+00	1.454453e+04	1.454604e+04	1.444985e+04	8.744302e+01	8.349661e+01	2024	1	25	0
	728	444	182.000000	-21.000000	-5.502303e-04	1.004414e+05	6.639272e+00	1.092761e+01	1.441033e+04	1.441325e+04	1.424034e+04	9.125526e+01	8.441864e+01	2024	1	25	6
	731	446	182.750000	-21.500000	-3.584186e-04	1.005240e+05	3.459063e+01	9.481172e+00	1.443454e+04	1.443991e+04	1.432655e+04	9.152121e+01	8.619352e+01	2024	1	25	12
	735	449	183.750000	-22.250000	-2.162252e-04	1.004053e+05	7.720190e+01	8.865311e+00	1.429943e+04	1.430684e+04	1.420009e+04	9.185609e+01	8.729990e+01	2024	1	25	18
	738	457	184.500000	-24.250000	-2.268774e-04	1.004071e+05	1.715330e+00	1.031222e+01	1.427899e+04	1.428570e+04	1.419187e+04	8.908028e+01	8.435802e+01	2024	1	26	0
	741	458	185.250000	-24.500000	-2.354954e-04	1.002278e+05	1.091737e+00	1.199043e+01	1.418059e+04	1.419135e+04	1.405113e+04	8.896472e+01	8.453411e+01	2024	1	26	6
	745	461	186.250000	-25.250000	-3.129712e-04	1.003460e+05	9.106958e-01	1.038871e+01	1.423397e+04	1.424202e+04	1.413047e+04	8.719049e+01	8.467400e+01	2024	1	26	12
start	7	2024	1	25	6
	665	387	166.250000	-6.750000	-1.676870e-05	1.008554e+05	1.674290e+00	6.675958e+00	1.472256e+04	1.472310e+04	1.468896e+04	8.887350e+01	8.779694e+01	2024	1	25	6
	662	396	165.500000	-9.000000	-3.899727e-04	1.006753e+05	6.734774e+02	1.311806e+01	1.478223e+04	1.478159e+04	1.470746e+04	8.891754e+01	8.782571e+01	2024	1	25	18
	663	405	165.750000	-11.250000	-2.577475e-04	1.007030e+05	6.734774e+02	1.280887e+01	1.481898e+04	1.481958e+04	1.475847e+04	8.471918e+01	7.899378e+01	2024	1	26	12
	673	401	168.250000	-10.250000	-5.071214e-05	1.004960e+05	1.590946e+02	1.161556e+01	1.465033e+04	1.465739e+04	1.457610e+04	8.502393e+01	8.275945e+01	2024	1	27	0
	679	409	169.750000	-12.250000	-3.110617e-05	1.003934e+05	4.245715e+00	6.219127e+00	1.444181e+04	1.444623e+04	1.440068e+04	8.100854e+01	7.965300e+01	2024	1	27	18
	690	407	172.500000	-11.750000	-7.907674e-05	1.006932e+05	9.509943e-01	7.407402e+00	1.463671e+04	1.463979e+04	1.457522e+04	8.683176e+01	8.668175e+01	2024	1	28	0
	695	413	173.750000	-13.250000	-6.022700e-05	1.007802e+05	1.171960e+00	1.003262e+01	1.470765e+04	1.471214e+04	1.466075e+04	9.177031e+01	8.764340e+01	2024	1	28	12
start	22	2024	1	25	6
	1281	446	320.250000	-21.500000	-2.874632e-04	9.056039e+04	9.476923e+03	1.133700e+01	1.443414e+04	1.444309e+04	1.433896e+04	9.509731e+01	9.228963e+01	2024	1	25	6
	1280	447	320.000000	-21.750000	-1.924792e-04	9.070302e+04	9.476923e+03	1.012881e+01	1.459544e+04	1.460319e+04	1.452468e+04	9.294415e+01	9.230248e+01	2024	1	25	12
	1282	451	320.500000	-22.750000	-1.306159e-04	9.137107e+04	1.383004e+02	1.302709e+01	1.468812e+04	1.469944e+04	1.460212e+04	9.362679e+01	8.795363e+01	2024	1	26	0
	1284	452	321.000000	-23.000000	-1.018022e-04	9.445778e+04	9.393175e+00	1.076635e+01	1.455913e+04	1.457348e+04	1.446550e+04	8.950885e+01	8.774885e+01	2024	1	26	6
	1276	461	319.000000	-25.250000	-1.809469e-04	9.702303e+04	2.779530e+00	1.397966e+01	1.480077e+04	1.481128e+04	1.465034e+04	9.102927e+01	8.645439e+01	2024	1	26	12
	1279	461	319.750000	-25.250000	-3.228020e-04	1.008336e+05	2.779530e+00	1.421971e+01	1.474789e+04	1.476080e+04	1.457725e+04	9.113038e+01	8.744798e+01	2024	1	26	18
	1278	459	319.500000	-24.750000	-4.771238e-04	9.366002e+04	4.661200e+00	1.432554e+01	1.484975e+04	1.486323e+04	1.462147e+04	8.278990e+01	8.557605e+01	2024	1	27	0
	1275	460	318.750000	-25.000000	-2.630714e-04	9.214988e+04	4.343400e+00	1.283663e+01	1.473027e+04	1.474264e+04	1.454697e+04	7.971262e+01	8.521865e+01	2024	1	27	6
	1274	462	318.500000	-25.500000	-2.243074e-04	1.001147e+05	3.445738e+00	1.278323e+01	1.495145e+04	1.496556e+04	1.477734e+04	8.053013e+01	8.435911e+01	2024	1	27	12
	1272	465	318.000000	-26.250000	-1.739785e-04	1.009694e+05	2.779530e+00	1.128518e+01	1.488350e+04	1.489755e+04	1.474843e+04	7.944781e+01	8.407545e+01	2024	1	27	18
	1279	463	319.750000	-25.750000	-8.476640e-04	1.011832e+05	2.779530e+00	1.486190e+01	1.512492e+04	1.513182e+04	1.484950e+04	7.554219e+01	7.829607e+01	2024	1	28	12
	1278	466	319.500000	-26.500000	-7.724217e-04	1.009168e+05	1.554895e+00	1.532791e+01	1.505125e+04	1.505559e+04	1.468323e+04	7.762154e+01	7.860004e+01	2024	1	28	18
	1281	468	320.250000	-27.000000	-4.689619e-04	1.009790e+05	1.554895e+00	1.381482e+01	1.509742e+04	1.511061e+04	1.474620e+04	7.500810e+01	7.505351e+01	2024	1	29	0
	1282	474	320.500000	-28.500000	-3.000137e-04	1.008455e+05	1.553459e+00	1.386903e+01	1.489760e+04	1.490999e+04	1.461128e+04	7.973670e+01	7.706229e+01	2024	1	29	6
	1285	482	321.250000	-30.500000	-4.037104e-04	1.010634e+05	2.097830e+00	1.207232e+01	1.498599e+04	1.499946e+04	1.474386e+04	8.382891e+01	7.967176e+01	2024	1	29	12
	1290	488	322.500000	-32.000000	-7.019101e-04	1.007368e+05	2.015088e+00	1.456073e+01	1.483152e+04	1.484834e+04	1.440334e+04	8.661290e+01	7.737756e+01	2024	1	29	18
	1294	491	323.500000	-32.750000	-4.361842e-04	1.007951e+05	1.614650e+00	1.405357e+01	1.479809e+04	1.481508e+04	1.444768e+04	8.617305e+01	7.919216e+01	2024	1	30	0
	1298	495	324.500000	-33.750000	-3.123379e-04	1.006811e+05	1.956226e+00	1.322359e+01	1.462576e+04	1.464395e+04	1.431672e+04	8.707008e+01	7.986948e+01	2024	1	30	6
	1302	500	325.500000	-35.000000	-2.495234e-04	1.008374e+05	1.956226e+00	1.482688e+01	1.469733e+04	1.471651e+04	1.441842e+04	8.569613e+01	7.977300e+01	2024	1	30	12
	1305	505	326.250000	-36.250000	-2.177905e-04	1.007062e+05	1.956226e+00	1.478988e+01	1.456789e+04	1.458835e+04	1.428510e+04	8.515261e+01	7.695609e+01	2024	1	30	18
	1311	509	327.750000	-37.250000	-2.555889e-04	1.007031e+05	1.031938e+00	1.464672e+01	1.454035e+04	1.456167e+04	1.424467e+04	8.651485e+01	7.661299e+01	2024	1	31	0
	1316	512	329.000000	-38.000000	-2.175644e-04	1.005415e+05	1.031938e+00	1.368058e+01	1.434993e+04	1.437091e+04	1.407118e+04	8.199139e+01	7.493075e+01	2024	1	31	6
start	4	2024	1	25	12
	944	365	236.000000	-1.250000	-6.751157e-06	1.009080e+05	1.011419e+00	6.889535e+00	1.466403e+04	1.466538e+04	1.464855e+04	8.623916e+01	8.515786e+01	2024	1	25	12
	940	370	235.000000	-2.500000	-2.264208e-05	1.008481e+05	9.314558e-01	7.623336e+00	1.460601e+04	1.460784e+04	1.458362e+04	8.016196e+01	7.844218e+01	2024	1	26	0
	945	369	236.250000	-2.250000	-4.996569e-05	1.008760e+05	9.314558e-01	7.227360e+00	1.463700e+04	1.463827e+04	1.462122e+04	9.233129e+01	9.176568e+01	2024	1	26	12
	943	373	235.750000	-3.250000	-2.537481e-05	1.011846e+05	9.314558e-01	7.005880e+00	1.488542e+04	1.488577e+04	1.487087e+04	8.560497e+01	8.646390e+01	2024	1	26	18
start	4	2024	1	26	12
	744	440	186.000000	-20.000000	-5.405417e-04	1.001970e+05	1.546296e+02	1.391454e+01	1.432146e+04	1.433703e+04	1.405997e+04	8.940430e+01	8.729847e+01	2024	1	26	12
	751	445	187.750000	-21.250000	-1.229091e-03	9.998160e+04	1.453521e+00	1.838370e+01	1.431502e+04	1.432806e+04	1.388850e+04	8.877251e+01	8.731726e+01	2024	1	26	18
	755	452	188.750000	-23.000000	-3.676896e-04	1.001730e+05	1.313054e+00	1.634679e+01	1.428121e+04	1.429561e+04	1.402672e+04	8.185160e+01	8.305667e+01	2024	1	27	0
	762	460	190.500000	-25.000000	-9.863439e-04	1.000569e+05	1.473755e+00	1.535254e+01	1.430324e+04	1.431580e+04	1.392622e+04	8.369473e+01	8.511465e+01	2024	1	27	6
start	4	2024	1	27	6
	994	366	248.500000	-1.500000	-5.609123e-06	1.011349e+05	1.293055e+00	7.659635e+00	1.488469e+04	1.488549e+04	1.486922e+04	8.765837e+01	8.988525e+01	2024	1	27	6
	987	360	246.750000	0.000000	-1.775473e-05	1.011614e+05	1.293055e+00	7.774641e+00	1.489670e+04	1.489786e+04	1.489193e+04	8.968542e+01	9.023740e+01	2024	1	27	18
	992	365	248.000000	-1.250000	-2.857624e-05	1.011192e+05	1.293055e+00	8.099176e+00	1.486912e+04	1.486981e+04	1.486063e+04	8.336912e+01	8.145043e+01	2024	1	28	6
	982	361	245.500000	-0.250000	-1.072534e-05	1.008592e+05	9.715036e-01	8.236503e+00	1.464107e+04	1.464285e+04	1.462288e+04	8.677777e+01	8.549742e+01	2024	1	28	12
start	18	2024	1	27	6
	249	418	62.250000	-14.500000	-7.957849e-05	1.010389e+05	1.714679e+00	8.321997e+00	1.486136e+04	1.486660e+04	1.481022e+04	8.805604e+01	8.515474e+01	2024	1	27	6
	253	418	63.250000	-14.500000	-9.642565e-05	1.008587e+05	1.272669e+00	7.463681e+00	1.471561e+04	1.472189e+04	1.464334e+04	8.979694e+01	8.440926e+01	2024	1	27	12
	256	419	64.000000	-14.750000	-1.321658e-04	1.011084e+05	1.332738e+00	7.610195e+00	1.493825e+04	1.494777e+04	1.483430e+04	9.065845e+01	8.454990e+01	2024	1	27	18
	253	419	63.250000	-14.750000	-2.392642e-04	1.008722e+05	1.332738e+00	7.161596e+00	1.472230e+04	1.473341e+04	1.461422e+04	9.216130e+01	8.592405e+01	2024	1	28	0
	252	418	63.000000	-14.500000	-2.627331e-04	1.009592e+05	1.634216e+00	8.930457e+00	1.483345e+04	1.484339e+04	1.469638e+04	8.837263e+01	8.409009e+01	2024	1	28	6
	253	417	63.250000	-14.250000	-2.384151e-04	1.006722e+05	1.272669e+00	8.168125e+00	1.461213e+04	1.462396e+04	1.445750e+04	8.651339e+01	8.332600e+01	2024	1	28	12
	256	418	64.000000	-14.500000	-4.460267e-04	1.008658e+05	1.332738e+00	1.015957e+01	1.482819e+04	1.483910e+04	1.462973e+04	8.663455e+01	8.375298e+01	2024	1	28	18
	255	422	63.750000	-15.500000	-2.846047e-04	1.005620e+05	1.332738e+00	1.062259e+01	1.459429e+04	1.460707e+04	1.439620e+04	8.759508e+01	8.413670e+01	2024	1	29	0
	255	425	63.750000	-16.250000	-2.829668e-04	1.006725e+05	1.332738e+00	1.178394e+01	1.472432e+04	1.473821e+04	1.450953e+04	8.762238e+01	8.168292e+01	2024	1	29	6
	254	427	63.500000	-16.750000	-2.352081e-04	1.004784e+05	1.232396e+00	1.149708e+01	1.456521e+04	1.457923e+04	1.434411e+04	9.025926e+01	8.276991e+01	2024	1	29	12
	256	430	64.000000	-17.500000	-2.256690e-04	1.006518e+05	2.074063e+00	1.181374e+01	1.475769e+04	1.477447e+04	1.450509e+04	9.036266e+01	8.223371e+01	2024	1	29	18
	256	432	64.000000	-18.000000	-2.337073e-04	1.003371e+05	1.282729e+02	1.149375e+01	1.450407e+04	1.452376e+04	1.422318e+04	8.905743e+01	8.036215e+01	2024	1	30	0
	258	434	64.500000	-18.500000	-3.135896e-04	1.005131e+05	1.282729e+02	1.378722e+01	1.469029e+04	1.470993e+04	1.439435e+04	8.975639e+01	8.233887e+01	2024	1	30	6
	260	436	65.000000	-19.000000	-5.071347e-04	1.002994e+05	1.282729e+02	1.274108e+01	1.460123e+04	1.461960e+04	1.424067e+04	8.793932e+01	8.345183e+01	2024	1	30	12
	260	439	65.000000	-19.750000	-4.675935e-04	1.004022e+05	1.282729e+02	1.323825e+01	1.477069e+04	1.479278e+04	1.432485e+04	8.865745e+01	8.366928e+01	2024	1	30	18
	262	440	65.500000	-20.000000	-4.373533e-04	1.003461e+05	1.282729e+02	1.356827e+01	1.465346e+04	1.467301e+04	1.426379e+04	8.644801e+01	8.618265e+01	2024	1	31	0
	263	440	65.750000	-20.000000	-4.732683e-04	1.004575e+05	1.874662e+00	1.466767e+01	1.482147e+04	1.484287e+04	1.435718e+04	8.849113e+01	8.702620e+01	2024	1	31	6
	265	439	66.250000	-19.750000	-3.671872e-04	1.003191e+05	1.051301e+00	1.385652e+01	1.465070e+04	1.467169e+04	1.425219e+04	8.859204e+01	8.428259e+01	2024	1	31	12
start	5	2024	1	28	6
	404	438	101.000000	-19.500000	-1.341659e-04	1.012492e+05	1.172557e+00	7.421103e+00	1.478730e+04	1.479077e+04	1.475101e+04	7.807400e+01	7.898959e+01	2024	1	28	6
	399	428	99.750000	-17.000000	-1.081491e-04	1.010652e+05	1.573694e+00	7.079789e+00	1.471520e+04	1.472173e+04	1.467625e+04	8.151705e+01	8.215022e+01	2024	1	28	12
	399	432	99.750000	-18.000000	-1.100055e-04	1.012678e+05	1.292265e+00	6.955685e+00	1.484384e+04	1.484674e+04	1.480785e+04	7.982581e+01	8.282674e+01	2024	1	28	18
	393	423	98.250000	-15.750000	-1.425669e-04	1.012130e+05	1.251802e+00	5.881112e+00	1.483166e+04	1.483714e+04	1.479970e+04	7.815495e+01	7.986752e+01	2024	1	29	0
	392	428	98.000000	-17.000000	-1.396772e-04	1.012505e+05	1.292265e+00	7.134610e+00	1.486246e+04	1.486598e+04	1.481465e+04	7.845771e+01	7.864915e+01	2024	1	29	6
start	6	2024	1	28	12
	1299	362	324.750000	-0.500000	-1.814449e-06	1.013692e+05	1.494047e+00	8.666952e+00	1.508611e+04	1.508740e+04	1.506800e+04	7.954786e+01	7.657967e+01	2024	1	28	12
	1289	368	322.250000	-2.000000	-5.846377e-06	9.799277e+04	2.284904e+02	8.860236e+00	1.494295e+04	1.494532e+04	1.491298e+04	7.672187e+01	7.548129e+01	2024	1	28	18
	1297	363	324.250000	-0.750000	-2.818671e-05	1.012615e+05	1.494047e+00	7.798053e+00	1.499496e+04	1.499510e+04	1.497478e+04	7.580663e+01	7.682835e+01	2024	1	29	6
	1299	360	324.750000	0.000000	-2.176152e-05	1.011608e+05	1.272559e+00	6.846199e+00	1.491641e+04	1.491847e+04	1.489784e+04	8.205125e+01	8.000165e+01	2024	1	29	18
	1288	361	322.000000	-0.250000	-1.289300e-05	1.013314e+05	1.212738e+00	6.880796e+00	1.508789e+04	1.508945e+04	1.505667e+04	7.606266e+01	7.478687e+01	2024	1	30	12
	1299	360	324.750000	0.000000	-1.433003e-05	1.011312e+05	1.272559e+00	5.375485e+00	1.487983e+04	1.488050e+04	1.487047e+04	8.658595e+01	8.377495e+01	2024	1	30	18
start	6	2024	1	28	12
	253	364	63.250000	-1.000000	-3.513182e-06	1.010892e+05	9.511617e-01	5.781598e+00	1.486432e+04	1.486420e+04	1.485338e+04	8.435733e+01	8.211465e+01	2024	1	28	12
	256	364	64.000000	-1.000000	6.705523e-08	1.010680e+05	8.707670e-01	6.990551e+00	1.485974e+04	1.486123e+04	1.482845e+04	8.233788e+01	8.204443e+01	2024	1	29	0
	257	360	64.250000	0.000000	-1.097540e-05	1.010114e+05	1.111762e+00	7.818575e+00	1.480764e+04	1.480892e+04	1.478811e+04	8.247214e+01	7.867129e+01	2024	1	29	12
	251	363	62.750000	-0.750000	-1.085387e-05	1.013488e+05	1.051516e+00	7.970180e+00	1.507132e+04	1.507356e+04	1.505021e+04	8.675327e+01	8.494382e+01	2024	1	29	18
	253	371	63.250000	-2.750000	-3.964663e-05	1.013581e+05	1.051516e+00	6.801575e+00	1.509850e+04	1.510022e+04	1.505947e+04	8.753203e+01	8.460151e+01	2024	1	30	6
	256	365	64.000000	-1.250000	-6.276881e-06	1.010774e+05	8.908886e-01	6.301016e+00	1.486914e+04	1.486946e+04	1.485042e+04	8.207461e+01	7.940645e+01	2024	1	30	12
start	4	2024	1	28	12
	879	367	219.750000	-1.750000	-8.609379e-06	1.007922e+05	1.192116e+00	8.058152e+00	1.458201e+04	1.458312e+04	1.457213e+04	7.993750e+01	7.773758e+01	2024	1	28	12
	878	363	219.500000	-0.750000	-7.621944e-06	1.007450e+05	1.192116e+00	7.460179e+00	1.457787e+04	1.457964e+04	1.455420e+04	8.327177e+01	8.346334e+01	2024	1	29	0
	879	365	219.750000	-1.250000	-8.767704e-06	1.010888e+05	1.192116e+00	8.334105e+00	1.487556e+04	1.487639e+04	1.486384e+04	9.077554e+01	8.124551e+01	2024	1	29	18
	878	360	219.500000	0.000000	-1.984579e-05	1.007611e+05	9.109685e-01	7.691920e+00	1.459701e+04	1.459883e+04	1.457793e+04	8.218908e+01	8.196623e+01	2024	1	30	0
start	9	2024	1	28	12
	793	386	198.250000	-6.500000	-3.441819e-05	1.008832e+05	1.011410e+00	7.130889e+00	1.472697e+04	1.472828e+04	1.466675e+04	8.994305e+01	8.595309e+01	2024	1	28	12
	782	386	195.500000	-6.500000	-1.156083e-04	1.010218e+05	1.111767e+00	8.351027e+00	1.483227e+04	1.483268e+04	1.478435e+04	9.046635e+01	8.518346e+01	2024	1	28	18
	782	393	195.500000	-8.250000	-8.528680e-05	1.008510e+05	1.091741e+00	6.526246e+00	1.471175e+04	1.471373e+04	1.466770e+04	9.084486e+01	8.475079e+01	2024	1	29	0
	774	394	193.500000	-8.500000	-6.241736e-04	1.008905e+05	1.071806e+00	9.166160e+00	1.479796e+04	1.479682e+04	1.469503e+04	8.843811e+01	8.213631e+01	2024	1	29	6
	775	394	193.750000	-8.500000	-2.683483e-04	1.008964e+05	1.071806e+00	7.509632e+00	1.477515e+04	1.477691e+04	1.471024e+04	8.463270e+01	8.339557e+01	2024	1	29	12
	780	394	195.000000	-8.500000	-1.642082e-04	1.009761e+05	1.071806e+00	5.694650e+00	1.480660e+04	1.480645e+04	1.475355e+04	9.006522e+01	8.530062e+01	2024	1	30	0
	779	401	194.750000	-10.250000	-3.692019e-05	1.010112e+05	1.232393e+00	4.724783e+00	1.486176e+04	1.486509e+04	1.483322e+04	8.157182e+01	8.177283e+01	2024	1	30	18
	773	394	193.250000	-8.500000	-3.189594e-05	1.009125e+05	1.071806e+00	6.126586e+00	1.477466e+04	1.477781e+04	1.474043e+04	9.388943e+01	8.660059e+01	2024	1	31	6
	781	396	195.250000	-9.000000	-1.260268e-04	1.008371e+05	1.071806e+00	7.051150e+00	1.471416e+04	1.471822e+04	1.462969e+04	8.909863e+01	8.332990e+01	2024	1	31	12
start	5	2024	1	28	18
	840	363	210.000000	-0.750000	-7.783528e-06	1.010288e+05	1.573924e+00	6.121859e+00	1.481547e+04	1.481708e+04	1.480085e+04	8.444579e+01	7.763670e+01	2024	1	28	18
	846	360	211.500000	0.000000	-1.352280e-05	1.007320e+05	1.573924e+00	6.863040e+00	1.457141e+04	1.457334e+04	1.455770e+04	8.830837e+01	8.414768e+01	2024	1	29	0
	838	360	209.500000	0.000000	1.126667e-06	1.010598e+05	1.192325e+00	7.452325e+00	1.486175e+04	1.486307e+04	1.484034e+04	9.008286e+01	8.432455e+01	2024	1	29	18
	842	362	210.500000	-0.500000	-3.952300e-06	1.009524e+05	1.573924e+00	4.699042e+00	1.474309e+04	1.474495e+04	1.472917e+04	8.908745e+01	8.488295e+01	2024	1	30	12
	844	362	211.000000	-0.500000	-6.452622e-05	1.008251e+05	1.573924e+00	6.100296e+00	1.467292e+04	1.467290e+04	1.463929e+04	8.527251e+01	7.913844e+01	2024	1	31	0
start	6	2024	1	29	0
	7	371	1.750000	-2.750000	-1.841038e-05	1.012410e+05	1.533722e+00	5.842455e+00	1.499780e+04	1.499959e+04	1.496870e+04	8.095808e+01	7.500163e+01	2024	1	29	0
	12	367	3.000000	-1.750000	-2.033100e-05	1.010928e+05	1.533722e+00	4.585253e+00	1.488780e+04	1.488721e+04	1.487034e+04	8.749841e+01	8.094648e+01	2024	1	29	18
	20	375	5.000000	-3.750000	-1.842738e-05	1.011201e+05	1.915424e+00	5.141050e+00	1.491490e+04	1.491688e+04	1.489085e+04	7.684206e+01	7.705879e+01	2024	1	30	6
	11	369	2.750000	-2.250000	-1.468114e-05	1.011604e+05	1.533722e+00	4.115228e+00	1.492366e+04	1.492414e+04	1.489280e+04	9.015276e+01	8.286191e+01	2024	1	30	12
	11	371	2.750000	-2.750000	-5.468237e-05	1.010742e+05	1.533722e+00	5.538062e+00	1.487197e+04	1.487330e+04	1.484347e+04	8.809451e+01	8.401402e+01	2024	1	30	18
	9	368	2.250000	-2.000000	-8.115917e-05	1.012015e+05	1.533722e+00	5.849591e+00	1.496997e+04	1.497070e+04	1.493905e+04	8.522715e+01	8.468378e+01	2024	1	31	6
start	6	2024	1	29	0
	814	399	203.500000	-9.750000	-9.171665e-06	1.008430e+05	1.493566e+00	6.290490e+00	1.468329e+04	1.468415e+04	1.465770e+04	8.614201e+01	7.754503e+01	2024	1	29	0
	804	402	201.000000	-10.500000	-3.796897e-04	1.008364e+05	1.212341e+00	8.482397e+00	1.471628e+04	1.472122e+04	1.464624e+04	9.052050e+01	8.374191e+01	2024	1	29	12
	806	404	201.500000	-11.000000	-2.092097e-04	1.009181e+05	1.292495e+00	7.806256e+00	1.477493e+04	1.477679e+04	1.472405e+04	8.607982e+01	8.117054e+01	2024	1	30	0
	810	405	202.500000	-11.250000	-1.250005e-04	1.010261e+05	1.493566e+00	7.157829e+00	1.489557e+04	1.489847e+04	1.483310e+04	8.447043e+01	7.863869e+01	2024	1	30	6
	811	406	202.750000	-11.500000	-7.006037e-05	1.010452e+05	1.493566e+00	5.883447e+00	1.488494e+04	1.488734e+04	1.485722e+04	8.571383e+01	7.889123e+01	2024	1	30	18
	816	406	204.000000	-11.500000	-6.306916e-05	1.009095e+05	1.493566e+00	5.694277e+00	1.476184e+04	1.476373e+04	1.473230e+04	9.354177e+01	8.389944e+01	2024	1	31	6
start	5	2024	1	29	6
	650	415	162.500000	-13.750000	-1.256999e-04	1.000955e+05	1.835778e+00	8.674058e+00	1.447675e+04	1.448198e+04	1.443178e+04	8.086883e+01	8.199057e+01	2024	1	29	6
	651	411	162.750000	-12.750000	-1.720248e-04	9.823880e+04	1.517834e+01	1.008537e+01	1.442246e+04	1.443029e+04	1.436909e+04	8.090475e+01	8.429896e+01	2024	1	29	18
	656	410	164.000000	-12.500000	-9.680749e-05	9.825413e+04	4.045744e+00	1.361984e+01	1.442459e+04	1.443153e+04	1.434660e+04	7.625291e+01	8.094476e+01	2024	1	30	6
	664	407	166.000000	-11.750000	-2.598350e-04	1.005214e+05	6.734774e+02	1.170494e+01	1.467621e+04	1.468081e+04	1.459555e+04	8.356174e+01	8.319344e+01	2024	1	30	12
	670	411	167.500000	-12.750000	-1.839350e-04	9.608416e+04	1.094431e+03	1.125604e+01	1.447459e+04	1.447930e+04	1.441697e+04	8.396221e+01	8.340656e+01	2024	1	30	18
start	4	2024	1	29	12
	308	408	77.000000	-12.000000	-5.424838e-05	1.010034e+05	1.835340e+00	5.512813e+00	1.482918e+04	1.483196e+04	1.479524e+04	8.044567e+01	8.206393e+01	2024	1	29	12
	310	418	77.500000	-14.500000	-1.674986e-04	1.012241e+05	1.393367e+00	8.281503e+00	1.500004e+04	1.500019e+04	1.495785e+04	8.819970e+01	8.284128e+01	2024	1	30	6
	318	409	79.500000	-12.250000	-4.233769e-05	1.010444e+05	1.413106e+00	6.405356e+00	1.483859e+04	1.483851e+04	1.479905e+04	8.798266e+01	8.314133e+01	2024	1	30	12
	313	419	78.250000	-14.750000	-7.689418e-05	1.010381e+05	1.413095e+00	7.273302e+00	1.483922e+04	1.484236e+04	1.480479e+04	8.333991e+01	7.764651e+01	2024	1	31	0
start	4	2024	1	29	18
	1333	361	333.250000	-0.250000	-1.937733e-05	1.011678e+05	1.373240e+00	5.085513e+00	1.491572e+04	1.491721e+04	1.489646e+04	8.416106e+01	8.695832e+01	2024	1	29	18
	1328	360	332.000000	0.000000	-1.044921e-05	1.013474e+05	1.373240e+00	4.819175e+00	1.505257e+04	1.505524e+04	1.501955e+04	8.493320e+01	8.558344e+01	2024	1	30	12
	1335	361	333.750000	-0.250000	-1.155841e-05	1.011092e+05	1.373240e+00	4.297156e+00	1.485431e+04	1.485518e+04	1.483235e+04	8.754056e+01	8.590806e+01	2024	1	30	18
	1331	362	332.750000	-0.500000	-9.827549e-06	1.013781e+05	1.373240e+00	5.494508e+00	1.507555e+04	1.507643e+04	1.505506e+04	8.498654e+01	8.491248e+01	2024	1	31	12
