2024	1	1	26	0
	531	361	132.750000	-0.250000	-4.396960e-05	8.292362e+04	1.706906e+04	2.243855e+00	1.487957e+04	1.488153e+04	1.484543e+04	8.378539e+01	8.167709e+01
	27	362	6.750000	-0.500000	-8.802861e-06	1.001146e+05	2.287427e+03	4.866433e+00	1.492040e+04	1.492311e+04	1.490030e+04	8.466742e+01	8.413045e+01
	424	363	106.000000	-0.750000	-2.039596e-05	1.005376e+05	6.375573e+02	6.113714e+00	1.483062e+04	1.483170e+04	1.480668e+04	8.749541e+01	8.718186e+01
	558	363	139.500000	-0.750000	-2.263114e-05	8.293062e+04	9.095146e+03	4.678923e+00	1.489847e+04	1.490005e+04	1.486805e+04	8.294559e+01	8.442469e+01
	560	363	140.000000	-0.750000	-3.261492e-05	8.954462e+04	3.247197e+03	4.678923e+00	1.489858e+04	1.490066e+04	1.486805e+04	8.360049e+01	8.464203e+01
	345	366	86.250000	-1.500000	-2.430007e-05	1.009436e+05	1.594068e+00	5.959036e+00	1.474043e+04	1.474288e+04	1.471130e+04	8.848186e+01	8.465046e+01
	288	369	72.000000	-2.250000	-1.917593e-04	1.009496e+05	1.955598e+00	6.487490e+00	1.476730e+04	1.477005e+04	1.471093e+04	8.141192e+01	7.957696e+01
	85	372	21.250000	-3.000000	-3.398582e-05	9.380262e+04	5.505451e+03	2.227310e+00	1.493965e+04	1.494040e+04	1.490130e+04	7.779118e+01	7.276430e+01
	394	372	98.500000	-3.000000	-2.275035e-05	8.924162e+04	9.826721e+02	5.270504e+00	1.479438e+04	1.479585e+04	1.476593e+04	7.899609e+01	8.232288e+01
	1270	372	317.500000	-3.000000	-9.353086e-05	9.437162e+04	7.403658e+03	5.800780e+00	1.501160e+04	1.501330e+04	1.497455e+04	8.576337e+01	8.392443e+01
	1096	374	274.000000	-3.500000	-1.118705e-05	1.012376e+05	1.836155e+00	5.747244e+00	1.486839e+04	1.487010e+04	1.484355e+04	7.748663e+01	7.634901e+01
	366	376	91.500000	-4.000000	-5.335733e-05	1.009246e+05	2.236784e+00	7.583953e+00	1.474543e+04	1.474788e+04	1.470418e+04	8.550883e+01	8.404617e+01
	218	377	54.500000	-4.250000	-4.814193e-05	1.008846e+05	2.510779e+02	5.443253e+00	1.475930e+04	1.475977e+04	1.472755e+04	8.975444e+01	8.530848e+01
	245	379	61.250000	-4.750000	-2.418086e-05	1.009686e+05	9.913999e-01	4.819747e+00	1.476465e+04	1.476508e+04	1.473693e+04	7.965617e+01	8.109750e+01
	246	379	61.500000	-4.750000	-2.424046e-05	1.009686e+05	1.131980e+00	4.944574e+00	1.476468e+04	1.476521e+04	1.473693e+04	7.935429e+01	8.085400e+01
	461	381	115.250000	-5.250000	-1.994893e-05	9.403062e+04	2.060846e+03	4.724568e+00	1.487191e+04	1.487478e+04	1.483930e+04	8.967472e+01	8.813734e+01
	1135	394	283.750000	-8.500000	-1.408570e-04	5.853262e+04	4.351382e+04	6.376773e+00	1.488986e+04	1.488818e+04	1.475130e+04	8.392042e+01	7.610751e+01
	588	395	147.000000	-8.750000	-1.030080e-04	7.839462e+04	2.481712e+04	6.734822e+00	1.487490e+04	1.487862e+04	1.481393e+04	7.639144e+01	7.206995e+01
	222	400	55.500000	-10.000000	-4.004687e-06	1.009196e+05	1.232238e+00	5.149282e+00	1.475251e+04	1.475518e+04	1.472193e+04	7.773608e+01	8.022353e+01
	1256	426	314.000000	-16.500000	-6.796047e-05	8.895262e+04	1.054224e+04	2.292308e+00	1.492169e+04	1.492757e+04	1.486368e+04	8.025809e+01	8.063145e+01
	162	443	40.500000	-20.750000	-4.900508e-04	1.000506e+05	2.034799e+00	1.587131e+01	1.449558e+04	1.452432e+04	1.393505e+04	8.865363e+01	8.281876e+01
	910	450	227.500000	-22.500000	-1.608543e-04	1.013716e+05	1.131648e+00	9.516010e+00	1.501399e+04	1.501736e+04	1.496680e+04	8.227039e+01	7.821477e+01
	175	467	43.750000	-26.750000	-2.458505e-04	9.557562e+04	1.483029e+03	1.226310e+01	1.471828e+04	1.472432e+04	1.462118e+04	8.460490e+01	8.031693e+01
	841	476	210.250000	-29.000000	-4.152469e-04	1.013446e+05	7.301495e-01	1.072176e+01	1.493163e+04	1.493951e+04	1.479655e+04	7.928411e+01	7.556100e+01
	293	486	73.250000	-31.500000	-1.890473e-04	1.009976e+05	1.433322e+00	1.240029e+01	1.471455e+04	1.473395e+04	1.450868e+04	8.341988e+01	7.197182e+01
	745	537	186.250000	-44.250000	-6.862693e-04	1.002536e+05	5.281807e+02	1.594286e+01	1.400892e+04	1.403390e+04	1.372843e+04	8.267355e+01	7.818694e+01
2024	1	1	27	6
	1211	360	302.750000	0.000000	-2.879952e-05	9.571877e+04	5.031323e+03	2.928854e+00	1.484856e+04	1.485021e+04	1.484201e+04	7.785014e+01	7.658706e+01
	1186	361	296.500000	-0.250000	-5.258177e-05	9.128277e+04	6.152961e+03	2.260621e+00	1.485817e+04	1.485848e+04	1.483826e+04	8.177451e+01	8.042123e+01
	1382	361	345.500000	-0.250000	-1.517986e-05	1.011368e+05	1.272547e+00	5.442900e+00	1.485906e+04	1.486073e+04	1.484088e+04	8.421226e+01	8.106842e+01
	3	364	0.750000	-1.000000	-4.653190e-05	1.011738e+05	1.533722e+00	6.957657e+00	1.488757e+04	1.488946e+04	1.486988e+04	8.779173e+01	8.381830e+01
	1129	364	282.250000	-1.000000	-1.181469e-04	6.521477e+04	3.877745e+04	4.769517e+00	1.492994e+04	1.492788e+04	1.482788e+04	9.063341e+01	8.930561e+01
	1085	365	271.250000	-1.250000	-2.069329e-05	9.899977e+04	6.448661e+02	6.119805e+00	1.492229e+04	1.492348e+04	1.490313e+04	8.293565e+01	8.428056e+01
	1242	365	310.500000	-1.250000	-5.434500e-06	9.907577e+04	6.284304e+02	6.736498e+00	1.485883e+04	1.486049e+04	1.482463e+04	9.215855e+01	8.732103e+01
	633	366	158.250000	-1.500000	-2.418016e-05	1.007458e+05	1.051606e+00	7.630662e+00	1.465149e+04	1.465220e+04	1.464313e+04	8.287672e+01	8.135014e+01
	480	368	120.000000	-2.000000	-4.215096e-05	8.220577e+04	1.932979e+04	5.831880e+00	1.465868e+04	1.466265e+04	1.452101e+04	8.235589e+01	8.235739e+01
	364	375	91.000000	-3.750000	-4.808162e-05	1.010548e+05	2.236784e+00	7.201795e+00	1.486695e+04	1.486912e+04	1.484651e+04	8.554688e+01	8.517970e+01
	203	376	50.750000	-4.000000	1.032604e-06	1.012858e+05	1.393007e+00	8.394074e+00	1.505520e+04	1.505637e+04	1.500088e+04	8.601251e+01	7.832402e+01
	561	377	140.250000	-4.250000	-4.632329e-05	7.067877e+04	3.169332e+04	3.809288e+00	1.458509e+04	1.458609e+04	1.451001e+04	8.607859e+01	8.343685e+01
	310	381	77.500000	-5.250000	-4.719244e-06	1.011428e+05	1.332789e+00	6.944208e+00	1.492946e+04	1.493219e+04	1.490313e+04	7.513909e+01	7.354601e+01
	1291	384	322.750000	-6.000000	-3.812765e-05	9.271677e+04	6.714298e+03	4.021413e+00	1.484529e+04	1.484494e+04	1.481513e+04	9.132719e+01	8.441506e+01
	253	386	63.250000	-6.500000	-8.566235e-05	1.011508e+05	1.413473e+00	6.323355e+00	1.495822e+04	1.496100e+04	1.492488e+04	7.819095e+01	7.954558e+01
	586	388	146.500000	-7.000000	-9.999727e-05	7.474577e+04	2.513040e+04	5.037384e+00	1.459557e+04	1.459641e+04	1.447813e+04	7.795288e+01	7.838734e+01
	1131	388	282.750000	-7.000000	-1.375780e-04	6.018777e+04	3.854746e+04	5.403905e+00	1.491825e+04	1.491699e+04	1.479801e+04	8.714313e+01	7.871309e+01
	1352	389	338.000000	-7.250000	-4.089926e-05	1.011708e+05	1.272592e+00	5.545803e+00	1.482815e+04	1.482928e+04	1.481188e+04	7.756231e+01	7.642641e+01
	761	390	190.250000	-7.500000	-2.623652e-05	1.010378e+05	1.312795e+00	4.140230e+00	1.485118e+04	1.485375e+04	1.482701e+04	8.004394e+01	7.296241e+01
	795	393	198.750000	-8.250000	-2.543186e-05	1.010668e+05	1.011410e+00	5.739021e+00	1.486515e+04	1.486746e+04	1.484088e+04	9.066119e+01	8.228286e+01
	755	430	188.750000	-17.500000	-2.169416e-04	1.010968e+05	8.330264e+01	9.695786e+00	1.494370e+04	1.494851e+04	1.487588e+04	8.847360e+01	8.214883e+01
	1186	434	296.500000	-18.500000	-2.853677e-04	5.977277e+04	3.280923e+04	4.714435e+00	1.470911e+04	1.471778e+04	1.449326e+04	8.371324e+01	8.155701e+01
	196	442	49.000000	-20.500000	-2.613470e-04	8.191877e+04	1.768611e+04	9.395175e+00	1.485740e+04	1.486297e+04	1.476951e+04	9.072652e+01	8.775710e+01
	167	444	41.750000	-21.000000	-4.497573e-04	9.366377e+04	4.823790e+02	1.750600e+01	1.462731e+04	1.465572e+04	1.398513e+04	8.810571e+01	8.408349e+01
	841	479	210.250000	-29.750000	-3.934011e-04	1.013298e+05	7.301495e-01	1.160145e+01	1.493088e+04	1.493975e+04	1.479601e+04	7.607260e+01	7.584066e+01
	298	493	74.500000	-33.250000	-1.271472e-04	1.012608e+05	1.533339e+00	1.241179e+01	1.481655e+04	1.483030e+04	1.470176e+04	8.767985e+01	7.330453e+01
	485	493	121.250000	-33.250000	-9.683822e-05	9.558477e+04	4.450359e+03	1.044029e+01	1.485148e+04	1.486372e+04	1.473963e+04	7.912644e+01	7.091017e+01
2024	1	1	30	12
	634	362	158.500000	-0.500000	2.670567e-07	1.010048e+05	1.634048e+00	8.407442e+00	1.485597e+04	1.485676e+04	1.483098e+04	8.157879e+01	8.151016e+01
	635	362	158.750000	-0.500000	-5.872222e-06	1.010048e+05	1.634048e+00	8.407442e+00	1.485596e+04	1.485678e+04	1.483098e+04	8.124577e+01	8.146495e+01
	1040	362	260.000000	-0.500000	-8.286210e-06	1.011358e+05	1.453045e+00	6.237539e+00	1.479618e+04	1.479739e+04	1.478598e+04	7.901363e+01	7.153972e+01
	384	364	96.000000	-1.000000	-9.984942e-06	9.960384e+04	5.131111e+00	3.115892e+00	1.477617e+04	1.477720e+04	1.474311e+04	7.546990e+01	7.932500e+01
	1129	364	282.250000	-1.000000	-1.657915e-04	6.525485e+04	3.877745e+04	5.217114e+00	1.496107e+04	1.495874e+04	1.485911e+04	8.825205e+01	8.829823e+01
	1374	364	343.500000	-1.000000	-6.110640e-06	1.012798e+05	1.071425e+00	5.709956e+00	1.501304e+04	1.501459e+04	1.499011e+04	7.565240e+01	7.847791e+01
	285	368	71.250000	-2.000000	-1.151275e-04	1.008898e+05	1.955598e+00	5.289485e+00	1.472615e+04	1.472904e+04	1.468961e+04	8.127256e+01	7.994523e+01
	613	371	153.250000	-2.750000	-3.249617e-06	9.296084e+04	6.309919e+03	5.361224e+00	1.486962e+04	1.487025e+04	1.484611e+04	8.317525e+01	8.319048e+01
	1438	373	359.500000	-3.250000	-2.288935e-05	1.012708e+05	1.232372e+00	7.187517e+00	1.497523e+04	1.497634e+04	1.495098e+04	8.688145e+01	8.321511e+01
	462	375	115.500000	-3.750000	-3.126380e-05	9.640684e+04	5.318484e+03	3.975516e+00	1.480668e+04	1.480746e+04	1.477011e+04	8.154382e+01	8.267897e+01
	550	378	137.500000	-4.500000	-6.023166e-05	7.019884e+04	3.434546e+04	4.894654e+00	1.486817e+04	1.486853e+04	1.478523e+04	8.411481e+01	8.188219e+01
	256	379	64.000000	-4.750000	-2.879021e-05	1.008718e+05	9.309574e-01	8.001714e+00	1.470968e+04	1.471100e+04	1.468311e+04	8.350808e+01	7.990450e+01
	653	380	163.250000	-5.000000	-8.763047e-06	1.010208e+05	1.654385e+00	6.656035e+00	1.487817e+04	1.487971e+04	1.485023e+04	8.083117e+01	7.871913e+01
	363	382	90.750000	-5.500000	-2.116081e-05	1.009148e+05	1.674565e+00	8.501511e+00	1.475467e+04	1.475763e+04	1.471461e+04	8.932980e+01	8.688894e+01
	530	383	132.500000	-5.750000	-2.545235e-05	9.435484e+04	6.147320e+03	3.763284e+00	1.483735e+04	1.484153e+04	1.480523e+04	7.847163e+01	7.556638e+01
	231	384	57.750000	-6.000000	-4.360196e-05	1.008038e+05	1.152007e+00	9.187304e+00	1.472329e+04	1.472712e+04	1.467161e+04	7.614778e+01	7.874729e+01
	441	384	110.250000	-6.000000	-2.235291e-05	8.805284e+04	1.162300e+04	6.095351e+00	1.481445e+04	1.481804e+04	1.477361e+04	8.625484e+01	8.230997e+01
	586	388	146.500000	-7.000000	-1.559269e-04	7.495584e+04	2.513040e+04	6.325594e+00	1.487108e+04	1.487006e+04	1.481448e+04	7.768452e+01	7.722489e+01
	405	392	101.250000	-8.000000	-2.277014e-05	1.009138e+05	2.558612e+00	7.788087e+00	1.484516e+04	1.484669e+04	1.479848e+04	8.151475e+01	7.753415e+01
	1234	393	308.500000	-8.250000	-6.617280e-06	9.571784e+04	5.010623e+03	3.658317e+00	1.498315e+04	1.498466e+04	1.494861e+04	8.271308e+01	8.367081e+01
	816	395	204.000000	-8.750000	-1.132605e-05	1.009808e+05	1.292495e+00	7.930305e+00	1.478096e+04	1.478362e+04	1.474886e+04	8.922910e+01	8.423049e+01
	675	404	168.750000	-11.000000	-1.445529e-05	1.008508e+05	1.590946e+02	7.388484e+00	1.493338e+04	1.493536e+04	1.490261e+04	8.095792e+01	7.710551e+01
	105	405	26.250000	-11.250000	-4.816172e-05	8.419184e+04	1.587808e+04	3.698725e+00	1.479438e+04	1.479577e+04	1.469011e+04	7.623426e+01	7.646113e+01
	129	415	32.250000	-13.750000	-7.158634e-05	8.451184e+04	1.538109e+04	4.204320e+00	1.474775e+04	1.474974e+04	1.467861e+04	8.018941e+01	7.655500e+01
	1258	428	314.500000	-17.000000	-1.204622e-04	8.901184e+04	1.119831e+04	3.657214e+00	1.498333e+04	1.498593e+04	1.490823e+04	9.314293e+01	9.226799e+01
	1189	438	297.250000	-19.500000	-2.557647e-04	6.378785e+04	3.214721e+04	6.553535e+00	1.479840e+04	1.481489e+04	1.460361e+04	7.620785e+01	7.873084e+01
	172	446	43.000000	-21.500000	-8.112204e-04	8.997084e+04	6.995154e+03	1.762192e+01	1.443047e+04	1.446271e+04	1.357086e+04	8.873788e+01	8.409474e+01
	908	453	227.000000	-23.250000	-1.391482e-04	1.013998e+05	1.392217e+01	9.568405e+00	1.500209e+04	1.500599e+04	1.495523e+04	8.015040e+01	7.768412e+01
	301	495	75.250000	-33.750000	-1.438570e-04	1.011338e+05	1.533339e+00	1.026062e+01	1.469620e+04	1.470910e+04	1.459861e+04	7.621323e+01	6.632129e+01
	301	496	75.250000	-34.000000	-1.438570e-04	1.011338e+05	1.533339e+00	1.010656e+01	1.468935e+04	1.470124e+04	1.459861e+04	7.515594e+01	6.642916e+01
2024	1	1	22	18
	284	361	71.000000	-0.250000	-2.226629e-05	1.011784e+05	2.036141e+00	3.894727e+00	1.496238e+04	1.496308e+04	1.494925e+04	8.220890e+01	8.120423e+01
	614	362	153.500000	-0.500000	2.499437e-06	1.001334e+05	6.274359e+00	8.078726e+00	1.466134e+04	1.466425e+04	1.463338e+04	8.929254e+01	8.474847e+01
	587	363	146.750000	-0.750000	1.748558e-07	1.001424e+05	9.969011e+02	4.575229e+00	1.467891e+04	1.467950e+04	1.465225e+04	8.279854e+01	8.171483e+01
	1129	364	282.250000	-1.000000	-1.964907e-04	6.515037e+04	3.877745e+04	5.237581e+00	1.488598e+04	1.488747e+04	1.477288e+04	8.710665e+01	8.417098e+01
	478	369	119.500000	-2.250000	-4.846253e-05	8.226138e+04	1.932979e+04	3.863220e+00	1.470915e+04	1.470986e+04	1.467263e+04	8.743549e+01	8.434834e+01
	406	376	101.500000	-4.000000	-3.436604e-05	8.748738e+04	1.360022e+04	4.515804e+00	1.483626e+04	1.483693e+04	1.481525e+04	8.091167e+01	8.286430e+01
	550	378	137.500000	-4.500000	-9.856024e-05	7.001438e+04	3.434546e+04	4.024725e+00	1.466017e+04	1.465975e+04	1.460750e+04	8.723771e+01	8.450973e+01
	351	381	87.750000	-5.250000	-1.202265e-04	1.010934e+05	1.132127e+00	9.222414e+00	1.489356e+04	1.489577e+04	1.484138e+04	9.022340e+01	8.825114e+01
	376	387	94.000000	-6.750000	-2.059736e-05	1.010554e+05	1.774652e+00	7.980504e+00	1.487107e+04	1.487313e+04	1.482875e+04	8.681980e+01	8.348977e+01
	204	391	51.000000	-7.750000	-2.515356e-04	1.011934e+05	1.674439e+00	8.077239e+00	1.499145e+04	1.498925e+04	1.491613e+04	7.662902e+01	7.428713e+01
	664	393	166.000000	-8.250000	-1.052418e-05	1.006464e+05	1.490797e+01	5.874238e+00	1.473431e+04	1.473611e+04	1.470888e+04	8.131413e+01	8.047387e+01
	588	395	147.000000	-8.750000	-8.184114e-05	7.820738e+04	2.481712e+04	8.382496e+00	1.467933e+04	1.468243e+04	1.460800e+04	8.206647e+01	8.084475e+01
	226	397	56.500000	-9.250000	-6.321468e-05	1.011794e+05	8.304603e-01	8.414296e+00	1.498534e+04	1.498834e+04	1.493813e+04	8.615929e+01	8.231109e+01
	1227	404	306.750000	-11.000000	-2.369680e-05	9.483838e+04	4.105191e+03	4.475430e+00	1.471696e+04	1.472107e+04	1.462463e+04	8.404808e+01	8.425079e+01
	1254	405	313.500000	-11.250000	-1.913705e-05	8.945938e+04	8.388060e+03	4.554569e+00	1.469761e+04	1.470051e+04	1.458513e+04	8.388397e+01	8.427090e+01
	632	413	158.000000	-13.250000	-4.187622e-05	1.007374e+05	1.674874e+00	8.107884e+00	1.474617e+04	1.475134e+04	1.470125e+04	7.984103e+01	7.842477e+01
	1248	426	312.000000	-16.500000	-5.862513e-05	8.909038e+04	1.115447e+04	4.387682e+00	1.469889e+04	1.470270e+04	1.461950e+04	8.341874e+01	8.582771e+01
	176	448	44.000000	-22.000000	-1.187835e-03	8.585538e+04	1.006669e+04	1.651066e+01	1.448638e+04	1.451869e+04	1.356225e+04	8.985561e+01	8.800391e+01
	607	458	151.750000	-24.500000	-8.935132e-05	9.525438e+04	5.105425e+03	9.462793e+00	1.482764e+04	1.483618e+04	1.475413e+04	8.265690e+01	7.693770e+01
	633	459	158.250000	-24.750000	-6.309787e-04	1.010904e+05	1.493013e+00	1.293177e+01	1.492187e+04	1.492847e+04	1.471413e+04	8.534252e+01	7.975434e+01
	820	503	205.000000	-35.750000	-8.839765e-05	1.011594e+05	1.393455e+00	1.428028e+01	1.460981e+04	1.463161e+04	1.445213e+04	7.801122e+01	7.593973e+01
	1192	504	298.000000	-36.000000	-1.631419e-04	9.656238e+04	4.545822e+03	4.831375e+00	1.471730e+04	1.472384e+04	1.460238e+04	8.231927e+01	6.621612e+01
2024	1	2	23	0
	432	360	108.000000	0.000000	9.139767e-06	9.515309e+04	1.671457e+03	5.655354e+00	1.478480e+04	1.478614e+04	1.475621e+04	8.424632e+01	8.431517e+01
	366	362	91.500000	-0.500000	-1.464249e-05	1.009521e+05	2.297254e+00	5.585242e+00	1.477368e+04	1.477425e+04	1.475446e+04	8.160838e+01	8.379415e+01
	1083	365	270.750000	-1.250000	-2.107979e-05	9.886109e+04	1.802459e+03	6.399261e+00	1.481929e+04	1.482076e+04	1.479846e+04	8.661665e+01	8.838934e+01
	62	369	15.500000	-2.250000	-5.454780e-05	9.322809e+04	6.868115e+03	3.335153e+00	1.492483e+04	1.492643e+04	1.487646e+04	8.410159e+01	8.081165e+01
	406	371	101.500000	-2.750000	-5.329610e-05	8.741709e+04	1.532920e+04	3.212932e+00	1.479769e+04	1.479947e+04	1.475396e+04	8.089989e+01	8.316009e+01
	449	372	112.250000	-3.000000	-3.824593e-05	9.576809e+04	3.686490e+03	6.211670e+00	1.480620e+04	1.480738e+04	1.477709e+04	8.953565e+01	8.822617e+01
	1229	374	307.250000	-3.500000	-4.420290e-06	9.584509e+04	3.036775e+03	3.819363e+00	1.490407e+04	1.490551e+04	1.487746e+04	8.526122e+01	8.284644e+01
	113	376	28.250000	-4.000000	-1.676774e-04	7.634209e+04	2.430290e+04	5.195679e+00	1.483857e+04	1.483954e+04	1.478396e+04	7.914978e+01	7.658373e+01
	246	377	61.500000	-4.250000	-7.013441e-05	1.009511e+05	1.393170e+00	7.200740e+00	1.475050e+04	1.475358e+04	1.471534e+04	8.337992e+01	8.272394e+01
	1372	377	343.000000	-4.250000	4.281988e-06	1.014211e+05	1.292545e+00	5.482130e+00	1.507355e+04	1.507482e+04	1.504409e+04	7.852709e+01	7.967460e+01
	1420	377	355.000000	-4.250000	-3.005029e-05	1.013481e+05	9.913046e-01	8.093606e+00	1.502649e+04	1.502926e+04	1.499709e+04	7.576428e+01	7.774035e+01
	448	378	112.000000	-4.500000	-1.967908e-05	9.902409e+04	3.027572e+02	6.363038e+00	1.481062e+04	1.481369e+04	1.477709e+04	8.970908e+01	8.763361e+01
	550	378	137.500000	-4.500000	-8.083344e-05	7.019709e+04	3.434546e+04	3.865752e+00	1.489499e+04	1.489424e+04	1.483484e+04	8.281696e+01	8.085859e+01
	287	379	71.750000	-4.750000	-3.046752e-05	1.009321e+05	1.272654e+00	6.264788e+00	1.476157e+04	1.476497e+04	1.473084e+04	8.416249e+01	8.328317e+01
	346	384	86.500000	-6.000000	-1.079834e-04	1.009661e+05	1.373156e+00	7.130231e+00	1.479867e+04	1.480078e+04	1.473859e+04	9.145049e+01	8.786868e+01
	92	397	23.000000	-9.250000	-6.199838e-05	8.489609e+04	1.222246e+04	2.183071e+00	1.486189e+04	1.486377e+04	1.481509e+04	8.186427e+01	7.950269e+01
	595	400	148.750000	-10.000000	-9.382726e-05	7.893509e+04	2.136564e+04	8.279645e+00	1.488631e+04	1.488942e+04	1.483934e+04	7.829414e+01	7.680732e+01
	799	402	199.750000	-10.500000	-2.898073e-04	1.010091e+05	7.902994e-01	8.822056e+00	1.483219e+04	1.483254e+04	1.476496e+04	7.969534e+01	7.569566e+01
	1254	437	313.500000	-19.250000	-6.962777e-05	8.818709e+04	1.141681e+04	3.924042e+00	1.487341e+04	1.487764e+04	1.479634e+04	8.610473e+01	8.445739e+01
	178	446	44.500000	-21.500000	-7.980561e-04	8.231009e+04	1.131926e+04	1.544422e+01	1.433058e+04	1.436305e+04	1.371834e+04	8.776852e+01	8.583160e+01
	630	463	157.500000	-25.750000	-5.956686e-04	1.012071e+05	1.232365e+00	1.291858e+01	1.506828e+04	1.507880e+04	1.480171e+04	8.490488e+01	7.929575e+01
	864	481	216.000000	-30.250000	-2.426005e-04	1.013601e+05	8.905876e-01	1.360830e+01	1.497578e+04	1.497884e+04	1.490821e+04	8.327665e+01	7.343930e+01
	822	504	205.500000	-36.000000	-1.134372e-04	1.009871e+05	1.393455e+00	1.330752e+01	1.448115e+04	1.450619e+04	1.431046e+04	7.669654e+01	7.381952e+01
2024	1	2	32	6
	623	360	155.750000	0.000000	-1.024804e-05	1.007617e+05	1.292790e+00	6.009145e+00	1.462910e+04	1.463069e+04	1.461309e+04	8.619486e+01	8.464275e+01
	1236	360	309.000000	0.000000	6.298069e-07	9.619368e+04	3.782592e+03	6.713681e+00	1.478591e+04	1.478817e+04	1.475634e+04	8.668523e+01	8.413576e+01
	400	361	100.000000	-0.250000	-4.705391e-05	8.737968e+04	1.532920e+04	4.101573e+00	1.478563e+04	1.478742e+04	1.474684e+04	8.662458e+01	8.376388e+01
	690	361	172.500000	-0.250000	-8.305069e-07	1.008227e+05	1.332845e+00	8.075688e+00	1.468449e+04	1.468445e+04	1.467734e+04	8.492118e+01	7.685489e+01
	1269	361	317.250000	-0.250000	-2.469635e-06	1.001937e+05	9.913115e-01	8.808570e+00	1.476815e+04	1.476970e+04	1.475534e+04	8.090106e+01	8.073235e+01
	1129	364	282.250000	-1.000000	-1.673659e-04	6.517968e+04	3.877745e+04	5.568564e+00	1.484753e+04	1.484608e+04	1.474571e+04	8.887579e+01	8.680176e+01
	16	365	4.000000	-1.250000	-1.471839e-05	1.005777e+05	2.256849e+01	8.553782e+00	1.498618e+04	1.498852e+04	1.497146e+04	8.931329e+01	8.606586e+01
	293	365	73.250000	-1.250000	-7.280312e-05	1.011767e+05	1.955598e+00	3.668923e+00	1.494201e+04	1.494373e+04	1.492071e+04	8.468835e+01	8.286568e+01
	347	366	86.750000	-1.500000	-1.132151e-04	1.010497e+05	1.594068e+00	9.573737e+00	1.484802e+04	1.485040e+04	1.480509e+04	8.574927e+01	8.573205e+01
	348	366	87.000000	-1.500000	-1.132151e-04	1.010497e+05	1.594068e+00	9.573737e+00	1.484567e+04	1.484815e+04	1.480509e+04	8.625871e+01	8.579861e+01
	1042	367	260.500000	-1.750000	-2.571545e-05	1.013097e+05	1.011379e+00	6.313583e+00	1.494839e+04	1.494877e+04	1.493896e+04	9.617793e+01	9.219165e+01
	486	369	121.500000	-2.250000	-8.081994e-05	8.215968e+04	1.932979e+04	5.311730e+00	1.461608e+04	1.461869e+04	1.454134e+04	7.824212e+01	7.898942e+01
	113	371	28.250000	-2.750000	-7.497869e-05	7.647968e+04	2.430290e+04	3.987594e+00	1.501788e+04	1.501664e+04	1.497534e+04	7.973926e+01	7.742236e+01
	550	378	137.500000	-4.500000	-7.551513e-05	6.995468e+04	3.434546e+04	4.287594e+00	1.457454e+04	1.457361e+04	1.450084e+04	8.261608e+01	7.997648e+01
	424	387	106.000000	-6.750000	-1.167615e-04	8.789568e+04	1.385093e+04	6.968808e+00	1.470935e+04	1.471353e+04	1.464484e+04	8.522711e+01	7.984205e+01
	586	388	146.500000	-7.000000	-1.337787e-04	7.468868e+04	2.513040e+04	4.991296e+00	1.458012e+04	1.458198e+04	1.447534e+04	7.882042e+01	7.970278e+01
	1131	388	282.750000	-7.000000	-1.721939e-04	6.019468e+04	3.854746e+04	5.746429e+00	1.485690e+04	1.485641e+04	1.470371e+04	8.246306e+01	7.728397e+01
	124	389	31.000000	-7.250000	-4.931889e-05	8.114668e+04	2.042309e+04	3.708361e+00	1.501346e+04	1.501426e+04	1.496784e+04	8.312450e+01	8.420837e+01
	383	389	95.750000	-7.250000	-2.532802e-05	1.009227e+05	1.774652e+00	8.538467e+00	1.482079e+04	1.482477e+04	1.473509e+04	8.532584e+01	8.360500e+01
	262	390	65.500000	-7.500000	-1.273414e-04	1.012137e+05	1.433427e+00	7.318614e+00	1.498323e+04	1.498420e+04	1.493821e+04	8.725585e+01	8.523682e+01
	446	393	111.500000	-8.250000	-8.576713e-05	9.023868e+04	1.376617e+04	5.565894e+00	1.469223e+04	1.469452e+04	1.463859e+04	8.023823e+01	7.626743e+01
	98	409	24.500000	-12.250000	-7.748208e-05	8.456668e+04	1.510979e+04	1.911018e+00	1.499511e+04	1.499777e+04	1.495096e+04	8.364821e+01	8.302467e+01
	1168	418	292.000000	-14.500000	-2.515574e-04	5.706568e+04	4.704771e+04	4.167699e+00	1.480772e+04	1.481099e+04	1.456621e+04	9.095652e+01	8.741251e+01
	1243	429	310.750000	-17.250000	-8.138618e-05	8.920468e+04	1.115447e+04	3.341343e+00	1.470869e+04	1.471218e+04	1.467134e+04	8.852541e+01	8.777245e+01
	1189	434	297.250000	-18.500000	-1.830717e-04	6.406768e+04	2.523719e+04	4.266177e+00	1.467255e+04	1.467871e+04	1.454796e+04	8.537124e+01	8.728598e+01
	182	447	45.500000	-21.750000	-7.878502e-04	8.160768e+04	1.482688e+04	1.137656e+01	1.447715e+04	1.450790e+04	1.395009e+04	8.854563e+01	8.580796e+01
	210	447	52.500000	-21.750000	-5.871018e-04	9.315568e+04	4.808864e+00	1.136413e+01	1.467134e+04	1.467507e+04	1.457621e+04	8.258418e+01	8.177388e+01
	210	448	52.500000	-22.000000	-5.871018e-04	9.315568e+04	4.808864e+00	1.136413e+01	1.467215e+04	1.467614e+04	1.457621e+04	8.328382e+01	8.216407e+01
	235	454	58.750000	-23.500000	-5.586406e-04	1.008627e+05	1.814647e+00	1.024732e+01	1.486160e+04	1.486388e+04	1.472734e+04	8.553114e+01	8.215924e+01
	1209	458	302.250000	-24.500000	-1.697501e-04	9.435068e+04	3.188776e+03	3.679716e+00	1.462475e+04	1.463123e+04	1.452034e+04	8.243041e+01	7.572146e+01
	628	468	157.000000	-27.000000	-5.647501e-04	1.009607e+05	1.132479e+00	1.433779e+01	1.488272e+04	1.489514e+04	1.459921e+04	8.268693e+01	8.031894e+01
	818	511	204.500000	-37.750000	-1.152416e-04	1.009277e+05	1.192176e+00	1.124227e+01	1.441994e+04	1.443618e+04	1.427271e+04	7.630011e+01	7.614073e+01
2024	1	2	30	12
	747	360	186.750000	0.000000	-1.063035e-05	1.009919e+05	1.674424e+00	6.096208e+00	1.479436e+04	1.479591e+04	1.477555e+04	7.992519e+01	7.356927e+01
	587	361	146.750000	-0.250000	6.297370e-06	1.003749e+05	9.969011e+02	7.844437e+00	1.487580e+04	1.487665e+04	1.486955e+04	8.193294e+01	8.144740e+01
	36	363	9.000000	-0.750000	-4.305528e-05	9.355588e+04	5.152137e+03	7.377709e+00	1.498417e+04	1.498511e+04	1.493855e+04	8.843354e+01	8.283927e+01
	400	363	100.000000	-0.750000	-8.218572e-05	8.746788e+04	1.532920e+04	5.092134e+00	1.480076e+04	1.479955e+04	1.477442e+04	8.898894e+01	8.582906e+01
	36	364	9.000000	-1.000000	-4.305528e-05	9.355588e+04	3.591416e+03	7.522821e+00	1.498388e+04	1.498469e+04	1.493855e+04	8.797369e+01	8.272179e+01
	1129	364	282.250000	-1.000000	-1.741855e-04	6.521288e+04	3.877745e+04	6.383626e+00	1.489566e+04	1.489313e+04	1.481705e+04	9.019901e+01	8.753090e+01
	724	368	181.000000	-2.000000	-3.835419e-06	1.009639e+05	1.212264e+00	6.331987e+00	1.479366e+04	1.479563e+04	1.476817e+04	7.599081e+01	7.158899e+01
	1247	369	311.750000	-2.250000	-5.742768e-06	9.787488e+04	1.985364e+03	7.350194e+00	1.495833e+04	1.496045e+04	1.493417e+04	8.453586e+01	8.617352e+01
	278	371	69.500000	-2.750000	-8.400367e-05	1.009139e+05	1.393128e+00	5.666697e+00	1.473064e+04	1.473347e+04	1.468542e+04	8.961983e+01	8.632693e+01
	479	374	119.750000	-3.500000	-6.326125e-05	8.231088e+04	1.932979e+04	5.582794e+00	1.476159e+04	1.476311e+04	1.472480e+04	8.046143e+01	7.759196e+01
	518	375	129.500000	-3.750000	-6.153272e-05	9.266688e+04	8.143510e+03	3.087685e+00	1.477054e+04	1.477227e+04	1.473305e+04	7.948309e+01	7.954425e+01
	328	378	82.000000	-4.500000	-2.746866e-05	1.009529e+05	1.614064e+00	5.817264e+00	1.475926e+04	1.476166e+04	1.471617e+04	8.208182e+01	8.093218e+01
	550	378	137.500000	-4.500000	-1.159816e-04	7.015488e+04	3.434546e+04	4.407744e+00	1.480008e+04	1.480093e+04	1.469317e+04	8.123466e+01	7.870485e+01
	228	387	57.000000	-6.750000	-2.118037e-05	1.007089e+05	1.152007e+00	7.333926e+00	1.468985e+04	1.469255e+04	1.466517e+04	7.852550e+01	7.913133e+01
	651	388	162.750000	-7.000000	-5.504349e-06	9.862388e+04	1.467901e+01	5.058140e+00	1.483415e+04	1.483662e+04	1.480392e+04	8.434757e+01	8.140786e+01
	1131	388	282.750000	-7.000000	-1.646488e-04	6.020788e+04	3.854746e+04	5.243166e+00	1.490977e+04	1.490734e+04	1.475455e+04	8.107887e+01	7.627798e+01
	588	395	147.000000	-8.750000	-1.426546e-04	7.840388e+04	2.481712e+04	7.150364e+00	1.483181e+04	1.483548e+04	1.473830e+04	7.718107e+01	7.629266e+01
	134	398	33.500000	-9.500000	-9.419606e-05	7.815488e+04	2.260345e+04	4.437192e+00	1.470608e+04	1.470941e+04	1.460880e+04	8.224387e+01	8.049588e+01
	1308	405	327.000000	-11.250000	-1.694844e-05	1.012209e+05	1.775287e+00	7.036170e+00	1.497092e+04	1.497379e+04	1.494292e+04	8.013579e+01	7.714822e+01
	800	407	200.000000	-11.750000	-1.128523e-04	1.010329e+05	7.902994e-01	6.955941e+00	1.483602e+04	1.483846e+04	1.479955e+04	7.625127e+01	7.280893e+01
	1225	413	306.250000	-13.250000	-9.357021e-05	9.327088e+04	6.997207e+03	3.815665e+00	1.484438e+04	1.484698e+04	1.480555e+04	8.656508e+01	8.551385e+01
	836	418	209.000000	-14.500000	-6.785849e-06	1.011619e+05	4.200037e+00	5.402144e+00	1.493236e+04	1.493084e+04	1.488317e+04	8.822523e+01	8.361050e+01
	1171	423	292.750000	-15.750000	-1.835136e-04	5.763688e+04	4.487797e+04	5.064719e+00	1.490549e+04	1.490510e+04	1.467817e+04	8.768173e+01	8.139449e+01
	1246	427	311.500000	-16.750000	-9.669946e-05	8.930788e+04	1.115447e+04	3.897731e+00	1.484027e+04	1.484246e+04	1.479342e+04	9.391552e+01	9.162800e+01
	1192	432	298.000000	-18.000000	-1.534133e-04	7.144588e+04	2.053262e+04	6.286326e+00	1.477087e+04	1.478372e+04	1.465555e+04	8.551120e+01	8.568070e+01
	192	448	48.000000	-22.000000	-6.050377e-04	8.146688e+04	1.492266e+04	1.452060e+01	1.435523e+04	1.438071e+04	1.396417e+04	8.475312e+01	8.291634e+01
	903	455	225.750000	-23.750000	-1.113920e-04	1.013619e+05	1.392217e+01	9.114452e+00	1.497711e+04	1.498310e+04	1.491255e+04	7.637878e+01	7.589538e+01
	1207	459	301.750000	-24.750000	-1.115112e-04	9.585888e+04	2.451736e+03	3.758681e+00	1.475094e+04	1.475435e+04	1.467692e+04	8.216686e+01	7.769848e+01
	616	464	154.000000	-26.000000	-3.411679e-04	9.484988e+04	4.428239e+03	1.249895e+01	1.495468e+04	1.497124e+04	1.479292e+04	7.956542e+01	7.627856e+01
	831	512	207.750000	-38.000000	-1.841097e-04	1.007489e+05	1.513965e+00	1.484325e+01	1.435820e+04	1.438822e+04	1.411255e+04	7.838241e+01	7.896331e+01
2024	1	2	31	18
	66	360	16.500000	0.000000	-3.531785e-05	9.398138e+04	5.168017e+03	2.947278e+00	1.489700e+04	1.489974e+04	1.484686e+04	7.836114e+01	6.610239e+01
	1422	360	355.500000	0.000000	-1.628718e-04	1.011624e+05	9.105405e-01	7.444136e+00	1.491580e+04	1.491740e+04	1.487098e+04	8.785706e+01	8.562614e+01
	371	361	92.750000	-0.250000	-1.773448e-05	1.010844e+05	2.839612e+00	6.661523e+00	1.487515e+04	1.487441e+04	1.485886e+04	8.376879e+01	8.513543e+01
	591	361	147.750000	-0.250000	2.173474e-06	1.001094e+05	9.969011e+02	5.949267e+00	1.466588e+04	1.466774e+04	1.464623e+04	8.576637e+01	8.415960e+01
	1397	361	349.250000	-0.250000	-8.555362e-06	1.011414e+05	6.899577e-01	7.301487e+00	1.489814e+04	1.489953e+04	1.487811e+04	8.167478e+01	8.141308e+01
	677	362	169.250000	-0.500000	9.217765e-07	1.008004e+05	2.176599e+00	6.986969e+00	1.465918e+04	1.466237e+04	1.463948e+04	8.341537e+01	7.629753e+01
	1161	363	290.250000	-0.750000	-1.343200e-06	9.803938e+04	2.888972e+03	2.897139e+00	1.477294e+04	1.477565e+04	1.474173e+04	8.424006e+01	7.991245e+01
	396	365	99.000000	-1.250000	-5.212636e-05	8.750138e+04	1.304338e+04	6.661124e+00	1.485447e+04	1.485520e+04	1.482773e+04	8.811665e+01	8.829173e+01
	1349	365	337.250000	-1.250000	-7.720897e-06	1.011044e+05	8.713799e-01	6.521616e+00	1.484963e+04	1.485091e+04	1.482698e+04	8.279840e+01	7.994234e+01
	281	368	70.250000	-2.000000	-2.128205e-04	1.011864e+05	1.955598e+00	5.491488e+00	1.495582e+04	1.495898e+04	1.490673e+04	9.049714e+01	8.622758e+01
	1254	369	313.500000	-2.250000	-3.305287e-05	9.762438e+04	2.300993e+03	7.121652e+00	1.474617e+04	1.474762e+04	1.469398e+04	8.886216e+01	8.556095e+01
	12	371	3.000000	-2.750000	-1.827092e-05	1.011224e+05	1.533722e+00	7.649076e+00	1.490249e+04	1.490477e+04	1.485536e+04	7.785612e+01	7.494041e+01
	636	373	159.000000	-3.250000	-3.608176e-06	1.007804e+05	1.634300e+00	4.859078e+00	1.466344e+04	1.466672e+04	1.462861e+04	8.205217e+01	8.153021e+01
	1234	373	308.500000	-3.250000	-1.809211e-05	9.655638e+04	2.491935e+03	3.676870e+00	1.476257e+04	1.476350e+04	1.469861e+04	8.510073e+01	8.652769e+01
	1368	373	342.000000	-3.250000	-8.793781e-06	1.011534e+05	9.511707e-01	6.819752e+00	1.488288e+04	1.488360e+04	1.486848e+04	7.559941e+01	7.545977e+01
	635	374	158.750000	-3.500000	-1.641223e-06	1.007804e+05	1.634300e+00	4.635926e+00	1.466380e+04	1.466731e+04	1.462861e+04	8.349228e+01	8.218600e+01
	253	376	63.250000	-4.000000	-8.973689e-05	1.011724e+05	9.309574e-01	7.134362e+00	1.494960e+04	1.495156e+04	1.491061e+04	8.485412e+01	8.417516e+01
	1212	382	303.000000	-5.500000	-4.740665e-06	9.549338e+04	3.031476e+03	3.290550e+00	1.475646e+04	1.475806e+04	1.471411e+04	8.516777e+01	8.323531e+01
	578	386	144.500000	-6.500000	-5.474896e-05	7.283138e+04	2.792600e+04	2.531179e+00	1.462772e+04	1.463018e+04	1.453036e+04	7.923499e+01	8.030824e+01
	525	390	131.250000	-7.500000	-4.144618e-06	1.000874e+05	1.350596e+03	4.225588e+00	1.463182e+04	1.463432e+04	1.461011e+04	7.948473e+01	7.536862e+01
	219	394	54.750000	-8.500000	-8.258433e-05	1.011214e+05	1.232238e+00	8.596765e+00	1.493514e+04	1.493766e+04	1.489873e+04	8.805944e+01	8.469724e+01
	660	400	165.000000	-10.000000	-2.219400e-04	9.859038e+04	6.734774e+02	9.254870e+00	1.467398e+04	1.467980e+04	1.458373e+04	8.873866e+01	8.448203e+01
	629	416	157.250000	-14.000000	-1.902303e-04	1.008724e+05	1.614517e+00	7.645297e+00	1.474047e+04	1.474233e+04	1.465573e+04	8.599672e+01	8.302565e+01
	1225	417	306.250000	-14.250000	-6.070943e-05	9.263238e+04	6.997207e+03	4.202370e+00	1.459672e+04	1.460059e+04	1.450886e+04	8.597265e+01	8.654115e+01
	1251	428	312.750000	-17.000000	-6.732554e-05	8.880038e+04	1.115447e+04	3.915742e+00	1.458576e+04	1.459265e+04	1.452223e+04	8.803598e+01	8.754443e+01
	193	448	48.250000	-22.000000	-2.064141e-03	8.160438e+04	1.492266e+04	2.035421e+01	1.448684e+04	1.451534e+04	1.336811e+04	8.772994e+01	8.514328e+01
	903	457	225.750000	-24.250000	-8.931966e-05	1.016294e+05	1.392217e+01	1.008998e+01	1.519352e+04	1.519882e+04	1.513448e+04	7.747008e+01	7.631970e+01
	612	462	153.000000	-25.500000	-1.960120e-04	9.466938e+04	5.743151e+03	1.128426e+01	1.480641e+04	1.481766e+04	1.470623e+04	8.190422e+01	7.694675e+01
	1226	478	306.500000	-29.500000	-1.384339e-04	9.022438e+04	7.629316e+03	1.173469e+01	1.470242e+04	1.471100e+04	1.460911e+04	7.701079e+01	7.948193e+01
	828	516	207.000000	-39.000000	-1.927933e-04	1.007864e+05	1.513965e+00	1.446578e+01	1.436342e+04	1.439227e+04	1.411173e+04	8.305103e+01	8.330224e+01
	592	517	148.000000	-39.250000	-1.126251e-04	8.846438e+04	7.746973e+03	1.103721e+01	1.488070e+04	1.488492e+04	1.480348e+04	7.518520e+01	7.570261e+01
2024	1	3	27	0
	989	360	247.250000	0.000000	-3.270619e-05	1.011478e+05	1.293055e+00	6.809313e+00	1.482539e+04	1.482560e+04	1.481639e+04	8.282601e+01	7.947716e+01
	1030	360	257.500000	0.000000	-8.331053e-05	1.010438e+05	9.703523e-01	7.173194e+00	1.478582e+04	1.478816e+04	1.477139e+04	9.059707e+01	8.687845e+01
	1342	360	335.500000	0.000000	-1.101010e-05	1.013328e+05	1.212281e+00	6.461273e+00	1.503839e+04	1.503862e+04	1.502814e+04	8.028952e+01	7.816481e+01
	1085	362	271.250000	-0.500000	-2.328865e-05	9.880084e+04	6.448661e+02	6.660509e+00	1.477854e+04	1.478075e+04	1.476139e+04	8.612238e+01	8.456862e+01
	1129	364	282.250000	-1.000000	-1.796912e-04	6.511384e+04	3.877745e+04	5.710132e+00	1.474401e+04	1.474298e+04	1.455139e+04	8.542463e+01	8.251839e+01
	604	365	151.000000	-1.250000	-1.404993e-05	9.896184e+04	1.587302e+03	8.086762e+00	1.489399e+04	1.489553e+04	1.484114e+04	8.282329e+01	8.108940e+01
	131	366	32.750000	-1.500000	-2.305023e-05	7.700884e+04	1.497063e+04	5.825356e+00	1.476963e+04	1.477386e+04	1.469564e+04	8.422955e+01	7.814102e+01
	550	378	137.500000	-4.500000	-9.645335e-05	7.024384e+04	3.434546e+04	4.708714e+00	1.493375e+04	1.493074e+04	1.488114e+04	8.226013e+01	8.191611e+01
	338	380	84.500000	-5.000000	-1.089703e-04	1.009108e+05	1.634285e+00	6.096498e+00	1.473217e+04	1.473537e+04	1.468739e+04	8.244332e+01	8.138732e+01
	527	386	131.750000	-6.500000	-3.178231e-05	9.715984e+04	9.248435e+02	4.314885e+00	1.491221e+04	1.491284e+04	1.488689e+04	8.490620e+01	7.855421e+01
	578	386	144.500000	-6.500000	-6.551854e-05	7.306584e+04	2.792600e+04	4.192992e+00	1.490657e+04	1.490719e+04	1.484514e+04	7.840110e+01	8.011443e+01
	408	387	102.000000	-6.750000	-3.246777e-05	8.762584e+04	1.483917e+02	6.715570e+00	1.479467e+04	1.479632e+04	1.476889e+04	9.008204e+01	8.338351e+01
	527	387	131.750000	-6.750000	-1.813285e-05	9.963184e+04	9.248435e+02	4.314885e+00	1.491114e+04	1.491184e+04	1.488689e+04	8.404222e+01	7.757827e+01
	251	389	62.750000	-7.250000	-1.196098e-04	1.009038e+05	1.413473e+00	7.235608e+00	1.473091e+04	1.473570e+04	1.466164e+04	8.648336e+01	8.511771e+01
	428	390	107.000000	-7.500000	-1.546573e-04	8.801184e+04	1.385093e+04	7.499685e+00	1.479703e+04	1.479797e+04	1.473089e+04	9.068204e+01	8.390335e+01
	635	392	158.750000	-8.000000	-2.239458e-05	9.479384e+04	3.512193e+03	4.671834e+00	1.484995e+04	1.485237e+04	1.480089e+04	8.365425e+01	8.365401e+01
	219	393	54.750000	-8.250000	-8.810870e-05	1.008738e+05	1.333094e+00	7.095422e+00	1.473126e+04	1.473305e+04	1.467689e+04	8.884662e+01	8.306353e+01
	147	409	36.750000	-12.250000	-7.836334e-05	8.501484e+04	1.213211e+04	3.834450e+00	1.473028e+04	1.473188e+04	1.470164e+04	8.407594e+01	8.509800e+01
	1153	409	288.250000	-12.250000	-2.733897e-04	5.686884e+04	4.747527e+04	3.487090e+00	1.475805e+04	1.476046e+04	1.446539e+04	7.796265e+01	7.807802e+01
	670	411	167.500000	-12.750000	-4.962515e-04	9.650084e+04	1.094431e+03	8.749034e+00	1.484025e+04	1.484175e+04	1.476289e+04	8.497243e+01	7.845419e+01
	827	411	206.750000	-12.750000	-2.668612e-05	1.010438e+05	9.712020e-01	8.763928e+00	1.482724e+04	1.482901e+04	1.479464e+04	7.605382e+01	7.465822e+01
	196	449	49.000000	-22.250000	-7.910263e-04	8.215884e+04	1.215488e+04	1.690866e+01	1.434823e+04	1.437661e+04	1.355389e+04	8.713356e+01	8.558530e+01
	223	457	55.750000	-24.250000	-2.794992e-04	9.307484e+04	3.835180e+00	1.291982e+01	1.465900e+04	1.466032e+04	1.457239e+04	8.292010e+01	7.750043e+01
	619	470	154.750000	-27.500000	-1.674425e-04	9.178884e+04	3.516604e+03	1.012999e+01	1.502373e+04	1.503451e+04	1.491489e+04	8.748778e+01	8.379778e+01
	730	487	182.500000	-31.750000	-2.502631e-04	1.016498e+05	1.955617e+00	1.004150e+01	1.508224e+04	1.508558e+04	1.501239e+04	8.716033e+01	7.932140e+01
	830	519	207.500000	-39.750000	-1.528393e-04	1.007938e+05	1.513965e+00	1.161385e+01	1.434390e+04	1.437195e+04	1.410964e+04	8.356957e+01	8.361548e+01
	594	521	148.500000	-40.250000	-1.327526e-04	8.989084e+04	8.462270e+03	9.917631e+00	1.493868e+04	1.494519e+04	1.479464e+04	7.510437e+01	7.287965e+01
2024	1	3	32	6
	1220	360	305.000000	0.000000	-2.735993e-05	9.577878e+04	4.826799e+03	5.142568e+00	1.476467e+04	1.476703e+04	1.472053e+04	8.725195e+01	8.265697e+01
	688	361	172.000000	-0.250000	-2.862420e-06	1.007318e+05	1.332845e+00	8.685642e+00	1.461034e+04	1.461298e+04	1.459103e+04	8.759284e+01	8.370276e+01
	689	361	172.250000	-0.250000	-2.862420e-06	1.007318e+05	1.332845e+00	8.810028e+00	1.461060e+04	1.461328e+04	1.459103e+04	8.743163e+01	8.382639e+01
	1016	361	254.000000	-0.250000	-4.888978e-06	1.013498e+05	9.314079e-01	7.207599e+00	1.503305e+04	1.503433e+04	1.501678e+04	8.897488e+01	8.739379e+01
	1358	361	339.500000	-0.250000	1.190696e-06	1.011738e+05	1.010911e+00	7.462289e+00	1.488454e+04	1.488521e+04	1.487141e+04	8.028316e+01	8.043433e+01
	1129	364	282.250000	-1.000000	-1.622154e-04	6.515278e+04	3.877745e+04	5.501740e+00	1.483205e+04	1.483032e+04	1.472666e+04	8.790435e+01	8.466829e+01
	480	368	120.000000	-2.000000	-4.640361e-05	8.216778e+04	1.932979e+04	5.979236e+00	1.464710e+04	1.464872e+04	1.453128e+04	7.918661e+01	7.983987e+01
	283	371	70.750000	-2.750000	-1.962199e-04	1.011468e+05	1.955598e+00	6.597217e+00	1.493622e+04	1.493657e+04	1.487678e+04	8.144576e+01	8.120561e+01
	1409	373	352.250000	-3.250000	-3.436347e-05	1.013168e+05	1.191976e+00	8.940563e+00	1.498398e+04	1.498442e+04	1.496928e+04	8.247761e+01	7.656857e+01
	334	378	83.500000	-4.500000	-1.134290e-04	1.010498e+05	1.634285e+00	5.754206e+00	1.483755e+04	1.484112e+04	1.478666e+04	8.545803e+01	8.419869e+01
	1208	378	302.000000	-4.500000	7.138588e-07	9.770678e+04	1.859388e+03	2.574933e+00	1.476190e+04	1.476240e+04	1.474366e+04	7.636104e+01	7.928466e+01
	265	386	66.250000	-6.500000	-5.462905e-05	1.011688e+05	1.634308e+00	7.261637e+00	1.493668e+04	1.493863e+04	1.489991e+04	8.912891e+01	8.573946e+01
	586	388	146.500000	-7.000000	-1.383438e-04	7.469178e+04	2.513040e+04	5.130019e+00	1.460591e+04	1.460829e+04	1.449666e+04	8.134695e+01	8.316605e+01
	441	390	110.250000	-7.500000	-1.140847e-04	8.789978e+04	1.162300e+04	5.491700e+00	1.466832e+04	1.466927e+04	1.461728e+04	8.842819e+01	8.389778e+01
	556	390	139.000000	-7.500000	-4.485389e-05	8.078778e+04	4.837040e+02	5.268684e+00	1.462222e+04	1.462371e+04	1.450178e+04	8.265818e+01	7.938680e+01
	64	401	16.000000	-10.250000	-1.396253e-04	8.276378e+04	1.699050e+04	4.189899e+00	1.493949e+04	1.494266e+04	1.484853e+04	8.457055e+01	7.389099e+01
	647	407	161.750000	-11.750000	-5.412241e-05	9.468278e+04	2.668605e+03	5.902603e+00	1.469530e+04	1.469570e+04	1.465428e+04	8.343897e+01	8.001717e+01
	621	412	155.250000	-13.000000	-7.504364e-05	1.006108e+05	1.396767e+02	6.971526e+00	1.468272e+04	1.468641e+04	1.462828e+04	7.829115e+01	7.928159e+01
	621	413	155.250000	-13.250000	-7.504364e-05	1.006108e+05	1.105630e+01	6.971526e+00	1.468531e+04	1.468920e+04	1.462828e+04	7.825037e+01	7.892612e+01
	1168	422	292.000000	-15.500000	-1.521423e-04	5.755478e+04	4.704771e+04	2.882217e+00	1.480269e+04	1.480075e+04	1.457266e+04	9.164723e+01	8.528204e+01
	1197	427	299.250000	-16.750000	-9.217998e-05	9.110678e+04	5.394727e+03	3.489360e+00	1.460815e+04	1.461584e+04	1.453316e+04	9.334042e+01	9.089634e+01
	1250	431	312.500000	-17.750000	-2.702489e-04	8.836578e+04	1.054224e+04	3.943457e+00	1.461183e+04	1.461825e+04	1.450966e+04	9.687057e+01	9.428813e+01
	1217	435	304.250000	-18.750000	-6.345054e-05	9.169278e+04	6.122658e+03	2.431978e+00	1.454752e+04	1.455282e+04	1.450291e+04	8.259839e+01	8.526436e+01
	170	447	42.500000	-21.750000	-8.770963e-05	9.082078e+04	6.995154e+03	1.093589e+01	1.463219e+04	1.464291e+04	1.453116e+04	8.507782e+01	8.628296e+01
	200	452	50.000000	-23.000000	-8.078529e-04	8.869678e+04	5.428051e+01	1.865652e+01	1.444917e+04	1.448167e+04	1.372391e+04	8.757042e+01	8.455246e+01
	296	464	74.000000	-26.000000	-4.474833e-04	1.015618e+05	1.634858e+00	9.860398e+00	1.515527e+04	1.515340e+04	1.507603e+04	8.303474e+01	7.546145e+01
	618	468	154.500000	-27.000000	-1.489534e-04	9.222578e+04	3.887759e+03	9.467755e+00	1.484691e+04	1.485488e+04	1.476278e+04	8.250275e+01	7.958006e+01
	118	480	29.500000	-30.000000	-5.948683e-05	7.290978e+04	2.837930e+04	8.784629e+00	1.494179e+04	1.494482e+04	1.485353e+04	7.614330e+01	6.645477e+01
	731	487	182.750000	-31.750000	-1.982762e-04	1.014778e+05	1.955617e+00	1.156878e+01	1.495930e+04	1.496486e+04	1.488353e+04	8.596965e+01	8.053828e+01
	811	503	202.750000	-35.750000	-1.555695e-04	1.011158e+05	1.513270e+00	1.044558e+01	1.458890e+04	1.459299e+04	1.450353e+04	7.828642e+01	7.441032e+01
	598	522	149.500000	-40.500000	-1.215055e-04	8.981278e+04	6.951089e+03	9.652688e+00	1.478856e+04	1.479547e+04	1.466341e+04	7.573670e+01	7.146645e+01
	830	522	207.500000	-40.500000	-1.506223e-04	1.007888e+05	1.312810e+00	8.462655e+00	1.431171e+04	1.433974e+04	1.408753e+04	8.957837e+01	8.764254e+01
2024	1	3	39	12
	684	360	171.000000	0.000000	3.040768e-07	1.008848e+05	2.176599e+00	8.773745e+00	1.474674e+04	1.474952e+04	1.472157e+04	8.973959e+01	8.334140e+01
	779	360	194.750000	0.000000	-1.608720e-05	1.008748e+05	9.912879e-01	8.611926e+00	1.471729e+04	1.471748e+04	1.471082e+04	7.969354e+01	8.000443e+01
	1329	360	332.250000	0.000000	-7.057097e-06	1.013638e+05	1.373240e+00	7.275084e+00	1.508690e+04	1.508748e+04	1.506770e+04	7.963864e+01	7.797646e+01
	1392	360	348.000000	0.000000	-1.972308e-05	1.013988e+05	6.698610e-01	8.849174e+00	1.508710e+04	1.508692e+04	1.508045e+04	8.004621e+01	7.664202e+01
	575	362	143.750000	-0.500000	-1.277914e-05	1.002908e+05	5.030212e+00	5.123942e+00	1.484509e+04	1.484646e+04	1.481657e+04	7.954048e+01	8.082001e+01
	658	362	164.500000	-0.500000	-1.605740e-05	1.009538e+05	1.473456e+00	7.536543e+00	1.479749e+04	1.479929e+04	1.474570e+04	9.200104e+01	7.811692e+01
	1251	362	312.750000	-0.500000	-1.692679e-06	9.968682e+04	1.069362e+03	7.640060e+00	1.504530e+04	1.504604e+04	1.501945e+04	9.012673e+01	8.842517e+01
	431	363	107.750000	-0.750000	6.949995e-06	9.507682e+04	5.082435e+02	7.354681e+00	1.474627e+04	1.474920e+04	1.470620e+04	8.919278e+01	8.752800e+01
	704	363	176.000000	-0.750000	-1.304736e-05	1.008418e+05	2.638664e+00	1.120059e+01	1.471289e+04	1.471475e+04	1.468932e+04	9.209229e+01	8.687889e+01
	705	363	176.250000	-0.750000	-1.131883e-05	1.008418e+05	2.638664e+00	1.120059e+01	1.471024e+04	1.471243e+04	1.468932e+04	9.186025e+01	8.662341e+01
	1351	363	337.750000	-0.750000	-2.258923e-06	1.013958e+05	1.152477e+00	7.520130e+00	1.508944e+04	1.509057e+04	1.506657e+04	7.867712e+01	7.822913e+01
	1129	364	282.250000	-1.000000	-1.528203e-04	6.519082e+04	3.877745e+04	6.470233e+00	1.490274e+04	1.490190e+04	1.479970e+04	8.528310e+01	8.481461e+01
	999	368	249.750000	-2.000000	-1.048436e-05	1.012298e+05	1.493570e+00	7.045298e+00	1.487451e+04	1.487697e+04	1.485332e+04	7.984638e+01	7.825259e+01
	116	371	29.000000	-2.750000	-5.277386e-05	7.621082e+04	2.430290e+04	3.759375e+00	1.472392e+04	1.472429e+04	1.462520e+04	7.698579e+01	7.692502e+01
	281	371	70.250000	-2.750000	-1.495718e-04	1.007718e+05	1.614205e+00	6.813267e+00	1.468505e+04	1.468660e+04	1.465470e+04	7.540147e+01	7.427832e+01
	515	378	128.750000	-4.500000	-2.025953e-05	9.214082e+04	8.143510e+03	3.212751e+00	1.480137e+04	1.480603e+04	1.476282e+04	7.645496e+01	7.841798e+01
	147	382	36.750000	-5.500000	-4.785648e-05	7.901282e+04	1.922619e+04	7.890071e+00	1.461932e+04	1.462341e+04	1.443957e+04	7.708314e+01	7.658096e+01
	325	382	81.250000	-5.500000	-8.144369e-05	1.008638e+05	1.614064e+00	7.197079e+00	1.467542e+04	1.467916e+04	1.462620e+04	8.913939e+01	8.605762e+01
	401	385	100.250000	-6.250000	-6.418815e-05	1.007858e+05	2.618284e+00	6.344100e+00	1.478128e+04	1.478281e+04	1.474607e+04	8.496805e+01	8.266976e+01
	1131	388	282.750000	-7.000000	-2.210676e-04	6.020082e+04	3.854746e+04	5.316045e+00	1.492083e+04	1.491981e+04	1.478045e+04	8.419680e+01	8.147549e+01
	237	389	59.250000	-7.250000	-4.964462e-05	1.008108e+05	8.104434e-01	9.548056e+00	1.467409e+04	1.467815e+04	1.463357e+04	8.258311e+01	8.261973e+01
	362	390	90.500000	-7.500000	-3.200164e-05	1.009158e+05	9.110196e-01	7.575080e+00	1.476402e+04	1.476657e+04	1.473032e+04	8.071070e+01	7.973823e+01
	562	395	140.500000	-8.750000	-3.155461e-05	9.637782e+04	5.368893e+02	7.103790e+00	1.483082e+04	1.483653e+04	1.476845e+04	8.129422e+01	7.979154e+01
	588	395	147.000000	-8.750000	-1.488267e-04	7.841182e+04	2.481712e+04	8.149426e+00	1.485505e+04	1.485803e+04	1.476232e+04	8.256815e+01	8.193565e+01
	651	400	162.750000	-10.000000	-7.688394e-05	9.479382e+04	3.920729e+03	8.116110e+00	1.484384e+04	1.484829e+04	1.478795e+04	7.600706e+01	7.609921e+01
	793	409	198.250000	-12.250000	-3.721705e-05	1.009358e+05	8.508074e-01	6.496415e+00	1.474905e+04	1.475224e+04	1.471770e+04	8.201377e+01	7.701510e+01
	1154	411	288.500000	-12.750000	-3.287732e-04	5.686982e+04	4.789930e+04	2.694577e+00	1.497904e+04	1.496933e+04	1.474357e+04	8.892710e+01	8.248039e+01
	1175	420	293.750000	-15.000000	-3.341078e-04	5.792582e+04	3.640077e+04	3.336779e+00	1.488141e+04	1.489410e+04	1.469732e+04	8.889021e+01	8.506538e+01
	672	425	168.000000	-16.250000	-3.235876e-04	9.657982e+04	3.957731e+03	9.346079e+00	1.491029e+04	1.491298e+04	1.481295e+04	8.882653e+01	8.463291e+01
	153	427	38.250000	-16.750000	-3.393879e-05	9.027182e+04	1.133165e+04	8.517027e+00	1.457239e+04	1.457284e+04	1.450370e+04	8.287520e+01	8.109741e+01
	1240	437	310.000000	-19.250000	-6.734719e-05	8.903582e+04	9.075248e+03	5.560174e+00	1.475497e+04	1.476389e+04	1.466570e+04	8.259747e+01	8.527058e+01
	179	451	44.750000	-22.750000	-8.206954e-05	8.497782e+04	1.176414e+04	1.171326e+01	1.439727e+04	1.440169e+04	1.426445e+04	8.814469e+01	8.393674e+01
	206	456	51.500000	-24.000000	-6.158291e-04	9.966182e+04	1.835524e+00	1.889252e+01	1.427137e+04	1.430459e+04	1.365345e+04	8.244622e+01	8.187375e+01
	904	458	226.000000	-24.500000	-1.056134e-04	1.015808e+05	1.392217e+01	1.035025e+01	1.512661e+04	1.513249e+04	1.506495e+04	7.598777e+01	7.397296e+01
	617	466	154.250000	-26.500000	-1.241802e-04	9.331682e+04	4.428239e+03	8.668916e+00	1.499880e+04	1.500527e+04	1.492845e+04	7.636896e+01	7.365146e+01
	732	488	183.000000	-32.000000	-2.509891e-04	1.014918e+05	1.131600e+00	1.052702e+01	1.498815e+04	1.499284e+04	1.489157e+04	8.271126e+01	7.894513e+01
	610	525	152.500000	-41.250000	-2.468466e-04	1.012628e+05	3.263206e+00	9.646602e+00	1.477620e+04	1.478293e+04	1.464045e+04	8.135327e+01	7.938968e+01
	611	525	152.750000	-41.250000	-2.468466e-04	1.012628e+05	3.263206e+00	9.646602e+00	1.477744e+04	1.478394e+04	1.464045e+04	8.185950e+01	8.000658e+01
	832	525	208.000000	-41.250000	-1.280247e-04	1.007938e+05	1.312810e+00	8.103894e+00	1.424295e+04	1.427153e+04	1.404295e+04	8.931733e+01	8.794613e+01
2024	1	3	23	18
	984	360	246.000000	0.000000	-2.634362e-05	1.014236e+05	9.715036e-01	7.775404e+00	1.504739e+04	1.504859e+04	1.503821e+04	9.529070e+01	8.942519e+01
	1301	363	325.250000	-0.750000	-8.670846e-06	1.010936e+05	1.494047e+00	6.924937e+00	1.486553e+04	1.486769e+04	1.484421e+04	7.757519e+01	7.779822e+01
	690	364	172.500000	-1.000000	-1.302199e-05	1.006706e+05	1.332845e+00	9.097705e+00	1.459251e+04	1.459556e+04	1.452171e+04	8.981740e+01	8.315971e+01
	722	364	180.500000	-1.000000	-3.932277e-06	1.007406e+05	1.212264e+00	8.227860e+00	1.462656e+04	1.462677e+04	1.460846e+04	8.914848e+01	8.095586e+01
	580	365	145.000000	-1.250000	-5.988637e-06	9.716356e+04	5.859888e+02	5.527712e+00	1.466281e+04	1.466438e+04	1.463771e+04	8.340417e+01	8.488181e+01
	450	366	112.500000	-1.500000	-4.139380e-05	9.131156e+04	7.107066e+03	4.538506e+00	1.468984e+04	1.469092e+04	1.466684e+04	9.178072e+01	8.870819e+01
	478	366	119.500000	-1.500000	-7.687369e-06	8.225656e+04	1.932979e+04	5.756003e+00	1.468733e+04	1.468821e+04	1.465721e+04	7.850884e+01	8.146112e+01
	284	372	71.000000	-3.000000	-1.259728e-04	1.011036e+05	1.955598e+00	4.986321e+00	1.491168e+04	1.491252e+04	1.487634e+04	7.646893e+01	7.686781e+01
	113	374	28.250000	-3.500000	-9.599165e-05	7.637556e+04	2.430290e+04	2.594881e+00	1.490306e+04	1.490254e+04	1.483871e+04	7.934404e+01	7.846404e+01
	1246	375	311.500000	-3.750000	-2.947287e-05	9.633256e+04	3.036725e+03	4.614944e+00	1.476727e+04	1.477015e+04	1.470384e+04	8.843402e+01	8.801445e+01
	317	380	79.250000	-5.000000	-2.493842e-04	1.010926e+05	1.352872e+00	6.710967e+00	1.486668e+04	1.486901e+04	1.481271e+04	8.811440e+01	8.728869e+01
	64	381	16.000000	-5.250000	-4.142360e-05	8.789056e+04	1.022350e+04	3.214721e+00	1.485003e+04	1.485254e+04	1.479921e+04	8.125970e+01	7.817222e+01
	573	386	143.250000	-6.500000	-3.430084e-05	7.285256e+04	2.792600e+04	5.249333e+00	1.466410e+04	1.466656e+04	1.459259e+04	8.707140e+01	8.728487e+01
	244	388	61.000000	-7.000000	-8.588866e-05	1.011286e+05	1.131980e+00	6.363349e+00	1.491140e+04	1.491507e+04	1.486846e+04	8.660685e+01	8.501366e+01
	645	394	161.250000	-8.500000	-2.553896e-05	9.460856e+04	5.910511e+03	4.478165e+00	1.465175e+04	1.465339e+04	1.462596e+04	7.673004e+01	7.509553e+01
	1237	432	309.250000	-18.000000	-7.572607e-05	8.974856e+04	8.941746e+03	3.792133e+00	1.460967e+04	1.461598e+04	1.454296e+04	8.749039e+01	8.670530e+01
	171	446	42.750000	-21.500000	-7.217960e-05	9.019556e+04	6.995154e+03	1.125071e+01	1.464092e+04	1.465195e+04	1.453959e+04	8.583865e+01	8.481636e+01
	210	461	52.500000	-25.250000	-6.600006e-04	9.976956e+04	1.654602e+00	1.729353e+01	1.447107e+04	1.450802e+04	1.375546e+04	8.566529e+01	8.025371e+01
	617	462	154.250000	-25.500000	-9.003119e-05	9.520056e+04	3.727451e+03	6.850809e+00	1.484552e+04	1.485099e+04	1.478509e+04	7.632114e+01	7.431918e+01
	695	489	173.750000	-32.250000	-9.116367e-05	1.001666e+05	2.108018e+00	7.548750e+00	1.496566e+04	1.497133e+04	1.490146e+04	7.612690e+01	7.817917e+01
	733	489	183.250000	-32.250000	-2.902432e-04	1.014846e+05	1.131600e+00	1.257233e+01	1.498648e+04	1.499309e+04	1.485484e+04	8.456112e+01	8.095834e+01
	620	525	155.000000	-41.250000	-5.912764e-04	1.009756e+05	1.734260e+00	1.238301e+01	1.459168e+04	1.459954e+04	1.436159e+04	8.950416e+01	8.268684e+01
	838	527	209.500000	-41.750000	-8.222298e-05	1.009876e+05	1.312810e+00	9.105658e+00	1.435268e+04	1.438280e+04	1.418146e+04	8.806558e+01	8.787783e+01
2024	1	4	34	0
	989	360	247.250000	0.000000	-2.092379e-05	1.010817e+05	1.293055e+00	6.639175e+00	1.477998e+04	1.478219e+04	1.475810e+04	9.103706e+01	8.700067e+01
	1273	360	318.250000	0.000000	-6.648479e-06	1.010357e+05	8.507131e-01	8.228987e+00	1.501574e+04	1.501692e+04	1.499735e+04	7.620907e+01	7.798875e+01
	61	361	15.250000	-0.250000	-3.421563e-05	9.358167e+04	6.237948e+03	3.333219e+00	1.494261e+04	1.494154e+04	1.492285e+04	7.808973e+01	7.017749e+01
	368	364	92.000000	-1.000000	-4.323898e-06	1.008727e+05	2.297254e+00	7.181502e+00	1.473527e+04	1.473803e+04	1.469623e+04	8.256997e+01	8.171162e+01
	761	364	190.250000	-1.000000	-1.919526e-05	1.006337e+05	1.352905e+00	1.136021e+01	1.454911e+04	1.455213e+04	1.452548e+04	7.908170e+01	7.521645e+01
	1129	364	282.250000	-1.000000	-1.441862e-04	6.510967e+04	3.877745e+04	7.136846e+00	1.476666e+04	1.476473e+04	1.464010e+04	8.367290e+01	8.275554e+01
	1382	364	345.500000	-1.000000	-1.728791e-05	1.013407e+05	9.311727e-01	9.198982e+00	1.506276e+04	1.506460e+04	1.503260e+04	7.536134e+01	7.309099e+01
	127	366	31.750000	-1.500000	-7.251161e-05	7.830267e+04	1.979108e+04	3.750229e+00	1.484024e+04	1.484265e+04	1.478860e+04	7.519179e+01	7.345698e+01
	481	366	120.250000	-1.500000	-3.814953e-05	8.242567e+04	1.932979e+04	5.254671e+00	1.486110e+04	1.486236e+04	1.484185e+04	7.817765e+01	8.076299e+01
	283	367	70.750000	-1.750000	-7.891911e-05	1.009257e+05	1.955598e+00	7.578733e+00	1.474871e+04	1.475024e+04	1.471998e+04	8.303134e+01	8.065295e+01
	434	371	108.500000	-2.750000	-4.104036e-05	9.843267e+04	3.549420e+02	7.126626e+00	1.482020e+04	1.482136e+04	1.476810e+04	9.021333e+01	8.975597e+01
	555	372	138.750000	-3.000000	-9.107846e-05	7.025367e+04	3.434546e+04	3.712726e+00	1.495666e+04	1.495574e+04	1.490410e+04	8.172233e+01	8.382613e+01
	697	372	174.250000	-3.000000	-3.489433e-06	1.008077e+05	1.393169e+00	5.550219e+00	1.467812e+04	1.467933e+04	1.464848e+04	8.498951e+01	7.933170e+01
	409	382	102.250000	-5.500000	-6.586569e-05	8.762667e+04	1.528266e+04	6.774412e+00	1.479878e+04	1.480013e+04	1.477260e+04	8.765238e+01	8.613840e+01
	250	386	62.500000	-6.500000	-6.228941e-05	1.009247e+05	1.413473e+00	7.230933e+00	1.475981e+04	1.476336e+04	1.472410e+04	8.589468e+01	8.339503e+01
	338	388	84.500000	-7.000000	-1.743692e-05	1.009227e+05	1.633943e+00	7.155432e+00	1.473680e+04	1.474076e+04	1.468598e+04	9.020302e+01	8.702949e+01
	1131	388	282.750000	-7.000000	-2.192284e-04	6.013467e+04	3.854746e+04	5.575722e+00	1.476045e+04	1.476055e+04	1.459960e+04	8.171529e+01	7.652294e+01
	614	397	153.500000	-9.250000	-2.356945e-06	9.884167e+04	2.767650e+02	3.498183e+00	1.483603e+04	1.483738e+04	1.481410e+04	7.547203e+01	7.657303e+01
	641	408	160.250000	-12.000000	-4.217285e-05	9.480767e+04	1.019942e+03	3.329991e+00	1.481634e+04	1.481791e+04	1.477873e+04	8.597446e+01	8.127380e+01
	168	409	42.000000	-12.250000	-1.641240e-04	9.442567e+04	3.164185e+03	9.112989e+00	1.469701e+04	1.469945e+04	1.465348e+04	8.943243e+01	8.424335e+01
	1148	410	287.000000	-12.500000	-1.802470e-04	5.682967e+04	4.478425e+04	3.017845e+00	1.482638e+04	1.482312e+04	1.454748e+04	8.328395e+01	7.918476e+01
	1178	418	294.500000	-14.500000	-3.310468e-04	6.523067e+04	1.336572e+04	2.806412e+00	1.474726e+04	1.475984e+04	1.457173e+04	8.227269e+01	8.321606e+01
	667	427	166.750000	-16.750000	-2.056684e-04	9.639367e+04	3.957731e+03	8.795671e+00	1.481556e+04	1.482024e+04	1.474985e+04	8.248263e+01	7.844541e+01
	1215	432	303.750000	-18.000000	-3.618258e-05	9.242367e+04	5.851132e+03	2.212646e+00	1.471828e+04	1.472261e+04	1.465585e+04	7.553445e+01	7.789005e+01
	711	434	177.750000	-18.500000	-8.604187e-05	9.540067e+04	6.201385e+03	9.497784e+00	1.483335e+04	1.483664e+04	1.479585e+04	8.031051e+01	7.691685e+01
	616	462	154.000000	-25.500000	-7.453817e-05	9.530667e+04	4.428239e+03	5.553610e+00	1.497242e+04	1.497797e+04	1.491135e+04	8.220522e+01	7.730951e+01
	1274	467	318.500000	-26.750000	-3.470804e-04	1.010017e+05	1.674161e+00	1.479561e+01	1.490270e+04	1.491472e+04	1.477323e+04	8.105246e+01	8.151145e+01
	215	468	53.750000	-27.000000	-6.481733e-04	9.966167e+04	1.454901e+00	1.789321e+01	1.426196e+04	1.430764e+04	1.362423e+04	8.612852e+01	8.155462e+01
	515	469	128.750000	-27.250000	-1.075591e-04	9.265467e+04	7.788283e+03	6.881161e+00	1.491266e+04	1.491989e+04	1.482748e+04	8.412975e+01	7.536268e+01
	1019	488	254.750000	-32.000000	-3.888335e-04	1.013467e+05	1.813706e+00	9.959335e+00	1.473603e+04	1.474441e+04	1.460435e+04	7.789831e+01	7.698347e+01
	733	489	183.250000	-32.250000	-2.171423e-04	1.013527e+05	1.131600e+00	1.313607e+01	1.492790e+04	1.493711e+04	1.477373e+04	8.188869e+01	7.850102e+01
	633	525	158.250000	-41.250000	-4.504647e-04	1.009847e+05	1.734260e+00	1.374113e+01	1.455458e+04	1.456744e+04	1.430498e+04	8.363279e+01	7.869050e+01
	846	531	211.500000	-42.750000	-6.845850e-05	1.009947e+05	1.312519e+00	8.604595e+00	1.434805e+04	1.437446e+04	1.420585e+04	8.714582e+01	8.702027e+01
	1366	534	341.500000	-43.500000	-3.466930e-04	1.008077e+05	1.231205e+00	1.181132e+01	1.388439e+04	1.390122e+04	1.367748e+04	7.962569e+01	7.703096e+01
2024	1	4	34	6
	948	360	237.000000	0.000000	-3.410038e-05	1.013219e+05	1.955514e+00	8.289299e+00	1.496050e+04	1.496084e+04	1.495049e+04	8.599429e+01	8.250858e+01
	709	361	177.250000	-0.250000	-4.065689e-05	1.007529e+05	2.638664e+00	7.749015e+00	1.460962e+04	1.461103e+04	1.458687e+04	9.084033e+01	8.616177e+01
	738	362	184.500000	-0.500000	3.271736e-06	1.007219e+05	9.109490e-01	1.102802e+01	1.460399e+04	1.460482e+04	1.458537e+04	9.462939e+01	8.595119e+01
	456	364	114.000000	-1.000000	-3.767665e-05	8.940086e+04	8.814143e+03	3.038532e+00	1.468382e+04	1.468513e+04	1.465187e+04	8.567119e+01	8.444994e+01
	1129	364	282.250000	-1.000000	-1.820391e-04	6.515586e+04	3.877745e+04	6.117692e+00	1.487351e+04	1.487083e+04	1.476312e+04	8.502590e+01	8.403944e+01
	1319	365	329.750000	-1.250000	-1.437031e-06	1.011029e+05	6.498153e-01	7.256802e+00	1.485658e+04	1.485844e+04	1.484049e+04	7.806955e+01	7.873183e+01
	676	366	169.000000	-1.500000	-4.846510e-05	1.007679e+05	2.176599e+00	7.677632e+00	1.465041e+04	1.465155e+04	1.459449e+04	7.811083e+01	7.483234e+01
	481	367	120.250000	-1.750000	-6.277021e-05	8.223486e+04	1.932979e+04	6.116851e+00	1.466418e+04	1.466567e+04	1.457399e+04	8.128821e+01	8.212173e+01
	118	374	29.500000	-3.500000	-4.357751e-05	7.648286e+04	2.430290e+04	3.501922e+00	1.503730e+04	1.503791e+04	1.499087e+04	7.734224e+01	7.844586e+01
	317	377	79.250000	-4.250000	-2.181595e-04	1.010939e+05	1.332789e+00	8.677927e+00	1.489113e+04	1.489252e+04	1.482662e+04	8.906308e+01	8.687473e+01
	561	377	140.250000	-4.250000	-5.132612e-05	7.072186e+04	3.169332e+04	5.628097e+00	1.463670e+04	1.463802e+04	1.453549e+04	8.219466e+01	8.350835e+01
	252	378	63.000000	-4.500000	-3.749784e-05	1.011239e+05	9.910712e-01	6.611580e+00	1.492606e+04	1.492894e+04	1.489649e+04	8.572157e+01	8.302009e+01
	370	384	92.500000	-6.000000	-4.512724e-05	1.009339e+05	1.292746e+00	6.602185e+00	1.476918e+04	1.477149e+04	1.472974e+04	8.638108e+01	8.589643e+01
	397	385	99.250000	-6.250000	-2.939161e-05	1.009579e+05	2.558147e+00	5.312077e+00	1.476021e+04	1.476230e+04	1.474112e+04	8.843448e+01	8.400824e+01
	430	387	107.500000	-6.750000	-5.627330e-05	8.792686e+04	1.385093e+04	8.377430e+00	1.475259e+04	1.475441e+04	1.467437e+04	9.043237e+01	8.940980e+01
	121	406	30.250000	-11.500000	-3.518527e-04	8.349686e+04	1.538109e+04	5.471963e+00	1.498699e+04	1.498799e+04	1.491324e+04	9.184758e+01	9.111503e+01
	833	407	208.250000	-11.750000	-1.258310e-05	1.010049e+05	9.712020e-01	7.556963e+00	1.486099e+04	1.486358e+04	1.483949e+04	8.728614e+01	8.560803e+01
	1154	411	288.500000	-12.750000	-3.162092e-04	5.681686e+04	4.789930e+04	2.647461e+00	1.488909e+04	1.488017e+04	1.463349e+04	9.398289e+01	8.821452e+01
	1177	416	294.250000	-14.000000	-2.319878e-04	7.090586e+04	9.172957e+03	3.361688e+00	1.476887e+04	1.478068e+04	1.461387e+04	8.994954e+01	8.952319e+01
	645	417	161.250000	-14.250000	-5.657133e-05	1.006479e+05	1.372914e+00	6.627156e+00	1.464321e+04	1.464898e+04	1.460262e+04	8.062910e+01	8.329233e+01
	165	418	41.250000	-14.500000	-1.443690e-04	9.418786e+04	4.318265e+03	8.963160e+00	1.487869e+04	1.488084e+04	1.484399e+04	8.654910e+01	8.693823e+01
	837	431	209.250000	-17.750000	-9.453949e-05	1.002599e+05	2.286468e+03	1.038524e+01	1.502399e+04	1.502733e+04	1.497837e+04	9.027426e+01	8.701160e+01
	1250	438	312.500000	-19.500000	-9.203609e-05	8.785286e+04	1.141681e+04	3.810155e+00	1.461401e+04	1.462035e+04	1.454212e+04	9.587702e+01	9.274628e+01
	170	447	42.500000	-21.750000	-6.461795e-05	9.100086e+04	6.995154e+03	8.885882e+00	1.475257e+04	1.476154e+04	1.468674e+04	8.659741e+01	8.415824e+01
	147	455	36.750000	-23.750000	-1.023477e-04	9.936586e+04	1.575786e+03	7.574888e+00	1.485714e+04	1.486038e+04	1.481037e+04	7.770318e+01	8.042784e+01
	278	459	69.500000	-24.750000	-6.503519e-05	1.014699e+05	9.914346e-01	9.207710e+00	1.516230e+04	1.516524e+04	1.511012e+04	7.579180e+01	7.505165e+01
	1284	463	321.000000	-25.750000	-6.599491e-04	1.008279e+05	1.554895e+00	1.529882e+01	1.471233e+04	1.472526e+04	1.450724e+04	8.764101e+01	8.309398e+01
	1232	468	308.000000	-27.000000	-9.930786e-05	8.698686e+04	1.187822e+04	5.113691e+00	1.469485e+04	1.470017e+04	1.462087e+04	7.900466e+01	7.575809e+01
	223	477	55.750000	-29.250000	-1.501030e-03	9.940886e+04	1.715041e+00	2.343759e+01	1.436899e+04	1.442462e+04	1.333049e+04	8.197486e+01	7.546476e+01
	1025	488	256.250000	-32.000000	-8.140272e-04	1.011619e+05	1.995719e+00	1.355238e+01	1.473377e+04	1.474560e+04	1.445312e+04	7.830345e+01	7.643964e+01
	732	490	183.000000	-32.500000	-1.992648e-04	1.012329e+05	1.131600e+00	1.288779e+01	1.484534e+04	1.485437e+04	1.468512e+04	8.005999e+01	7.872200e+01
	649	526	162.250000	-41.500000	-7.047718e-04	1.006689e+05	3.081608e+00	1.831963e+01	1.432606e+04	1.434344e+04	1.400262e+04	7.613947e+01	6.570874e+01
	1384	537	346.000000	-44.250000	-4.020995e-04	1.004929e+05	8.101649e-01	1.559908e+01	1.365482e+04	1.367473e+04	1.339562e+04	8.185857e+01	7.775801e+01
	841	540	210.250000	-45.000000	-1.160568e-04	1.011119e+05	1.373490e+00	1.091357e+01	1.437905e+04	1.439670e+04	1.423799e+04	8.792459e+01	7.872580e+01
2024	1	4	33	12
	930	360	232.500000	0.000000	-3.564614e-05	1.010635e+05	1.091637e+00	9.088988e+00	1.473508e+04	1.473789e+04	1.469693e+04	7.546510e+01	7.900851e+01
	1009	360	252.250000	0.000000	-1.740712e-05	1.011195e+05	1.212319e+00	7.256559e+00	1.480499e+04	1.480669e+04	1.479043e+04	8.531774e+01	8.343013e+01
	725	361	181.250000	-0.250000	-1.150626e-05	1.007575e+05	9.109490e-01	9.732781e+00	1.464694e+04	1.464748e+04	1.462943e+04	9.051434e+01	8.470612e+01
	440	364	110.000000	-1.000000	-3.424543e-05	9.518353e+04	6.177788e+03	7.539614e+00	1.482414e+04	1.482550e+04	1.480981e+04	8.657556e+01	8.408326e+01
	1129	364	282.250000	-1.000000	-1.560475e-04	6.522854e+04	3.877745e+04	5.274956e+00	1.495509e+04	1.495328e+04	1.485256e+04	8.375295e+01	8.175703e+01
	1220	364	305.000000	-1.000000	-3.242749e-05	9.600853e+04	4.826799e+03	5.239118e+00	1.493808e+04	1.493988e+04	1.491231e+04	8.385056e+01	8.463475e+01
	285	368	71.250000	-2.000000	-6.276625e-05	1.008245e+05	1.955598e+00	6.258035e+00	1.468282e+04	1.468600e+04	1.463693e+04	8.144626e+01	8.229190e+01
	478	370	119.500000	-2.500000	-1.263048e-04	8.238753e+04	1.932979e+04	5.524553e+00	1.483490e+04	1.483615e+04	1.479343e+04	8.261570e+01	8.228043e+01
	247	378	61.750000	-4.500000	-6.762403e-05	1.008265e+05	9.913999e-01	7.351441e+00	1.466828e+04	1.467221e+04	1.462781e+04	8.549692e+01	8.334449e+01
	1249	378	312.250000	-4.500000	-6.767688e-06	9.637653e+04	3.111280e+03	4.989882e+00	1.496289e+04	1.496561e+04	1.492393e+04	7.834770e+01	8.386827e+01
	317	384	79.250000	-6.000000	-1.588191e-04	1.009335e+05	1.352872e+00	7.361679e+00	1.473270e+04	1.473404e+04	1.468193e+04	8.062160e+01	7.835595e+01
	362	384	90.500000	-6.000000	-5.036849e-05	1.009125e+05	1.091694e+00	8.228332e+00	1.471618e+04	1.471713e+04	1.468243e+04	9.086150e+01	8.753248e+01
	589	387	147.250000	-6.750000	-1.507427e-04	7.775953e+04	2.513040e+04	4.594182e+00	1.487901e+04	1.487904e+04	1.481681e+04	8.273357e+01	8.332220e+01
	714	388	178.500000	-7.000000	-7.510441e-05	1.008515e+05	1.754691e+00	5.817295e+00	1.471357e+04	1.471743e+04	1.466881e+04	8.253334e+01	8.009682e+01
	1131	388	282.750000	-7.000000	-1.905288e-04	6.024754e+04	3.854746e+04	5.123125e+00	1.497624e+04	1.497413e+04	1.480643e+04	8.063930e+01	8.015417e+01
	835	399	208.750000	-9.750000	-1.326459e-05	1.008725e+05	9.712020e-01	9.122309e+00	1.472189e+04	1.472271e+04	1.467756e+04	8.674960e+01	8.174442e+01
	119	413	29.750000	-13.250000	-6.321329e-05	8.445353e+04	1.538109e+04	6.012025e+00	1.477193e+04	1.477370e+04	1.462781e+04	8.635283e+01	8.345766e+01
	171	413	42.750000	-13.250000	-2.887573e-04	9.704453e+04	3.164185e+03	1.006815e+01	1.468988e+04	1.469318e+04	1.460543e+04	8.566412e+01	8.352662e+01
	143	414	35.750000	-13.500000	-4.461664e-05	8.500653e+04	1.406247e+04	4.070381e+00	1.473574e+04	1.473750e+04	1.465843e+04	8.330475e+01	8.462979e+01
	1178	414	294.500000	-13.500000	-1.996483e-04	8.426753e+04	2.355490e+03	3.625065e+00	1.492243e+04	1.493889e+04	1.475693e+04	8.700672e+01	8.708370e+01
	1202	414	300.500000	-13.500000	-7.003802e-05	9.345553e+04	7.005894e+03	3.785975e+00	1.485534e+04	1.485934e+04	1.481506e+04	8.805026e+01	8.841930e+01
	644	421	161.000000	-15.250000	-5.844492e-05	1.009765e+05	1.613365e+00	8.022671e+00	1.483757e+04	1.484203e+04	1.478668e+04	8.078085e+01	8.150854e+01
	668	424	167.000000	-16.000000	-1.452293e-04	9.653653e+04	3.957731e+03	9.096715e+00	1.484285e+04	1.484394e+04	1.479493e+04	8.761873e+01	8.096067e+01
	668	425	167.000000	-16.250000	-1.452293e-04	9.653653e+04	3.957731e+03	9.096715e+00	1.484276e+04	1.484403e+04	1.479493e+04	8.748882e+01	8.070473e+01
	189	435	47.250000	-18.750000	-1.090791e-04	8.170953e+04	1.882964e+04	8.076802e+00	1.465050e+04	1.465218e+04	1.457443e+04	8.402713e+01	8.152718e+01
	170	446	42.500000	-21.500000	-5.772966e-05	9.079953e+04	6.995154e+03	9.767256e+00	1.463783e+04	1.464428e+04	1.458106e+04	8.303012e+01	8.183099e+01
	170	447	42.500000	-21.750000	-5.772966e-05	9.079953e+04	6.995154e+03	1.043382e+01	1.463900e+04	1.464548e+04	1.458106e+04	8.320196e+01	8.216048e+01
	1288	466	322.000000	-26.500000	-5.883302e-04	1.009565e+05	1.494285e+00	1.505291e+01	1.488229e+04	1.489779e+04	1.463356e+04	8.950060e+01	8.386880e+01
	231	475	57.750000	-28.750000	-5.309905e-04	9.917253e+04	1.594001e+00	2.310024e+01	1.419177e+04	1.426064e+04	1.307668e+04	7.640588e+01	7.539174e+01
	1033	489	258.250000	-32.250000	-3.114070e-04	1.012025e+05	1.995719e+00	1.195325e+01	1.464863e+04	1.466014e+04	1.446343e+04	8.115327e+01	7.725317e+01
	733	491	183.250000	-32.750000	-1.707103e-04	1.012665e+05	1.212287e+00	1.119923e+01	1.484965e+04	1.485885e+04	1.469868e+04	7.867139e+01	8.003818e+01
	656	522	164.000000	-40.500000	-4.809822e-04	1.005825e+05	3.081608e+00	1.753676e+01	1.439734e+04	1.441648e+04	1.396331e+04	7.577753e+01	6.204460e+01
	856	540	214.000000	-45.000000	-8.341926e-05	1.011145e+05	1.312519e+00	7.797527e+00	1.439001e+04	1.441262e+04	1.424068e+04	8.654128e+01	8.738747e+01
2024	1	4	33	18
	702	360	175.500000	0.000000	-9.598560e-05	1.008553e+05	2.638664e+00	1.030296e+01	1.469470e+04	1.469481e+04	1.467449e+04	8.751849e+01	8.470869e+01
	739	361	184.750000	-0.250000	-1.176423e-05	1.007753e+05	9.109490e-01	8.634892e+00	1.465041e+04	1.465009e+04	1.460124e+04	8.550536e+01	8.293657e+01
	625	362	156.250000	-0.500000	1.587206e-06	1.008093e+05	1.312912e+00	5.656634e+00	1.465906e+04	1.466063e+04	1.464249e+04	8.340050e+01	8.150590e+01
	1241	364	310.250000	-1.000000	-1.426763e-05	9.867034e+04	5.185624e+02	7.952670e+00	1.476718e+04	1.476880e+04	1.470324e+04	8.648225e+01	8.879534e+01
	964	365	241.000000	-1.250000	-2.091355e-05	1.013213e+05	1.051604e+00	7.678071e+00	1.497357e+04	1.497524e+04	1.495574e+04	9.252787e+01	8.925766e+01
	1280	366	320.000000	-1.500000	-2.645678e-05	9.401234e+04	8.716175e+02	7.932218e+00	1.475201e+04	1.475451e+04	1.471874e+04	7.588567e+01	7.690832e+01
	145	371	36.250000	-2.750000	-9.178347e-05	7.495834e+04	2.805824e+04	4.036716e+00	1.496824e+04	1.496539e+04	1.490899e+04	7.814696e+01	7.338537e+01
	1160	378	290.000000	-4.500000	-3.188080e-05	9.874934e+04	1.911229e+03	3.152689e+00	1.484802e+04	1.484989e+04	1.478937e+04	8.539346e+01	8.322288e+01
	376	380	94.000000	-5.000000	-5.882210e-05	1.009813e+05	1.774652e+00	7.261922e+00	1.478337e+04	1.478859e+04	1.473274e+04	9.202197e+01	8.904469e+01
	560	380	140.000000	-5.000000	-4.937476e-05	7.004634e+04	3.169332e+04	1.910903e+00	1.467240e+04	1.467105e+04	1.461449e+04	8.284633e+01	8.285777e+01
	944	380	236.000000	-5.000000	-6.385869e-05	1.013583e+05	1.152228e+00	9.084197e+00	1.498016e+04	1.498144e+04	1.495549e+04	7.782992e+01	7.978953e+01
	240	381	60.000000	-5.250000	-8.433289e-05	1.011423e+05	9.913999e-01	8.044064e+00	1.493944e+04	1.494555e+04	1.489312e+04	9.195936e+01	8.688490e+01
	316	382	79.000000	-5.500000	-1.152975e-04	1.011093e+05	1.352872e+00	5.583753e+00	1.489339e+04	1.489712e+04	1.483049e+04	7.761201e+01	7.774770e+01
	706	382	176.500000	-5.500000	-3.806872e-04	1.008493e+05	1.393169e+00	8.407430e+00	1.469439e+04	1.469562e+04	1.464649e+04	8.112201e+01	8.317294e+01
	1215	382	303.750000	-5.500000	-3.030128e-05	9.560934e+04	3.069295e+03	3.719306e+00	1.476206e+04	1.476455e+04	1.472162e+04	9.033010e+01	8.942005e+01
	1131	387	282.750000	-6.750000	-2.019329e-04	6.021634e+04	3.854746e+04	5.490318e+00	1.491964e+04	1.492061e+04	1.472274e+04	7.809009e+01	7.674230e+01
	586	388	146.500000	-7.000000	-2.023799e-04	7.475734e+04	2.513040e+04	6.397584e+00	1.467467e+04	1.467388e+04	1.461337e+04	9.109443e+01	8.866016e+01
	623	389	155.750000	-7.250000	-1.918501e-05	9.235634e+04	8.972600e+03	3.146982e+00	1.466340e+04	1.466439e+04	1.463937e+04	8.261565e+01	8.155703e+01
	1258	398	314.500000	-9.500000	-3.569550e-05	9.212634e+04	7.599764e+03	4.504533e+00	1.475334e+04	1.475426e+04	1.469024e+04	8.854591e+01	8.688921e+01
	334	399	83.500000	-9.750000	-1.534743e-04	1.011283e+05	1.453672e+00	8.422988e+00	1.491680e+04	1.491779e+04	1.485212e+04	8.644476e+01	8.079929e+01
	1210	413	302.500000	-13.250000	-7.330603e-05	9.321334e+04	7.005894e+03	3.615489e+00	1.471227e+04	1.471695e+04	1.463412e+04	8.609800e+01	8.715046e+01
	1144	415	286.000000	-13.750000	-3.435439e-05	5.687934e+04	4.787863e+04	6.657683e+00	1.495045e+04	1.494608e+04	1.471762e+04	7.546078e+01	6.943327e+01
	162	420	40.500000	-15.000000	-2.314872e-05	9.207134e+04	6.184544e+03	7.324112e+00	1.489586e+04	1.489851e+04	1.486649e+04	8.492246e+01	8.346004e+01
	1235	420	308.750000	-15.000000	-8.039898e-05	8.981034e+04	7.907351e+03	4.085591e+00	1.469767e+04	1.470042e+04	1.463187e+04	9.057744e+01	8.885400e+01
	670	424	167.500000	-16.000000	-3.335399e-04	9.639134e+04	3.957731e+03	9.079521e+00	1.469752e+04	1.470208e+04	1.459549e+04	8.526538e+01	8.095339e+01
	823	440	205.750000	-20.000000	-4.066450e-04	1.012323e+05	1.292586e+00	1.084403e+01	1.503172e+04	1.503600e+04	1.495337e+04	8.431812e+01	8.569953e+01
	1265	440	316.250000	-20.000000	-2.022607e-04	8.594634e+04	1.215646e+04	5.137280e+00	1.463497e+04	1.464184e+04	1.457374e+04	8.978821e+01	8.721001e+01
	171	447	42.750000	-21.750000	-4.603690e-05	9.037634e+04	6.995154e+03	1.113345e+01	1.481989e+04	1.482831e+04	1.475537e+04	8.360220e+01	8.441509e+01
	1292	466	323.000000	-26.500000	-7.086021e-04	1.007683e+05	1.293623e+00	1.575686e+01	1.473372e+04	1.475114e+04	1.448887e+04	9.211108e+01	8.691264e+01
	237	480	59.250000	-30.000000	-5.920155e-04	9.958834e+04	1.172455e+00	2.182650e+01	1.431314e+04	1.438344e+04	1.344812e+04	7.706300e+01	7.375271e+01
	734	493	183.500000	-33.250000	-1.211388e-04	1.011643e+05	1.212287e+00	1.090158e+01	1.473173e+04	1.474108e+04	1.459687e+04	7.728022e+01	8.059975e+01
	1044	494	261.000000	-33.500000	-2.049429e-04	1.013543e+05	2.538665e+00	1.172153e+01	1.471271e+04	1.472353e+04	1.459999e+04	8.146396e+01	7.608733e+01
	664	519	166.000000	-39.750000	-4.016382e-04	1.005303e+05	3.741054e+00	1.446098e+01	1.424881e+04	1.426974e+04	1.388337e+04	8.293484e+01	6.821508e+01
2024	1	5	27	0
	303	360	75.750000	0.000000	-2.941140e-05	1.009208e+05	1.814968e+00	6.552373e+00	1.473113e+04	1.473187e+04	1.470006e+04	8.240244e+01	8.189373e+01
	591	361	147.750000	-0.250000	-6.463611e-06	1.003648e+05	9.969011e+02	3.249386e+00	1.489747e+04	1.489897e+04	1.488656e+04	8.024229e+01	8.346934e+01
	939	364	234.750000	-1.000000	-1.075515e-05	1.009018e+05	1.091637e+00	8.130510e+00	1.464779e+04	1.464881e+04	1.463494e+04	7.720521e+01	7.953389e+01
	1129	364	282.250000	-1.000000	-9.041675e-05	6.519979e+04	3.877745e+04	4.517150e+00	1.486934e+04	1.486585e+04	1.474556e+04	8.302323e+01	8.063744e+01
	348	369	87.000000	-2.250000	1.976243e-05	1.009028e+05	1.594068e+00	8.328934e+00	1.472046e+04	1.472130e+04	1.468456e+04	8.581142e+01	8.451054e+01
	524	372	131.000000	-3.000000	-4.082569e-05	8.796579e+04	8.143510e+03	4.066826e+00	1.489668e+04	1.490010e+04	1.486506e+04	8.241090e+01	8.069273e+01
	232	375	58.000000	-3.750000	-2.317394e-04	1.008678e+05	1.453390e+00	9.647997e+00	1.473880e+04	1.474334e+04	1.465744e+04	8.830064e+01	8.380009e+01
	150	376	37.500000	-4.000000	-1.102949e-04	7.918679e+04	2.805824e+04	5.679635e+00	1.486480e+04	1.486359e+04	1.482569e+04	8.662717e+01	7.991591e+01
	461	377	115.250000	-4.250000	-3.879913e-05	9.659479e+04	5.318484e+03	5.299562e+00	1.491330e+04	1.491527e+04	1.488894e+04	8.909607e+01	8.572836e+01
	321	384	80.250000	-6.000000	-1.313055e-04	1.008938e+05	1.352872e+00	6.461955e+00	1.471579e+04	1.472008e+04	1.465994e+04	7.654250e+01	7.784823e+01
	1131	388	282.750000	-7.000000	-2.093876e-04	6.026879e+04	3.854746e+04	6.083144e+00	1.489064e+04	1.489125e+04	1.473006e+04	7.686045e+01	7.688673e+01
	404	391	101.000000	-7.750000	-3.426918e-05	1.008818e+05	2.558612e+00	4.320520e+00	1.482081e+04	1.482226e+04	1.479531e+04	8.306844e+01	8.344360e+01
	578	394	144.500000	-8.500000	-2.839828e-04	7.310879e+04	1.810922e+04	5.271873e+00	1.492567e+04	1.492563e+04	1.485369e+04	8.275195e+01	7.801819e+01
	174	415	43.500000	-13.750000	-1.709724e-04	9.822879e+04	2.462618e+03	8.234756e+00	1.476216e+04	1.476519e+04	1.468831e+04	8.122144e+01	8.204185e+01
	1183	415	295.750000	-13.750000	-1.291002e-04	9.469579e+04	2.819062e+03	3.391311e+00	1.479299e+04	1.480800e+04	1.469256e+04	8.827192e+01	8.385937e+01
	670	425	167.500000	-16.250000	-5.063082e-04	9.642979e+04	3.957731e+03	8.327914e+00	1.476953e+04	1.477344e+04	1.467256e+04	8.619533e+01	8.071576e+01
	1269	439	317.250000	-19.750000	-1.734460e-04	8.682179e+04	1.215646e+04	8.472160e+00	1.477844e+04	1.478235e+04	1.472856e+04	8.870896e+01	8.736465e+01
	168	442	42.000000	-20.500000	-4.997500e-05	9.372179e+04	5.288923e+02	8.987525e+00	1.475297e+04	1.475924e+04	1.470394e+04	7.921723e+01	8.075488e+01
	169	442	42.250000	-20.500000	-5.319365e-05	9.372179e+04	1.488188e+03	8.987525e+00	1.475126e+04	1.475789e+04	1.470394e+04	7.977463e+01	8.115324e+01
	1283	459	320.750000	-24.750000	-1.819993e-04	1.008528e+05	2.296956e+00	1.443471e+01	1.468493e+04	1.470558e+04	1.454969e+04	9.149593e+01	9.119360e+01
	1323	474	330.750000	-28.500000	-2.165402e-04	1.015048e+05	1.132100e+00	1.506184e+01	1.513541e+04	1.513747e+04	1.506894e+04	8.616990e+01	8.210427e+01
	240	483	60.000000	-30.750000	-7.093514e-04	9.952579e+04	1.172455e+00	2.156709e+01	1.417087e+04	1.424590e+04	1.338669e+04	8.438902e+01	7.977901e+01
	511	489	127.750000	-32.250000	-9.175786e-05	9.899879e+04	2.096357e+03	1.045661e+01	1.501613e+04	1.503143e+04	1.489781e+04	8.445532e+01	8.050822e+01
	1051	497	262.750000	-34.250000	-1.831020e-04	1.012258e+05	1.492980e+00	1.059101e+01	1.462646e+04	1.463770e+04	1.449994e+04	7.774962e+01	7.404041e+01
	734	500	183.500000	-35.000000	-1.069868e-04	1.012028e+05	1.392581e+00	1.006425e+01	1.470750e+04	1.471550e+04	1.462244e+04	7.639780e+01	7.644308e+01
	671	516	167.750000	-39.000000	-3.020728e-04	1.005078e+05	2.638305e+00	1.528773e+01	1.429927e+04	1.432154e+04	1.388106e+04	8.384541e+01	6.615549e+01
	867	540	216.750000	-45.000000	-8.868822e-05	1.013818e+05	1.573817e+00	7.383841e+00	1.461358e+04	1.463208e+04	1.447544e+04	8.570444e+01	8.462914e+01
2024	1	5	37	6
	1317	360	329.250000	0.000000	-4.594680e-06	1.009775e+05	6.896696e-01	7.987114e+00	1.476268e+04	1.476516e+04	1.473747e+04	7.705856e+01	7.736472e+01
	4	361	1.000000	-0.250000	-6.174203e-06	1.012665e+05	1.614064e+00	4.701335e+00	1.499968e+04	1.499973e+04	1.499197e+04	7.777042e+01	7.311185e+01
	58	361	14.500000	-0.250000	-1.210487e-05	9.306049e+04	6.237948e+03	2.890619e+00	1.500709e+04	1.500885e+04	1.498909e+04	7.657479e+01	7.057874e+01
	862	361	215.500000	-0.250000	-6.443774e-05	1.008735e+05	9.310293e-01	1.069411e+01	1.464025e+04	1.464081e+04	1.463609e+04	7.785406e+01	7.397636e+01
	1249	361	312.250000	-0.250000	-8.349773e-06	9.947749e+04	6.685604e+02	7.405906e+00	1.476318e+04	1.476551e+04	1.474197e+04	8.269959e+01	8.568945e+01
	1292	361	323.000000	-0.250000	1.276378e-06	1.009895e+05	1.494047e+00	7.368970e+00	1.476954e+04	1.477050e+04	1.475934e+04	8.117867e+01	8.002094e+01
	704	362	176.000000	-0.500000	-7.954752e-05	1.008635e+05	2.638664e+00	7.272471e+00	1.473184e+04	1.473103e+04	1.467659e+04	7.513668e+01	7.860159e+01
	1129	364	282.250000	-1.000000	-1.412085e-04	6.518149e+04	3.877745e+04	1.599703e+01	1.489640e+04	1.489349e+04	1.481959e+04	8.314116e+01	8.168900e+01
	530	365	132.500000	-1.250000	-4.840409e-05	8.264549e+04	1.706906e+04	4.557978e+00	1.461890e+04	1.462186e+04	1.457359e+04	8.313047e+01	8.298602e+01
	256	368	64.000000	-2.000000	-9.400165e-05	1.011455e+05	8.908886e-01	8.999536e+00	1.495695e+04	1.495737e+04	1.486572e+04	8.772523e+01	8.445611e+01
	1154	368	288.500000	-2.000000	8.458737e-06	9.761949e+04	2.563621e+03	2.752429e+00	1.485671e+04	1.485567e+04	1.482897e+04	8.495038e+01	7.902406e+01
	408	373	102.000000	-3.250000	-1.252643e-04	8.741649e+04	1.532920e+04	4.341646e+00	1.479302e+04	1.479369e+04	1.473834e+04	8.089249e+01	8.226623e+01
	506	373	126.500000	-3.250000	-3.916537e-05	9.190349e+04	9.746035e+03	5.346853e+00	1.465548e+04	1.465609e+04	1.459359e+04	8.307545e+01	8.311272e+01
	294	377	73.500000	-4.250000	-4.113233e-05	1.011355e+05	9.912789e-01	5.502114e+00	1.490610e+04	1.490697e+04	1.488909e+04	8.267764e+01	8.241269e+01
	561	377	140.250000	-4.250000	-3.725803e-05	7.072449e+04	3.169332e+04	3.998248e+00	1.462086e+04	1.462093e+04	1.455059e+04	8.271863e+01	8.238168e+01
	375	378	93.750000	-4.500000	-1.963726e-04	1.009875e+05	1.774652e+00	8.436533e+00	1.484173e+04	1.484322e+04	1.481359e+04	8.086265e+01	8.306944e+01
	773	381	193.250000	-5.250000	-7.069623e-05	1.007925e+05	1.573820e+00	5.197505e+00	1.465265e+04	1.465389e+04	1.462672e+04	8.025624e+01	7.825867e+01
	773	382	193.250000	-5.500000	-7.069623e-05	1.007955e+05	1.573820e+00	5.197505e+00	1.465375e+04	1.465487e+04	1.462672e+04	8.088113e+01	7.872048e+01
	315	389	78.750000	-7.250000	-3.821170e-05	1.011265e+05	1.332789e+00	8.213130e+00	1.488774e+04	1.489062e+04	1.485822e+04	8.556605e+01	8.148661e+01
	432	389	108.000000	-7.250000	-5.952036e-05	8.794449e+04	1.385093e+04	3.691986e+00	1.479442e+04	1.479472e+04	1.472509e+04	8.059749e+01	7.952291e+01
	591	394	147.750000	-8.500000	-1.016608e-04	7.812549e+04	2.481712e+04	5.478916e+00	1.461994e+04	1.462308e+04	1.452922e+04	7.900795e+01	7.975279e+01
	1135	394	283.750000	-8.500000	-1.739613e-04	5.854349e+04	4.351382e+04	5.640811e+00	1.493385e+04	1.493061e+04	1.479159e+04	8.807769e+01	8.068736e+01
	630	400	157.500000	-10.000000	-2.456224e-05	9.457949e+04	1.238404e+03	4.525343e+00	1.460623e+04	1.460914e+04	1.457109e+04	8.417726e+01	8.342521e+01
	1148	410	287.000000	-12.500000	-1.739315e-04	5.686049e+04	4.478425e+04	1.996967e+00	1.501731e+04	1.500669e+04	1.480072e+04	8.666161e+01	8.126492e+01
	1185	411	296.250000	-12.750000	-1.311353e-04	9.661249e+04	4.362370e+03	3.369756e+00	1.475232e+04	1.475924e+04	1.468347e+04	9.307839e+01	8.725985e+01
	1183	412	295.750000	-13.000000	-1.311353e-04	9.661249e+04	2.739059e+03	3.369756e+00	1.475862e+04	1.476878e+04	1.468347e+04	9.219935e+01	8.702673e+01
	1213	418	303.250000	-14.500000	-1.012436e-04	9.314649e+04	7.231610e+03	3.111537e+00	1.473038e+04	1.473233e+04	1.469847e+04	9.192643e+01	8.868605e+01
	1238	419	309.500000	-14.750000	-1.427880e-04	8.923249e+04	1.022605e+04	4.062076e+00	1.472075e+04	1.472272e+04	1.466072e+04	9.077425e+01	8.675396e+01
	79	422	19.750000	-15.500000	-2.801931e-05	8.502249e+04	1.453374e+04	3.113296e+00	1.501964e+04	1.502171e+04	1.497372e+04	8.325581e+01	7.870696e+01
	80	422	20.000000	-15.500000	-2.801931e-05	8.503449e+04	1.427296e+04	3.134669e+00	1.502082e+04	1.502318e+04	1.497372e+04	8.258759e+01	7.876890e+01
	669	425	167.250000	-16.250000	-1.761666e-04	9.627149e+04	3.957731e+03	8.461896e+00	1.463564e+04	1.464098e+04	1.457684e+04	8.565401e+01	8.073736e+01
	1292	457	323.000000	-24.250000	-4.958562e-04	1.005345e+05	1.995013e+00	1.274178e+01	1.449629e+04	1.451625e+04	1.431847e+04	9.275740e+01	8.824203e+01
	245	482	61.250000	-30.500000	-3.047935e-04	9.986049e+04	1.172455e+00	2.291075e+01	1.439273e+04	1.446244e+04	1.366147e+04	8.207863e+01	8.040411e+01
	510	491	127.500000	-32.750000	-1.083366e-04	9.860749e+04	1.858336e+03	9.781260e+00	1.493108e+04	1.494851e+04	1.479222e+04	8.993684e+01	8.425160e+01
	1056	499	264.000000	-34.750000	-1.177243e-04	1.013715e+05	1.714501e+00	9.151650e+00	1.470070e+04	1.470832e+04	1.462059e+04	8.200156e+01	7.868182e+01
	678	514	169.500000	-38.500000	-2.403907e-04	1.001065e+05	3.300666e+00	1.626022e+01	1.420940e+04	1.423232e+04	1.385759e+04	8.447827e+01	6.747990e+01
	874	539	218.500000	-44.750000	-7.799780e-05	1.015655e+05	1.573817e+00	7.066823e+00	1.473777e+04	1.475615e+04	1.460809e+04	8.986526e+01	8.703576e+01
2024	1	5	33	12
	637	360	159.250000	0.000000	-1.485576e-05	1.010582e+05	1.634048e+00	5.005067e+00	1.490235e+04	1.490265e+04	1.486944e+04	7.607339e+01	7.563623e+01
	939	360	234.750000	0.000000	-1.598825e-05	1.007532e+05	1.433130e+00	9.266421e+00	1.451916e+04	1.452181e+04	1.448894e+04	8.952443e+01	8.856236e+01
	1256	360	314.000000	0.000000	-1.861947e-06	9.980216e+04	5.428191e+02	8.792979e+00	1.493428e+04	1.493534e+04	1.492332e+04	8.165920e+01	8.365933e+01
	530	361	132.500000	-0.250000	-1.428952e-05	8.293816e+04	1.706906e+04	5.787610e+00	1.488500e+04	1.488588e+04	1.486732e+04	8.611841e+01	8.391782e+01
	1256	361	314.000000	-0.250000	-1.861947e-06	9.980216e+04	6.766482e+02	8.792979e+00	1.493390e+04	1.493499e+04	1.492332e+04	8.078154e+01	8.329139e+01
	296	362	74.000000	-0.500000	-6.927480e-05	1.009602e+05	1.774817e+00	9.404099e+00	1.474796e+04	1.475036e+04	1.471469e+04	8.878149e+01	8.459904e+01
	426	363	106.500000	-0.750000	2.460252e-05	1.006302e+05	3.624096e+02	7.649135e+00	1.481968e+04	1.482375e+04	1.479532e+04	8.266375e+01	8.434164e+01
	426	364	106.500000	-1.000000	2.460252e-05	1.006772e+05	3.624096e+02	7.393167e+00	1.482228e+04	1.482587e+04	1.479532e+04	8.256278e+01	8.431491e+01
	894	364	223.500000	-1.000000	-5.285372e-05	1.006932e+05	1.192271e+00	9.903763e+00	1.447369e+04	1.447723e+04	1.444919e+04	7.510477e+01	8.075451e+01
	363	367	90.750000	-1.750000	-1.467695e-05	1.008892e+05	2.297254e+00	1.117343e+01	1.480043e+04	1.480092e+04	1.474057e+04	7.682845e+01	7.964421e+01
	1230	375	307.500000	-3.750000	1.148949e-05	9.721616e+04	3.036775e+03	3.679363e+00	1.495727e+04	1.495901e+04	1.491444e+04	9.190648e+01	9.312994e+01
	234	379	58.500000	-4.750000	-1.566552e-04	1.008572e+05	1.453390e+00	1.300423e+01	1.472486e+04	1.473270e+04	1.463519e+04	8.810696e+01	8.565676e+01
	310	382	77.500000	-5.500000	-9.803404e-05	1.009442e+05	1.332789e+00	6.398061e+00	1.473951e+04	1.474187e+04	1.470219e+04	8.851322e+01	8.386559e+01
	377	382	94.250000	-5.500000	-9.013643e-05	1.008902e+05	1.774652e+00	9.415070e+00	1.479501e+04	1.479952e+04	1.473857e+04	7.980975e+01	8.178223e+01
	789	382	197.250000	-5.500000	-2.982162e-04	1.007172e+05	1.091741e+00	9.820289e+00	1.457494e+04	1.458187e+04	1.447519e+04	8.302642e+01	7.100471e+01
	466	384	116.500000	-6.000000	-1.768016e-04	9.352416e+04	9.569978e+01	4.064087e+00	1.491688e+04	1.491914e+04	1.487594e+04	8.219078e+01	8.092535e+01
	586	388	146.500000	-7.000000	-7.353653e-05	7.498916e+04	2.513040e+04	4.454392e+00	1.488754e+04	1.488663e+04	1.482469e+04	8.252894e+01	8.104770e+01
	1131	388	282.750000	-7.000000	-1.190447e-04	6.023615e+04	3.854746e+04	6.238585e+00	1.493650e+04	1.493329e+04	1.482144e+04	8.422863e+01	7.908553e+01
	143	395	35.750000	-8.750000	-1.426481e-04	7.817316e+04	2.260345e+04	5.347720e+00	1.477484e+04	1.478264e+04	1.463632e+04	8.361906e+01	8.368566e+01
	256	395	64.000000	-8.750000	-2.334942e-05	1.008792e+05	2.096102e+00	5.873943e+00	1.475479e+04	1.475701e+04	1.471707e+04	7.974528e+01	7.990114e+01
	609	399	152.250000	-9.750000	-2.987613e-05	9.068116e+04	2.703554e+03	4.796975e+00	1.486877e+04	1.487068e+04	1.483907e+04	8.407760e+01	8.444939e+01
	1184	407	296.000000	-11.750000	-2.764605e-04	9.672916e+04	4.362370e+03	3.985805e+00	1.485522e+04	1.486327e+04	1.472719e+04	8.923888e+01	8.119552e+01
	199	411	49.750000	-12.750000	-5.517830e-05	8.531116e+04	1.653842e+04	5.462283e+00	1.482381e+04	1.482501e+04	1.478382e+04	7.887411e+01	8.055817e+01
	667	424	166.750000	-16.000000	-1.522743e-04	9.647316e+04	3.957731e+03	8.027986e+00	1.481746e+04	1.482258e+04	1.475882e+04	8.696151e+01	8.346700e+01
	701	436	175.250000	-19.000000	-5.261530e-05	9.549816e+04	7.904078e+00	6.938563e+00	1.484161e+04	1.484615e+04	1.479194e+04	8.278156e+01	7.820479e+01
	1273	440	318.250000	-20.000000	-7.010926e-05	8.878016e+04	1.106737e+04	1.075815e+01	1.475869e+04	1.476371e+04	1.471607e+04	8.766060e+01	8.674128e+01
	1283	464	320.750000	-26.000000	-1.849078e-04	1.006462e+05	1.554895e+00	1.627640e+01	1.460732e+04	1.463061e+04	1.441469e+04	8.822521e+01	8.942245e+01
	252	483	63.000000	-30.750000	-2.921664e-04	9.999716e+04	1.011771e+00	2.024297e+01	1.433099e+04	1.439533e+04	1.372169e+04	8.457493e+01	8.197592e+01
	506	492	126.500000	-33.000000	-1.164519e-04	9.870816e+04	1.670105e+03	9.981950e+00	1.492473e+04	1.494210e+04	1.478469e+04	8.920702e+01	8.134744e+01
	1061	498	265.250000	-34.500000	-1.027130e-04	1.013972e+05	1.732053e+00	8.372463e+00	1.470224e+04	1.470889e+04	1.461607e+04	7.635175e+01	7.482284e+01
	684	511	171.000000	-37.750000	-2.256774e-04	9.822016e+04	5.046560e+00	1.497177e+01	1.435826e+04	1.437668e+04	1.405769e+04	8.570859e+01	7.541051e+01
	883	539	220.750000	-44.750000	-1.463436e-04	1.015942e+05	1.573817e+00	7.426344e+00	1.471891e+04	1.473900e+04	1.458044e+04	8.852198e+01	8.618128e+01
	884	540	221.000000	-45.000000	-1.463436e-04	1.015942e+05	1.213583e+00	7.426344e+00	1.471171e+04	1.473206e+04	1.458044e+04	8.863390e+01	8.632854e+01
2024	1	5	34	18
	437	360	109.250000	0.000000	-1.079985e-05	9.515316e+04	6.177788e+03	5.293571e+00	1.480727e+04	1.480952e+04	1.477949e+04	8.469988e+01	8.477831e+01
	514	360	128.500000	0.000000	-1.888955e-06	9.627216e+04	5.461909e+03	6.069327e+00	1.471282e+04	1.471524e+04	1.469461e+04	9.220959e+01	9.040897e+01
	885	360	221.250000	0.000000	-4.814216e-05	1.010522e+05	1.192116e+00	9.700583e+00	1.479045e+04	1.479214e+04	1.476186e+04	7.664531e+01	7.977402e+01
	304	361	76.000000	-0.250000	-1.013095e-04	1.011552e+05	1.814968e+00	9.388497e+00	1.490345e+04	1.490474e+04	1.487099e+04	8.928677e+01	8.408377e+01
	885	361	221.250000	-0.250000	-3.434368e-05	1.010522e+05	1.192116e+00	9.700583e+00	1.479186e+04	1.479339e+04	1.476186e+04	7.568723e+01	7.923340e+01
	1250	365	312.500000	-1.250000	-1.875707e-05	9.829816e+04	1.409781e+03	7.982126e+00	1.468258e+04	1.468380e+04	1.463161e+04	8.306910e+01	8.504961e+01
	1122	366	280.500000	-1.500000	-7.061311e-05	6.510216e+04	3.877745e+04	5.245897e+00	1.482015e+04	1.482027e+04	1.471361e+04	7.932854e+01	7.716486e+01
	1229	368	307.250000	-2.000000	-6.629177e-05	9.567816e+04	4.826799e+03	5.586704e+00	1.469431e+04	1.469730e+04	1.462949e+04	9.208667e+01	9.145850e+01
	1163	370	290.750000	-2.500000	-5.133101e-05	9.866116e+04	1.533427e+03	1.986984e+00	1.484452e+04	1.484673e+04	1.479974e+04	8.110767e+01	7.715030e+01
	83	372	20.750000	-3.000000	-1.091906e-05	9.318116e+04	5.664161e+03	2.365705e+00	1.487051e+04	1.487023e+04	1.484786e+04	7.784859e+01	7.678188e+01
	951	372	237.750000	-3.000000	-2.048560e-05	1.010942e+05	9.314558e-01	1.039458e+01	1.480478e+04	1.480819e+04	1.477536e+04	8.109142e+01	8.126395e+01
	952	372	238.000000	-3.000000	-2.048560e-05	1.010942e+05	8.509535e-01	1.039458e+01	1.480469e+04	1.480826e+04	1.477536e+04	8.061045e+01	8.079834e+01
	253	374	63.250000	-3.500000	-3.459270e-04	1.011562e+05	8.908886e-01	1.159686e+01	1.495935e+04	1.496053e+04	1.488261e+04	8.926688e+01	8.426065e+01
	310	383	77.500000	-5.750000	-1.351649e-04	1.011382e+05	1.332789e+00	7.625335e+00	1.489243e+04	1.489600e+04	1.485161e+04	8.912882e+01	8.627718e+01
	375	386	93.750000	-6.500000	-6.775209e-05	1.010572e+05	1.774652e+00	8.294286e+00	1.484249e+04	1.484588e+04	1.481511e+04	8.878327e+01	8.507897e+01
	376	386	94.000000	-6.500000	-5.782791e-05	1.010572e+05	1.774652e+00	8.086560e+00	1.484175e+04	1.484512e+04	1.481511e+04	8.899122e+01	8.538779e+01
	781	387	195.250000	-6.750000	-7.177705e-04	1.009612e+05	1.152027e+00	1.188077e+01	1.481939e+04	1.482298e+04	1.472474e+04	8.844077e+01	7.801771e+01
	1247	390	311.750000	-7.500000	-3.210851e-05	9.546516e+04	4.880759e+03	3.793618e+00	1.469541e+04	1.469623e+04	1.464286e+04	8.703149e+01	8.626648e+01
	468	395	117.000000	-8.750000	-4.948326e-05	9.339916e+04	9.070883e+03	4.584247e+00	1.478710e+04	1.478843e+04	1.476411e+04	8.073014e+01	8.046769e+01
	588	395	147.000000	-8.750000	-7.728883e-05	7.818616e+04	2.481712e+04	5.205484e+00	1.465259e+04	1.465666e+04	1.458574e+04	8.500123e+01	8.453572e+01
	148	401	37.000000	-10.250000	-2.520198e-04	7.838516e+04	1.431112e+04	4.733543e+00	1.493169e+04	1.493384e+04	1.486736e+04	9.078871e+01	8.653204e+01
	640	401	160.000000	-10.250000	-1.132006e-04	9.455416e+04	5.910511e+03	6.163686e+00	1.462543e+04	1.463114e+04	1.456536e+04	9.215197e+01	8.711201e+01
	1186	407	296.500000	-11.750000	-2.703185e-04	9.655016e+04	4.362370e+03	3.667131e+00	1.474501e+04	1.475179e+04	1.461986e+04	9.309658e+01	8.688827e+01
	367	421	91.750000	-15.250000	-7.913657e-05	1.012012e+05	1.152186e+00	7.949777e+00	1.486079e+04	1.486331e+04	1.482474e+04	7.602681e+01	8.124052e+01
	668	423	167.000000	-15.750000	-7.943460e-05	9.625216e+04	3.957731e+03	8.442299e+00	1.463593e+04	1.464130e+04	1.455974e+04	8.474734e+01	8.132889e+01
	1271	436	317.750000	-19.000000	-7.114955e-05	8.854216e+04	1.215646e+04	7.639899e+00	1.462018e+04	1.462538e+04	1.454324e+04	8.683344e+01	8.200983e+01
	885	456	221.250000	-24.000000	-1.126642e-04	1.017412e+05	1.292770e+00	6.837824e+00	1.534481e+04	1.534851e+04	1.529674e+04	7.637307e+01	7.648327e+01
	1233	467	308.250000	-26.750000	-1.018459e-04	8.707216e+04	1.194396e+04	5.694250e+00	1.479244e+04	1.479530e+04	1.472986e+04	8.212676e+01	8.014510e+01
	1300	468	325.000000	-27.000000	-5.394036e-04	1.004242e+05	1.755499e+00	1.701330e+01	1.455027e+04	1.457612e+04	1.421799e+04	8.848862e+01	8.832960e+01
	256	483	64.000000	-30.750000	-2.965147e-04	1.003742e+05	7.503881e-01	1.734355e+01	1.452217e+04	1.457346e+04	1.404049e+04	8.387400e+01	8.130288e+01
	510	494	127.500000	-33.500000	-1.638348e-04	9.905816e+04	1.145405e+03	8.919360e+00	1.472740e+04	1.474188e+04	1.457636e+04	8.579603e+01	8.056882e+01
	282	497	70.500000	-34.250000	-2.544040e-04	1.009542e+05	1.132585e+00	1.583583e+01	1.497480e+04	1.498420e+04	1.480811e+04	9.211710e+01	8.172617e+01
	689	508	172.250000	-37.000000	-1.983161e-04	9.602216e+04	2.205153e+03	1.401789e+01	1.433764e+04	1.435162e+04	1.411736e+04	8.305741e+01	7.890319e+01
	721	524	180.250000	-41.000000	-1.958425e-04	9.914616e+04	6.073672e+00	9.229736e+00	1.417085e+04	1.417961e+04	1.407086e+04	8.461262e+01	8.468873e+01
2024	1	6	28	0
	930	360	232.500000	0.000000	-2.770941e-05	1.006961e+05	1.091637e+00	9.140474e+00	1.449613e+04	1.449831e+04	1.447512e+04	9.058675e+01	8.895184e+01
	530	361	132.500000	-0.250000	-4.490535e-05	8.298406e+04	1.706906e+04	5.671443e+00	1.493704e+04	1.493810e+04	1.491300e+04	8.792345e+01	8.614393e+01
	427	364	106.750000	-1.000000	2.131541e-05	1.003091e+05	3.624096e+02	5.150129e+00	1.483033e+04	1.483403e+04	1.479425e+04	8.446295e+01	8.519651e+01
	1225	367	306.250000	-1.750000	-1.659028e-04	9.590306e+04	4.826799e+03	3.565674e+00	1.490489e+04	1.490747e+04	1.485012e+04	9.409695e+01	9.075713e+01
	464	373	116.000000	-3.250000	3.851252e-06	9.647906e+04	5.318484e+03	5.067721e+00	1.486636e+04	1.486889e+04	1.483588e+04	7.913352e+01	8.221413e+01
	550	378	137.500000	-4.500000	-6.916444e-05	7.024306e+04	3.434546e+04	4.290282e+00	1.493844e+04	1.493779e+04	1.486812e+04	8.017004e+01	8.261819e+01
	238	379	59.500000	-4.750000	-1.082651e-04	1.009471e+05	1.453390e+00	9.917767e+00	1.479319e+04	1.479728e+04	1.472775e+04	8.600083e+01	8.177843e+01
	105	381	26.250000	-5.250000	-3.134529e-05	7.900006e+04	9.750238e+03	2.018380e+00	1.483642e+04	1.483957e+04	1.480288e+04	7.564967e+01	7.829713e+01
	280	382	70.000000	-5.500000	-3.110687e-05	1.009521e+05	1.192265e+00	7.907468e+00	1.474472e+04	1.474793e+04	1.471675e+04	8.400320e+01	7.870156e+01
	370	384	92.500000	-6.000000	-6.451528e-05	1.009721e+05	1.292746e+00	6.204171e+00	1.477494e+04	1.477815e+04	1.473738e+04	8.392792e+01	8.134547e+01
	217	385	54.250000	-6.250000	-1.013509e-04	1.009371e+05	2.510779e+02	8.286811e+00	1.480588e+04	1.480861e+04	1.476375e+04	7.707907e+01	7.688786e+01
	308	385	77.000000	-6.250000	-1.104705e-04	1.009541e+05	1.332789e+00	7.135071e+00	1.475004e+04	1.475196e+04	1.470000e+04	8.774249e+01	8.477010e+01
	1128	389	282.000000	-7.250000	-7.756869e-05	6.015307e+04	4.016034e+04	6.965075e+00	1.480338e+04	1.480084e+04	1.469625e+04	7.797932e+01	7.227085e+01
	779	390	194.750000	-7.500000	-3.518395e-04	1.010021e+05	1.513821e+00	1.310105e+01	1.480585e+04	1.480153e+04	1.474838e+04	8.200063e+01	7.443420e+01
	779	391	194.750000	-7.750000	-3.518395e-04	1.010001e+05	1.513821e+00	1.310105e+01	1.480720e+04	1.480277e+04	1.474838e+04	8.228541e+01	7.581807e+01
	591	395	147.750000	-8.750000	-1.255802e-04	7.844306e+04	2.481712e+04	5.389893e+00	1.489577e+04	1.489730e+04	1.484150e+04	8.431738e+01	8.378501e+01
	149	398	37.250000	-9.500000	-2.262525e-04	7.823806e+04	1.834752e+04	5.185837e+00	1.481742e+04	1.481931e+04	1.476825e+04	8.961069e+01	8.644343e+01
	619	400	154.750000	-10.000000	-3.447453e-05	1.002081e+05	6.377739e+02	4.773727e+00	1.485719e+04	1.485968e+04	1.482850e+04	8.842528e+01	8.660818e+01
	647	405	161.750000	-11.250000	-3.632228e-05	9.485806e+04	5.204288e+03	5.927258e+00	1.484334e+04	1.484440e+04	1.480312e+04	8.741730e+01	8.171099e+01
	1143	407	285.750000	-11.750000	-1.336567e-04	5.847007e+04	4.556788e+04	7.145643e+00	1.488131e+04	1.487639e+04	1.468438e+04	8.267345e+01	7.841441e+01
	1188	409	297.000000	-12.250000	-2.408556e-04	9.441706e+04	4.362370e+03	2.725114e+00	1.473404e+04	1.474202e+04	1.462875e+04	8.648670e+01	8.213039e+01
	170	412	42.500000	-13.000000	-5.652825e-05	9.661106e+04	3.164185e+03	7.202856e+00	1.477389e+04	1.477808e+04	1.471950e+04	8.704044e+01	8.435088e+01
	81	425	20.250000	-16.250000	-5.330960e-05	8.527106e+04	1.299516e+04	3.081872e+00	1.482417e+04	1.482745e+04	1.475562e+04	7.865141e+01	7.652289e+01
	671	426	167.750000	-16.500000	-1.257889e-04	9.641806e+04	3.957731e+03	7.244056e+00	1.479504e+04	1.480137e+04	1.472912e+04	8.469003e+01	8.014127e+01
	1298	472	324.500000	-28.000000	-4.765324e-04	1.005431e+05	1.593897e+00	1.564765e+01	1.467709e+04	1.470476e+04	1.432762e+04	9.392786e+01	9.246880e+01
	259	484	64.750000	-31.000000	-2.640716e-04	1.003951e+05	7.503881e-01	1.674055e+01	1.440168e+04	1.444358e+04	1.403662e+04	8.670206e+01	8.150194e+01
	510	495	127.500000	-33.750000	-1.137487e-04	9.930806e+04	6.621058e+02	1.003989e+01	1.477290e+04	1.478812e+04	1.462525e+04	8.623193e+01	8.069449e+01
	729	536	182.250000	-44.000000	-8.570473e-05	1.006081e+05	5.281807e+02	9.992109e+00	1.415789e+04	1.416934e+04	1.405988e+04	8.223413e+01	7.833684e+01
2024	1	6	29	6
	1235	361	308.750000	-0.250000	-5.971082e-05	9.588003e+04	3.782592e+03	7.426025e+00	1.477075e+04	1.477173e+04	1.475548e+04	9.327164e+01	9.240325e+01
	1122	366	280.500000	-1.500000	-7.848628e-05	6.512603e+04	3.877745e+04	6.543118e+00	1.484306e+04	1.484056e+04	1.475560e+04	8.563142e+01	8.149663e+01
	416	367	104.000000	-1.750000	6.360933e-06	8.745703e+04	7.681693e+03	6.207675e+00	1.476584e+04	1.476747e+04	1.466873e+04	8.967459e+01	8.742957e+01
	481	367	120.250000	-1.750000	-5.184300e-05	8.215103e+04	1.932979e+04	5.211924e+00	1.463172e+04	1.463619e+04	1.453373e+04	7.934357e+01	8.245197e+01
	901	367	225.250000	-1.750000	-4.069880e-06	1.009960e+05	1.152120e+00	1.037317e+01	1.475094e+04	1.475187e+04	1.473260e+04	7.816045e+01	8.001080e+01
	444	371	111.000000	-2.750000	-4.904158e-05	9.549703e+04	3.754190e+03	5.249832e+00	1.468858e+04	1.468986e+04	1.460498e+04	8.177540e+01	8.274527e+01
	538	373	134.500000	-3.250000	-4.299171e-05	6.994403e+04	2.249808e+04	4.976761e+00	1.457719e+04	1.457745e+04	1.449860e+04	8.109138e+01	8.212968e+01
	252	380	63.000000	-5.000000	-1.188088e-04	1.011820e+05	9.910712e-01	1.072223e+01	1.496948e+04	1.497393e+04	1.491835e+04	8.443375e+01	8.260078e+01
	703	387	175.750000	-6.750000	-4.996546e-05	1.008000e+05	1.152034e+00	5.247296e+00	1.468125e+04	1.468386e+04	1.465585e+04	8.431078e+01	8.183926e+01
	310	388	77.500000	-7.000000	-9.991415e-05	1.010950e+05	1.332789e+00	7.645867e+00	1.486310e+04	1.486689e+04	1.481123e+04	8.808999e+01	8.555896e+01
	373	388	93.250000	-7.000000	-5.941279e-05	1.010400e+05	1.774652e+00	5.589571e+00	1.482172e+04	1.482388e+04	1.479560e+04	8.940376e+01	8.474561e+01
	586	388	146.500000	-7.000000	-1.171995e-04	7.463103e+04	2.513040e+04	6.078307e+00	1.454279e+04	1.454358e+04	1.444298e+04	8.573835e+01	8.602130e+01
	703	388	175.750000	-7.000000	-4.996546e-05	1.008000e+05	1.152034e+00	5.247296e+00	1.468172e+04	1.468429e+04	1.465585e+04	8.391885e+01	8.148698e+01
	558	391	139.500000	-7.750000	-2.835877e-05	8.769803e+04	4.837040e+02	5.509307e+00	1.451553e+04	1.452354e+04	1.433098e+04	8.039315e+01	8.055925e+01
	148	399	37.000000	-9.750000	-1.503099e-04	7.841403e+04	1.834752e+04	4.423435e+00	1.499211e+04	1.499544e+04	1.493835e+04	9.344132e+01	8.802407e+01
	394	399	98.500000	-9.750000	-6.087311e-05	1.010490e+05	1.433058e+00	6.147194e+00	1.482370e+04	1.482469e+04	1.480023e+04	8.574309e+01	8.690254e+01
	1188	411	297.000000	-12.750000	-2.010334e-04	9.447103e+04	4.362370e+03	2.634434e+00	1.472119e+04	1.472560e+04	1.465423e+04	8.898474e+01	8.468042e+01
	175	416	43.750000	-14.000000	-5.130656e-05	9.849403e+04	1.724083e+03	7.659761e+00	1.499802e+04	1.499962e+04	1.493173e+04	8.817157e+01	8.646647e+01
	69	418	17.250000	-14.500000	-2.040155e-05	8.271003e+04	1.662767e+04	2.398747e+00	1.494284e+04	1.494627e+04	1.490435e+04	8.374014e+01	7.804527e+01
	523	420	130.750000	-15.000000	-5.375035e-05	9.587203e+04	3.238147e+03	5.101377e+00	1.458516e+04	1.458854e+04	1.451998e+04	7.763076e+01	7.074583e+01
	668	421	167.000000	-15.250000	-7.154234e-05	9.625703e+04	3.957731e+03	6.011489e+00	1.464761e+04	1.465245e+04	1.459298e+04	8.371569e+01	7.897200e+01
	803	422	200.750000	-15.500000	-3.846157e-04	1.011240e+05	6.092701e-01	9.738503e+00	1.495858e+04	1.496353e+04	1.484535e+04	8.615588e+01	8.256026e+01
	834	434	208.500000	-18.500000	-8.945931e-04	1.003450e+05	3.384436e+02	1.370838e+01	1.511651e+04	1.511700e+04	1.487348e+04	8.657112e+01	8.284182e+01
	1297	474	324.250000	-28.500000	-2.575982e-04	1.004510e+05	1.593897e+00	1.515403e+01	1.449204e+04	1.452002e+04	1.420673e+04	9.274181e+01	9.242765e+01
	262	484	65.500000	-31.000000	-2.377201e-04	1.006310e+05	1.071792e+00	1.530801e+01	1.455490e+04	1.459064e+04	1.424823e+04	8.912676e+01	8.560704e+01
	514	495	128.500000	-33.750000	-1.403261e-04	9.907903e+04	2.435059e+02	7.897179e+00	1.459134e+04	1.460317e+04	1.444973e+04	8.394283e+01	8.197462e+01
	284	500	71.000000	-35.000000	-5.831588e-04	1.008570e+05	1.132585e+00	1.644218e+01	1.478167e+04	1.480647e+04	1.447998e+04	8.780103e+01	8.249176e+01
	545	504	136.250000	-36.000000	-2.071727e-04	9.686903e+04	1.606557e+03	8.028744e+00	1.464882e+04	1.465614e+04	1.454385e+04	7.690749e+01	7.042136e+01
	750	535	187.500000	-43.750000	-2.378393e-04	1.005990e+05	2.116042e+00	1.354361e+01	1.418229e+04	1.420569e+04	1.395060e+04	8.691365e+01	8.014525e+01
2024	1	6	24	12
	727	362	181.750000	-0.500000	-3.689807e-05	1.009207e+05	9.109490e-01	5.720780e+00	1.476307e+04	1.476463e+04	1.472505e+04	8.205890e+01	7.656309e+01
	579	367	144.750000	-1.750000	-6.231479e-06	9.624870e+04	1.394422e+02	5.179806e+00	1.479190e+04	1.479563e+04	1.474418e+04	8.870850e+01	8.672096e+01
	420	373	105.000000	-3.250000	-7.033627e-05	8.765170e+04	1.528266e+04	6.396083e+00	1.482487e+04	1.482538e+04	1.479393e+04	8.482829e+01	8.463380e+01
	550	378	137.500000	-4.500000	-4.136842e-05	7.014170e+04	3.434546e+04	3.011923e+00	1.481474e+04	1.481434e+04	1.473605e+04	8.437548e+01	8.382880e+01
	256	380	64.000000	-5.000000	-8.744281e-05	1.009137e+05	9.309574e-01	9.742774e+00	1.472030e+04	1.472333e+04	1.468630e+04	8.230597e+01	8.101437e+01
	1121	382	280.250000	-5.500000	-9.531062e-05	6.569070e+04	3.491481e+04	7.034146e+00	1.484754e+04	1.484860e+04	1.473180e+04	8.115638e+01	7.587459e+01
	379	383	94.750000	-5.750000	-7.516425e-05	1.009477e+05	1.774652e+00	4.684947e+00	1.476543e+04	1.476904e+04	1.473855e+04	8.742897e+01	8.384649e+01
	378	384	94.500000	-6.000000	-7.516425e-05	1.009477e+05	1.774652e+00	4.906992e+00	1.476551e+04	1.476891e+04	1.473855e+04	8.839439e+01	8.425864e+01
	586	388	146.500000	-7.000000	-1.357524e-04	7.491670e+04	2.513040e+04	6.384174e+00	1.480365e+04	1.480188e+04	1.473305e+04	8.722533e+01	8.664198e+01
	704	390	176.000000	-7.500000	-1.148311e-04	1.009227e+05	1.152056e+00	6.682557e+00	1.478138e+04	1.478431e+04	1.472380e+04	8.982780e+01	8.773362e+01
	143	394	35.750000	-8.500000	-7.090252e-05	7.817470e+04	2.260345e+04	4.065704e+00	1.472964e+04	1.473385e+04	1.464318e+04	8.105978e+01	7.861258e+01
	609	400	152.250000	-10.000000	-5.066674e-05	9.061970e+04	2.703554e+03	5.429305e+00	1.477946e+04	1.478253e+04	1.474080e+04	8.417661e+01	8.436208e+01
	279	401	69.750000	-10.250000	-2.774876e-05	1.008987e+05	1.011272e+00	5.028150e+00	1.472703e+04	1.473065e+04	1.469530e+04	7.555839e+01	7.842451e+01
	199	405	49.750000	-11.250000	-4.375260e-05	8.641870e+04	4.389258e+03	6.330448e+00	1.483515e+04	1.483803e+04	1.479818e+04	8.381995e+01	8.125199e+01
	1183	413	295.750000	-13.250000	-1.077680e-04	9.672770e+04	2.558907e+03	2.766220e+00	1.482797e+04	1.483943e+04	1.477080e+04	8.483745e+01	8.361797e+01
	800	426	200.000000	-16.500000	-3.993539e-04	1.010277e+05	6.493666e-01	1.006344e+01	1.487954e+04	1.488496e+04	1.476518e+04	8.416125e+01	8.086926e+01
	673	427	168.250000	-16.750000	-8.875411e-05	9.650470e+04	3.432453e+03	6.099694e+00	1.481375e+04	1.481681e+04	1.477155e+04	8.329594e+01	8.011855e+01
	1258	429	314.500000	-17.250000	-5.111378e-05	8.863970e+04	1.215646e+04	4.232177e+00	1.492348e+04	1.492726e+04	1.488993e+04	8.745004e+01	8.618806e+01
	831	435	207.750000	-18.750000	-4.152386e-04	1.002217e+05	6.041966e+01	1.065264e+01	1.499899e+04	1.500056e+04	1.488118e+04	8.399284e+01	8.428242e+01
	178	452	44.500000	-23.000000	-8.455198e-05	8.770170e+04	1.176414e+04	1.224406e+01	1.488963e+04	1.489693e+04	1.476293e+04	8.255544e+01	7.762914e+01
	1307	481	326.750000	-30.250000	-6.065397e-04	1.007137e+05	1.935207e+00	1.540288e+01	1.467366e+04	1.470069e+04	1.437530e+04	9.078928e+01	9.106454e+01
	266	482	66.500000	-30.500000	-1.995889e-04	1.005527e+05	1.071792e+00	1.520238e+01	1.446469e+04	1.449587e+04	1.420043e+04	8.791323e+01	8.398075e+01
	520	494	130.000000	-33.500000	-1.227288e-04	9.938770e+04	1.949124e+02	8.377615e+00	1.457236e+04	1.458494e+04	1.443180e+04	8.170673e+01	7.996127e+01
	744	540	186.000000	-45.000000	-2.161292e-04	1.006297e+05	8.051872e+01	1.074740e+01	1.411519e+04	1.412989e+04	1.402093e+04	7.712838e+01	7.131392e+01
2024	1	6	31	18
	353	360	88.250000	0.000000	1.875684e-05	1.010559e+05	1.594068e+00	7.030454e+00	1.488395e+04	1.488835e+04	1.484582e+04	8.713760e+01	8.492142e+01
	1401	360	350.250000	0.000000	-2.195314e-05	1.010219e+05	6.899931e-01	7.635590e+00	1.480676e+04	1.480921e+04	1.479044e+04	8.130668e+01	8.115353e+01
	919	364	229.750000	-1.000000	-2.025440e-05	1.009699e+05	9.106419e-01	1.074678e+01	1.471959e+04	1.472191e+04	1.469407e+04	7.999000e+01	8.030320e+01
	478	366	119.500000	-1.500000	-4.716590e-05	8.232385e+04	1.932979e+04	5.155998e+00	1.476717e+04	1.476826e+04	1.473819e+04	8.410082e+01	8.525179e+01
	1001	366	250.250000	-1.500000	-3.059581e-05	1.010229e+05	1.493570e+00	8.730798e+00	1.472334e+04	1.472472e+04	1.470819e+04	7.770359e+01	7.678194e+01
	1122	366	280.500000	-1.500000	-7.932261e-05	6.506585e+04	3.877745e+04	6.256474e+00	1.475903e+04	1.475983e+04	1.459732e+04	7.858296e+01	7.699554e+01
	285	369	71.250000	-2.250000	1.574680e-05	1.012189e+05	1.955598e+00	9.336980e+00	1.498873e+04	1.498874e+04	1.496232e+04	8.208416e+01	8.106979e+01
	1266	371	316.500000	-2.750000	-3.089383e-05	9.389185e+04	1.173241e+03	7.926320e+00	1.471469e+04	1.471680e+04	1.465057e+04	8.106887e+01	8.008991e+01
	1194	375	298.500000	-3.750000	-4.108623e-05	9.969885e+04	1.037384e+03	4.697235e+00	1.480275e+04	1.480472e+04	1.473307e+04	8.126050e+01	7.819230e+01
	695	380	173.750000	-5.000000	-3.071502e-05	1.008079e+05	1.393169e+00	8.292701e+00	1.469031e+04	1.469480e+04	1.461257e+04	8.900465e+01	8.606294e+01
	254	381	63.500000	-5.250000	-7.804111e-05	1.012449e+05	9.309574e-01	9.846398e+00	1.500454e+04	1.500761e+04	1.497407e+04	8.517286e+01	8.235555e+01
	387	387	96.750000	-6.750000	-2.299622e-05	1.010559e+05	1.634335e+00	4.790435e+00	1.484146e+04	1.484464e+04	1.481032e+04	8.692469e+01	8.543964e+01
	589	387	147.250000	-6.750000	-1.376756e-04	7.751285e+04	2.513040e+04	5.819637e+00	1.462586e+04	1.462542e+04	1.457569e+04	9.121307e+01	8.933163e+01
	448	391	112.000000	-7.750000	-4.725531e-05	9.042085e+04	1.376617e+04	3.319629e+00	1.479462e+04	1.479596e+04	1.476719e+04	7.779828e+01	7.979107e+01
	309	392	77.250000	-8.000000	-1.375563e-04	1.011419e+05	1.292903e+00	8.280628e+00	1.491194e+04	1.491615e+04	1.486594e+04	8.585251e+01	8.204728e+01
	889	392	222.250000	-8.000000	-3.801659e-05	1.005939e+05	1.426495e+02	9.339156e+00	1.489472e+04	1.489574e+04	1.487257e+04	7.647925e+01	7.385322e+01
	563	394	140.750000	-8.500000	-3.417209e-05	9.153885e+04	7.306672e+02	4.276135e+00	1.464066e+04	1.464353e+04	1.459244e+04	8.366525e+01	8.353089e+01
	614	398	153.500000	-9.500000	-5.163625e-05	9.861685e+04	6.377739e+02	3.582609e+00	1.460428e+04	1.460625e+04	1.458669e+04	8.837965e+01	8.728208e+01
	242	401	60.500000	-10.250000	-1.082607e-04	1.012959e+05	2.116592e+00	4.586541e+00	1.505955e+04	1.505964e+04	1.503007e+04	7.535653e+01	7.720256e+01
	69	405	17.250000	-11.250000	-1.341887e-04	8.260885e+04	1.728061e+04	3.595114e+00	1.481236e+04	1.481373e+04	1.475344e+04	7.873592e+01	7.220312e+01
	1207	406	301.750000	-11.500000	-3.169850e-05	9.367485e+04	5.260218e+03	3.886851e+00	1.475219e+04	1.475461e+04	1.465969e+04	8.482443e+01	8.398986e+01
	1255	419	313.750000	-14.750000	-8.474663e-05	8.917485e+04	1.176247e+04	3.887964e+00	1.474975e+04	1.475174e+04	1.467257e+04	8.430762e+01	8.201014e+01
	668	423	167.000000	-15.750000	-5.464628e-05	9.628085e+04	3.957731e+03	5.931261e+00	1.464304e+04	1.464839e+04	1.459819e+04	7.970345e+01	7.975661e+01
	799	430	199.750000	-17.500000	-2.658553e-04	1.011759e+05	3.661729e+00	8.643678e+00	1.502537e+04	1.503132e+04	1.491532e+04	8.698573e+01	8.259158e+01
	1267	436	316.750000	-19.000000	-4.570559e-05	8.864785e+04	1.215646e+04	4.007554e+00	1.477099e+04	1.477152e+04	1.469544e+04	8.112162e+01	7.730882e+01
	688	438	172.000000	-19.500000	-5.834177e-05	9.996085e+04	3.162313e+01	6.928081e+00	1.470705e+04	1.471066e+04	1.466782e+04	8.504088e+01	8.356995e+01
	828	438	207.000000	-19.500000	-2.423413e-04	1.014169e+05	1.292586e+00	9.603808e+00	1.517817e+04	1.517963e+04	1.510144e+04	8.666872e+01	8.328981e+01
	1307	485	326.750000	-31.250000	-2.874620e-04	1.006649e+05	1.935207e+00	1.607149e+01	1.458627e+04	1.461895e+04	1.430644e+04	8.997811e+01	8.834145e+01
	277	496	69.250000	-34.000000	-2.231784e-04	1.008059e+05	1.132585e+00	1.664529e+01	1.460593e+04	1.463869e+04	1.430794e+04	8.838346e+01	8.173608e+01
	553	512	138.250000	-38.000000	-2.486296e-04	9.848285e+04	5.937540e+02	6.414580e+00	1.437038e+04	1.437965e+04	1.425344e+04	8.534502e+01	7.569091e+01
	746	538	186.500000	-44.500000	-1.970716e-04	1.006239e+05	5.186918e+01	1.213013e+01	1.413971e+04	1.414842e+04	1.406919e+04	7.607100e+01	6.916857e+01
2024	1	7	28	0
	1086	360	271.500000	0.000000	-2.522836e-05	9.851203e+04	6.448661e+02	6.695734e+00	1.452797e+04	1.452991e+04	1.450651e+04	8.742075e+01	8.524432e+01
	693	362	173.250000	-0.500000	-1.813541e-05	1.010250e+05	1.332845e+00	6.346984e+00	1.486464e+04	1.486587e+04	1.484326e+04	8.318706e+01	8.558559e+01
	350	363	87.500000	-0.750000	-1.202594e-05	1.009650e+05	1.594068e+00	6.742167e+00	1.475861e+04	1.476051e+04	1.472239e+04	8.636115e+01	8.618321e+01
	1251	364	312.750000	-1.000000	-3.813277e-05	9.891403e+04	1.236914e+03	1.005831e+01	1.491926e+04	1.491951e+04	1.484314e+04	8.919495e+01	8.560227e+01
	1048	365	262.000000	-1.250000	-3.860961e-05	1.007340e+05	1.453045e+00	7.936593e+00	1.448801e+04	1.448833e+04	1.446451e+04	8.143770e+01	8.059615e+01
	478	366	119.500000	-1.500000	-4.451047e-05	8.249103e+04	1.932979e+04	4.645446e+00	1.493459e+04	1.493609e+04	1.489951e+04	7.974605e+01	8.235885e+01
	307	368	76.750000	-2.000000	-8.270843e-06	1.009810e+05	1.814968e+00	1.064115e+01	1.476519e+04	1.476540e+04	1.471864e+04	8.697947e+01	8.331466e+01
	394	368	98.500000	-2.000000	-3.047357e-05	8.753203e+04	9.826721e+02	5.121085e+00	1.484340e+04	1.484495e+04	1.482964e+04	7.599501e+01	8.070431e+01
	248	381	62.000000	-5.250000	-8.533965e-05	1.009600e+05	1.131980e+00	9.219588e+00	1.474597e+04	1.474861e+04	1.470876e+04	9.227752e+01	8.582721e+01
	378	383	94.500000	-5.750000	-8.811126e-05	1.009590e+05	1.774652e+00	4.881043e+00	1.477829e+04	1.478322e+04	1.473664e+04	8.533764e+01	8.257302e+01
	503	385	125.750000	-6.250000	-1.518498e-05	9.180103e+04	4.422329e+03	5.533083e+00	1.493984e+04	1.494198e+04	1.491426e+04	7.724896e+01	7.518552e+01
	589	387	147.250000	-6.750000	-1.437522e-04	7.780303e+04	2.513040e+04	6.533032e+00	1.492296e+04	1.492218e+04	1.485364e+04	8.559827e+01	8.582182e+01
	311	392	77.750000	-8.000000	-2.162911e-04	1.009330e+05	1.292903e+00	8.988296e+00	1.476076e+04	1.476462e+04	1.466126e+04	8.880508e+01	8.705777e+01
	558	393	139.500000	-8.250000	-1.120127e-04	9.950403e+04	4.837040e+02	4.225063e+00	1.489611e+04	1.490146e+04	1.485114e+04	8.196977e+01	8.128297e+01
	205	396	51.250000	-9.000000	-7.788907e-05	1.010540e+05	1.795275e+00	5.925089e+00	1.485291e+04	1.485381e+04	1.482051e+04	8.795534e+01	8.356745e+01
	443	396	110.750000	-9.000000	-4.409323e-05	9.058603e+04	1.162300e+04	5.547383e+00	1.491635e+04	1.491842e+04	1.486801e+04	8.384231e+01	8.082169e+01
	647	405	161.750000	-11.250000	-6.137858e-05	9.479203e+04	5.204288e+03	4.984310e+00	1.483804e+04	1.484039e+04	1.480564e+04	8.477826e+01	8.238577e+01
	151	406	37.750000	-11.500000	-1.863695e-04	8.781003e+04	9.195702e+03	3.729563e+00	1.478204e+04	1.478733e+04	1.471739e+04	9.471719e+01	9.143413e+01
	344	410	86.000000	-12.500000	-6.629596e-05	1.010720e+05	1.152138e+00	6.262689e+00	1.479916e+04	1.480212e+04	1.476089e+04	7.671341e+01	7.895077e+01
	1179	410	294.750000	-12.500000	-1.840151e-04	9.649903e+04	2.562138e+03	3.242704e+00	1.464342e+04	1.466159e+04	1.452439e+04	7.968695e+01	7.925304e+01
	68	423	17.000000	-15.750000	-5.738507e-05	8.308603e+04	1.566638e+04	2.676552e+00	1.475005e+04	1.475355e+04	1.468976e+04	7.912063e+01	7.212888e+01
	663	423	165.750000	-15.750000	-4.829536e-05	9.648103e+04	3.957731e+03	6.058844e+00	1.483789e+04	1.484177e+04	1.480189e+04	7.755303e+01	7.959711e+01
	785	429	196.250000	-17.250000	-6.435881e-05	1.010290e+05	1.152358e+00	8.831027e+00	1.490286e+04	1.490850e+04	1.485901e+04	7.580799e+01	7.422250e+01
	855	434	213.750000	-18.500000	-1.937903e-04	1.004640e+05	3.643571e+00	8.234032e+00	1.501962e+04	1.501968e+04	1.496839e+04	8.372188e+01	7.992998e+01
	897	456	224.250000	-24.000000	-1.755215e-04	1.014240e+05	1.392217e+01	1.167568e+01	1.510850e+04	1.511009e+04	1.503901e+04	8.590405e+01	7.639073e+01
	1308	488	327.000000	-32.000000	-2.241589e-04	1.007760e+05	1.935207e+00	1.568365e+01	1.466103e+04	1.469256e+04	1.439951e+04	9.120092e+01	8.851470e+01
	276	491	69.000000	-32.750000	-2.229370e-04	1.006590e+05	1.132585e+00	1.645074e+01	1.445241e+04	1.448441e+04	1.421914e+04	8.925112e+01	8.359492e+01
	562	521	140.500000	-40.250000	-1.921810e-04	9.815403e+04	4.189393e+01	1.074133e+01	1.438264e+04	1.439263e+04	1.426326e+04	8.002301e+01	7.022919e+01
2024	1	7	25	6
	644	361	161.000000	-0.250000	-8.963281e-06	1.007788e+05	1.634048e+00	8.389801e+00	1.464946e+04	1.465076e+04	1.463034e+04	8.406438e+01	8.131837e+01
	1249	365	312.250000	-1.250000	-6.686919e-05	9.857681e+04	1.275282e+03	8.304700e+00	1.475833e+04	1.475821e+04	1.469884e+04	9.122667e+01	8.655455e+01
	478	366	119.500000	-1.500000	-4.883879e-05	8.222481e+04	1.932979e+04	6.914938e+00	1.468280e+04	1.468420e+04	1.460622e+04	8.299032e+01	8.321062e+01
	507	374	126.750000	-3.500000	-4.365318e-05	9.191681e+04	9.746035e+03	5.324835e+00	1.466817e+04	1.466832e+04	1.458959e+04	7.764726e+01	7.930221e+01
	1348	378	337.000000	-4.500000	-4.907721e-05	1.009868e+05	8.105427e-01	8.193351e+00	1.471622e+04	1.471900e+04	1.468797e+04	7.906738e+01	7.721165e+01
	249	381	62.250000	-5.250000	-3.068673e-04	1.010768e+05	1.131980e+00	9.972918e+00	1.489397e+04	1.490054e+04	1.479447e+04	8.798690e+01	8.695686e+01
	704	381	176.000000	-5.250000	-2.351331e-04	1.008958e+05	1.393169e+00	7.009290e+00	1.478359e+04	1.478612e+04	1.472334e+04	8.081754e+01	8.126606e+01
	223	382	55.750000	-5.500000	-7.297867e-05	1.011238e+05	2.510779e+02	7.808019e+00	1.495243e+04	1.495287e+04	1.493509e+04	8.847357e+01	8.506124e+01
	1121	382	280.250000	-5.500000	-7.697218e-05	6.559381e+04	3.491481e+04	8.422534e+00	1.470412e+04	1.470628e+04	1.456322e+04	7.936397e+01	7.485334e+01
	382	383	95.500000	-5.750000	-6.317371e-05	1.009958e+05	1.774652e+00	5.429157e+00	1.479336e+04	1.479593e+04	1.476547e+04	8.778737e+01	8.498096e+01
	426	385	106.500000	-6.250000	-5.760067e-05	8.797081e+04	1.385093e+04	6.454810e+00	1.477645e+04	1.477951e+04	1.468422e+04	8.734155e+01	8.653814e+01
	586	388	146.500000	-7.000000	-7.321709e-05	7.470381e+04	2.513040e+04	6.530500e+00	1.460152e+04	1.460224e+04	1.449822e+04	8.407364e+01	8.569451e+01
	446	392	111.500000	-8.000000	-4.114979e-05	9.032781e+04	1.376617e+04	4.345638e+00	1.474520e+04	1.474724e+04	1.467397e+04	8.492777e+01	8.269678e+01
	1073	393	268.250000	-8.250000	-2.764934e-05	1.010048e+05	1.974959e+00	8.335726e+00	1.462817e+04	1.463028e+04	1.459997e+04	7.684205e+01	7.705110e+01
	311	395	77.750000	-8.750000	-2.600776e-04	1.010568e+05	1.292903e+00	8.864821e+00	1.484942e+04	1.485638e+04	1.475997e+04	8.482687e+01	8.279135e+01
	150	406	37.500000	-11.500000	-2.515542e-04	8.651781e+04	1.025367e+04	7.197052e+00	1.494180e+04	1.494599e+04	1.485372e+04	9.633894e+01	9.209001e+01
	533	410	133.250000	-12.500000	-5.402439e-05	9.647281e+04	3.774556e+03	6.769635e+00	1.459738e+04	1.459916e+04	1.450709e+04	8.126405e+01	7.822509e+01
	77	417	19.250000	-14.250000	-3.736489e-05	8.300181e+04	1.499715e+04	2.720613e+00	1.487935e+04	1.488096e+04	1.482509e+04	8.861636e+01	8.348527e+01
	1278	421	319.500000	-15.250000	-1.610743e-04	8.818981e+04	9.555682e+03	6.436915e+00	1.480186e+04	1.480349e+04	1.475022e+04	9.048062e+01	8.412888e+01
	896	456	224.000000	-24.000000	-5.066621e-04	1.015848e+05	1.392217e+01	1.265174e+01	1.520240e+04	1.520494e+04	1.508097e+04	8.366806e+01	7.607097e+01
	1309	492	327.250000	-33.000000	-2.180564e-04	1.006198e+05	1.935207e+00	1.472191e+01	1.447546e+04	1.450435e+04	1.422809e+04	8.707490e+01	8.736160e+01
	294	496	73.500000	-34.000000	-2.222883e-04	1.006748e+05	1.494565e+00	1.638307e+01	1.448812e+04	1.452480e+04	1.424547e+04	8.836701e+01	8.126025e+01
	569	526	142.250000	-41.500000	-1.794922e-04	9.145181e+04	7.824523e+02	1.081666e+01	1.421133e+04	1.421905e+04	1.408872e+04	8.429869e+01	7.207348e+01
	570	526	142.500000	-41.500000	-1.828896e-04	8.987881e+04	2.382656e+03	1.081666e+01	1.421428e+04	1.422198e+04	1.408872e+04	8.630166e+01	7.233586e+01
	764	531	191.000000	-42.750000	-9.318464e-05	1.009328e+05	1.412667e+00	1.428774e+01	1.433062e+04	1.433790e+04	1.426009e+04	8.080642e+01	7.136791e+01
2024	1	7	36	12
	348	361	87.000000	-0.250000	1.418521e-05	1.008776e+05	1.594068e+00	9.113543e+00	1.473082e+04	1.473230e+04	1.470308e+04	8.643053e+01	8.396570e+01
	1094	361	273.500000	-0.250000	-3.725360e-05	1.007736e+05	2.516047e+00	6.602805e+00	1.462596e+04	1.462811e+04	1.459633e+04	9.323559e+01	9.134676e+01
	232	362	58.000000	-0.500000	4.290836e-06	1.008846e+05	1.875327e+00	8.208975e+00	1.466479e+04	1.466409e+04	1.464545e+04	8.555031e+01	8.329311e+01
	422	362	105.500000	-0.500000	1.296331e-05	9.961859e+04	6.375573e+02	6.895352e+00	1.483080e+04	1.483216e+04	1.479308e+04	8.087505e+01	8.231284e+01
	618	362	154.500000	-0.500000	6.406801e-06	1.010386e+05	2.136455e+00	7.240063e+00	1.486485e+04	1.486443e+04	1.484670e+04	8.409576e+01	7.954025e+01
	982	362	245.500000	-0.500000	-3.612111e-05	1.008136e+05	9.715036e-01	8.279076e+00	1.453964e+04	1.454143e+04	1.451970e+04	8.693589e+01	8.590101e+01
	982	363	245.500000	-0.750000	-3.212760e-05	1.008166e+05	9.715036e-01	8.495814e+00	1.454002e+04	1.454183e+04	1.451970e+04	8.658434e+01	8.546249e+01
	644	364	161.000000	-1.000000	-1.123617e-05	1.010516e+05	1.634048e+00	8.017538e+00	1.487510e+04	1.487580e+04	1.484083e+04	8.549512e+01	8.124254e+01
	485	368	121.250000	-2.000000	-6.905268e-05	8.237159e+04	1.932979e+04	6.486024e+00	1.482525e+04	1.482703e+04	1.478258e+04	8.419184e+01	8.098708e+01
	794	368	198.500000	-2.000000	-1.192163e-05	1.010126e+05	8.104951e-01	7.270463e+00	1.480296e+04	1.480366e+04	1.477995e+04	7.958715e+01	6.998190e+01
	1248	368	312.000000	-2.000000	-3.737281e-05	9.814059e+04	1.591789e+03	6.121167e+00	1.501975e+04	1.502258e+04	1.493145e+04	8.973856e+01	8.731788e+01
	515	370	128.750000	-2.500000	-5.078386e-05	9.213959e+04	8.143510e+03	3.925941e+00	1.480876e+04	1.481148e+04	1.477820e+04	7.772644e+01	7.609098e+01
	458	375	114.500000	-3.750000	-3.696186e-06	9.644559e+04	5.318484e+03	5.886740e+00	1.483795e+04	1.483806e+04	1.480583e+04	8.538587e+01	8.298416e+01
	381	381	95.250000	-5.250000	-7.146667e-05	1.009226e+05	1.774652e+00	5.197725e+00	1.474973e+04	1.475247e+04	1.471420e+04	8.791485e+01	8.640961e+01
	1121	382	280.250000	-5.500000	-7.522176e-05	6.564859e+04	3.491481e+04	8.554886e+00	1.475884e+04	1.476297e+04	1.456508e+04	7.797359e+01	7.390786e+01
	706	383	176.500000	-5.750000	-1.474030e-04	1.010416e+05	1.393169e+00	8.570454e+00	1.489671e+04	1.489873e+04	1.484908e+04	7.684536e+01	7.506373e+01
	1268	383	317.000000	-5.750000	-1.268692e-04	9.391759e+04	6.485346e+03	5.204102e+00	1.503101e+04	1.503019e+04	1.498095e+04	9.300412e+01	8.807545e+01
	267	386	66.750000	-6.500000	-6.252597e-05	1.008166e+05	1.634308e+00	9.662726e+00	1.463521e+04	1.463761e+04	1.460945e+04	8.408765e+01	8.098376e+01
	135	395	33.750000	-8.750000	-1.174218e-04	7.806159e+04	2.260345e+04	3.967245e+00	1.464009e+04	1.464439e+04	1.453170e+04	7.810196e+01	7.829652e+01
	308	397	77.000000	-9.250000	-1.983650e-04	1.008026e+05	1.272318e+00	6.746177e+00	1.462988e+04	1.463478e+04	1.453933e+04	8.605830e+01	7.806588e+01
	406	398	101.500000	-9.500000	-5.427073e-05	1.009646e+05	1.634796e+00	6.768015e+00	1.477489e+04	1.477713e+04	1.474395e+04	8.472276e+01	8.406800e+01
	677	398	169.250000	-9.500000	-4.620058e-06	1.010596e+05	7.419050e+00	3.205397e+00	1.488722e+04	1.488815e+04	1.485633e+04	7.788485e+01	7.593710e+01
	234	399	58.500000	-9.750000	-5.525420e-05	1.007936e+05	1.333086e+00	4.853278e+00	1.465861e+04	1.466188e+04	1.460983e+04	8.252274e+01	8.286949e+01
	235	399	58.750000	-9.750000	-6.124447e-05	1.007936e+05	1.333086e+00	4.853278e+00	1.465808e+04	1.466112e+04	1.460983e+04	8.255946e+01	8.279997e+01
	577	399	144.250000	-9.750000	-5.424093e-05	8.607159e+04	4.627175e+02	5.833013e+00	1.484062e+04	1.484438e+04	1.477520e+04	8.696710e+01	8.642492e+01
	638	402	159.500000	-10.500000	-4.690955e-05	9.485059e+04	5.910511e+03	5.329742e+00	1.486129e+04	1.486408e+04	1.483095e+04	8.962876e+01	8.517565e+01
	638	403	159.500000	-10.750000	-4.139612e-05	9.485059e+04	5.910511e+03	5.549195e+00	1.486104e+04	1.486383e+04	1.483095e+04	8.952963e+01	8.480993e+01
	744	408	186.000000	-12.000000	-6.949971e-05	9.752659e+04	6.583841e+02	5.741707e+00	1.488288e+04	1.488438e+04	1.483533e+04	8.941621e+01	8.227654e+01
	147	415	36.750000	-13.750000	-9.304355e-05	8.651659e+04	1.213211e+04	4.917948e+00	1.469479e+04	1.470300e+04	1.456970e+04	8.972067e+01	8.580552e+01
	190	435	47.500000	-18.750000	-2.595852e-05	8.187059e+04	1.882964e+04	7.161898e+00	1.478955e+04	1.479442e+04	1.465045e+04	8.761837e+01	8.196393e+01
	882	483	220.500000	-30.750000	-1.298792e-04	1.016226e+05	1.473485e+00	7.794242e+00	1.504375e+04	1.504844e+04	1.496758e+04	8.492345e+01	7.870409e+01
	286	493	71.500000	-33.250000	-1.278229e-04	1.004866e+05	1.433322e+00	1.740126e+01	1.436239e+04	1.439986e+04	1.413358e+04	8.595818e+01	7.493345e+01
	1312	494	328.000000	-33.500000	-1.746721e-04	1.008756e+05	1.433570e+00	1.220174e+01	1.462897e+04	1.465359e+04	1.444208e+04	8.187416e+01	8.165886e+01
	569	516	142.250000	-39.000000	-1.084513e-04	9.461459e+04	4.245715e+03	1.149760e+01	1.438170e+04	1.439645e+04	1.428308e+04	8.211575e+01	7.455927e+01
	773	529	193.250000	-42.250000	-1.363463e-04	1.010176e+05	1.131407e+00	1.320891e+01	1.436076e+04	1.437111e+04	1.425395e+04	8.195351e+01	7.579588e+01
	1238	531	309.500000	-42.750000	-1.555390e-04	1.005606e+05	2.014690e+00	1.158367e+01	1.405272e+04	1.406539e+04	1.390133e+04	7.555589e+01	6.660739e+01
2024	1	7	27	18
	1177	360	294.250000	0.000000	-7.476937e-05	9.351032e+04	8.238647e+03	3.720725e+00	1.480824e+04	1.481249e+04	1.477178e+04	7.706415e+01	7.541411e+01
	1402	361	350.500000	-0.250000	-1.358520e-05	1.009673e+05	7.703071e-01	7.914840e+00	1.478350e+04	1.478688e+04	1.475215e+04	7.944604e+01	7.719940e+01
	291	362	72.750000	-0.500000	1.315959e-06	1.011953e+05	1.955598e+00	5.976614e+00	1.495008e+04	1.494990e+04	1.494053e+04	7.967826e+01	7.745036e+01
	901	362	225.250000	-0.500000	-2.505910e-05	1.012523e+05	1.051696e+00	7.018920e+00	1.493354e+04	1.493294e+04	1.491990e+04	7.929666e+01	7.527317e+01
	379	384	94.750000	-6.000000	-7.107388e-05	1.009803e+05	1.774652e+00	5.908964e+00	1.479175e+04	1.479595e+04	1.474978e+04	8.974334e+01	8.873721e+01
	1253	388	313.250000	-7.000000	-7.113349e-05	9.467232e+04	5.068377e+03	4.559896e+00	1.477610e+04	1.477608e+04	1.469228e+04	8.841238e+01	8.727101e+01
	310	395	77.500000	-8.750000	-2.572788e-04	1.010263e+05	1.292903e+00	8.825217e+00	1.485946e+04	1.486452e+04	1.474465e+04	8.819239e+01	8.272397e+01
	576	395	144.000000	-8.750000	-2.857400e-04	7.512432e+04	1.158548e+04	8.177310e+00	1.463607e+04	1.463661e+04	1.454228e+04	9.047620e+01	8.903471e+01
	257	396	64.250000	-9.000000	-4.823320e-06	1.010353e+05	2.096102e+00	4.794603e+00	1.485543e+04	1.485812e+04	1.482153e+04	7.844177e+01	8.033158e+01
	644	401	161.000000	-10.250000	-1.117243e-04	9.465232e+04	5.910511e+03	4.527016e+00	1.468609e+04	1.468792e+04	1.465140e+04	8.885244e+01	8.394193e+01
	1228	401	307.000000	-10.250000	-2.529752e-05	9.484932e+04	5.432062e+03	3.574466e+00	1.474579e+04	1.474912e+04	1.467528e+04	8.321785e+01	8.570626e+01
	149	410	37.250000	-12.500000	-1.530303e-04	8.790132e+04	1.213211e+04	3.453184e+00	1.488522e+04	1.489020e+04	1.480965e+04	8.928006e+01	8.576711e+01
	76	411	19.000000	-12.750000	-2.032053e-05	8.265032e+04	1.613944e+04	3.062786e+00	1.472567e+04	1.472937e+04	1.467215e+04	8.095789e+01	7.896637e+01
	1247	420	311.750000	-15.000000	-1.163734e-04	8.915232e+04	1.176247e+04	3.081016e+00	1.475399e+04	1.475590e+04	1.468378e+04	8.230218e+01	8.211402e+01
	668	428	167.000000	-17.000000	-3.578793e-05	9.638132e+04	3.957731e+03	5.762095e+00	1.471442e+04	1.471879e+04	1.468278e+04	7.749356e+01	7.911585e+01
	669	428	167.250000	-17.000000	-3.578793e-05	9.638132e+04	3.957731e+03	5.762095e+00	1.471474e+04	1.471924e+04	1.468278e+04	7.807215e+01	7.933833e+01
	718	432	179.500000	-18.000000	-3.188504e-04	9.544932e+04	6.201385e+03	7.312352e+00	1.483002e+04	1.483087e+04	1.475053e+04	8.734795e+01	8.061726e+01
	783	434	195.750000	-18.500000	-9.777676e-05	1.012243e+05	8.108562e-01	8.095693e+00	1.500271e+04	1.500738e+04	1.494428e+04	8.904652e+01	8.552959e+01
	886	460	221.500000	-25.000000	-1.654876e-04	1.014703e+05	1.333165e+00	1.118479e+01	1.506189e+04	1.506615e+04	1.500515e+04	8.834317e+01	8.488894e+01
	176	464	44.000000	-26.000000	-9.592902e-05	9.102932e+04	3.904080e+03	1.310816e+01	1.499934e+04	1.500523e+04	1.493365e+04	8.216029e+01	7.780756e+01
	885	483	221.250000	-30.750000	-3.892733e-04	1.016763e+05	1.694384e+00	1.015042e+01	1.509470e+04	1.509890e+04	1.497940e+04	8.750136e+01	8.097131e+01
	282	487	70.500000	-31.750000	-1.865281e-04	1.006293e+05	1.192250e+00	1.725804e+01	1.445052e+04	1.448249e+04	1.424978e+04	8.753162e+01	7.886707e+01
	283	487	70.750000	-31.750000	-1.865281e-04	1.006293e+05	1.192250e+00	1.725804e+01	1.444215e+04	1.447506e+04	1.424978e+04	8.762263e+01	8.043604e+01
	770	490	192.500000	-32.500000	-3.633155e-04	1.015083e+05	1.091737e+00	9.584668e+00	1.503355e+04	1.503593e+04	1.491340e+04	8.838295e+01	7.915350e+01
	1322	505	330.500000	-36.250000	-1.393510e-04	1.008673e+05	1.393434e+00	1.266279e+01	1.460896e+04	1.463071e+04	1.443303e+04	8.934554e+01	8.313080e+01
	586	524	146.500000	-41.000000	-2.321852e-04	8.917032e+04	1.014041e+04	1.175982e+01	1.423547e+04	1.425049e+04	1.410890e+04	8.599857e+01	7.643073e+01
	784	525	196.000000	-41.250000	-9.890925e-05	1.010853e+05	1.433835e+00	1.342150e+01	1.442553e+04	1.444043e+04	1.432678e+04	8.408630e+01	7.791721e+01
2024	1	8	29	0
	248	361	62.000000	-0.250000	8.776784e-06	1.010094e+05	1.252458e+00	9.702228e+00	1.475900e+04	1.475819e+04	1.474359e+04	8.832166e+01	8.526363e+01
	619	361	154.750000	-0.250000	4.723668e-06	1.010474e+05	2.116419e+00	8.453484e+00	1.486649e+04	1.486726e+04	1.483772e+04	8.689758e+01	7.938126e+01
	401	363	100.250000	-0.750000	-6.444752e-05	8.743842e+04	1.532920e+04	4.427871e+00	1.480411e+04	1.480733e+04	1.475897e+04	8.256374e+01	8.372216e+01
	1122	366	280.500000	-1.500000	-8.301437e-05	6.502242e+04	3.877745e+04	9.020893e+00	1.462229e+04	1.462098e+04	1.452059e+04	8.175744e+01	8.100598e+01
	478	367	119.500000	-1.750000	-6.915629e-05	8.247842e+04	1.932979e+04	6.353415e+00	1.491899e+04	1.492000e+04	1.487559e+04	8.714919e+01	8.670950e+01
	427	369	106.750000	-2.250000	1.266599e-06	1.004554e+05	3.624096e+02	6.366009e+00	1.488600e+04	1.488598e+04	1.485359e+04	8.725782e+01	8.494040e+01
	339	373	84.750000	-3.250000	-1.263767e-04	1.009574e+05	1.634285e+00	1.060964e+01	1.477037e+04	1.477220e+04	1.471384e+04	8.282108e+01	8.215430e+01
	113	376	28.250000	-4.000000	-7.878244e-05	7.626642e+04	2.430290e+04	3.629653e+00	1.476702e+04	1.476704e+04	1.471959e+04	7.869408e+01	7.577795e+01
	1039	381	259.750000	-5.250000	-6.213784e-06	1.008254e+05	1.232343e+00	6.462651e+00	1.452225e+04	1.452418e+04	1.450397e+04	7.532280e+01	7.845123e+01
	379	382	94.750000	-5.500000	-7.407367e-05	1.010004e+05	1.774652e+00	6.294562e+00	1.479271e+04	1.479577e+04	1.475759e+04	8.753217e+01	8.590393e+01
	257	388	64.250000	-7.000000	-6.712973e-05	1.008494e+05	1.433427e+00	9.689383e+00	1.468635e+04	1.469164e+04	1.464522e+04	8.297130e+01	8.338326e+01
	361	393	90.250000	-8.250000	-1.609474e-04	1.010084e+05	1.412591e+00	5.109047e+00	1.480111e+04	1.480186e+04	1.475897e+04	7.783091e+01	8.052724e+01
	221	394	55.250000	-8.500000	-3.682077e-05	1.008184e+05	1.232238e+00	8.044883e+00	1.467065e+04	1.467606e+04	1.463634e+04	8.649842e+01	8.473585e+01
	311	396	77.750000	-9.000000	-5.023032e-04	1.008894e+05	1.292903e+00	9.002790e+00	1.473287e+04	1.473857e+04	1.461872e+04	8.649059e+01	8.210120e+01
	637	396	159.250000	-9.000000	-1.467317e-04	9.479942e+04	5.910511e+03	4.761195e+00	1.484031e+04	1.484064e+04	1.480534e+04	8.464885e+01	8.216325e+01
	113	397	28.250000	-9.250000	-1.178533e-04	8.092242e+04	1.651714e+04	5.112670e+00	1.476600e+04	1.476542e+04	1.473322e+04	8.870676e+01	8.511150e+01
	690	400	172.500000	-10.000000	-4.455447e-06	1.008764e+05	1.312887e+00	4.188957e+00	1.476531e+04	1.476780e+04	1.473134e+04	7.603710e+01	7.739058e+01
	571	403	142.750000	-10.750000	-5.726516e-05	9.896442e+04	1.167462e+03	8.406592e+00	1.486137e+04	1.486325e+04	1.481359e+04	8.612234e+01	8.461012e+01
	148	411	37.000000	-12.750000	-1.126081e-04	8.774942e+04	1.213211e+04	3.167499e+00	1.472202e+04	1.472867e+04	1.468259e+04	9.051321e+01	8.551209e+01
	735	413	183.750000	-13.250000	-2.852231e-04	1.008544e+05	7.385495e+01	4.951248e+00	1.482177e+04	1.482490e+04	1.475697e+04	7.636275e+01	7.448487e+01
	594	414	148.500000	-13.500000	-1.902878e-05	1.006894e+05	1.915544e+00	5.565528e+00	1.483719e+04	1.484042e+04	1.480472e+04	8.185858e+01	8.104747e+01
	75	420	18.750000	-15.000000	-3.556907e-05	8.341442e+04	1.505643e+04	2.210999e+00	1.470463e+04	1.470970e+04	1.464022e+04	8.512669e+01	7.947543e+01
	786	437	196.500000	-19.250000	-2.849847e-04	1.011394e+05	7.301772e-01	8.040863e+00	1.493176e+04	1.493496e+04	1.485597e+04	8.624623e+01	8.366318e+01
	181	451	45.250000	-22.750000	-1.218766e-04	8.545342e+04	1.195717e+04	9.340426e+00	1.482831e+04	1.483230e+04	1.478047e+04	8.476669e+01	8.135748e+01
	885	462	221.250000	-25.500000	-1.446754e-04	1.012034e+05	1.453016e+00	9.758752e+00	1.487936e+04	1.488571e+04	1.478684e+04	8.862263e+01	8.279336e+01
	281	482	70.250000	-30.500000	-1.638979e-04	1.004814e+05	1.192250e+00	1.534486e+01	1.431898e+04	1.434812e+04	1.411272e+04	8.383215e+01	8.449490e+01
	1345	514	336.250000	-38.500000	-2.948195e-04	1.011674e+05	1.834801e+00	1.472865e+01	1.477756e+04	1.480280e+04	1.451672e+04	9.455193e+01	8.517998e+01
	812	527	203.000000	-41.750000	-6.598085e-04	1.008454e+05	1.111456e+00	1.328820e+01	1.433002e+04	1.433887e+04	1.413709e+04	8.246177e+01	8.043597e+01
	605	528	151.250000	-42.000000	-5.454570e-04	9.440942e+04	2.574291e+01	1.471641e+01	1.436360e+04	1.438276e+04	1.412347e+04	9.087998e+01	7.464067e+01
2024	1	8	31	6
	38	360	9.500000	0.000000	-6.151572e-05	9.353695e+04	6.811179e+03	5.419584e+00	1.488410e+04	1.488410e+04	1.487831e+04	7.558428e+01	7.052532e+01
	597	360	149.250000	0.000000	-2.199784e-05	1.002530e+05	2.565132e+02	8.692842e+00	1.462297e+04	1.462612e+04	1.458843e+04	8.653028e+01	8.275536e+01
	1220	362	305.000000	-0.500000	-5.692616e-05	9.578695e+04	4.826799e+03	3.786267e+00	1.472551e+04	1.472644e+04	1.470106e+04	8.853616e+01	8.751160e+01
	1412	362	353.000000	-0.500000	-3.731623e-05	1.010500e+05	1.191976e+00	7.137566e+00	1.480746e+04	1.480862e+04	1.478856e+04	7.622829e+01	7.636242e+01
	1168	363	292.000000	-0.750000	-2.330914e-05	9.341595e+04	1.749377e+03	2.421152e+00	1.468356e+04	1.468468e+04	1.466443e+04	8.462463e+01	8.054767e+01
	136	365	34.000000	-1.250000	-6.378070e-05	7.494895e+04	2.632816e+04	5.343110e+00	1.495615e+04	1.495880e+04	1.488506e+04	7.699435e+01	7.168346e+01
	628	366	157.000000	-1.500000	-3.153458e-05	1.007880e+05	8.707310e-01	5.471076e+00	1.466219e+04	1.466204e+04	1.463193e+04	7.630865e+01	7.905356e+01
	1122	366	280.500000	-1.500000	-1.528300e-04	6.505996e+04	3.877745e+04	8.474824e+00	1.470105e+04	1.469955e+04	1.455881e+04	8.738692e+01	8.516472e+01
	775	369	193.750000	-2.250000	-8.795410e-06	1.009830e+05	1.292564e+00	7.731351e+00	1.479461e+04	1.479532e+04	1.478006e+04	8.489315e+01	7.475018e+01
	1336	370	334.000000	-2.500000	-1.207367e-05	1.011550e+05	1.091710e+00	5.154186e+00	1.484810e+04	1.484901e+04	1.483056e+04	8.235925e+01	8.364239e+01
	561	380	140.250000	-5.000000	-5.329028e-05	7.069195e+04	3.169332e+04	4.233999e+00	1.458122e+04	1.458138e+04	1.450556e+04	8.253558e+01	8.189557e+01
	376	387	94.000000	-6.750000	-6.422773e-05	1.010490e+05	1.774652e+00	5.472982e+00	1.483603e+04	1.483909e+04	1.480768e+04	8.739338e+01	8.583965e+01
	376	388	94.000000	-7.000000	-6.422773e-05	1.010490e+05	1.774652e+00	5.292928e+00	1.483660e+04	1.483970e+04	1.480768e+04	8.783253e+01	8.615534e+01
	378	388	94.500000	-7.000000	-6.422773e-05	1.010490e+05	1.774652e+00	5.441023e+00	1.483607e+04	1.483911e+04	1.480768e+04	8.815940e+01	8.654364e+01
	586	388	146.500000	-7.000000	-1.242496e-04	7.468095e+04	2.513040e+04	8.802905e+00	1.458808e+04	1.458986e+04	1.451843e+04	8.386568e+01	8.474699e+01
	311	397	77.750000	-9.250000	-2.863742e-04	1.010510e+05	1.272318e+00	1.066255e+01	1.489501e+04	1.489824e+04	1.478118e+04	8.596326e+01	8.360494e+01
	312	397	78.000000	-9.250000	-2.863742e-04	1.010510e+05	1.191880e+00	1.066255e+01	1.489492e+04	1.489825e+04	1.478118e+04	8.568465e+01	8.382330e+01
	259	406	64.750000	-11.500000	-3.520027e-05	1.010470e+05	2.096102e+00	5.401053e+00	1.484796e+04	1.485190e+04	1.482606e+04	8.133316e+01	8.046532e+01
	259	407	64.750000	-11.750000	-3.520027e-05	1.010470e+05	1.714621e+00	5.401053e+00	1.484773e+04	1.485170e+04	1.482606e+04	8.148712e+01	8.022321e+01
	535	408	133.750000	-12.000000	-3.654137e-05	9.637395e+04	3.774556e+03	5.433361e+00	1.452961e+04	1.453438e+04	1.445931e+04	8.271250e+01	8.220164e+01
	610	408	152.500000	-12.000000	-1.538172e-05	9.700495e+04	6.377739e+02	4.593506e+00	1.463076e+04	1.463277e+04	1.457856e+04	8.377771e+01	8.292790e+01
	649	412	162.250000	-13.000000	-5.346909e-05	9.844995e+04	1.517834e+01	5.104998e+00	1.464008e+04	1.464353e+04	1.460118e+04	7.597173e+01	7.569569e+01
	1247	418	311.750000	-14.500000	-1.066364e-04	8.927495e+04	1.176247e+04	2.528197e+00	1.477909e+04	1.477979e+04	1.473318e+04	8.937362e+01	8.805286e+01
	547	425	136.750000	-16.250000	-2.262369e-05	9.727895e+04	2.938216e+03	6.173455e+00	1.457278e+04	1.457597e+04	1.446356e+04	8.439184e+01	8.220593e+01
	785	439	196.250000	-19.750000	-3.407635e-04	1.011760e+05	7.301772e-01	8.132296e+00	1.497091e+04	1.497509e+04	1.487781e+04	8.701064e+01	8.398222e+01
	587	440	146.750000	-20.000000	-2.709404e-05	9.132495e+04	7.449150e+03	6.394785e+00	1.469847e+04	1.469905e+04	1.456668e+04	7.710667e+01	7.966013e+01
	578	462	144.500000	-25.500000	-1.459755e-04	9.241595e+04	5.014061e+03	4.057246e+00	1.470615e+04	1.470858e+04	1.463618e+04	8.336211e+01	8.082951e+01
	884	463	221.000000	-25.750000	-1.438297e-04	1.013180e+05	1.453016e+00	1.038691e+01	1.495704e+04	1.496368e+04	1.487556e+04	8.189968e+01	7.995529e+01
	288	489	72.000000	-32.250000	-7.743016e-05	1.006230e+05	1.433322e+00	1.617222e+01	1.443767e+04	1.447179e+04	1.424931e+04	8.637074e+01	9.022514e+01
	1334	512	333.500000	-38.000000	-1.736917e-04	1.009760e+05	1.352992e+00	1.063449e+01	1.449370e+04	1.451369e+04	1.433681e+04	8.763745e+01	8.310615e+01
	609	528	152.250000	-42.000000	-5.500056e-04	9.920395e+04	3.263206e+00	1.539754e+01	1.424310e+04	1.427631e+04	1.384656e+04	7.866196e+01	6.739277e+01
2024	1	8	28	12
	699	360	174.750000	0.000000	-7.310417e-06	1.009717e+05	1.332845e+00	7.050026e+00	1.481672e+04	1.481644e+04	1.479761e+04	7.829639e+01	7.863484e+01
	327	362	81.750000	-0.500000	-2.385071e-05	1.009047e+05	1.955620e+00	6.995565e+00	1.473532e+04	1.473662e+04	1.470011e+04	7.679585e+01	7.735593e+01
	1119	364	279.750000	-1.000000	-1.230626e-04	6.506674e+04	3.663807e+04	7.397627e+00	1.471040e+04	1.471073e+04	1.460911e+04	8.684965e+01	8.566406e+01
	1031	366	257.750000	-1.500000	-3.010919e-05	1.008977e+05	8.705897e-01	6.765677e+00	1.461489e+04	1.461630e+04	1.459861e+04	9.163012e+01	9.211137e+01
	1031	367	257.750000	-1.750000	-3.010919e-05	1.009007e+05	8.705897e-01	6.870513e+00	1.461532e+04	1.461686e+04	1.459861e+04	9.176991e+01	9.186028e+01
	1156	368	289.000000	-2.000000	-3.525522e-06	9.822474e+04	2.003573e+03	2.349190e+00	1.483277e+04	1.483430e+04	1.481148e+04	8.676501e+01	8.421318e+01
	1204	370	301.000000	-2.500000	-4.628208e-06	9.832174e+04	1.984470e+03	3.602445e+00	1.489072e+04	1.489288e+04	1.486361e+04	8.661465e+01	8.600549e+01
	467	377	116.750000	-4.250000	-2.361229e-05	8.869674e+04	4.814117e+03	5.865767e+00	1.485256e+04	1.485443e+04	1.481748e+04	7.973819e+01	8.353816e+01
	368	383	92.000000	-5.750000	-5.487492e-05	1.008997e+05	1.091694e+00	7.041475e+00	1.472859e+04	1.473155e+04	1.469836e+04	8.213288e+01	8.099940e+01
	262	390	65.500000	-7.500000	-7.323315e-05	1.008107e+05	1.433427e+00	1.024521e+01	1.463076e+04	1.463343e+04	1.460598e+04	8.443615e+01	8.075803e+01
	405	394	101.250000	-8.500000	-3.526499e-05	1.009987e+05	2.558612e+00	5.861151e+00	1.482814e+04	1.482946e+04	1.480398e+04	8.616538e+01	8.652612e+01
	588	395	147.000000	-8.750000	-8.533290e-05	7.834974e+04	2.481712e+04	7.680528e+00	1.481229e+04	1.481384e+04	1.474636e+04	8.563632e+01	8.531491e+01
	313	396	78.250000	-9.000000	-2.460568e-04	1.008517e+05	1.292903e+00	9.961625e+00	1.473058e+04	1.473376e+04	1.462973e+04	8.843952e+01	8.409600e+01
	524	417	131.000000	-14.250000	-1.018136e-04	9.673574e+04	3.016912e+03	5.097254e+00	1.469024e+04	1.469439e+04	1.462173e+04	7.610675e+01	7.375640e+01
	144	421	36.000000	-15.250000	-9.737303e-05	8.642874e+04	1.406247e+04	5.336057e+00	1.466356e+04	1.466967e+04	1.449748e+04	8.956384e+01	8.523401e+01
	853	421	213.250000	-15.250000	-9.515788e-06	1.009837e+05	1.535169e+01	5.374455e+00	1.475802e+04	1.476130e+04	1.471711e+04	8.316467e+01	8.127852e+01
	1246	426	311.500000	-16.500000	-7.868698e-05	8.941574e+04	1.115447e+04	5.292690e+00	1.497071e+04	1.497625e+04	1.490498e+04	9.056208e+01	8.593782e+01
	672	433	168.000000	-18.250000	-4.933169e-05	9.821274e+04	1.409245e+03	6.998652e+00	1.483652e+04	1.483943e+04	1.479711e+04	8.197894e+01	8.125378e+01
	673	433	168.250000	-18.250000	-4.879525e-05	9.870974e+04	1.519965e+03	6.998652e+00	1.483847e+04	1.484130e+04	1.479711e+04	8.269179e+01	8.155356e+01
	188	440	47.000000	-20.000000	-5.871942e-05	8.183174e+04	1.882964e+04	6.313146e+00	1.480151e+04	1.480272e+04	1.472173e+04	8.436037e+01	8.192123e+01
	783	441	195.750000	-20.250000	-2.262383e-04	1.011687e+05	7.301772e-01	1.008082e+01	1.494789e+04	1.495225e+04	1.485461e+04	8.488323e+01	8.421687e+01
	885	463	221.250000	-25.750000	-8.488586e-05	1.012407e+05	1.453016e+00	7.186665e+00	1.484803e+04	1.485274e+04	1.478786e+04	7.878224e+01	7.757137e+01
	287	486	71.750000	-31.500000	-1.706569e-04	1.004867e+05	1.433322e+00	1.315053e+01	1.429963e+04	1.433043e+04	1.413236e+04	8.320856e+01	8.718509e+01
	1241	496	310.250000	-34.000000	-2.203076e-04	1.005807e+05	2.155226e+00	1.157838e+01	1.443172e+04	1.444503e+04	1.430061e+04	8.666940e+01	6.956049e+01
	591	503	147.750000	-35.750000	-1.529842e-04	8.661874e+04	1.430952e+04	1.244780e+01	1.457832e+04	1.458879e+04	1.450511e+04	7.936598e+01	7.694650e+01
	823	512	205.750000	-38.000000	-6.368249e-04	1.010537e+05	1.513965e+00	1.274635e+01	1.459805e+04	1.460889e+04	1.437536e+04	8.230427e+01	7.003646e+01
	1364	520	341.000000	-40.000000	-3.232746e-04	1.010957e+05	1.754560e+00	1.334054e+01	1.470236e+04	1.472468e+04	1.441361e+04	9.220615e+01	8.597411e+01
	613	529	153.250000	-42.250000	-2.776473e-04	1.004617e+05	1.857909e+00	1.638904e+01	1.438805e+04	1.442936e+04	1.400136e+04	7.543684e+01	6.352175e+01
2024	1	8	31	18
	1415	360	353.750000	0.000000	-4.705624e-05	1.009379e+05	9.712011e-01	8.025638e+00	1.473551e+04	1.473692e+04	1.471362e+04	8.414454e+01	8.085128e+01
	310	362	77.500000	-0.500000	8.942327e-06	1.011699e+05	1.814968e+00	5.562788e+00	1.495306e+04	1.495256e+04	1.494125e+04	7.651933e+01	7.707558e+01
	1242	365	310.500000	-1.250000	-2.676086e-05	9.882791e+04	6.284304e+02	7.882129e+00	1.472201e+04	1.472401e+04	1.468325e+04	8.560218e+01	8.409102e+01
	765	366	191.250000	-1.500000	-6.922917e-05	1.010619e+05	1.091769e+00	7.127896e+00	1.485700e+04	1.485742e+04	1.483125e+04	8.204739e+01	7.294678e+01
	1015	367	253.750000	-1.750000	-2.106861e-05	1.012019e+05	1.352771e+00	7.534385e+00	1.488971e+04	1.489019e+04	1.486762e+04	8.665338e+01	8.671728e+01
	692	368	173.000000	-2.000000	-2.032355e-05	1.008699e+05	1.051454e+00	4.171754e+00	1.469838e+04	1.470048e+04	1.466912e+04	8.023930e+01	8.231126e+01
	664	372	166.000000	-3.000000	-1.102523e-05	1.008359e+05	1.674552e+00	4.771860e+00	1.469035e+04	1.469066e+04	1.467362e+04	7.673763e+01	8.019761e+01
	663	373	165.750000	-3.250000	-1.823739e-05	1.008329e+05	1.674552e+00	4.520650e+00	1.468865e+04	1.468885e+04	1.467362e+04	7.673881e+01	8.037438e+01
	664	373	166.000000	-3.250000	-1.683668e-05	1.008359e+05	1.674552e+00	4.520650e+00	1.468990e+04	1.469013e+04	1.467362e+04	7.690424e+01	8.040522e+01
	1159	374	289.750000	-3.500000	-2.875761e-05	9.869291e+04	1.624841e+03	2.452129e+00	1.474760e+04	1.475062e+04	1.468512e+04	8.180383e+01	8.185018e+01
	1209	375	302.250000	-3.750000	-4.482106e-05	9.792391e+04	1.850895e+03	4.052636e+00	1.470610e+04	1.470978e+04	1.460900e+04	8.629879e+01	8.655392e+01
	1122	377	280.500000	-4.250000	-1.156910e-04	6.510891e+04	3.418962e+04	8.411786e+00	1.478020e+04	1.477946e+04	1.463625e+04	7.844656e+01	7.607112e+01
	550	378	137.500000	-4.500000	-5.575852e-05	6.994791e+04	3.434546e+04	6.479062e+00	1.459391e+04	1.459460e+04	1.448538e+04	8.512423e+01	8.749430e+01
	614	378	153.500000	-4.500000	-4.118518e-05	8.984391e+04	8.972600e+03	3.977664e+00	1.461853e+04	1.461909e+04	1.460025e+04	8.185583e+01	8.233730e+01
	382	382	95.500000	-5.500000	-4.067854e-05	1.010029e+05	1.774652e+00	6.657708e+00	1.480068e+04	1.480362e+04	1.477488e+04	8.655482e+01	8.631887e+01
	249	386	62.250000	-6.500000	-3.292994e-05	1.010559e+05	1.413473e+00	8.064704e+00	1.483445e+04	1.483693e+04	1.480362e+04	8.970899e+01	8.728849e+01
	318	394	79.500000	-8.500000	-4.225357e-04	1.010129e+05	8.305774e-01	1.095213e+01	1.490407e+04	1.490978e+04	1.475288e+04	8.860312e+01	8.560205e+01
	411	397	102.750000	-9.250000	-1.170917e-04	1.009739e+05	1.996079e+00	6.256134e+00	1.481061e+04	1.481314e+04	1.477375e+04	8.929636e+01	8.611880e+01
	411	398	102.750000	-9.500000	-1.170917e-04	1.009739e+05	1.996079e+00	6.371181e+00	1.481187e+04	1.481433e+04	1.477375e+04	8.971631e+01	8.557654e+01
	221	403	55.250000	-10.750000	-3.358559e-05	1.010009e+05	1.232238e+00	6.779614e+00	1.484794e+04	1.485156e+04	1.481012e+04	8.682070e+01	8.589970e+01
	1230	403	307.500000	-10.750000	-6.535486e-05	9.505391e+04	4.070996e+03	2.465128e+00	1.472607e+04	1.472865e+04	1.466762e+04	8.781260e+01	8.849014e+01
	648	406	162.000000	-11.500000	-5.528168e-05	9.459691e+04	2.668605e+03	4.184703e+00	1.465141e+04	1.465354e+04	1.461575e+04	8.666368e+01	8.100259e+01
	523	415	130.750000	-13.750000	-8.591847e-05	9.642591e+04	3.016912e+03	6.744690e+00	1.450193e+04	1.450729e+04	1.444950e+04	7.952375e+01	7.819633e+01
	68	423	17.000000	-15.750000	-5.894736e-05	8.297791e+04	1.566638e+04	3.773952e+00	1.460754e+04	1.460935e+04	1.455338e+04	8.544535e+01	7.727185e+01
	675	436	168.750000	-19.000000	-1.045899e-05	9.982591e+04	1.239364e+03	8.455131e+00	1.463849e+04	1.464439e+04	1.457600e+04	8.365687e+01	8.325268e+01
	777	442	194.250000	-20.500000	-1.546128e-04	1.011879e+05	7.904290e-01	9.205404e+00	1.494459e+04	1.495001e+04	1.487575e+04	8.592326e+01	8.590244e+01
	659	453	164.750000	-23.250000	-6.803707e-05	9.682791e+04	3.416312e+03	9.419081e+00	1.467532e+04	1.468659e+04	1.457550e+04	8.232977e+01	8.045541e+01
	286	492	71.500000	-33.000000	-1.051410e-04	1.006459e+05	1.433322e+00	1.229515e+01	1.440038e+04	1.443653e+04	1.423350e+04	8.680434e+01	8.964673e+01
	1249	500	312.250000	-35.000000	-2.073033e-04	1.004549e+05	1.736303e+00	1.187339e+01	1.432342e+04	1.434186e+04	1.412088e+04	7.708133e+01	6.478673e+01
	1364	521	341.000000	-40.250000	-2.647324e-04	1.008419e+05	1.513863e+00	1.298178e+01	1.448338e+04	1.450846e+04	1.420975e+04	9.004964e+01	8.410845e+01
	616	530	154.000000	-42.500000	-3.545864e-04	1.002149e+05	1.634020e+00	1.739249e+01	1.425081e+04	1.430160e+04	1.376225e+04	7.894009e+01	6.436140e+01
2024	1	9	33	0
	341	360	85.250000	0.000000	-6.137649e-06	1.008679e+05	1.353012e+00	9.302238e+00	1.468665e+04	1.468981e+04	1.465188e+04	7.973523e+01	8.134863e+01
	435	360	108.750000	0.000000	-5.183974e-06	9.514889e+04	6.177788e+03	5.394923e+00	1.479853e+04	1.480203e+04	1.475688e+04	8.206964e+01	8.323650e+01
	621	360	155.250000	0.000000	-1.399079e-06	1.009699e+05	1.292790e+00	7.440415e+00	1.480158e+04	1.480316e+04	1.477712e+04	8.466838e+01	8.295599e+01
	1049	363	262.250000	-0.750000	-2.056197e-05	1.009069e+05	1.453045e+00	7.083892e+00	1.465310e+04	1.465273e+04	1.463988e+04	8.861414e+01	9.040051e+01
	320	364	80.000000	-1.000000	-3.425637e-06	1.008999e+05	1.413224e+00	5.763492e+00	1.472525e+04	1.472455e+04	1.470988e+04	7.911500e+01	7.859501e+01
	1357	364	339.250000	-1.000000	-1.048879e-05	1.013079e+05	1.010911e+00	6.570308e+00	1.503443e+04	1.503490e+04	1.500038e+04	7.923098e+01	8.177699e+01
	1122	366	280.500000	-1.500000	-9.643869e-05	6.501889e+04	3.877745e+04	8.644746e+00	1.463444e+04	1.463385e+04	1.452525e+04	8.625373e+01	8.361269e+01
	939	367	234.750000	-1.750000	-1.200871e-05	1.009089e+05	1.091637e+00	7.882295e+00	1.466034e+04	1.466114e+04	1.465025e+04	7.894468e+01	7.885114e+01
	35	374	8.750000	-3.500000	-1.361803e-05	9.767989e+04	1.610652e+03	4.744680e+00	1.484071e+04	1.484157e+04	1.481588e+04	7.719404e+01	6.844616e+01
	711	376	177.750000	-4.000000	-1.935521e-06	1.008309e+05	1.373010e+00	6.171724e+00	1.470271e+04	1.470443e+04	1.468275e+04	7.810230e+01	7.411678e+01
	636	377	159.000000	-4.250000	9.985408e-06	1.008879e+05	1.634300e+00	3.419351e+00	1.478848e+04	1.478843e+04	1.476588e+04	8.286346e+01	8.387994e+01
	1076	380	269.000000	-5.000000	-1.463131e-05	1.009359e+05	2.337942e+00	8.170765e+00	1.462853e+04	1.462990e+04	1.460450e+04	7.901737e+01	7.711716e+01
	249	383	62.250000	-5.750000	-3.763870e-05	1.007879e+05	1.131980e+00	1.011513e+01	1.460308e+04	1.460653e+04	1.456438e+04	9.143770e+01	8.812026e+01
	373	386	93.250000	-6.500000	-5.474524e-05	1.008759e+05	1.774652e+00	7.673445e+00	1.469711e+04	1.470254e+04	1.464162e+04	8.819597e+01	8.774218e+01
	372	387	93.000000	-6.750000	-5.474524e-05	1.008759e+05	1.774652e+00	8.191874e+00	1.469600e+04	1.470199e+04	1.464162e+04	8.896499e+01	8.757594e+01
	373	387	93.250000	-6.750000	-5.259947e-05	1.008789e+05	1.774652e+00	8.245723e+00	1.469709e+04	1.470287e+04	1.464162e+04	8.892065e+01	8.788176e+01
	666	392	166.500000	-8.000000	2.475223e-06	1.006489e+05	7.419050e+00	3.815669e+00	1.473566e+04	1.473634e+04	1.471438e+04	8.334871e+01	8.249922e+01
	226	395	56.500000	-8.750000	-7.912354e-05	1.007959e+05	1.152007e+00	9.544481e+00	1.462787e+04	1.463014e+04	1.458875e+04	9.061781e+01	8.572927e+01
	591	395	147.750000	-8.750000	-1.845642e-04	7.835589e+04	2.481712e+04	8.245994e+00	1.479727e+04	1.480092e+04	1.473600e+04	8.081890e+01	8.123516e+01
	318	396	79.500000	-9.000000	-3.433211e-04	1.008939e+05	7.906586e-01	9.942437e+00	1.477977e+04	1.478061e+04	1.466150e+04	9.057215e+01	8.523459e+01
	687	401	171.750000	-10.250000	-4.021684e-06	1.008239e+05	1.312887e+00	4.653207e+00	1.472333e+04	1.472587e+04	1.468738e+04	7.675102e+01	7.801315e+01
	547	409	136.750000	-12.250000	-3.373460e-05	9.755789e+04	1.694996e+03	5.907160e+00	1.472028e+04	1.472180e+04	1.468800e+04	8.248341e+01	8.207452e+01
	136	417	34.000000	-14.250000	-1.387282e-04	8.490389e+04	1.406247e+04	4.385686e+00	1.466221e+04	1.466844e+04	1.457312e+04	9.381174e+01	9.181877e+01
	519	417	129.750000	-14.250000	-1.078828e-04	9.602289e+04	2.621550e+03	8.201552e+00	1.462651e+04	1.463413e+04	1.454462e+04	7.842558e+01	7.431413e+01
	72	420	18.000000	-15.000000	-8.541183e-05	8.265789e+04	1.566740e+04	3.529203e+00	1.466977e+04	1.467756e+04	1.459662e+04	8.738029e+01	8.122259e+01
	679	428	169.750000	-17.000000	-1.470132e-04	9.980389e+04	1.519965e+03	1.004596e+01	1.474536e+04	1.474558e+04	1.467462e+04	8.101043e+01	8.049468e+01
	576	439	144.000000	-19.750000	-3.903941e-05	9.142289e+04	8.602448e+03	4.075118e+00	1.479120e+04	1.479414e+04	1.475238e+04	8.234117e+01	7.809143e+01
	775	443	193.750000	-20.750000	-1.059754e-04	1.010539e+05	1.492996e+00	7.980945e+00	1.486814e+04	1.487475e+04	1.480112e+04	8.739977e+01	8.622353e+01
	667	448	166.750000	-22.000000	-7.048086e-05	9.682289e+04	5.299759e+03	9.757051e+00	1.471968e+04	1.473212e+04	1.462025e+04	8.428948e+01	8.166778e+01
	899	483	224.750000	-30.750000	-9.631948e-05	1.013739e+05	1.694384e+00	9.708796e+00	1.492255e+04	1.493118e+04	1.486688e+04	7.957845e+01	7.936119e+01
	279	495	69.750000	-33.750000	-1.130386e-04	1.005519e+05	1.132585e+00	1.496762e+01	1.430420e+04	1.433673e+04	1.411688e+04	8.648029e+01	8.609995e+01
	1365	521	341.250000	-40.250000	-2.423509e-04	1.008379e+05	1.513863e+00	1.163427e+01	1.445815e+04	1.448321e+04	1.416600e+04	8.660174e+01	8.195305e+01
	619	533	154.750000	-43.250000	-3.754182e-04	9.996389e+04	1.634020e+00	1.856788e+01	1.424730e+04	1.430811e+04	1.353875e+04	8.042995e+01	6.525213e+01
2024	1	9	34	6
	701	360	175.250000	0.000000	1.301290e-06	1.007271e+05	2.638664e+00	6.801221e+00	1.462040e+04	1.462184e+04	1.460804e+04	8.360102e+01	8.188709e+01
	1413	360	353.250000	0.000000	-1.506018e-05	1.010551e+05	1.191976e+00	8.129982e+00	1.480430e+04	1.480492e+04	1.478816e+04	9.067664e+01	8.795486e+01
	747	361	186.750000	-0.250000	-2.116966e-05	1.008251e+05	1.674424e+00	7.426063e+00	1.470117e+04	1.469950e+04	1.468541e+04	7.681148e+01	7.167865e+01
	1220	362	305.000000	-0.500000	-2.328563e-05	9.580206e+04	4.826799e+03	3.189406e+00	1.477943e+04	1.478043e+04	1.475091e+04	8.928069e+01	8.968980e+01
	630	363	157.500000	-0.750000	4.221918e-06	1.007001e+05	1.312912e+00	7.379183e+00	1.456664e+04	1.456788e+04	1.455016e+04	9.102078e+01	8.908257e+01
	998	363	249.500000	-0.750000	-1.935172e-05	1.013311e+05	1.393142e+00	6.928251e+00	1.497162e+04	1.496979e+04	1.495279e+04	7.919135e+01	7.147146e+01
	669	364	167.250000	-1.000000	-2.060342e-05	1.007581e+05	5.350978e+00	7.840957e+00	1.461731e+04	1.461664e+04	1.460179e+04	8.175449e+01	8.295564e+01
	337	366	84.250000	-1.500000	1.091976e-07	1.010501e+05	1.955620e+00	8.705918e+00	1.484957e+04	1.485035e+04	1.482479e+04	7.865952e+01	8.146833e+01
	1122	366	280.500000	-1.500000	-1.382332e-04	6.510306e+04	3.877745e+04	9.303796e+00	1.480752e+04	1.480590e+04	1.470166e+04	9.120269e+01	8.765009e+01
	1307	367	326.750000	-1.750000	-5.851267e-06	1.010741e+05	9.708797e-01	6.815598e+00	1.482712e+04	1.482804e+04	1.482016e+04	7.971700e+01	8.008249e+01
	481	368	120.250000	-2.000000	-8.894014e-05	8.210306e+04	1.932979e+04	5.394862e+00	1.458785e+04	1.459025e+04	1.447504e+04	7.823631e+01	7.867712e+01
	140	369	35.000000	-2.250000	-1.023214e-04	7.492906e+04	2.632816e+04	5.166823e+00	1.498609e+04	1.498613e+04	1.491829e+04	8.469077e+01	8.251318e+01
	1246	373	311.500000	-3.250000	-4.212139e-06	9.760906e+04	3.036725e+03	7.162429e+00	1.478186e+04	1.478416e+04	1.474741e+04	8.251921e+01	8.010055e+01
	1246	374	311.500000	-3.500000	-4.212139e-06	9.728706e+04	3.036725e+03	5.624354e+00	1.478279e+04	1.478505e+04	1.474741e+04	8.365995e+01	8.035143e+01
	410	375	102.500000	-3.750000	-4.450488e-05	8.729606e+04	1.528266e+04	4.474216e+00	1.471283e+04	1.471382e+04	1.466904e+04	8.671117e+01	8.696910e+01
	1367	377	341.750000	-4.250000	-1.926231e-05	1.011481e+05	9.511707e-01	8.207618e+00	1.484974e+04	1.484980e+04	1.483129e+04	8.185335e+01	7.945742e+01
	550	378	137.500000	-4.500000	-8.628774e-05	6.984306e+04	3.434546e+04	7.532810e+00	1.449904e+04	1.449878e+04	1.439679e+04	8.250413e+01	8.381588e+01
	441	384	110.250000	-6.000000	-4.623341e-05	8.784906e+04	1.162300e+04	5.245184e+00	1.464999e+04	1.465388e+04	1.459929e+04	8.435346e+01	8.173368e+01
	578	386	144.500000	-6.500000	-7.815170e-05	7.273306e+04	2.792600e+04	6.049665e+00	1.450096e+04	1.450277e+04	1.442416e+04	8.072466e+01	8.212166e+01
	316	396	79.000000	-9.000000	-2.653401e-04	1.010131e+05	8.705572e-01	9.951166e+00	1.489166e+04	1.489592e+04	1.475191e+04	8.895181e+01	8.244360e+01
	1225	402	306.250000	-10.500000	-5.746889e-05	9.496406e+04	5.476107e+03	2.272716e+00	1.478921e+04	1.479134e+04	1.476391e+04	8.564901e+01	8.502490e+01
	530	417	132.500000	-14.250000	-1.218419e-04	9.623806e+04	3.774556e+03	6.262038e+00	1.437123e+04	1.437669e+04	1.428066e+04	8.603869e+01	8.341363e+01
	129	418	32.250000	-14.500000	-1.865725e-04	8.466706e+04	1.538109e+04	5.222268e+00	1.491076e+04	1.491694e+04	1.483716e+04	9.343938e+01	9.189033e+01
	67	420	16.750000	-15.000000	-2.286236e-04	8.258806e+04	1.633131e+04	4.198126e+00	1.476832e+04	1.477101e+04	1.468579e+04	9.335752e+01	7.976408e+01
	772	445	193.000000	-21.250000	-7.526088e-05	1.010141e+05	1.492996e+00	9.558050e+00	1.483429e+04	1.484055e+04	1.477341e+04	8.868216e+01	8.520868e+01
	664	452	166.000000	-23.000000	-8.008885e-05	9.661306e+04	5.299759e+03	1.042191e+01	1.456645e+04	1.458173e+04	1.445104e+04	8.418736e+01	8.139297e+01
	826	483	206.500000	-30.750000	-2.419453e-04	1.014871e+05	1.212776e+00	8.962034e+00	1.494159e+04	1.494425e+04	1.487666e+04	7.786700e+01	7.246075e+01
	908	485	227.000000	-31.250000	-2.994339e-04	1.015811e+05	1.132022e+00	1.293456e+01	1.507228e+04	1.508292e+04	1.496379e+04	7.877955e+01	7.934704e+01
	279	495	69.750000	-33.750000	-1.229446e-04	1.006611e+05	1.132585e+00	1.444885e+01	1.438106e+04	1.441145e+04	1.418629e+04	8.652538e+01	8.736851e+01
	280	495	70.000000	-33.750000	-1.229446e-04	1.006611e+05	1.132585e+00	1.421950e+01	1.437513e+04	1.440619e+04	1.418629e+04	8.590738e+01	8.766563e+01
	841	505	210.250000	-36.250000	-1.988809e-04	1.012811e+05	1.232980e+00	1.315687e+01	1.474684e+04	1.476315e+04	1.457604e+04	7.548926e+01	5.997671e+01
	1268	506	317.000000	-36.500000	-3.423195e-04	1.003811e+05	1.915065e+00	1.281105e+01	1.422388e+04	1.424529e+04	1.398916e+04	8.125888e+01	6.972974e+01
	1368	521	342.000000	-40.250000	-2.273421e-04	1.006861e+05	1.513863e+00	1.127327e+01	1.429752e+04	1.432247e+04	1.401866e+04	8.568255e+01	8.217230e+01
	621	534	155.250000	-43.500000	-2.783935e-04	9.974406e+04	1.634020e+00	1.634121e+01	1.406467e+04	1.412983e+04	1.333241e+04	8.310577e+01	7.068561e+01
2024	1	9	43	12
	1000	360	250.000000	0.000000	-5.006813e-05	1.010199e+05	1.252049e+00	8.116203e+00	1.471417e+04	1.471561e+04	1.468398e+04	7.802794e+01	7.638871e+01
	1061	360	265.250000	0.000000	-1.364970e-05	1.008479e+05	2.560401e+00	8.268106e+00	1.470766e+04	1.471046e+04	1.467473e+04	8.646596e+01	8.901333e+01
	1363	360	340.750000	0.000000	-8.553499e-06	1.013719e+05	1.071425e+00	7.171996e+00	1.504687e+04	1.504707e+04	1.502873e+04	8.175020e+01	8.168835e+01
	700	361	175.000000	-0.250000	-3.308291e-06	1.008539e+05	2.638664e+00	5.674416e+00	1.472626e+04	1.472729e+04	1.471686e+04	8.344067e+01	8.168687e+01
	1296	361	324.000000	-0.250000	-1.090788e-05	1.013239e+05	1.494047e+00	7.088502e+00	1.502791e+04	1.502922e+04	1.501436e+04	8.033459e+01	7.865317e+01
	1340	361	335.000000	-0.250000	-1.150393e-05	1.013399e+05	1.212281e+00	7.045833e+00	1.504219e+04	1.504359e+04	1.503148e+04	8.310006e+01	8.026551e+01
	662	363	165.500000	-0.750000	-4.381174e-06	1.009129e+05	5.350978e+00	7.216025e+00	1.474284e+04	1.474374e+04	1.470723e+04	8.494554e+01	8.453733e+01
	429	364	107.250000	-1.000000	2.115732e-06	9.946288e+04	3.624096e+02	5.456233e+00	1.473555e+04	1.473848e+04	1.468273e+04	8.107008e+01	8.329359e+01
	1417	365	354.250000	-1.250000	-1.582527e-05	1.012349e+05	1.191976e+00	8.165538e+00	1.494861e+04	1.494877e+04	1.493136e+04	8.310741e+01	7.844906e+01
	1418	365	354.500000	-1.250000	-2.038502e-05	1.012309e+05	9.712011e-01	8.165538e+00	1.494632e+04	1.494645e+04	1.493136e+04	8.290425e+01	7.835568e+01
	1122	366	280.500000	-1.500000	-2.096596e-04	6.510188e+04	3.877745e+04	9.484935e+00	1.483813e+04	1.483724e+04	1.473486e+04	8.972105e+01	8.667230e+01
	550	378	137.500000	-4.500000	-7.623457e-05	7.012488e+04	3.434546e+04	6.756230e+00	1.477706e+04	1.477307e+04	1.471323e+04	8.186897e+01	8.227324e+01
	1231	384	307.750000	-6.000000	-3.546709e-06	9.573888e+04	4.915754e+03	3.799184e+00	1.496927e+04	1.497160e+04	1.494323e+04	9.184566e+01	8.890511e+01
	664	386	166.000000	-6.500000	-1.639151e-05	1.008919e+05	1.674290e+00	1.844445e+00	1.475102e+04	1.475151e+04	1.472911e+04	8.231142e+01	8.343972e+01
	665	386	166.250000	-6.500000	-1.639151e-05	1.008919e+05	1.814952e+00	1.848029e+00	1.475091e+04	1.475153e+04	1.472911e+04	8.257318e+01	8.327974e+01
	358	388	89.500000	-7.000000	-5.963468e-05	1.008139e+05	8.509199e-01	8.681183e+00	1.464304e+04	1.464742e+04	1.460348e+04	8.918609e+01	8.380056e+01
	451	390	112.750000	-7.500000	-6.419444e-05	9.033988e+04	1.376617e+04	4.150932e+00	1.472899e+04	1.472932e+04	1.468861e+04	7.849275e+01	7.138699e+01
	1207	390	301.750000	-7.500000	-4.887814e-06	9.578988e+04	4.793186e+03	3.093322e+00	1.495097e+04	1.495221e+04	1.491486e+04	8.906743e+01	9.083193e+01
	700	393	175.000000	-8.250000	-2.053403e-05	1.008669e+05	1.292736e+00	6.627082e+00	1.472712e+04	1.473017e+04	1.467011e+04	8.934260e+01	8.204948e+01
	315	394	78.750000	-8.500000	-2.802017e-04	1.006709e+05	1.292903e+00	1.107096e+01	1.464412e+04	1.464857e+04	1.447998e+04	8.247755e+01	7.709315e+01
	255	395	63.750000	-8.750000	-1.710677e-05	1.006739e+05	2.096102e+00	5.913955e+00	1.456565e+04	1.457197e+04	1.451448e+04	7.781907e+01	8.099255e+01
	588	395	147.000000	-8.750000	-9.644055e-05	7.829188e+04	2.481712e+04	6.982905e+00	1.475035e+04	1.475219e+04	1.469936e+04	8.030085e+01	8.043689e+01
	141	396	35.250000	-9.000000	-6.341957e-05	7.810588e+04	2.260345e+04	3.373228e+00	1.462875e+04	1.463224e+04	1.454448e+04	8.329301e+01	8.216814e+01
	216	399	54.000000	-9.750000	-6.431364e-05	1.007049e+05	1.614419e+00	1.058148e+01	1.459511e+04	1.459967e+04	1.454748e+04	8.626878e+01	8.641219e+01
	417	401	104.250000	-10.250000	-3.901147e-05	1.007469e+05	2.025774e+02	6.490402e+00	1.471493e+04	1.471838e+04	1.467573e+04	8.215339e+01	7.539545e+01
	106	407	26.500000	-11.750000	-3.814721e-05	8.407188e+04	1.587808e+04	4.681681e+00	1.464615e+04	1.464862e+04	1.455311e+04	8.006086e+01	7.842648e+01
	104	412	26.000000	-13.000000	-3.740215e-05	8.425988e+04	1.510979e+04	4.681681e+00	1.463966e+04	1.464215e+04	1.455311e+04	7.866206e+01	7.850677e+01
	520	414	130.000000	-13.500000	-9.113573e-05	9.703588e+04	2.621550e+03	6.735720e+00	1.457194e+04	1.457908e+04	1.449136e+04	8.511397e+01	7.978193e+01
	520	415	130.000000	-13.750000	-9.188079e-05	9.703588e+04	2.621550e+03	6.331367e+00	1.457031e+04	1.457768e+04	1.449136e+04	8.564928e+01	7.954977e+01
	753	417	188.250000	-14.250000	-4.595541e-05	9.728288e+04	4.058230e+03	4.753635e+00	1.471745e+04	1.471998e+04	1.468511e+04	8.848953e+01	8.348266e+01
	134	419	33.500000	-14.750000	-1.499655e-04	8.485788e+04	1.406247e+04	5.757808e+00	1.464228e+04	1.464868e+04	1.457036e+04	8.855824e+01	8.598513e+01
	1218	421	304.500000	-15.250000	-7.486367e-05	9.317488e+04	7.231610e+03	4.632826e+00	1.495725e+04	1.496043e+04	1.490348e+04	8.475648e+01	8.292186e+01
	159	422	39.750000	-15.500000	-3.591203e-05	9.042288e+04	6.783159e+03	6.182107e+00	1.474581e+04	1.474322e+04	1.462423e+04	8.076920e+01	8.187690e+01
	187	423	46.750000	-15.750000	-3.999495e-05	8.513788e+04	1.036934e+04	6.635526e+00	1.471146e+04	1.471576e+04	1.460486e+04	8.814018e+01	8.620495e+01
	588	423	147.000000	-15.750000	-4.744553e-05	9.213788e+04	7.868184e+03	6.451398e+00	1.475137e+04	1.475344e+04	1.470961e+04	8.049171e+01	7.813386e+01
	826	482	206.500000	-30.500000	-1.720490e-04	1.013899e+05	1.212776e+00	8.349312e+00	1.481972e+04	1.482412e+04	1.476198e+04	8.234991e+01	7.412921e+01
	917	487	229.250000	-31.750000	-2.051296e-04	1.014529e+05	9.512045e-01	9.902994e+00	1.497584e+04	1.498931e+04	1.483473e+04	8.413559e+01	8.143333e+01
	283	495	70.750000	-33.750000	-1.202228e-04	1.004769e+05	1.132585e+00	1.302223e+01	1.421898e+04	1.424963e+04	1.403423e+04	8.339201e+01	8.597679e+01
	842	502	210.500000	-35.500000	-1.484158e-04	1.012759e+05	1.232980e+00	1.075756e+01	1.469008e+04	1.470574e+04	1.454336e+04	8.078292e+01	6.774162e+01
	148	505	37.000000	-36.250000	-1.173022e-04	1.014839e+05	1.755361e+00	8.280532e+00	1.487316e+04	1.487591e+04	1.477973e+04	8.100352e+01	7.229538e+01
	1280	509	320.000000	-37.250000	-3.779831e-04	1.005129e+05	1.915065e+00	1.278273e+01	1.431811e+04	1.433725e+04	1.407123e+04	8.637559e+01	7.276927e+01
	1373	520	343.250000	-40.000000	-1.777711e-04	1.007099e+05	1.131847e+00	1.011954e+01	1.429733e+04	1.432191e+04	1.406486e+04	8.043734e+01	7.666801e+01
	626	538	156.500000	-44.500000	-2.403560e-04	9.987388e+04	2.858545e+00	1.615386e+01	1.404243e+04	1.411268e+04	1.336173e+04	8.524676e+01	7.485470e+01
2024	1	9	25	18
	648	361	162.000000	-0.250000	2.376270e-06	1.007442e+05	1.634048e+00	7.323469e+00	1.457964e+04	1.457945e+04	1.457198e+04	8.602265e+01	8.609753e+01
	708	362	177.000000	-0.500000	-1.017051e-05	1.007602e+05	2.638664e+00	6.087604e+00	1.462232e+04	1.462488e+04	1.459648e+04	8.041928e+01	8.091782e+01
	627	363	156.750000	-0.750000	4.700851e-06	1.006952e+05	1.312912e+00	8.172256e+00	1.456065e+04	1.456121e+04	1.453411e+04	8.543325e+01	8.666943e+01
	603	365	150.750000	-1.250000	-2.839137e-06	9.861523e+04	1.587302e+03	5.614847e+00	1.453901e+04	1.454001e+04	1.451961e+04	8.747486e+01	8.753732e+01
	145	371	36.250000	-2.750000	-1.777490e-04	7.484923e+04	2.805824e+04	4.518309e+00	1.485522e+04	1.485225e+04	1.478248e+04	8.105061e+01	7.632055e+01
	345	374	86.250000	-3.500000	-2.945261e-05	1.009662e+05	1.553773e+00	7.991943e+00	1.479362e+04	1.479333e+04	1.477786e+04	8.083447e+01	8.247244e+01
	1219	376	304.750000	-4.000000	-3.317790e-05	9.670223e+04	3.069295e+03	3.997789e+00	1.471192e+04	1.471489e+04	1.465136e+04	8.454404e+01	8.570839e+01
	550	378	137.500000	-4.500000	-5.700160e-06	6.990523e+04	3.434546e+04	7.770145e+00	1.453707e+04	1.453670e+04	1.445811e+04	8.395249e+01	8.502899e+01
	373	388	93.250000	-7.000000	-5.514221e-05	1.008472e+05	1.774652e+00	7.786544e+00	1.468840e+04	1.469347e+04	1.465486e+04	8.866624e+01	8.630309e+01
	699	389	174.750000	-7.250000	-5.104113e-06	1.007792e+05	1.131802e+00	8.394831e+00	1.464382e+04	1.464416e+04	1.460136e+04	8.547526e+01	8.130590e+01
	263	393	65.750000	-8.250000	-7.591443e-05	1.010232e+05	1.433427e+00	1.092614e+01	1.483284e+04	1.483707e+04	1.478173e+04	8.400776e+01	8.341833e+01
	314	393	78.500000	-8.250000	-2.622982e-04	1.009072e+05	1.292903e+00	9.523512e+00	1.482905e+04	1.483345e+04	1.469336e+04	8.199118e+01	7.814592e+01
	588	395	147.000000	-8.750000	-8.443790e-05	7.805523e+04	2.481712e+04	6.784307e+00	1.452468e+04	1.452713e+04	1.445836e+04	8.296221e+01	8.421021e+01
	398	399	99.500000	-9.750000	-5.269842e-05	1.008922e+05	1.433058e+00	6.462352e+00	1.470404e+04	1.470716e+04	1.467011e+04	8.902357e+01	8.613646e+01
	236	400	59.000000	-10.000000	-1.419382e-05	1.010182e+05	2.156258e+00	7.184560e+00	1.483174e+04	1.483348e+04	1.480373e+04	8.932914e+01	8.767407e+01
	197	405	49.250000	-11.250000	-1.807888e-04	8.643123e+04	4.389258e+03	7.318999e+00	1.486412e+04	1.486537e+04	1.480373e+04	9.331940e+01	9.038399e+01
	520	416	130.000000	-14.000000	-8.321600e-05	9.661323e+04	2.621550e+03	8.052410e+00	1.439311e+04	1.440154e+04	1.428923e+04	8.914255e+01	8.418578e+01
	766	450	191.500000	-22.500000	-2.004583e-04	1.010392e+05	1.111819e+00	1.101892e+01	1.486228e+04	1.487070e+04	1.474148e+04	8.564146e+01	8.315452e+01
	659	455	164.750000	-23.750000	-9.349780e-05	9.663823e+04	1.431044e+01	1.034727e+01	1.449724e+04	1.451468e+04	1.439136e+04	8.168418e+01	8.014644e+01
	921	491	230.250000	-32.750000	-1.583477e-04	1.016612e+05	9.109393e-01	1.304776e+01	1.517623e+04	1.518821e+04	1.501761e+04	8.083115e+01	7.779050e+01
	286	495	71.500000	-33.750000	-1.180251e-04	1.006642e+05	1.432940e+00	1.199001e+01	1.433696e+04	1.436378e+04	1.416236e+04	8.850621e+01	8.936633e+01
	843	500	210.750000	-35.000000	-1.377244e-04	1.014212e+05	1.232980e+00	9.703711e+00	1.479499e+04	1.480850e+04	1.464836e+04	7.831020e+01	7.097931e+01
	844	500	211.000000	-35.000000	-1.377244e-04	1.014212e+05	1.232980e+00	9.362475e+00	1.479681e+04	1.481018e+04	1.464836e+04	7.829889e+01	7.218755e+01
	1289	512	322.250000	-38.000000	-3.283997e-04	1.003952e+05	1.775392e+00	1.216357e+01	1.419768e+04	1.421631e+04	1.396936e+04	8.217301e+01	7.383165e+01
	1392	529	348.000000	-42.250000	-1.671989e-04	1.004882e+05	2.058997e+00	9.938127e+00	1.410750e+04	1.412945e+04	1.393448e+04	9.248032e+01	8.367935e+01
2024	1	10	29	0
	623	360	155.750000	0.000000	5.480368e-06	1.009261e+05	1.292790e+00	7.541070e+00	1.476111e+04	1.476155e+04	1.473509e+04	8.666894e+01	8.449725e+01
	663	360	165.750000	0.000000	-8.407515e-06	1.008541e+05	5.350978e+00	8.258870e+00	1.470571e+04	1.470575e+04	1.469796e+04	8.657281e+01	8.471835e+01
	887	360	221.750000	0.000000	-9.897631e-06	1.008731e+05	1.192116e+00	7.504823e+00	1.465064e+04	1.465244e+04	1.462734e+04	7.725354e+01	7.477238e+01
	914	360	228.500000	0.000000	-3.877562e-06	1.008641e+05	8.103890e-01	6.969346e+00	1.463716e+04	1.463899e+04	1.462159e+04	7.701051e+01	7.969441e+01
	1347	360	336.750000	0.000000	-4.831236e-06	1.012971e+05	1.172229e+00	7.573555e+00	1.499950e+04	1.500177e+04	1.498296e+04	8.098902e+01	8.171831e+01
	455	363	113.750000	-0.750000	-3.090827e-05	8.958412e+04	8.814143e+03	3.143668e+00	1.478269e+04	1.478157e+04	1.474871e+04	8.598314e+01	8.278683e+01
	1388	368	347.000000	-2.000000	-6.649178e-06	1.013621e+05	9.311727e-01	6.673396e+00	1.503714e+04	1.503758e+04	1.501859e+04	8.138332e+01	7.791512e+01
	561	377	140.250000	-4.250000	-5.111424e-05	7.083112e+04	3.169332e+04	4.095029e+00	1.478773e+04	1.478617e+04	1.472884e+04	8.155496e+01	8.272555e+01
	1197	380	299.250000	-5.000000	-1.260964e-05	9.876612e+04	1.189643e+03	2.824714e+00	1.477708e+04	1.477918e+04	1.474409e+04	8.411121e+01	8.636885e+01
	443	382	110.750000	-5.500000	-5.123345e-05	9.079712e+04	1.162300e+04	3.934267e+00	1.476840e+04	1.476966e+04	1.472459e+04	8.380164e+01	8.291949e+01
	357	383	89.250000	-5.750000	-1.030001e-04	1.007691e+05	1.071637e+00	7.573174e+00	1.464767e+04	1.465433e+04	1.457359e+04	9.115874e+01	8.643320e+01
	527	390	131.750000	-7.500000	-3.937213e-05	1.001801e+05	9.248435e+02	9.106384e+00	1.472130e+04	1.472192e+04	1.467746e+04	7.980156e+01	8.079463e+01
	315	392	78.750000	-8.000000	-2.316269e-04	1.007091e+05	1.292903e+00	1.029245e+01	1.467327e+04	1.467913e+04	1.453059e+04	8.017497e+01	7.925301e+01
	253	397	63.250000	-9.250000	-2.932874e-05	1.007571e+05	2.096102e+00	7.538982e+00	1.461243e+04	1.461676e+04	1.457021e+04	8.701881e+01	8.593272e+01
	229	401	57.250000	-10.250000	-3.975956e-05	1.007671e+05	1.312319e+00	9.929047e+00	1.461362e+04	1.461703e+04	1.457559e+04	9.207590e+01	9.008784e+01
	630	402	157.500000	-10.500000	-4.396169e-05	9.473812e+04	8.383891e+02	5.522739e+00	1.474492e+04	1.474540e+04	1.471059e+04	8.642200e+01	8.114997e+01
	670	402	167.500000	-10.500000	-1.326529e-05	1.005651e+05	6.734774e+02	3.190196e+00	1.468618e+04	1.468928e+04	1.463621e+04	8.471139e+01	8.528507e+01
	138	403	34.500000	-10.750000	-9.808270e-05	7.815412e+04	2.260345e+04	3.151992e+00	1.468128e+04	1.468384e+04	1.461434e+04	9.310777e+01	9.223179e+01
	124	419	31.000000	-14.750000	-1.326832e-04	8.442412e+04	1.538109e+04	3.561027e+00	1.466320e+04	1.466770e+04	1.461684e+04	9.251006e+01	9.092440e+01
	194	420	48.500000	-15.000000	-1.759860e-04	8.517512e+04	1.653842e+04	8.061062e+00	1.470998e+04	1.471242e+04	1.464771e+04	8.874387e+01	8.951735e+01
	519	423	129.750000	-15.750000	-1.007351e-04	9.474912e+04	4.191300e+03	6.256027e+00	1.460854e+04	1.462103e+04	1.449809e+04	8.128788e+01	7.951906e+01
	74	427	18.500000	-16.750000	-7.877080e-05	8.416512e+04	1.362315e+04	3.039149e+00	1.461521e+04	1.461958e+04	1.456759e+04	7.985102e+01	7.146268e+01
	250	431	62.500000	-17.750000	-9.647338e-05	1.007951e+05	1.510779e+01	8.141334e+00	1.466317e+04	1.466581e+04	1.461746e+04	8.571662e+01	8.321710e+01
	657	455	164.250000	-23.750000	-9.772507e-05	9.672312e+04	1.090371e+01	1.081741e+01	1.462512e+04	1.464466e+04	1.449521e+04	7.971737e+01	7.943078e+01
	831	477	207.750000	-29.250000	-1.618299e-04	1.014091e+05	8.298775e-01	8.623459e+00	1.488145e+04	1.488634e+04	1.480246e+04	8.217786e+01	7.053754e+01
	291	499	72.750000	-34.750000	-1.375112e-04	1.006211e+05	1.112392e+00	1.259449e+01	1.424926e+04	1.427303e+04	1.409746e+04	8.520991e+01	8.514465e+01
	849	506	212.250000	-36.500000	-1.222226e-04	1.013491e+05	1.232980e+00	9.285963e+00	1.472539e+04	1.473588e+04	1.462771e+04	7.796368e+01	7.084549e+01
	1297	514	324.250000	-38.500000	-2.555880e-04	1.004671e+05	1.775392e+00	1.166880e+01	1.419644e+04	1.421393e+04	1.397634e+04	7.890785e+01	7.274221e+01
	1406	534	351.500000	-43.500000	-1.530680e-04	1.004501e+05	1.292759e+00	1.267961e+01	1.403586e+04	1.406239e+04	1.380284e+04	9.481020e+01	8.701525e+01
2024	1	10	28	6
	119	362	29.750000	-0.500000	-7.613352e-05	7.640877e+04	2.467993e+04	2.252587e+00	1.493375e+04	1.493409e+04	1.489686e+04	7.528916e+01	6.997716e+01
	695	362	173.750000	-0.500000	-1.307181e-05	1.007128e+05	1.332845e+00	5.627776e+00	1.459023e+04	1.459138e+04	1.457873e+04	8.909959e+01	8.680538e+01
	481	369	120.250000	-2.250000	-5.121878e-05	8.211677e+04	1.932979e+04	6.694686e+00	1.455799e+04	1.455913e+04	1.447661e+04	7.665258e+01	7.684456e+01
	561	377	140.250000	-4.250000	-6.310991e-05	7.053377e+04	3.169332e+04	4.808992e+00	1.445738e+04	1.445898e+04	1.435773e+04	8.310612e+01	8.380453e+01
	353	383	88.250000	-5.750000	-1.956408e-04	1.008658e+05	1.071637e+00	8.268552e+00	1.472551e+04	1.472939e+04	1.465111e+04	9.146739e+01	8.511000e+01
	354	383	88.500000	-5.750000	-1.956408e-04	1.008658e+05	1.071637e+00	8.268552e+00	1.472273e+04	1.472697e+04	1.465111e+04	9.140829e+01	8.519857e+01
	586	388	146.500000	-7.000000	-7.488183e-05	7.456277e+04	2.513040e+04	5.104722e+00	1.445896e+04	1.445936e+04	1.433286e+04	8.258275e+01	8.184888e+01
	315	390	78.750000	-7.500000	-1.974588e-04	1.008398e+05	1.292903e+00	9.952538e+00	1.477573e+04	1.478167e+04	1.465186e+04	8.307960e+01	8.157102e+01
	1204	390	301.000000	-7.500000	-1.014953e-04	9.557077e+04	3.452590e+03	2.137766e+00	1.475786e+04	1.475936e+04	1.472723e+04	9.158230e+01	8.936063e+01
	235	396	58.750000	-9.000000	-1.033430e-04	1.009858e+05	1.312319e+00	9.784562e+00	1.480128e+04	1.480448e+04	1.476411e+04	9.226521e+01	8.974575e+01
	258	399	64.500000	-9.750000	-1.852100e-04	1.009588e+05	2.096102e+00	8.494593e+00	1.478832e+04	1.479468e+04	1.470998e+04	8.850869e+01	8.673846e+01
	402	403	100.500000	-10.750000	-6.072572e-05	1.009238e+05	1.915922e+00	7.019886e+00	1.471943e+04	1.472195e+04	1.468948e+04	9.234570e+01	8.511375e+01
	203	405	50.750000	-11.250000	-4.039591e-04	9.157777e+04	4.389258e+03	9.982589e+00	1.484547e+04	1.484858e+04	1.477761e+04	9.283327e+01	8.929305e+01
	1211	409	302.750000	-12.250000	-4.242710e-05	9.334577e+04	5.781300e+03	2.757593e+00	1.475780e+04	1.476050e+04	1.473298e+04	9.040742e+01	8.793651e+01
	517	418	129.250000	-14.500000	-1.066511e-04	9.495877e+04	3.192235e+03	6.309263e+00	1.436604e+04	1.437607e+04	1.426598e+04	8.908413e+01	8.364986e+01
	575	423	143.750000	-15.750000	-9.201816e-05	9.185877e+04	7.868184e+03	6.025975e+00	1.445113e+04	1.445387e+04	1.435248e+04	8.554230e+01	8.358927e+01
	116	424	29.000000	-16.000000	-1.493280e-04	8.530377e+04	1.363012e+04	6.358775e+00	1.479570e+04	1.479834e+04	1.474623e+04	9.209051e+01	8.816944e+01
	73	429	18.250000	-17.250000	-5.896739e-05	8.423477e+04	1.300741e+04	3.701490e+00	1.468846e+04	1.469312e+04	1.462461e+04	8.195321e+01	7.133650e+01
	795	432	198.750000	-18.000000	-3.196648e-05	1.010318e+05	3.661729e+00	9.662944e+00	1.484133e+04	1.484496e+04	1.480173e+04	8.092415e+01	7.802264e+01
	840	433	210.000000	-18.250000	-1.571958e-04	1.002258e+05	2.286468e+03	7.687654e+00	1.499779e+04	1.499900e+04	1.491948e+04	8.713415e+01	8.590915e+01
	258	440	64.500000	-20.000000	-3.656035e-04	1.010698e+05	1.282729e+02	7.751256e+00	1.485759e+04	1.485956e+04	1.478398e+04	8.603641e+01	7.881107e+01
	758	446	189.500000	-21.500000	-1.068299e-04	1.009228e+05	1.192435e+00	1.153204e+01	1.481383e+04	1.482129e+04	1.474773e+04	8.486271e+01	8.513409e+01
	655	453	163.750000	-23.250000	-8.471659e-05	9.660077e+04	1.090371e+01	1.010242e+01	1.447968e+04	1.449651e+04	1.436348e+04	7.952401e+01	7.625714e+01
	833	479	208.250000	-29.750000	-1.107936e-04	1.014088e+05	7.301495e-01	7.369072e+00	1.486452e+04	1.487149e+04	1.479948e+04	8.224707e+01	7.277906e+01
	296	501	74.000000	-35.250000	-1.832431e-04	1.007778e+05	1.494565e+00	1.210853e+01	1.436257e+04	1.438317e+04	1.423561e+04	9.264425e+01	8.693784e+01
	319	515	79.750000	-38.750000	-1.029854e-04	1.006508e+05	5.838783e+01	1.227438e+01	1.439178e+04	1.440674e+04	1.425161e+04	8.676976e+01	7.885975e+01
	1306	516	326.500000	-39.000000	-1.939719e-04	1.003768e+05	1.775392e+00	1.083202e+01	1.403510e+04	1.405022e+04	1.386836e+04	8.143590e+01	7.455994e+01
	1417	539	354.250000	-44.750000	-2.220755e-04	1.000658e+05	1.994876e+00	1.405308e+01	1.373703e+04	1.376583e+04	1.342823e+04	9.411115e+01	8.499128e+01
2024	1	10	29	12
	1079	360	269.750000	0.000000	-3.014086e-05	9.890875e+04	2.968146e+03	7.122367e+00	1.479749e+04	1.479764e+04	1.478228e+04	8.672578e+01	8.518480e+01
	1306	360	326.500000	0.000000	-7.073861e-06	1.012518e+05	8.904456e-01	7.102880e+00	1.497564e+04	1.497737e+04	1.495128e+04	8.123504e+01	7.632627e+01
	738	361	184.500000	-0.250000	-8.653384e-06	1.008328e+05	9.109490e-01	7.101939e+00	1.468847e+04	1.468932e+04	1.467728e+04	7.573266e+01	7.633791e+01
	305	364	76.250000	-1.000000	-6.567221e-06	1.007718e+05	1.814968e+00	6.429641e+00	1.461903e+04	1.462099e+04	1.459565e+04	7.806762e+01	7.929624e+01
	1170	365	292.500000	-1.250000	-4.393933e-05	9.374175e+04	1.533427e+03	2.094311e+00	1.491591e+04	1.491916e+04	1.488665e+04	9.026942e+01	8.336060e+01
	919	368	229.750000	-2.000000	-1.035212e-05	1.010068e+05	9.106419e-01	8.493622e+00	1.473008e+04	1.473070e+04	1.472278e+04	7.882690e+01	7.498882e+01
	385	370	96.250000	-2.500000	-7.610302e-06	1.000608e+05	2.056291e+00	8.930538e+00	1.466773e+04	1.466983e+04	1.462390e+04	7.870474e+01	8.024790e+01
	1402	373	350.500000	-3.250000	4.959293e-07	1.013638e+05	1.252206e+00	6.191118e+00	1.502349e+04	1.502421e+04	1.500740e+04	7.755468e+01	7.557809e+01
	1402	374	350.500000	-3.500000	4.959293e-07	1.013638e+05	1.252206e+00	6.191118e+00	1.502402e+04	1.502468e+04	1.500740e+04	7.656587e+01	7.447878e+01
	479	375	119.750000	-3.750000	-3.192900e-05	8.224675e+04	1.932979e+04	7.945003e+00	1.469050e+04	1.469198e+04	1.465965e+04	8.166064e+01	8.114017e+01
	559	375	139.750000	-3.750000	-1.279819e-04	7.007875e+04	3.169332e+04	5.431171e+00	1.474538e+04	1.474460e+04	1.466428e+04	8.823181e+01	8.579746e+01
	441	383	110.250000	-5.750000	-3.669737e-05	8.797975e+04	1.162300e+04	6.633583e+00	1.471637e+04	1.471807e+04	1.467778e+04	8.396783e+01	8.175613e+01
	618	384	154.500000	-6.000000	-2.635596e-05	9.232775e+04	8.972600e+03	3.252323e+00	1.467156e+04	1.467312e+04	1.464890e+04	7.770502e+01	7.871330e+01
	364	387	91.000000	-6.750000	-7.344363e-05	1.006968e+05	1.091694e+00	8.344419e+00	1.457533e+04	1.458243e+04	1.451853e+04	9.039097e+01	8.511062e+01
	586	388	146.500000	-7.000000	-1.111138e-04	7.481075e+04	2.513040e+04	5.384070e+00	1.470828e+04	1.470885e+04	1.461228e+04	8.710126e+01	8.300438e+01
	316	389	79.000000	-7.250000	-2.044546e-04	1.006058e+05	1.332789e+00	9.404260e+00	1.458043e+04	1.458633e+04	1.445615e+04	8.205626e+01	8.027979e+01
	230	398	57.500000	-9.500000	-6.494997e-05	1.006388e+05	1.312319e+00	1.217388e+01	1.451662e+04	1.452224e+04	1.446578e+04	9.258430e+01	8.745319e+01
	201	405	50.250000	-11.250000	-2.185511e-04	8.717875e+04	4.389258e+03	1.129557e+01	1.458976e+04	1.459377e+04	1.447765e+04	8.875138e+01	8.718179e+01
	636	407	159.000000	-11.750000	-1.167464e-04	9.462275e+04	1.740903e+02	4.444191e+00	1.464992e+04	1.465180e+04	1.461028e+04	7.799540e+01	7.907035e+01
	723	409	180.750000	-12.250000	-1.142500e-05	1.008788e+05	8.506669e-01	5.380210e+00	1.475532e+04	1.475687e+04	1.471540e+04	8.326347e+01	8.174723e+01
	515	413	128.750000	-13.250000	-1.235115e-04	9.636275e+04	2.265356e+03	7.628669e+00	1.450156e+04	1.451269e+04	1.438928e+04	8.629948e+01	8.110467e+01
	121	414	30.250000	-13.500000	-9.758351e-05	8.426675e+04	1.538109e+04	4.889556e+00	1.455736e+04	1.456422e+04	1.445803e+04	8.530103e+01	8.374424e+01
	1177	427	294.250000	-16.750000	-1.338827e-04	5.994975e+04	4.178880e+04	6.384123e+00	1.485828e+04	1.485898e+04	1.464265e+04	8.104123e+01	7.642435e+01
	794	430	198.500000	-17.500000	-6.807921e-05	1.009218e+05	6.493666e-01	8.854135e+00	1.473848e+04	1.474338e+04	1.468590e+04	8.348753e+01	8.085849e+01
	653	450	163.250000	-22.500000	-8.971570e-05	9.682975e+04	5.693785e+01	9.438157e+00	1.457050e+04	1.458834e+04	1.445128e+04	7.861855e+01	7.450966e+01
	837	483	209.250000	-30.750000	-6.664870e-05	1.013018e+05	7.299753e-01	8.888008e+00	1.473830e+04	1.474600e+04	1.468465e+04	8.270194e+01	7.674553e+01
	296	498	74.000000	-34.500000	-1.379657e-04	1.007288e+05	1.494565e+00	1.146157e+01	1.435818e+04	1.437624e+04	1.422640e+04	9.179408e+01	8.547589e+01
	324	516	81.000000	-39.000000	-1.570093e-04	1.006058e+05	1.273384e+00	1.294782e+01	1.430819e+04	1.432597e+04	1.415165e+04	8.458916e+01	7.575873e+01
	1316	518	329.000000	-39.500000	-1.745033e-04	1.005538e+05	1.031938e+00	1.080966e+01	1.412173e+04	1.413346e+04	1.399840e+04	8.420612e+01	7.325172e+01
2024	1	10	34	18
	659	360	164.750000	0.000000	7.957220e-06	1.005410e+05	1.473456e+00	7.877333e+00	1.445191e+04	1.445466e+04	1.441878e+04	8.402352e+01	8.488194e+01
	1411	360	352.750000	0.000000	-8.642673e-07	1.010650e+05	1.191976e+00	5.119283e+00	1.483738e+04	1.483891e+04	1.482653e+04	7.714988e+01	7.600622e+01
	308	362	77.000000	-0.500000	6.854534e-07	1.010850e+05	1.814968e+00	6.306809e+00	1.488307e+04	1.488352e+04	1.487628e+04	8.229567e+01	8.222794e+01
	621	362	155.250000	-0.500000	-6.467104e-06	1.005720e+05	1.453435e+00	7.518325e+00	1.446419e+04	1.446604e+04	1.442265e+04	8.526921e+01	8.572041e+01
	876	362	219.000000	-0.500000	-2.092123e-05	1.011730e+05	7.301080e-01	8.646048e+00	1.489344e+04	1.489442e+04	1.488765e+04	8.434216e+01	8.208828e+01
	1315	362	328.750000	-0.500000	-7.748604e-06	1.010190e+05	5.492048e-01	6.514588e+00	1.477518e+04	1.477684e+04	1.474990e+04	8.638470e+01	8.131077e+01
	599	363	149.750000	-0.750000	-8.881092e-06	9.999900e+04	1.587302e+03	5.317495e+00	1.447164e+04	1.447297e+04	1.444565e+04	8.144274e+01	8.400389e+01
	1203	365	300.750000	-1.250000	-3.492832e-05	9.559800e+04	2.746736e+03	3.612049e+00	1.479827e+04	1.479959e+04	1.476978e+04	8.383768e+01	8.258272e+01
	694	366	173.500000	-1.500000	-2.205372e-06	1.006140e+05	1.332845e+00	6.161514e+00	1.450623e+04	1.450882e+04	1.449878e+04	8.369379e+01	8.326317e+01
	1247	366	311.750000	-1.500000	-1.052022e-05	9.838000e+04	1.409781e+03	6.833781e+00	1.476292e+04	1.476423e+04	1.470378e+04	8.221038e+01	8.340414e+01
	1268	368	317.000000	-2.000000	-1.427531e-05	9.399700e+04	9.984266e+02	7.362175e+00	1.476250e+04	1.476312e+04	1.474440e+04	7.528300e+01	7.970048e+01
	1169	372	292.250000	-3.000000	-2.331138e-04	9.935400e+04	1.409960e+03	2.746730e+00	1.483690e+04	1.483985e+04	1.477615e+04	8.501982e+01	8.262306e+01
	317	388	79.250000	-7.000000	-1.841187e-04	1.009300e+05	1.352872e+00	1.071147e+01	1.484262e+04	1.484937e+04	1.471915e+04	8.375147e+01	8.318462e+01
	760	388	190.000000	-7.000000	-9.340048e-05	1.009140e+05	1.312795e+00	6.991250e+00	1.477206e+04	1.477143e+04	1.473865e+04	8.328771e+01	7.872891e+01
	661	389	165.250000	-7.250000	-4.798174e-06	1.005750e+05	2.116387e+00	4.105413e+00	1.447703e+04	1.447885e+04	1.443928e+04	8.217273e+01	8.400601e+01
	706	391	176.500000	-7.750000	5.960464e-06	1.006820e+05	1.152056e+00	5.207612e+00	1.457793e+04	1.457937e+04	1.455828e+04	8.151772e+01	8.104201e+01
	588	395	147.000000	-8.750000	-5.832314e-05	7.803900e+04	2.481712e+04	4.634913e+00	1.448148e+04	1.448034e+04	1.442253e+04	8.980180e+01	8.746113e+01
	372	396	93.000000	-9.000000	-2.322197e-04	1.008960e+05	1.292746e+00	9.338102e+00	1.472901e+04	1.473347e+04	1.466803e+04	8.984963e+01	8.545736e+01
	243	400	60.750000	-10.000000	-8.082390e-05	1.009790e+05	1.835035e+00	9.999899e+00	1.479006e+04	1.479595e+04	1.473828e+04	9.210416e+01	8.814793e+01
	212	401	53.000000	-10.250000	-3.076792e-04	1.009810e+05	1.935558e+00	1.196638e+01	1.483274e+04	1.483392e+04	1.475240e+04	8.990511e+01	8.516730e+01
	1252	402	313.000000	-10.500000	-1.287460e-05	9.143900e+04	8.214348e+03	4.421414e+00	1.480619e+04	1.480765e+04	1.474215e+04	8.220087e+01	7.997025e+01
	633	406	158.250000	-11.500000	-5.540252e-05	9.438100e+04	1.740903e+02	4.261046e+00	1.443625e+04	1.443834e+04	1.440028e+04	8.449665e+01	8.221503e+01
	182	414	45.500000	-13.500000	-5.191565e-05	9.399200e+04	1.724083e+03	5.915357e+00	1.484565e+04	1.484879e+04	1.480765e+04	8.881677e+01	8.677509e+01
	517	414	129.250000	-13.500000	-1.607835e-04	9.632300e+04	2.621550e+03	8.510900e+00	1.434288e+04	1.435633e+04	1.421390e+04	9.005858e+01	8.493922e+01
	182	415	45.500000	-13.750000	-6.306171e-05	9.221900e+04	1.724083e+03	5.226214e+00	1.484628e+04	1.484930e+04	1.480765e+04	8.874079e+01	8.707494e+01
	544	419	136.000000	-14.750000	-1.183450e-04	9.633100e+04	2.143002e+03	5.581340e+00	1.438318e+04	1.438667e+04	1.433340e+04	8.616813e+01	8.238212e+01
	113	423	28.250000	-15.750000	-9.721518e-05	8.581100e+04	1.303387e+04	2.285934e+00	1.464422e+04	1.464896e+04	1.458528e+04	8.636425e+01	8.443691e+01
	806	434	201.500000	-18.500000	-2.633929e-04	1.011440e+05	7.379909e+00	8.741025e+00	1.490264e+04	1.490812e+04	1.481578e+04	8.333654e+01	8.184747e+01
	754	441	188.500000	-20.250000	-6.273389e-05	1.009650e+05	8.330264e+01	1.137762e+01	1.484370e+04	1.484931e+04	1.479165e+04	8.101170e+01	8.285140e+01
	648	449	162.000000	-22.250000	-1.015067e-04	9.779900e+04	3.303126e+00	9.709597e+00	1.443425e+04	1.445009e+04	1.431353e+04	8.005467e+01	7.407629e+01
	849	484	212.250000	-31.000000	-2.511442e-04	1.012830e+05	7.899237e-01	9.713532e+00	1.477800e+04	1.478554e+04	1.470040e+04	8.079211e+01	7.716331e+01
	299	496	74.750000	-34.000000	-8.463860e-05	1.009450e+05	1.533339e+00	1.106785e+01	1.451251e+04	1.452690e+04	1.440440e+04	8.887991e+01	8.206457e+01
	332	517	83.000000	-39.250000	-1.444221e-04	1.007300e+05	1.312325e+00	1.228793e+01	1.437575e+04	1.439504e+04	1.421428e+04	8.467336e+01	7.376598e+01
	1327	519	331.750000	-39.750000	-1.421273e-04	1.005210e+05	1.011639e+00	9.950510e+00	1.406665e+04	1.407657e+04	1.396578e+04	8.279827e+01	7.112446e+01
2024	1	11	33	0
	842	360	210.500000	0.000000	-2.212985e-05	1.007141e+05	1.573924e+00	8.992548e+00	1.454440e+04	1.454709e+04	1.452944e+04	8.331824e+01	8.248027e+01
	1365	360	341.250000	0.000000	-1.193746e-05	1.012461e+05	1.072042e+00	7.847185e+00	1.496455e+04	1.496683e+04	1.494531e+04	8.054617e+01	8.179076e+01
	400	361	100.000000	-0.250000	-1.213120e-04	8.746711e+04	1.532920e+04	5.076353e+00	1.479216e+04	1.479133e+04	1.476394e+04	8.383830e+01	8.477220e+01
	456	364	114.000000	-1.000000	-4.436239e-05	8.959511e+04	8.814143e+03	4.512919e+00	1.479139e+04	1.478967e+04	1.475856e+04	8.857892e+01	8.533912e+01
	490	365	122.500000	-1.250000	-8.596643e-05	8.450911e+04	1.366159e+04	6.330895e+00	1.475416e+04	1.475635e+04	1.470631e+04	7.658652e+01	7.735571e+01
	1122	366	280.500000	-1.500000	-9.720190e-05	6.509511e+04	3.877745e+04	5.618817e+00	1.474809e+04	1.474532e+04	1.468381e+04	8.419225e+01	8.242098e+01
	709	367	177.250000	-1.750000	-5.738577e-06	1.006771e+05	2.638664e+00	7.492344e+00	1.458693e+04	1.459043e+04	1.456081e+04	7.569537e+01	7.785279e+01
	666	368	166.500000	-2.000000	4.155794e-06	1.007731e+05	5.350978e+00	4.565676e+00	1.465638e+04	1.465782e+04	1.463094e+04	7.998587e+01	8.168957e+01
	1199	369	299.750000	-2.250000	-1.149043e-05	9.800211e+04	1.901731e+03	2.411514e+00	1.476271e+04	1.476727e+04	1.471319e+04	7.772343e+01	7.868627e+01
	433	370	108.250000	-2.500000	-1.560315e-05	9.844811e+04	3.549420e+02	6.151056e+00	1.478715e+04	1.478813e+04	1.474794e+04	8.915122e+01	8.701420e+01
	223	373	55.750000	-3.250000	4.305039e-07	1.007321e+05	2.510779e+02	8.128314e+00	1.469120e+04	1.469047e+04	1.466944e+04	7.574879e+01	7.434935e+01
	223	374	55.750000	-3.500000	2.308050e-06	1.007321e+05	2.510779e+02	8.540442e+00	1.469009e+04	1.468906e+04	1.466944e+04	7.541846e+01	7.477824e+01
	317	386	79.250000	-6.500000	-1.666711e-04	1.007941e+05	1.352872e+00	1.169425e+01	1.468650e+04	1.469165e+04	1.459469e+04	8.470831e+01	8.305003e+01
	361	392	90.250000	-8.000000	-7.264479e-05	1.007901e+05	1.412591e+00	9.389809e+00	1.466619e+04	1.467401e+04	1.460331e+04	8.470926e+01	8.058457e+01
	415	392	103.750000	-8.000000	-3.107055e-05	9.383911e+04	1.924811e+02	6.328457e+00	1.478921e+04	1.479196e+04	1.475306e+04	9.411892e+01	8.835680e+01
	157	400	39.250000	-10.000000	-4.659756e-05	9.143611e+04	8.093382e+03	8.230247e+00	1.466092e+04	1.466502e+04	1.461994e+04	8.939239e+01	8.587431e+01
	1249	400	312.250000	-10.000000	-5.678972e-06	9.231411e+04	7.698891e+03	3.779916e+00	1.492606e+04	1.492862e+04	1.486456e+04	7.569300e+01	7.436937e+01
	620	402	155.000000	-10.500000	-3.235205e-05	1.002421e+05	6.377739e+02	3.897977e+00	1.463511e+04	1.463770e+04	1.459881e+04	8.566977e+01	8.406174e+01
	218	404	54.500000	-11.000000	-1.301633e-04	1.007291e+05	1.232238e+00	1.353516e+01	1.459626e+04	1.460129e+04	1.454506e+04	9.188818e+01	8.757606e+01
	245	407	61.250000	-11.750000	-1.307593e-04	1.007301e+05	2.116592e+00	1.061363e+01	1.461180e+04	1.461646e+04	1.453531e+04	8.666243e+01	8.565264e+01
	184	408	46.000000	-12.000000	-1.062916e-04	9.773611e+04	1.724083e+03	1.043524e+01	1.464166e+04	1.464596e+04	1.459106e+04	9.085249e+01	8.711796e+01
	519	411	129.750000	-12.750000	-2.539323e-04	9.748411e+04	2.424020e+03	8.885297e+00	1.449918e+04	1.450942e+04	1.439319e+04	8.961927e+01	8.339267e+01
	600	411	150.000000	-12.750000	-1.965626e-05	9.153711e+04	2.114659e+01	5.651419e+00	1.466583e+04	1.466602e+04	1.462619e+04	8.694141e+01	8.663721e+01
	116	422	29.000000	-15.500000	-7.628067e-05	8.516311e+04	1.348175e+04	3.738413e+00	1.459858e+04	1.460403e+04	1.454781e+04	9.357546e+01	8.985911e+01
	551	422	137.750000	-15.500000	-1.094805e-04	9.749211e+04	2.381604e+03	6.926151e+00	1.457128e+04	1.457673e+04	1.451256e+04	7.904767e+01	8.088358e+01
	86	425	21.500000	-16.250000	-3.741845e-05	8.643311e+04	1.216536e+04	3.451429e+00	1.458662e+04	1.458895e+04	1.454031e+04	8.491633e+01	7.897695e+01
	828	433	207.000000	-18.250000	-5.017384e-05	1.008441e+05	6.041966e+01	9.720372e+00	1.482518e+04	1.482939e+04	1.477631e+04	9.048832e+01	8.397831e+01
	797	434	199.250000	-18.500000	-2.777146e-04	1.009711e+05	3.661729e+00	1.171953e+01	1.480738e+04	1.481483e+04	1.473206e+04	8.219257e+01	7.993430e+01
	645	448	161.250000	-22.000000	-8.474453e-05	1.007961e+05	1.613989e+00	8.999489e+00	1.463287e+04	1.464693e+04	1.453194e+04	7.975620e+01	7.398130e+01
	845	456	211.250000	-24.000000	-1.795457e-04	1.012531e+05	2.231657e+01	6.712103e+00	1.486883e+04	1.486991e+04	1.481056e+04	8.790137e+01	8.341138e+01
	125	472	31.250000	-28.000000	-1.744495e-04	7.269511e+04	2.118153e+04	8.483124e+00	1.470894e+04	1.470868e+04	1.461456e+04	7.868014e+01	7.604697e+01
	301	495	75.250000	-33.750000	-8.563860e-05	1.009851e+05	1.533339e+00	9.061194e+00	1.449375e+04	1.450428e+04	1.442019e+04	8.670291e+01	7.779131e+01
	345	519	86.250000	-39.750000	-2.560781e-04	1.007361e+05	9.107873e-01	1.281505e+01	1.434220e+04	1.436056e+04	1.418031e+04	8.458076e+01	7.407777e+01
2024	1	11	34	6
	673	360	168.250000	0.000000	-1.057982e-06	1.006682e+05	5.350978e+00	6.671837e+00	1.456762e+04	1.456839e+04	1.456103e+04	8.749809e+01	8.728535e+01
	371	361	92.750000	-0.250000	8.195639e-07	1.009982e+05	2.839612e+00	8.177603e+00	1.481746e+04	1.481817e+04	1.479391e+04	8.026818e+01	7.860397e+01
	614	361	153.500000	-0.250000	-1.035631e-05	1.004762e+05	3.442997e+00	5.666652e+00	1.447583e+04	1.447843e+04	1.444853e+04	8.527804e+01	8.564031e+01
	641	361	160.250000	-0.250000	-6.631017e-06	1.006242e+05	1.634048e+00	6.638205e+00	1.452337e+04	1.452370e+04	1.451878e+04	8.681824e+01	8.702017e+01
	1386	361	346.500000	-0.250000	-1.098216e-05	1.011012e+05	7.701792e-01	7.239504e+00	1.479732e+04	1.479801e+04	1.478528e+04	8.451395e+01	8.175997e+01
	812	362	203.000000	-0.500000	-1.351535e-05	1.009212e+05	7.302408e-01	7.067710e+00	1.473945e+04	1.474083e+04	1.472591e+04	7.931419e+01	7.960957e+01
	849	362	212.250000	-0.500000	-1.861155e-05	1.009482e+05	1.573924e+00	9.105191e+00	1.474265e+04	1.474516e+04	1.472191e+04	8.639108e+01	8.312003e+01
	1256	362	314.000000	-0.500000	-2.552569e-05	9.949325e+04	8.447368e+02	7.848311e+00	1.471912e+04	1.472056e+04	1.470278e+04	7.737792e+01	8.091575e+01
	1386	362	346.500000	-0.500000	-8.448958e-06	1.011072e+05	7.702938e-01	7.266590e+00	1.479715e+04	1.479780e+04	1.478528e+04	8.430114e+01	8.139107e+01
	57	364	14.250000	-1.000000	-2.531707e-05	9.294625e+04	7.441667e+03	4.096056e+00	1.490157e+04	1.490221e+04	1.488116e+04	7.994175e+01	7.706810e+01
	57	365	14.250000	-1.250000	-2.531707e-05	9.294625e+04	7.441667e+03	4.096056e+00	1.490151e+04	1.490212e+04	1.488116e+04	8.144096e+01	7.835403e+01
	1217	365	304.250000	-1.250000	-2.597272e-05	9.580025e+04	4.814230e+03	4.734049e+00	1.477731e+04	1.477853e+04	1.472941e+04	9.046831e+01	8.784019e+01
	415	369	103.750000	-2.250000	-4.042685e-05	8.737425e+04	1.273146e+04	5.042013e+00	1.476777e+04	1.476914e+04	1.471703e+04	8.717190e+01	8.635415e+01
	697	369	174.250000	-2.250000	-3.322959e-06	1.007112e+05	1.051454e+00	5.998441e+00	1.462556e+04	1.462581e+04	1.461353e+04	8.296288e+01	8.329164e+01
	1065	371	266.250000	-2.750000	-1.265109e-05	9.988425e+04	1.029334e+01	5.750067e+00	1.486827e+04	1.486794e+04	1.485391e+04	8.286803e+01	8.259088e+01
	480	373	120.000000	-3.250000	-5.294383e-05	8.214425e+04	1.932979e+04	8.538080e+00	1.460448e+04	1.460490e+04	1.453153e+04	8.039013e+01	7.973801e+01
	561	377	140.250000	-4.250000	-5.079806e-05	7.058325e+04	3.169332e+04	6.198430e+00	1.444405e+04	1.444445e+04	1.437141e+04	7.834768e+01	7.816150e+01
	583	381	145.750000	-5.250000	-8.703768e-05	7.261725e+04	2.513040e+04	7.178760e+00	1.443830e+04	1.443881e+04	1.436741e+04	8.146503e+01	8.151260e+01
	319	385	79.750000	-6.250000	-1.306087e-04	1.009352e+05	1.352872e+00	9.397963e+00	1.480659e+04	1.481186e+04	1.472866e+04	8.674999e+01	8.168019e+01
	371	398	92.750000	-9.500000	-2.176017e-04	1.008692e+05	9.712112e-01	9.021465e+00	1.471843e+04	1.472233e+04	1.464666e+04	9.262513e+01	8.547390e+01
	220	400	55.000000	-10.000000	-5.930513e-04	1.009502e+05	1.232238e+00	1.376668e+01	1.482791e+04	1.483195e+04	1.467541e+04	8.935880e+01	8.576904e+01
	241	405	60.250000	-11.250000	-1.246482e-04	1.009002e+05	2.156258e+00	1.244566e+01	1.478541e+04	1.479244e+04	1.470541e+04	8.712139e+01	8.492979e+01
	394	412	98.500000	-13.000000	-2.060086e-04	1.009512e+05	1.915922e+00	9.237046e+00	1.476436e+04	1.476758e+04	1.470616e+04	8.712173e+01	7.989763e+01
	174	421	43.500000	-15.250000	-2.035648e-04	9.530425e+04	7.573276e+02	5.067314e+00	1.486259e+04	1.486420e+04	1.482366e+04	8.699352e+01	8.360656e+01
	525	421	131.250000	-15.250000	-4.847348e-05	9.569625e+04	3.238147e+03	9.934410e+00	1.428779e+04	1.429930e+04	1.414241e+04	8.754691e+01	7.997906e+01
	1218	421	304.500000	-15.250000	-2.894253e-04	9.299025e+04	7.231610e+03	4.877982e+00	1.477410e+04	1.477430e+04	1.471391e+04	9.024644e+01	8.685447e+01
	800	435	200.000000	-18.750000	-3.990978e-04	1.011282e+05	3.661729e+00	1.299113e+01	1.488109e+04	1.488681e+04	1.477391e+04	8.380431e+01	8.086517e+01
	1186	439	296.500000	-19.750000	-2.344400e-04	5.980025e+04	3.569147e+04	6.089684e+00	1.461299e+04	1.463008e+04	1.441766e+04	7.541106e+01	7.399140e+01
	827	441	206.750000	-20.250000	-4.745573e-04	1.011582e+05	1.292586e+00	1.311374e+01	1.487717e+04	1.488322e+04	1.476866e+04	8.317910e+01	8.259250e+01
	643	447	160.750000	-21.750000	-9.427965e-05	1.007252e+05	1.613989e+00	9.647353e+00	1.456784e+04	1.457994e+04	1.447716e+04	8.027087e+01	7.500581e+01
	643	448	160.750000	-22.000000	-9.427965e-05	1.007292e+05	1.613989e+00	9.762363e+00	1.457368e+04	1.458647e+04	1.447716e+04	8.059679e+01	7.547501e+01
	852	457	213.000000	-24.250000	-4.739016e-04	1.012842e+05	7.597525e+00	8.761548e+00	1.492325e+04	1.492490e+04	1.483428e+04	8.696043e+01	8.232487e+01
	1207	478	301.750000	-29.500000	-1.607090e-04	9.744025e+04	2.201296e+03	3.819874e+00	1.461422e+04	1.462505e+04	1.449466e+04	8.140706e+01	7.685931e+01
	358	520	89.500000	-40.000000	-2.633780e-04	1.007142e+05	1.172643e+00	1.349468e+01	1.439706e+04	1.441882e+04	1.417491e+04	8.828508e+01	7.537984e+01
2024	1	11	37	12
	45	360	11.250000	0.000000	-2.347678e-05	9.287659e+04	7.398809e+03	5.572681e+00	1.488140e+04	1.488032e+04	1.486131e+04	7.913364e+01	7.423053e+01
	889	360	222.250000	0.000000	-7.025898e-06	1.008656e+05	1.192116e+00	8.879820e+00	1.463374e+04	1.463594e+04	1.461931e+04	8.312558e+01	8.205407e+01
	569	361	142.250000	-0.250000	-4.135072e-06	9.801459e+04	8.103646e+00	5.632107e+00	1.470982e+04	1.471255e+04	1.467519e+04	7.525429e+01	8.077355e+01
	591	361	147.750000	-0.250000	-1.399964e-05	1.001316e+05	9.969011e+02	4.558283e+00	1.470521e+04	1.470511e+04	1.469756e+04	8.333293e+01	8.349177e+01
	632	361	158.000000	-0.250000	-7.085502e-06	1.008466e+05	1.312912e+00	6.407030e+00	1.469604e+04	1.469716e+04	1.468469e+04	8.637062e+01	8.681346e+01
	1251	361	312.750000	-0.250000	-2.958626e-05	9.969159e+04	6.766482e+02	6.921122e+00	1.492387e+04	1.492557e+04	1.490294e+04	7.702671e+01	8.125228e+01
	847	362	211.750000	-0.500000	-7.055700e-06	1.008466e+05	1.573924e+00	8.587264e+00	1.465744e+04	1.465799e+04	1.465256e+04	8.199532e+01	8.280367e+01
	445	363	111.250000	-0.750000	-1.668185e-05	9.315059e+04	5.418188e+03	7.695403e+00	1.474007e+04	1.474130e+04	1.470706e+04	8.504770e+01	8.420816e+01
	1223	363	305.750000	-0.750000	-3.256649e-05	9.601959e+04	4.826799e+03	4.338854e+00	1.495261e+04	1.495408e+04	1.492606e+04	8.769826e+01	8.786147e+01
	677	364	169.250000	-1.000000	-2.406538e-06	1.008256e+05	2.176599e+00	6.032317e+00	1.472650e+04	1.472821e+04	1.469894e+04	8.298287e+01	8.370776e+01
	711	364	177.750000	-1.000000	-4.254282e-06	1.007986e+05	2.638664e+00	8.342844e+00	1.471752e+04	1.471992e+04	1.468519e+04	7.880022e+01	7.995236e+01
	68	366	17.000000	-1.500000	-3.641099e-05	9.348359e+04	6.071442e+03	4.235198e+00	1.481638e+04	1.481842e+04	1.476006e+04	8.199702e+01	7.965761e+01
	1060	366	265.000000	-1.500000	-2.818555e-05	1.011396e+05	2.560401e+00	6.364081e+00	1.481439e+04	1.481545e+04	1.479431e+04	8.916058e+01	8.794534e+01
	1122	366	280.500000	-1.500000	-1.855418e-04	6.517859e+04	3.877745e+04	7.622239e+00	1.494679e+04	1.494389e+04	1.485844e+04	8.809433e+01	8.633362e+01
	1168	366	292.000000	-1.500000	-1.423806e-05	9.715459e+04	1.749377e+03	2.196355e+00	1.495502e+04	1.495768e+04	1.492419e+04	8.051008e+01	7.961636e+01
	1179	367	294.750000	-1.750000	-2.019852e-05	9.376359e+04	1.397795e+03	2.196355e+00	1.495616e+04	1.495846e+04	1.492419e+04	8.604452e+01	8.367776e+01
	1332	367	333.000000	-1.750000	-3.002584e-06	1.012176e+05	1.373240e+00	7.830448e+00	1.491445e+04	1.491432e+04	1.489494e+04	8.120580e+01	7.800270e+01
	1364	368	341.000000	-2.000000	-7.413328e-06	1.011826e+05	1.071425e+00	7.767757e+00	1.488671e+04	1.488804e+04	1.487031e+04	7.665524e+01	7.387633e+01
	342	376	85.500000	-4.000000	-4.559010e-05	1.008316e+05	1.634285e+00	8.431908e+00	1.469803e+04	1.469765e+04	1.466394e+04	7.751390e+01	7.757192e+01
	320	385	80.000000	-6.250000	-1.336858e-04	1.007726e+05	1.352872e+00	7.931741e+00	1.464881e+04	1.465285e+04	1.458694e+04	8.189492e+01	7.440295e+01
	1012	388	253.000000	-7.000000	-4.141778e-05	1.011196e+05	1.955525e+00	8.019121e+00	1.470151e+04	1.470352e+04	1.467806e+04	7.537006e+01	7.386495e+01
	591	394	147.750000	-8.500000	-1.440272e-04	7.824659e+04	2.481712e+04	4.669163e+00	1.471039e+04	1.471065e+04	1.465806e+04	8.445031e+01	8.398737e+01
	623	397	155.750000	-9.250000	-3.560632e-05	9.650659e+04	2.014722e+03	5.937414e+00	1.469969e+04	1.470141e+04	1.466119e+04	8.842471e+01	8.481096e+01
	624	397	156.000000	-9.250000	-3.560632e-05	9.650659e+04	2.014722e+03	6.058060e+00	1.469988e+04	1.470171e+04	1.466119e+04	8.865511e+01	8.483629e+01
	371	400	92.750000	-10.000000	-2.129301e-04	1.006966e+05	1.413272e+00	8.429824e+00	1.458613e+04	1.459375e+04	1.450456e+04	8.791914e+01	8.342515e+01
	239	408	59.750000	-12.000000	-1.158342e-04	1.005946e+05	2.156258e+00	1.197742e+01	1.453059e+04	1.454103e+04	1.445006e+04	8.611262e+01	8.247701e+01
	520	416	130.000000	-14.000000	-1.169965e-04	9.665759e+04	2.621550e+03	8.930454e+00	1.445249e+04	1.446276e+04	1.436169e+04	8.768166e+01	8.156211e+01
	134	419	33.500000	-14.750000	-5.253404e-05	8.484159e+04	1.406247e+04	5.348033e+00	1.457670e+04	1.457789e+04	1.444381e+04	8.340916e+01	8.294530e+01
	558	424	139.500000	-16.000000	-1.378283e-04	9.746659e+04	1.711539e+03	9.316050e+00	1.454408e+04	1.455035e+04	1.447619e+04	8.593920e+01	8.508387e+01
	99	425	24.750000	-16.250000	-1.909956e-04	8.665159e+04	1.303387e+04	6.167293e+00	1.446230e+04	1.447303e+04	1.433294e+04	8.425578e+01	7.994558e+01
	1221	428	305.250000	-17.000000	-2.237782e-04	9.176859e+04	8.320879e+03	6.523847e+00	1.496082e+04	1.496016e+04	1.489744e+04	9.226593e+01	8.636831e+01
	1189	437	297.250000	-19.250000	-2.389774e-04	6.384959e+04	2.922899e+04	7.085080e+00	1.480777e+04	1.481934e+04	1.465994e+04	8.709201e+01	8.084433e+01
	637	445	159.250000	-21.250000	-7.661432e-05	1.009356e+05	1.795627e+00	1.118007e+01	1.474676e+04	1.475661e+04	1.468069e+04	7.683247e+01	7.277893e+01
	845	450	211.250000	-22.500000	-3.613457e-04	1.011066e+05	2.231657e+01	1.037687e+01	1.478010e+04	1.478493e+04	1.468181e+04	8.619737e+01	8.371701e+01
	876	483	219.000000	-30.750000	-4.094765e-04	1.009146e+05	1.473485e+00	1.306196e+01	1.462484e+04	1.463385e+04	1.444531e+04	8.912195e+01	8.604066e+01
	306	494	76.500000	-33.500000	-7.259101e-05	1.010826e+05	1.533339e+00	7.346238e+00	1.461404e+04	1.462145e+04	1.455456e+04	8.116927e+01	7.266619e+01
	365	522	91.250000	-40.500000	-2.280995e-04	1.007336e+05	1.514789e+00	1.431893e+01	1.439344e+04	1.441595e+04	1.416706e+04	8.574757e+01	7.347141e+01
2024	1	11	37	18
	622	360	155.500000	0.000000	-7.979106e-06	1.006107e+05	1.292790e+00	6.678779e+00	1.449271e+04	1.449357e+04	1.446833e+04	8.772460e+01	8.756544e+01
	1379	360	344.750000	0.000000	-1.045270e-05	1.010117e+05	1.272547e+00	6.168237e+00	1.475642e+04	1.475690e+04	1.475195e+04	7.502351e+01	7.787025e+01
	699	361	174.750000	-0.250000	-8.873176e-06	1.006447e+05	1.332845e+00	9.839431e+00	1.456621e+04	1.456661e+04	1.451333e+04	8.126465e+01	8.471223e+01
	1157	361	289.250000	-0.250000	-2.726121e-05	9.756773e+04	2.888972e+03	3.458477e+00	1.488715e+04	1.489077e+04	1.483970e+04	8.143245e+01	8.154843e+01
	917	363	229.250000	-0.750000	-3.836583e-06	1.012537e+05	9.106419e-01	8.914787e+00	1.494603e+04	1.494733e+04	1.491795e+04	7.726331e+01	7.476796e+01
	1225	363	306.250000	-0.750000	-5.491776e-05	9.576573e+04	4.826799e+03	2.955582e+00	1.478716e+04	1.478884e+04	1.472945e+04	8.624549e+01	8.594533e+01
	917	364	229.250000	-1.000000	-1.690816e-06	1.012547e+05	9.106419e-01	8.924254e+00	1.494718e+04	1.494839e+04	1.491795e+04	7.768289e+01	7.510415e+01
	868	369	217.000000	-2.250000	-1.706881e-05	1.011587e+05	8.707308e-01	8.937795e+00	1.488736e+04	1.488865e+04	1.487120e+04	7.687778e+01	7.407899e+01
	1257	369	314.250000	-2.250000	-3.608270e-05	9.751673e+04	1.966375e+03	5.905704e+00	1.474171e+04	1.474296e+04	1.465870e+04	8.181512e+01	8.241095e+01
	601	370	150.250000	-2.500000	5.491544e-06	9.373973e+04	3.528065e+03	3.480438e+00	1.448842e+04	1.448900e+04	1.445883e+04	8.447929e+01	8.518012e+01
	662	371	165.500000	-2.750000	-4.391186e-07	1.006327e+05	1.674552e+00	5.529713e+00	1.454058e+04	1.454091e+04	1.451095e+04	8.506568e+01	8.619779e+01
	603	372	150.750000	-3.000000	-3.568362e-06	8.970273e+04	5.629279e+03	3.454061e+00	1.449119e+04	1.449199e+04	1.445883e+04	8.453914e+01	8.492506e+01
	550	378	137.500000	-4.500000	-7.715030e-05	6.988873e+04	3.434546e+04	6.609845e+00	1.451590e+04	1.451375e+04	1.444583e+04	8.208707e+01	8.295062e+01
	321	383	80.250000	-5.750000	-1.254897e-04	1.009977e+05	1.352872e+00	7.270161e+00	1.484392e+04	1.484767e+04	1.478120e+04	8.192981e+01	7.614999e+01
	589	387	147.250000	-6.750000	-1.543979e-04	7.740373e+04	2.513040e+04	4.695101e+00	1.450943e+04	1.450764e+04	1.444183e+04	8.728989e+01	8.800056e+01
	1237	389	309.250000	-7.250000	-2.279086e-05	9.546373e+04	5.014775e+03	3.503869e+00	1.480177e+04	1.480314e+04	1.465445e+04	8.308697e+01	8.210632e+01
	622	398	155.500000	-9.500000	-3.828807e-05	9.893773e+04	8.933857e+02	5.986758e+00	1.451106e+04	1.451062e+04	1.446895e+04	8.779875e+01	8.581290e+01
	369	400	92.250000	-10.000000	-1.750509e-04	1.008567e+05	1.132110e+00	8.915531e+00	1.472639e+04	1.473410e+04	1.464520e+04	8.872455e+01	8.779253e+01
	305	405	76.250000	-11.250000	-4.570885e-05	1.011207e+05	1.835340e+00	6.258468e+00	1.492565e+04	1.492728e+04	1.490083e+04	8.719319e+01	8.136751e+01
	144	411	36.000000	-12.750000	-1.118998e-04	8.258473e+04	1.213211e+04	4.852645e+00	1.475720e+04	1.475758e+04	1.469820e+04	8.631236e+01	8.533425e+01
	231	412	57.750000	-13.000000	-1.221220e-04	1.008927e+05	2.156258e+00	1.039536e+01	1.475943e+04	1.476759e+04	1.469720e+04	8.866043e+01	8.697207e+01
	498	415	124.500000	-13.750000	-7.634563e-05	9.401473e+04	3.392927e+03	9.422905e+00	1.433153e+04	1.433495e+04	1.429983e+04	8.177914e+01	7.275581e+01
	523	418	130.750000	-14.500000	-1.817266e-04	9.618273e+04	3.016912e+03	9.569478e+00	1.422073e+04	1.423301e+04	1.410808e+04	8.704480e+01	8.226883e+01
	172	419	43.000000	-14.750000	-1.135687e-04	9.806973e+04	4.929968e+00	6.050482e+00	1.480091e+04	1.480536e+04	1.474495e+04	7.882625e+01	8.099270e+01
	523	419	130.750000	-14.750000	-1.817266e-04	9.599073e+04	3.238147e+03	9.500747e+00	1.421990e+04	1.423225e+04	1.410808e+04	8.656062e+01	8.177335e+01
	547	421	136.750000	-15.250000	-6.192131e-05	9.719273e+04	2.289831e+03	7.637232e+00	1.430001e+04	1.430511e+04	1.427120e+04	8.063736e+01	8.338343e+01
	589	424	147.250000	-16.000000	-8.333842e-04	9.188573e+04	6.197445e+03	1.319970e+01	1.444555e+04	1.444830e+04	1.428958e+04	8.107174e+01	8.141747e+01
	97	425	24.250000	-16.250000	-1.946609e-04	8.673273e+04	1.204869e+04	3.730135e+00	1.452671e+04	1.453474e+04	1.443195e+04	8.875106e+01	8.455724e+01
	800	429	200.000000	-17.250000	-5.363445e-04	1.011227e+05	3.661729e+00	1.136627e+01	1.491985e+04	1.492503e+04	1.478795e+04	8.718906e+01	8.424670e+01
	1219	430	304.750000	-17.500000	-3.172676e-04	9.192173e+04	7.827472e+03	6.739472e+00	1.478655e+04	1.479004e+04	1.469583e+04	8.717906e+01	8.476099e+01
	840	446	210.000000	-21.500000	-3.418545e-04	1.012237e+05	2.992704e+01	9.968224e+00	1.488852e+04	1.489514e+04	1.477470e+04	8.781151e+01	8.427459e+01
	633	449	158.250000	-22.250000	-6.594462e-05	1.007737e+05	1.615003e+00	9.533040e+00	1.459905e+04	1.460990e+04	1.451858e+04	7.845124e+01	7.458881e+01
	1244	466	311.000000	-26.500000	-1.128833e-04	8.693873e+04	1.338939e+04	1.106638e+01	1.471793e+04	1.472316e+04	1.465458e+04	8.042635e+01	8.116766e+01
	868	471	217.000000	-27.750000	-1.749913e-04	1.012807e+05	3.098925e+01	1.141067e+01	1.483915e+04	1.484643e+04	1.477670e+04	9.070593e+01	8.517966e+01
	904	501	226.000000	-35.250000	-7.380764e-04	1.008307e+05	1.111890e+00	1.525469e+01	1.460813e+04	1.461239e+04	1.445058e+04	8.945837e+01	8.239868e+01
	371	525	92.750000	-41.250000	-1.836936e-04	1.007327e+05	1.514789e+00	1.539588e+01	1.435830e+04	1.438612e+04	1.409958e+04	8.811930e+01	7.527515e+01
	900	540	225.000000	-45.000000	-6.197016e-04	9.956973e+04	1.473344e+00	1.726822e+01	1.332689e+04	1.336532e+04	1.302908e+04	8.492438e+01	8.352670e+01
2024	1	12	36	0
	137	360	34.250000	0.000000	-1.249409e-04	7.479016e+04	2.698666e+04	4.139094e+00	1.475245e+04	1.475500e+04	1.468097e+04	7.576099e+01	6.894836e+01
	1297	360	324.250000	0.000000	-3.526220e-06	1.010902e+05	1.494047e+00	7.517456e+00	1.489767e+04	1.489911e+04	1.487735e+04	7.707800e+01	7.679903e+01
	395	361	98.750000	-0.250000	-6.000162e-05	8.701316e+04	1.064093e+04	4.328667e+00	1.473215e+04	1.473692e+04	1.465372e+04	8.124040e+01	8.058878e+01
	645	361	161.250000	-0.250000	-7.966766e-06	1.006962e+05	1.634048e+00	4.894072e+00	1.461627e+04	1.461973e+04	1.458497e+04	8.220178e+01	8.344155e+01
	1195	361	298.750000	-0.250000	-7.114769e-05	9.515316e+04	4.182618e+03	2.581202e+00	1.480369e+04	1.480942e+04	1.474322e+04	7.917073e+01	8.018114e+01
	1331	361	332.750000	-0.250000	-6.089220e-06	1.012482e+05	1.373240e+00	7.758194e+00	1.496472e+04	1.496452e+04	1.494735e+04	7.586864e+01	7.613827e+01
	427	364	106.750000	-1.000000	1.394656e-07	1.001882e+05	3.624096e+02	7.041423e+00	1.475400e+04	1.475570e+04	1.473322e+04	8.658907e+01	8.704309e+01
	428	364	107.000000	-1.000000	8.249190e-07	9.983516e+04	3.624096e+02	7.188982e+00	1.475284e+04	1.475475e+04	1.473322e+04	8.636763e+01	8.702399e+01
	1129	364	282.250000	-1.000000	-1.730120e-04	6.508316e+04	3.877745e+04	7.400587e+00	1.476167e+04	1.476167e+04	1.461547e+04	8.229591e+01	8.217661e+01
	1250	364	312.500000	-1.000000	-1.946697e-06	9.892116e+04	1.236914e+03	7.677271e+00	1.488475e+04	1.488610e+04	1.485922e+04	8.422836e+01	8.435683e+01
	1362	367	340.500000	-1.750000	-2.358318e-05	1.012832e+05	1.071425e+00	7.414328e+00	1.498161e+04	1.498154e+04	1.496735e+04	7.667360e+01	7.407815e+01
	485	368	121.250000	-2.000000	-1.137650e-04	8.225116e+04	1.932979e+04	7.936563e+00	1.469784e+04	1.469998e+04	1.462910e+04	7.595843e+01	7.574200e+01
	1275	372	318.750000	-3.000000	-2.254010e-05	9.413516e+04	7.403658e+03	7.841328e+00	1.485898e+04	1.486223e+04	1.481560e+04	7.953286e+01	7.910402e+01
	557	379	139.250000	-4.750000	-1.039004e-04	7.003616e+04	3.169332e+04	4.881973e+00	1.467178e+04	1.467025e+04	1.457835e+04	7.862277e+01	8.104742e+01
	323	383	80.750000	-5.750000	-1.095033e-04	1.007482e+05	1.352872e+00	7.535501e+00	1.464150e+04	1.464743e+04	1.457747e+04	8.484992e+01	7.654610e+01
	1215	383	303.750000	-5.750000	-2.879859e-05	9.570116e+04	3.069295e+03	1.956108e+00	1.487432e+04	1.487565e+04	1.485197e+04	8.774031e+01	8.223817e+01
	1066	384	266.500000	-6.000000	-2.054335e-05	1.011022e+05	1.533601e+00	5.363932e+00	1.474992e+04	1.475091e+04	1.473410e+04	8.293085e+01	7.899859e+01
	589	387	147.250000	-6.750000	-1.235402e-04	7.754216e+04	2.513040e+04	4.488250e+00	1.466993e+04	1.466971e+04	1.460497e+04	8.317146e+01	8.473874e+01
	1138	387	284.500000	-6.750000	-1.025891e-04	6.276816e+04	2.251608e+04	2.291595e+00	1.474496e+04	1.474959e+04	1.463810e+04	7.669727e+01	7.839246e+01
	369	400	92.250000	-10.000000	-1.999831e-04	1.007782e+05	1.132110e+00	8.803567e+00	1.464647e+04	1.465371e+04	1.455822e+04	8.793773e+01	8.623209e+01
	639	401	159.750000	-10.250000	-4.414679e-05	9.449816e+04	5.910511e+03	5.737469e+00	1.461558e+04	1.461844e+04	1.457772e+04	8.286460e+01	8.174655e+01
	230	413	57.500000	-13.250000	-4.343188e-04	1.005052e+05	1.695055e+00	1.120045e+01	1.456478e+04	1.457936e+04	1.434697e+04	8.615925e+01	8.546077e+01
	177	415	44.250000	-13.750000	-1.702404e-04	9.809316e+04	1.724083e+03	5.123964e+00	1.464650e+04	1.465205e+04	1.457960e+04	8.579803e+01	8.358934e+01
	518	415	129.500000	-13.750000	-1.580215e-04	9.628616e+04	2.621550e+03	1.060467e+01	1.436593e+04	1.437948e+04	1.426047e+04	8.815932e+01	8.034875e+01
	118	423	29.500000	-15.750000	-1.729822e-04	8.518616e+04	1.403321e+04	4.427518e+00	1.465622e+04	1.465800e+04	1.461335e+04	9.109302e+01	8.887605e+01
	556	424	139.000000	-16.000000	-1.389182e-04	9.736416e+04	2.306545e+03	9.205612e+00	1.445847e+04	1.446854e+04	1.436110e+04	8.615501e+01	8.318719e+01
	97	426	24.250000	-16.500000	-1.434481e-04	8.679716e+04	1.229944e+04	3.199565e+00	1.459374e+04	1.460302e+04	1.450272e+04	9.161653e+01	8.916168e+01
	801	428	200.250000	-17.000000	-4.661179e-04	1.010262e+05	3.661729e+00	1.140190e+01	1.485049e+04	1.485574e+04	1.473447e+04	8.297982e+01	8.139247e+01
	739	440	184.750000	-20.000000	-5.600811e-05	1.010992e+05	1.546296e+02	1.141557e+01	1.498268e+04	1.498603e+04	1.494685e+04	8.725502e+01	8.399187e+01
	845	446	211.250000	-21.500000	-3.917611e-04	1.011072e+05	2.231657e+01	9.927689e+00	1.482359e+04	1.483075e+04	1.470535e+04	8.538299e+01	8.242778e+01
	1205	448	301.250000	-22.000000	-4.158379e-05	9.433916e+04	4.190242e+03	5.188757e+00	1.473019e+04	1.473331e+04	1.468810e+04	7.699831e+01	8.500803e+01
	1224	470	306.000000	-27.500000	-1.192188e-04	8.835016e+04	9.814975e+03	5.752599e+00	1.475736e+04	1.476226e+04	1.468847e+04	8.692985e+01	8.106150e+01
	872	477	218.000000	-29.250000	-1.364446e-04	1.013212e+05	9.715310e-01	1.072301e+01	1.480802e+04	1.481457e+04	1.473810e+04	8.285699e+01	7.833328e+01
	916	513	229.000000	-38.250000	-5.706048e-04	1.006782e+05	1.313479e+00	1.665831e+01	1.442964e+04	1.443598e+04	1.425385e+04	8.118839e+01	7.419814e+01
	379	530	94.750000	-42.500000	-2.347922e-04	1.006402e+05	1.473975e+00	1.612401e+01	1.430183e+04	1.433354e+04	1.394672e+04	9.512653e+01	7.982573e+01
	1331	539	332.750000	-44.750000	-6.855524e-04	9.894916e+04	1.533027e+00	1.923499e+01	1.265930e+04	1.268725e+04	1.236447e+04	7.642765e+01	6.526736e+01
2024	1	12	28	6
	614	360	153.500000	0.000000	-4.961155e-06	1.004028e+05	3.181094e+00	6.208304e+00	1.441914e+04	1.441980e+04	1.438450e+04	8.758660e+01	8.787635e+01
	615	360	153.750000	0.000000	-5.199574e-06	1.004208e+05	3.181094e+00	6.358826e+00	1.442043e+04	1.442115e+04	1.438450e+04	8.742648e+01	8.787636e+01
	578	363	144.500000	-0.750000	5.820766e-07	9.871275e+04	5.030212e+00	7.356128e+00	1.441647e+04	1.441784e+04	1.439212e+04	8.786159e+01	8.627561e+01
	1076	366	269.000000	-1.500000	-7.702317e-05	9.899075e+04	2.968146e+03	5.142653e+00	1.489824e+04	1.489861e+04	1.487862e+04	8.342021e+01	8.543544e+01
	1174	370	293.500000	-2.500000	2.668239e-06	9.758675e+04	1.109757e+03	1.976956e+00	1.479501e+04	1.479598e+04	1.477162e+04	8.722466e+01	8.423112e+01
	480	372	120.000000	-3.000000	-7.034745e-05	8.208075e+04	1.932979e+04	1.104440e+01	1.456388e+04	1.456503e+04	1.448612e+04	8.002136e+01	7.985756e+01
	123	373	30.750000	-3.250000	-2.171006e-05	7.644475e+04	2.400444e+04	3.841933e+00	1.497250e+04	1.497217e+04	1.493187e+04	8.252761e+01	8.285201e+01
	123	374	30.750000	-3.500000	-5.532708e-05	7.644475e+04	2.400444e+04	3.841933e+00	1.497262e+04	1.497225e+04	1.493187e+04	8.221526e+01	8.293089e+01
	396	374	99.000000	-3.500000	3.813300e-05	8.743875e+04	5.751234e+02	7.051979e+00	1.479824e+04	1.479815e+04	1.478012e+04	8.463924e+01	8.337875e+01
	533	374	133.250000	-3.500000	-5.557202e-06	8.131475e+04	6.147320e+03	8.412273e+00	1.442166e+04	1.442399e+04	1.432662e+04	7.970557e+01	8.225542e+01
	319	381	79.750000	-5.250000	-1.072427e-04	1.009798e+05	1.352872e+00	8.303148e+00	1.480004e+04	1.480396e+04	1.474775e+04	8.728372e+01	7.966195e+01
	586	388	146.500000	-7.000000	-9.490456e-05	7.458175e+04	2.513040e+04	5.667372e+00	1.443341e+04	1.443235e+04	1.429962e+04	8.476689e+01	8.394168e+01
	301	391	75.250000	-7.750000	-4.954543e-05	1.010118e+05	1.192205e+00	8.192373e+00	1.483511e+04	1.483850e+04	1.480325e+04	7.769746e+01	7.591321e+01
	370	398	92.500000	-9.500000	-1.823446e-04	1.008118e+05	9.712112e-01	9.804474e+00	1.469177e+04	1.469990e+04	1.458762e+04	8.950759e+01	8.606795e+01
	1049	401	262.250000	-10.250000	-8.226838e-05	1.013848e+05	1.131956e+00	7.260993e+00	1.490273e+04	1.490460e+04	1.488137e+04	7.765949e+01	7.728751e+01
	227	410	56.750000	-12.500000	-5.799672e-04	1.005538e+05	1.695055e+00	1.216616e+01	1.472041e+04	1.473505e+04	1.441387e+04	8.814850e+01	8.426644e+01
	169	411	42.250000	-12.750000	-1.238724e-04	9.452675e+04	3.164185e+03	7.686855e+00	1.481386e+04	1.481919e+04	1.475912e+04	9.175544e+01	8.902607e+01
	524	415	131.000000	-13.750000	-8.111736e-04	9.607775e+04	3.522308e+03	1.158534e+01	1.415513e+04	1.416752e+04	1.387612e+04	8.915665e+01	8.453232e+01
	89	426	22.250000	-16.500000	-1.568338e-04	8.740675e+04	1.170184e+04	4.634122e+00	1.469613e+04	1.470731e+04	1.457525e+04	9.442487e+01	8.741595e+01
	799	426	199.750000	-16.500000	-3.172299e-04	1.010678e+05	6.493666e-01	1.182895e+01	1.486514e+04	1.487096e+04	1.478625e+04	8.447318e+01	8.191797e+01
	540	429	135.000000	-17.250000	-4.543271e-05	9.604275e+04	3.261345e+03	7.133645e+00	1.419368e+04	1.420045e+04	1.408012e+04	8.417245e+01	8.204978e+01
	847	447	211.750000	-21.750000	-3.981730e-04	1.012268e+05	2.231657e+01	1.021951e+01	1.496951e+04	1.497849e+04	1.482250e+04	8.729050e+01	8.264291e+01
	862	463	215.500000	-25.750000	-1.830598e-04	1.014478e+05	3.098925e+01	1.219807e+01	1.504210e+04	1.504819e+04	1.495937e+04	9.014760e+01	8.370641e+01
	1253	471	313.250000	-27.750000	-3.946563e-04	8.688475e+04	7.348852e+03	1.179826e+01	1.459694e+04	1.460338e+04	1.447975e+04	8.506126e+01	7.578917e+01
	1331	499	332.750000	-34.750000	-5.103489e-04	1.004108e+05	1.493725e+00	1.482257e+01	1.414012e+04	1.414809e+04	1.396075e+04	7.953173e+01	6.888883e+01
	141	501	35.250000	-35.250000	-1.430651e-04	1.012538e+05	2.175548e+00	1.219770e+01	1.486272e+04	1.486565e+04	1.477675e+04	9.014903e+01	8.170901e+01
	928	526	232.000000	-41.500000	-6.000539e-04	1.004678e+05	1.494121e+00	1.704755e+01	1.429220e+04	1.430354e+04	1.409412e+04	7.592307e+01	7.043169e+01
	380	534	95.000000	-43.500000	-2.446910e-04	1.004968e+05	1.473975e+00	1.628861e+01	1.420460e+04	1.423776e+04	1.382887e+04	9.127201e+01	7.937459e+01
2024	1	12	31	12
	357	360	89.250000	0.000000	2.539251e-06	1.007877e+05	1.593932e+00	7.520257e+00	1.468937e+04	1.469229e+04	1.465004e+04	7.702009e+01	7.630611e+01
	400	361	100.000000	-0.250000	-1.614629e-04	8.746068e+04	1.532920e+04	6.401904e+00	1.478599e+04	1.478605e+04	1.474616e+04	8.541362e+01	8.140743e+01
	564	361	141.000000	-0.250000	-5.303882e-07	9.623068e+04	2.425382e+01	6.185088e+00	1.467138e+04	1.467537e+04	1.464591e+04	8.237805e+01	8.292043e+01
	627	362	156.750000	-0.500000	-7.176306e-06	1.008497e+05	1.312912e+00	8.040451e+00	1.471806e+04	1.472092e+04	1.469279e+04	8.849443e+01	8.763943e+01
	1168	362	292.000000	-0.500000	-5.605211e-05	9.370568e+04	1.749377e+03	1.775265e+00	1.491105e+04	1.491287e+04	1.489329e+04	8.214587e+01	8.153082e+01
	1019	363	254.750000	-0.750000	-7.206108e-06	1.009887e+05	9.314079e-01	6.348429e+00	1.471063e+04	1.471168e+04	1.469566e+04	9.126645e+01	8.536758e+01
	1129	364	282.250000	-1.000000	-1.070439e-04	6.514868e+04	3.877745e+04	5.552547e+00	1.490697e+04	1.490379e+04	1.482554e+04	8.500378e+01	8.476392e+01
	708	365	177.000000	-1.250000	-5.149748e-06	1.007227e+05	2.638664e+00	8.294812e+00	1.463951e+04	1.464040e+04	1.461054e+04	7.919311e+01	7.592704e+01
	709	365	177.250000	-1.250000	-1.156237e-06	1.007227e+05	2.638664e+00	8.361336e+00	1.463880e+04	1.463960e+04	1.461054e+04	7.805828e+01	7.582011e+01
	1239	365	309.750000	-1.250000	-5.477574e-06	9.813968e+04	7.999091e+02	4.887499e+00	1.491099e+04	1.491346e+04	1.488154e+04	9.196778e+01	8.941964e+01
	547	373	136.750000	-3.250000	-6.600609e-05	7.007068e+04	3.434546e+04	8.737144e+00	1.469996e+04	1.469889e+04	1.464779e+04	9.015775e+01	8.714262e+01
	319	379	79.750000	-4.750000	-1.304685e-04	1.007137e+05	1.352872e+00	8.468029e+00	1.460952e+04	1.461490e+04	1.453191e+04	8.749103e+01	7.943748e+01
	320	379	80.000000	-4.750000	-1.304685e-04	1.007137e+05	1.352872e+00	8.468029e+00	1.461144e+04	1.461637e+04	1.453191e+04	8.785055e+01	7.938168e+01
	586	388	146.500000	-7.000000	-1.058220e-04	7.480768e+04	2.513040e+04	4.892327e+00	1.472580e+04	1.472395e+04	1.465779e+04	8.880384e+01	8.591386e+01
	696	391	174.000000	-7.750000	-5.775597e-06	1.007777e+05	1.312568e+00	6.477353e+00	1.470196e+04	1.470411e+04	1.467691e+04	7.845119e+01	8.050844e+01
	696	392	174.000000	-8.000000	-3.063586e-06	1.007777e+05	1.312568e+00	6.477353e+00	1.470414e+04	1.470630e+04	1.467691e+04	7.863036e+01	8.034229e+01
	375	398	93.750000	-9.500000	-2.291142e-04	1.007567e+05	9.712112e-01	9.833968e+00	1.464089e+04	1.464714e+04	1.455491e+04	8.837324e+01	8.569681e+01
	229	412	57.250000	-13.000000	-3.745197e-04	1.002967e+05	1.695055e+00	1.197317e+01	1.448502e+04	1.450343e+04	1.420516e+04	8.507996e+01	8.349050e+01
	526	418	131.500000	-14.500000	-3.365218e-04	9.633568e+04	3.774556e+03	1.050222e+01	1.434105e+04	1.435719e+04	1.411091e+04	8.977347e+01	8.455477e+01
	766	418	191.500000	-14.500000	-4.180660e-05	9.994568e+04	2.082260e+02	1.116916e+01	1.475621e+04	1.476117e+04	1.470441e+04	8.351071e+01	7.928249e+01
	568	422	142.000000	-15.500000	-5.650162e-04	9.477468e+04	2.688873e+03	8.746984e+00	1.453123e+04	1.453771e+04	1.440416e+04	8.458634e+01	8.176116e+01
	136	424	34.000000	-16.000000	-7.777801e-05	8.478268e+04	1.406247e+04	5.315769e+00	1.461575e+04	1.461895e+04	1.447916e+04	8.492873e+01	8.157619e+01
	797	424	199.250000	-16.000000	-1.954078e-04	1.009427e+05	7.099987e-01	1.209370e+01	1.476562e+04	1.477220e+04	1.468866e+04	8.527613e+01	8.194011e+01
	1173	424	293.250000	-16.000000	-1.084148e-04	5.766868e+04	4.487797e+04	3.996162e+00	1.496863e+04	1.496784e+04	1.477541e+04	8.472400e+01	8.022408e+01
	105	428	26.250000	-17.000000	-1.292466e-04	8.666168e+04	1.303387e+04	5.261604e+00	1.452331e+04	1.453208e+04	1.441954e+04	8.365282e+01	8.103928e+01
	106	428	26.500000	-17.000000	-1.292466e-04	8.666168e+04	1.303387e+04	5.261604e+00	1.452504e+04	1.453390e+04	1.441954e+04	8.371861e+01	8.089646e+01
	1213	432	303.250000	-18.000000	-3.686785e-04	9.353568e+04	4.672621e+03	3.402922e+00	1.479072e+04	1.479811e+04	1.470854e+04	9.124992e+01	8.803419e+01
	823	433	205.750000	-18.250000	-4.210710e-04	1.010397e+05	1.212230e+00	9.987443e+00	1.481556e+04	1.482109e+04	1.472529e+04	8.296709e+01	7.901936e+01
	1260	469	315.000000	-27.250000	-5.158177e-05	1.008957e+05	1.755493e+00	1.112584e+01	1.474606e+04	1.475205e+04	1.469941e+04	8.363570e+01	7.716682e+01
	137	503	34.250000	-35.750000	-1.856624e-04	1.011707e+05	1.755361e+00	1.000690e+01	1.478796e+04	1.479053e+04	1.470604e+04	7.591104e+01	7.779234e+01
	383	539	95.750000	-44.750000	-2.057790e-04	1.002547e+05	1.352237e+00	1.510129e+01	1.400185e+04	1.403545e+04	1.360954e+04	8.495731e+01	7.663558e+01
2024	1	12	28	18
	778	360	194.500000	0.000000	-3.418187e-06	1.008785e+05	9.912879e-01	8.561357e+00	1.471293e+04	1.471354e+04	1.469340e+04	7.597265e+01	7.651250e+01
	353	361	88.250000	-0.250000	1.109554e-05	1.009945e+05	1.594068e+00	8.465941e+00	1.483320e+04	1.483590e+04	1.479828e+04	8.425587e+01	8.008994e+01
	1161	361	290.250000	-0.250000	-4.654215e-05	9.822247e+04	2.888972e+03	2.576624e+00	1.482887e+04	1.483183e+04	1.472278e+04	8.076138e+01	8.049274e+01
	1005	362	251.250000	-0.500000	-1.727627e-05	1.012295e+05	1.493570e+00	7.207821e+00	1.489858e+04	1.490008e+04	1.488128e+04	8.442143e+01	8.099875e+01
	1087	367	271.750000	-1.750000	-4.490302e-05	9.980947e+04	4.753409e+02	6.680862e+00	1.490179e+04	1.490248e+04	1.488290e+04	8.259814e+01	8.110885e+01
	549	372	137.250000	-3.000000	-6.573484e-05	6.987447e+04	3.434546e+04	6.122478e+00	1.450688e+04	1.450618e+04	1.445353e+04	9.205639e+01	8.748396e+01
	662	372	165.500000	-3.000000	-2.252148e-05	1.006275e+05	1.674552e+00	6.356183e+00	1.453356e+04	1.453757e+04	1.446903e+04	8.565394e+01	8.425405e+01
	493	377	123.250000	-4.250000	-3.763125e-05	8.826447e+04	8.337714e+03	9.971188e+00	1.454984e+04	1.455118e+04	1.454015e+04	8.003607e+01	8.026823e+01
	1250	379	312.500000	-4.750000	-5.756901e-05	9.587247e+04	3.795969e+03	3.140776e+00	1.468681e+04	1.469038e+04	1.459053e+04	8.688187e+01	8.680828e+01
	322	380	80.500000	-5.000000	-1.451878e-04	1.009995e+05	1.352872e+00	8.871182e+00	1.483230e+04	1.483637e+04	1.476765e+04	8.490019e+01	7.806210e+01
	586	388	146.500000	-7.000000	-1.397042e-04	7.462047e+04	2.513040e+04	5.690616e+00	1.451402e+04	1.451247e+04	1.445515e+04	8.798034e+01	8.763809e+01
	1171	389	292.750000	-7.250000	6.386777e-06	9.852547e+04	1.988646e+03	3.047475e+00	1.483680e+04	1.483690e+04	1.472878e+04	8.026061e+01	7.922363e+01
	635	392	158.750000	-8.000000	-4.997710e-06	9.449747e+04	3.512193e+03	5.755901e+00	1.452498e+04	1.452762e+04	1.448165e+04	8.697965e+01	8.831032e+01
	503	395	125.750000	-8.750000	-1.685827e-04	9.127447e+04	1.120923e+04	1.125036e+01	1.443640e+04	1.443616e+04	1.440490e+04	7.949485e+01	7.947421e+01
	113	402	28.250000	-10.500000	-1.455753e-04	8.402947e+04	1.651714e+04	5.653634e+00	1.469099e+04	1.469121e+04	1.465403e+04	7.855838e+01	7.909481e+01
	372	403	93.000000	-10.750000	-1.220016e-04	1.008245e+05	1.413272e+00	9.789907e+00	1.470368e+04	1.471456e+04	1.461378e+04	9.085535e+01	8.581069e+01
	755	411	188.750000	-12.750000	2.512475e-06	9.735547e+04	4.058230e+03	6.991840e+00	1.476304e+04	1.476437e+04	1.473115e+04	8.228304e+01	8.077839e+01
	606	414	151.500000	-13.500000	-1.426623e-05	1.003275e+05	3.502862e+00	6.428845e+00	1.448994e+04	1.449217e+04	1.446278e+04	8.330696e+01	8.448532e+01
	151	415	37.750000	-13.750000	-5.938695e-05	8.825747e+04	1.133165e+04	2.863649e+00	1.469676e+04	1.470109e+04	1.464915e+04	9.066086e+01	8.693198e+01
	228	416	57.000000	-14.000000	-3.393202e-04	1.004885e+05	1.794939e+00	1.169961e+01	1.464840e+04	1.467188e+04	1.435653e+04	8.877325e+01	8.457354e+01
	526	420	131.500000	-15.000000	-2.842157e-04	9.592147e+04	3.240562e+03	1.182039e+01	1.414447e+04	1.416107e+04	1.396953e+04	9.210008e+01	8.830774e+01
	88	425	22.000000	-16.250000	-2.482443e-04	8.705447e+04	1.196291e+04	3.903909e+00	1.454008e+04	1.455030e+04	1.442778e+04	8.501009e+01	7.611111e+01
	566	425	141.500000	-16.250000	-3.865568e-04	9.570447e+04	1.800933e+03	8.877994e+00	1.434546e+04	1.435214e+04	1.421865e+04	8.648257e+01	8.436513e+01
	810	428	202.500000	-17.000000	-2.809374e-04	1.011485e+05	7.101622e-01	1.128115e+01	1.492931e+04	1.493245e+04	1.488228e+04	8.602469e+01	8.255020e+01
	1213	432	303.250000	-18.000000	-2.540855e-04	9.335447e+04	4.672621e+03	3.486375e+00	1.471032e+04	1.471704e+04	1.462340e+04	8.988461e+01	8.964402e+01
	622	452	155.500000	-23.000000	-7.038401e-05	1.008155e+05	1.533856e+00	7.733287e+00	1.463957e+04	1.464525e+04	1.459528e+04	7.874357e+01	7.738792e+01
	1238	460	309.500000	-25.000000	-8.924888e-05	8.834647e+04	1.187822e+04	1.196412e+01	1.474592e+04	1.474792e+04	1.466965e+04	8.731528e+01	8.563214e+01
	1265	468	316.250000	-27.000000	-1.096337e-04	1.007705e+05	2.338353e+00	1.215815e+01	1.468972e+04	1.469773e+04	1.463178e+04	8.441499e+01	7.474830e+01
2024	1	13	30	0
	126	360	31.500000	0.000000	-8.491939e-05	7.824506e+04	2.467993e+04	5.133207e+00	1.475220e+04	1.475158e+04	1.472475e+04	7.621188e+01	7.163805e+01
	627	360	156.750000	0.000000	-1.366204e-05	1.008861e+05	1.312912e+00	5.254482e+00	1.472875e+04	1.472871e+04	1.470550e+04	8.201179e+01	8.351653e+01
	1313	360	328.250000	0.000000	-4.214700e-06	1.012801e+05	6.896696e-01	7.832423e+00	1.498583e+04	1.498599e+04	1.497638e+04	7.841914e+01	7.549512e+01
	577	363	144.250000	-0.750000	-1.327461e-05	9.719906e+04	5.030212e+00	5.338211e+00	1.470842e+04	1.471183e+04	1.466262e+04	8.153223e+01	8.173655e+01
	1044	363	261.000000	-0.750000	-1.273816e-05	1.009771e+05	1.453045e+00	7.049493e+00	1.470610e+04	1.470712e+04	1.469350e+04	8.841232e+01	8.837891e+01
	992	364	248.000000	-1.000000	-4.122918e-05	1.009201e+05	1.293055e+00	7.726883e+00	1.464891e+04	1.465156e+04	1.462600e+04	7.938064e+01	7.517345e+01
	658	373	164.500000	-3.250000	-2.138084e-05	1.007581e+05	1.674552e+00	5.165053e+00	1.465694e+04	1.465881e+04	1.461925e+04	8.208243e+01	8.305111e+01
	396	374	99.000000	-3.500000	1.521641e-05	8.742206e+04	5.751234e+02	4.976449e+00	1.473776e+04	1.473848e+04	1.470088e+04	8.483841e+01	8.297598e+01
	1198	375	299.500000	-3.750000	-6.682239e-07	9.939206e+04	1.403441e+03	3.326844e+00	1.482105e+04	1.482340e+04	1.477538e+04	8.655800e+01	8.448419e+01
	299	379	74.750000	-4.750000	-5.228585e-05	1.009631e+05	1.373087e+00	7.723136e+00	1.474655e+04	1.474753e+04	1.472512e+04	7.703046e+01	7.389664e+01
	322	384	80.500000	-6.000000	-2.800352e-04	1.008091e+05	1.352872e+00	1.071123e+01	1.469296e+04	1.469746e+04	1.460550e+04	8.008533e+01	7.616576e+01
	342	393	85.500000	-8.250000	-3.574556e-05	1.008781e+05	1.332895e+00	6.239578e+00	1.468291e+04	1.468500e+04	1.465988e+04	7.952972e+01	7.722644e+01
	588	395	147.000000	-8.750000	-3.827875e-05	7.824206e+04	2.481712e+04	4.732075e+00	1.470923e+04	1.470910e+04	1.465775e+04	8.036664e+01	8.164489e+01
	665	398	166.250000	-9.500000	-1.288718e-05	1.004721e+05	6.734774e+02	4.983862e+00	1.465811e+04	1.466007e+04	1.462312e+04	7.699530e+01	7.925816e+01
	1139	398	284.750000	-9.500000	-1.207418e-04	5.846306e+04	4.503029e+04	4.231285e+00	1.476464e+04	1.476645e+04	1.455725e+04	7.622513e+01	7.298395e+01
	157	402	39.250000	-10.500000	-1.014895e-04	9.136006e+04	8.093382e+03	7.712931e+00	1.458965e+04	1.459428e+04	1.454362e+04	9.503634e+01	9.112392e+01
	373	405	93.250000	-11.250000	-1.196689e-04	1.007311e+05	1.413272e+00	9.292017e+00	1.462465e+04	1.463476e+04	1.453488e+04	8.967564e+01	8.205526e+01
	293	407	73.250000	-11.750000	-1.610583e-05	1.009641e+05	1.413334e+00	6.678045e+00	1.476054e+04	1.476295e+04	1.472138e+04	8.372723e+01	7.802511e+01
	619	407	154.750000	-11.750000	-2.710288e-05	1.006081e+05	6.377739e+02	5.746195e+00	1.466415e+04	1.466760e+04	1.463325e+04	8.402982e+01	8.488808e+01
	791	419	197.750000	-14.750000	-4.659360e-05	1.008061e+05	8.506430e-01	1.168608e+01	1.471557e+04	1.472078e+04	1.467825e+04	8.610541e+01	8.347791e+01
	791	420	197.750000	-15.000000	-7.386273e-05	1.008191e+05	8.506430e-01	1.178521e+01	1.472248e+04	1.472786e+04	1.467825e+04	8.646797e+01	8.364732e+01
	223	421	55.750000	-15.250000	-4.446632e-04	1.001221e+05	1.794939e+00	1.353627e+01	1.440668e+04	1.443075e+04	1.405188e+04	8.828756e+01	8.465004e+01
	527	421	131.750000	-15.250000	-2.440042e-04	9.601906e+04	3.240562e+03	6.992662e+00	1.427507e+04	1.429381e+04	1.408688e+04	8.803391e+01	8.504612e+01
	1160	422	290.000000	-15.500000	-1.768894e-04	5.685906e+04	4.789930e+04	5.938506e+00	1.486180e+04	1.485069e+04	1.448825e+04	7.775514e+01	7.136119e+01
	101	427	25.250000	-16.750000	-1.201159e-04	8.668006e+04	1.303387e+04	3.944324e+00	1.452193e+04	1.453387e+04	1.443388e+04	9.449815e+01	9.011030e+01
	552	430	138.000000	-17.500000	-2.341992e-04	9.658806e+04	2.983686e+03	6.508938e+00	1.447099e+04	1.447591e+04	1.439550e+04	8.461580e+01	8.191811e+01
	852	454	213.000000	-23.500000	-2.097613e-04	1.013391e+05	7.597525e+00	1.348150e+01	1.508003e+04	1.508496e+04	1.500888e+04	8.889777e+01	8.450072e+01
	304	474	76.000000	-28.500000	-6.653136e-05	1.012791e+05	1.432490e+00	9.009146e+00	1.486463e+04	1.487012e+04	1.481550e+04	7.923681e+01	7.941407e+01
	151	508	37.750000	-37.000000	-1.402325e-04	1.010971e+05	1.833736e+00	7.742848e+00	1.465984e+04	1.466353e+04	1.455812e+04	7.909924e+01	7.581748e+01
	83	522	20.750000	-40.500000	-2.242750e-04	1.010401e+05	1.974448e+00	1.191000e+01	1.453385e+04	1.454954e+04	1.439288e+04	7.933787e+01	6.424050e+01
2024	1	13	34	6
	1272	362	318.000000	-0.500000	-9.340234e-06	9.983502e+04	1.754588e+00	9.052375e+00	1.479053e+04	1.479378e+04	1.475223e+04	8.592376e+01	8.330508e+01
	1274	362	318.500000	-0.500000	-9.340234e-06	9.947102e+04	1.754588e+00	9.052375e+00	1.479229e+04	1.479543e+04	1.475223e+04	8.548768e+01	8.259367e+01
	1129	364	282.250000	-1.000000	-1.421096e-04	6.518902e+04	3.877745e+04	3.512881e+00	1.491356e+04	1.490931e+04	1.483986e+04	8.282496e+01	8.279529e+01
	48	366	12.000000	-1.500000	-2.838392e-05	9.290002e+04	7.714550e+03	4.289673e+00	1.488208e+04	1.488242e+04	1.487248e+04	7.898332e+01	7.121419e+01
	1225	366	306.250000	-1.500000	-2.367515e-05	9.586802e+04	4.826799e+03	2.476645e+00	1.480251e+04	1.480387e+04	1.478386e+04	9.304619e+01	9.036331e+01
	299	367	74.750000	-1.750000	-9.484310e-05	1.011730e+05	1.814968e+00	9.469005e+00	1.494334e+04	1.494318e+04	1.492798e+04	7.977421e+01	7.855200e+01
	299	368	74.750000	-2.000000	-8.810777e-05	1.011650e+05	1.814968e+00	9.469005e+00	1.493967e+04	1.493967e+04	1.492798e+04	7.985041e+01	7.816316e+01
	347	371	86.750000	-2.750000	1.627021e-06	1.010160e+05	1.594068e+00	7.640015e+00	1.482799e+04	1.482884e+04	1.478511e+04	8.683012e+01	8.480750e+01
	348	371	87.000000	-2.750000	1.627021e-06	1.010160e+05	1.594068e+00	7.159389e+00	1.482589e+04	1.482667e+04	1.478511e+04	8.674844e+01	8.465952e+01
	611	372	152.750000	-3.000000	-5.756039e-05	8.963402e+04	7.844607e+03	6.119695e+00	1.443872e+04	1.443937e+04	1.441473e+04	8.962671e+01	8.731511e+01
	693	372	173.250000	-3.000000	-5.704351e-06	1.004510e+05	9.509834e-01	6.455832e+00	1.441545e+04	1.441710e+04	1.438748e+04	7.973743e+01	8.000139e+01
	487	373	121.750000	-3.250000	-6.679911e-05	8.208602e+04	1.506686e+04	9.176167e+00	1.453901e+04	1.453976e+04	1.446923e+04	7.992512e+01	8.093414e+01
	611	373	152.750000	-3.250000	-5.756039e-05	8.963402e+04	7.844607e+03	6.119695e+00	1.443925e+04	1.443985e+04	1.441473e+04	8.969488e+01	8.745940e+01
	1365	375	341.250000	-3.750000	-1.118798e-05	1.012010e+05	9.511707e-01	8.821581e+00	1.488648e+04	1.488759e+04	1.486836e+04	7.704049e+01	7.432517e+01
	578	378	144.500000	-4.500000	-4.552025e-05	7.263302e+04	2.792600e+04	6.536098e+00	1.440498e+04	1.440793e+04	1.430423e+04	8.258843e+01	8.265603e+01
	638	381	159.500000	-5.250000	-5.485490e-07	9.928702e+04	3.823699e+00	4.212286e+00	1.441465e+04	1.441822e+04	1.437373e+04	8.226189e+01	8.337908e+01
	320	385	80.000000	-6.250000	-2.375366e-04	1.009960e+05	1.352872e+00	1.120406e+01	1.484512e+04	1.484826e+04	1.475736e+04	8.076742e+01	7.630421e+01
	158	402	39.500000	-10.500000	-2.580406e-04	9.173102e+04	7.658086e+03	7.833505e+00	1.477218e+04	1.477826e+04	1.467561e+04	9.413780e+01	9.075547e+01
	281	403	70.250000	-10.750000	-2.942700e-05	1.011350e+05	1.453490e+00	6.056088e+00	1.491934e+04	1.492121e+04	1.489423e+04	7.517035e+01	7.775166e+01
	374	403	93.500000	-10.750000	-2.254369e-04	1.007650e+05	1.413272e+00	9.031314e+00	1.467471e+04	1.468557e+04	1.454986e+04	8.692476e+01	8.259299e+01
	1160	414	290.000000	-13.500000	-8.447189e-05	5.691402e+04	4.789930e+04	4.120271e+00	1.491069e+04	1.490241e+04	1.470436e+04	8.644789e+01	8.394889e+01
	142	417	35.500000	-14.250000	-1.737596e-04	8.508402e+04	1.406247e+04	4.376661e+00	1.477364e+04	1.477621e+04	1.473623e+04	9.231126e+01	8.952148e+01
	502	420	125.500000	-15.000000	-4.921574e-05	9.382302e+04	5.997688e+03	9.182351e+00	1.420872e+04	1.421003e+04	1.416023e+04	7.845621e+01	7.240994e+01
	526	422	131.500000	-15.500000	-2.134861e-04	9.530002e+04	3.238147e+03	7.789475e+00	1.403193e+04	1.405149e+04	1.385986e+04	8.884814e+01	8.582794e+01
	219	423	54.750000	-15.750000	-3.883960e-04	1.001210e+05	1.312609e+00	1.502397e+01	1.458114e+04	1.461155e+04	1.406761e+04	8.651571e+01	8.391665e+01
	1187	426	296.750000	-16.500000	-1.789154e-04	6.535802e+04	2.335726e+04	1.852202e+00	1.477099e+04	1.477331e+04	1.469148e+04	8.979480e+01	8.867182e+01
	95	428	23.750000	-17.000000	-2.088668e-04	8.681502e+04	1.172433e+04	5.136605e+00	1.459877e+04	1.461466e+04	1.449586e+04	9.567039e+01	9.113675e+01
	570	429	142.500000	-17.250000	-3.459277e-04	9.096402e+04	5.617531e+03	7.681083e+00	1.428725e+04	1.429781e+04	1.415223e+04	8.977744e+01	8.327274e+01
	1213	431	303.250000	-17.750000	-1.204135e-04	9.303302e+04	4.707637e+03	2.686148e+00	1.469437e+04	1.470094e+04	1.461323e+04	9.096232e+01	8.756001e+01
	854	458	213.500000	-24.500000	-3.560307e-04	1.015490e+05	7.597525e+00	1.302293e+01	1.521808e+04	1.522232e+04	1.510673e+04	8.847865e+01	8.505309e+01
	879	472	219.750000	-28.000000	-5.204501e-04	1.018220e+05	1.473485e+00	1.225488e+01	1.539381e+04	1.539741e+04	1.526548e+04	9.221873e+01	8.519064e+01
	1295	496	323.750000	-34.000000	-7.624645e-05	1.010870e+05	1.956226e+00	1.057242e+01	1.455750e+04	1.456393e+04	1.449523e+04	7.907736e+01	7.923605e+01
	1296	496	324.000000	-34.000000	-7.624645e-05	1.010870e+05	1.956226e+00	1.066498e+01	1.455787e+04	1.456443e+04	1.449523e+04	7.910549e+01	7.916707e+01
	81	519	20.250000	-39.750000	-1.373114e-04	1.010250e+05	1.736674e+00	1.409292e+01	1.453407e+04	1.455281e+04	1.437011e+04	8.414989e+01	6.989367e+01
2024	1	13	30	12
	1356	362	339.000000	-0.500000	-3.673136e-06	1.013661e+05	8.105246e-01	6.575853e+00	1.503120e+04	1.503206e+04	1.502492e+04	7.821000e+01	7.965181e+01
	639	363	159.750000	-0.750000	-5.144626e-05	1.007031e+05	1.634048e+00	4.941279e+00	1.458741e+04	1.459077e+04	1.455167e+04	8.939512e+01	8.602887e+01
	354	364	88.500000	-1.000000	1.242012e-05	1.009131e+05	1.594068e+00	7.722346e+00	1.475787e+04	1.475947e+04	1.473567e+04	8.423341e+01	8.227450e+01
	999	365	249.750000	-1.250000	-5.103648e-06	1.008631e+05	1.474078e+00	7.794724e+00	1.458897e+04	1.459181e+04	1.457242e+04	8.186389e+01	7.959655e+01
	1122	366	280.500000	-1.500000	-7.007271e-05	6.516315e+04	3.877745e+04	5.467180e+00	1.485275e+04	1.485118e+04	1.476330e+04	8.403426e+01	8.349505e+01
	333	368	83.250000	-2.000000	-1.139939e-06	1.009231e+05	1.955620e+00	1.213254e+01	1.475586e+04	1.475618e+04	1.473505e+04	9.020586e+01	8.643550e+01
	1249	369	312.250000	-2.250000	-3.982335e-05	9.793715e+04	2.299818e+03	6.099869e+00	1.500499e+04	1.500583e+04	1.497355e+04	8.276655e+01	8.639246e+01
	1274	373	318.500000	-3.250000	-1.750141e-05	9.437915e+04	7.403658e+03	8.359832e+00	1.501389e+04	1.501541e+04	1.496792e+04	8.061983e+01	8.140255e+01
	568	377	142.000000	-4.250000	-4.775077e-05	7.288615e+04	2.705634e+04	3.620887e+00	1.469236e+04	1.469166e+04	1.462817e+04	8.958913e+01	8.463879e+01
	687	378	171.750000	-4.500000	-9.514391e-06	1.006851e+05	7.502451e-01	6.267784e+00	1.459341e+04	1.459379e+04	1.457005e+04	8.620618e+01	8.387975e+01
	393	379	98.250000	-4.750000	2.130121e-05	1.005641e+05	2.558147e+00	5.837947e+00	1.474221e+04	1.474256e+04	1.471592e+04	8.172935e+01	8.030280e+01
	321	385	80.250000	-6.250000	-1.683608e-04	1.008161e+05	1.352872e+00	1.213254e+01	1.468861e+04	1.469328e+04	1.461555e+04	8.303273e+01	7.633136e+01
	586	388	146.500000	-7.000000	-1.469925e-04	7.480915e+04	2.513040e+04	4.532154e+00	1.470775e+04	1.470484e+04	1.463555e+04	8.605573e+01	8.573677e+01
	378	404	94.500000	-11.000000	-2.373829e-04	1.006691e+05	1.413272e+00	1.045401e+01	1.462174e+04	1.463359e+04	1.447142e+04	8.560302e+01	8.433842e+01
	157	409	39.250000	-12.250000	-5.773455e-05	9.182015e+04	7.658086e+03	1.108773e+01	1.449312e+04	1.450167e+04	1.439242e+04	8.934596e+01	8.785502e+01
	1153	409	288.250000	-12.250000	-1.634136e-04	5.690915e+04	4.747527e+04	2.753112e+00	1.500290e+04	1.499384e+04	1.481230e+04	8.325233e+01	7.921301e+01
	795	422	198.750000	-15.500000	-2.000481e-05	1.008281e+05	7.501140e-01	1.176095e+01	1.470052e+04	1.470568e+04	1.466467e+04	8.373262e+01	8.216792e+01
	524	424	131.000000	-16.000000	-2.237335e-04	9.541715e+04	4.035729e+03	6.587895e+00	1.420922e+04	1.422990e+04	1.405155e+04	9.107165e+01	8.531986e+01
	88	425	22.000000	-16.250000	-2.006963e-04	8.700915e+04	1.196291e+04	5.766653e+00	1.446735e+04	1.447874e+04	1.433842e+04	8.458137e+01	7.383752e+01
	216	428	54.000000	-17.000000	-5.983785e-04	9.981115e+04	2.638118e+00	1.409685e+01	1.443889e+04	1.446935e+04	1.380367e+04	8.354051e+01	7.801857e+01
	569	430	142.250000	-17.500000	-3.037825e-04	9.121015e+04	5.617531e+03	5.995306e+00	1.451068e+04	1.451848e+04	1.438455e+04	8.594823e+01	8.036305e+01
	1211	432	302.750000	-18.000000	-1.130775e-04	9.404015e+04	4.799395e+03	3.815757e+00	1.485567e+04	1.486310e+04	1.479367e+04	8.851427e+01	8.446019e+01
	1271	460	317.750000	-25.000000	-9.460002e-05	9.171315e+04	8.060707e+00	1.057625e+01	1.498745e+04	1.499235e+04	1.494105e+04	8.442329e+01	6.813435e+01
	852	461	213.000000	-25.250000	-3.369227e-04	1.014191e+05	7.597525e+00	1.180229e+01	1.512007e+04	1.512379e+04	1.504705e+04	8.853268e+01	8.681918e+01
	629	470	157.250000	-27.500000	-6.593019e-05	1.010861e+05	1.654325e+00	7.829604e+00	1.487722e+04	1.488080e+04	1.481930e+04	7.665257e+01	7.324767e+01
	881	474	220.250000	-28.500000	-4.068986e-04	1.017101e+05	1.473485e+00	1.125646e+01	1.528030e+04	1.528308e+04	1.516980e+04	9.174948e+01	8.425444e+01
	1288	491	322.000000	-32.750000	-1.231804e-04	1.013221e+05	2.015088e+00	1.073866e+01	1.483244e+04	1.483829e+04	1.476967e+04	7.917336e+01	7.624683e+01
	1317	495	329.250000	-33.750000	-3.341809e-04	1.014521e+05	1.312177e+00	1.146789e+01	1.486307e+04	1.486794e+04	1.474655e+04	7.876751e+01	7.650422e+01
	167	511	41.750000	-37.750000	-3.176108e-04	1.009851e+05	1.833736e+00	1.088834e+01	1.455541e+04	1.455952e+04	1.443492e+04	8.768881e+01	7.357054e+01
	86	520	21.500000	-40.000000	-2.551153e-04	1.010031e+05	1.974448e+00	1.511747e+01	1.459673e+04	1.461487e+04	1.441630e+04	8.039683e+01	6.529733e+01
2024	1	13	31	18
	1061	360	265.250000	0.000000	-1.315121e-05	1.008698e+05	2.560401e+00	7.296875e+00	1.478552e+04	1.478783e+04	1.476291e+04	8.354501e+01	8.700547e+01
	594	361	148.500000	-0.250000	-4.065875e-05	9.989883e+04	2.565132e+02	5.288378e+00	1.447473e+04	1.447663e+04	1.445066e+04	7.886265e+01	8.153478e+01
	666	361	166.500000	-0.250000	-4.955567e-06	1.005608e+05	5.350978e+00	7.644058e+00	1.445955e+04	1.446070e+04	1.443554e+04	8.537571e+01	8.228572e+01
	980	362	245.000000	-0.500000	-1.341943e-05	1.011328e+05	9.715036e-01	7.298100e+00	1.481587e+04	1.481815e+04	1.478804e+04	8.698145e+01	8.128082e+01
	1023	362	255.750000	-0.500000	-4.608277e-05	1.010798e+05	9.314079e-01	7.378783e+00	1.481382e+04	1.481566e+04	1.480216e+04	8.680484e+01	8.365115e+01
	1122	366	280.500000	-1.500000	-7.370953e-05	6.514283e+04	3.877745e+04	5.101451e+00	1.483349e+04	1.483387e+04	1.470266e+04	8.088383e+01	8.019342e+01
	335	370	83.750000	-2.500000	-7.600430e-05	1.011038e+05	1.955620e+00	1.220925e+01	1.489390e+04	1.489645e+04	1.482541e+04	8.776968e+01	8.474794e+01
	1222	373	305.500000	-3.250000	-2.644304e-05	9.576383e+04	3.193572e+03	2.919274e+00	1.476076e+04	1.476158e+04	1.470304e+04	8.686600e+01	8.641457e+01
	611	377	152.750000	-4.250000	-3.541354e-05	8.969483e+04	1.293938e+04	4.526037e+00	1.447908e+04	1.448011e+04	1.445304e+04	8.510511e+01	8.506044e+01
	1171	377	292.750000	-4.250000	1.045223e-05	9.909283e+04	1.470777e+03	3.305153e+00	1.481500e+04	1.481663e+04	1.469729e+04	8.416758e+01	8.411228e+01
	550	378	137.500000	-4.500000	-5.102996e-05	6.989483e+04	3.434546e+04	7.661149e+00	1.450849e+04	1.450789e+04	1.442966e+04	7.932263e+01	8.240833e+01
	1277	378	319.250000	-4.500000	-5.213264e-05	9.296583e+04	7.403658e+03	6.374981e+00	1.485794e+04	1.485900e+04	1.481704e+04	8.297909e+01	8.017106e+01
	355	379	88.750000	-4.750000	2.088305e-05	1.010698e+05	1.674565e+00	7.883379e+00	1.486275e+04	1.486263e+04	1.484591e+04	8.871642e+01	8.755915e+01
	397	380	99.250000	-5.000000	1.373049e-05	1.006768e+05	4.829656e+00	7.118607e+00	1.481264e+04	1.481270e+04	1.479054e+04	8.474057e+01	8.317311e+01
	688	382	172.000000	-5.500000	-3.495254e-06	1.005718e+05	8.708306e-01	5.650675e+00	1.449332e+04	1.449294e+04	1.446254e+04	8.443768e+01	8.348314e+01
	645	393	161.250000	-8.250000	-1.422409e-05	9.441583e+04	5.910511e+03	6.846778e+00	1.446733e+04	1.447146e+04	1.440716e+04	9.062006e+01	8.910400e+01
	1197	394	299.250000	-8.500000	-2.987031e-05	9.689283e+04	2.386750e+03	3.174514e+00	1.474801e+04	1.474777e+04	1.463879e+04	8.568651e+01	8.555708e+01
	761	396	190.250000	-9.000000	-6.982125e-06	1.006968e+05	7.300485e-01	7.534188e+00	1.463089e+04	1.463221e+04	1.460841e+04	7.984095e+01	7.617823e+01
	377	404	94.250000	-11.000000	-2.417350e-04	1.007908e+05	1.413272e+00	1.057492e+01	1.472603e+04	1.473752e+04	1.456441e+04	8.586471e+01	8.564276e+01
	151	414	37.750000	-13.500000	-9.129290e-05	8.823083e+04	1.133165e+04	4.268023e+00	1.466018e+04	1.466594e+04	1.458116e+04	9.286025e+01	8.892599e+01
	523	423	130.750000	-15.750000	-2.147341e-04	9.544383e+04	3.816528e+03	1.040869e+01	1.404458e+04	1.406989e+04	1.386291e+04	9.426267e+01	8.801997e+01
	87	426	21.750000	-16.500000	-2.532983e-04	8.689383e+04	1.205236e+04	4.121411e+00	1.449446e+04	1.450269e+04	1.435929e+04	8.622764e+01	7.623049e+01
	703	426	175.750000	-16.500000	-2.835039e-05	9.522983e+04	4.826234e+02	8.714179e+00	1.461888e+04	1.462530e+04	1.456904e+04	8.225478e+01	8.373273e+01
	215	432	53.750000	-18.000000	-5.926276e-04	9.981683e+04	3.302295e+00	1.776030e+01	1.458358e+04	1.461807e+04	1.378554e+04	8.387441e+01	7.641300e+01
	566	433	141.500000	-18.250000	-2.036477e-04	9.105983e+04	4.091654e+03	7.211510e+00	1.434529e+04	1.435435e+04	1.421366e+04	8.630705e+01	8.173644e+01
	1206	434	301.500000	-18.500000	-1.357282e-04	9.570383e+04	4.799395e+03	3.866311e+00	1.471290e+04	1.471547e+04	1.462541e+04	8.662695e+01	8.421724e+01
	1259	442	314.750000	-20.500000	-4.685763e-05	8.626183e+04	1.526378e+04	5.142206e+00	1.488366e+04	1.488804e+04	1.471491e+04	8.745612e+01	8.189478e+01
	856	464	214.000000	-26.000000	-5.121017e-04	1.017008e+05	9.912824e-01	1.149820e+01	1.530855e+04	1.531065e+04	1.515491e+04	9.211970e+01	8.813230e+01
	884	477	221.000000	-29.250000	-3.761435e-04	1.018368e+05	1.694384e+00	1.164654e+01	1.539299e+04	1.539771e+04	1.525754e+04	9.054062e+01	8.272029e+01
	176	511	44.000000	-37.750000	-3.210092e-04	1.010448e+05	1.754843e+00	1.336149e+01	1.456844e+04	1.457152e+04	1.446616e+04	7.943311e+01	6.245478e+01
	86	520	21.500000	-40.000000	-2.356553e-04	1.009348e+05	1.974448e+00	1.541122e+01	1.454586e+04	1.456531e+04	1.436354e+04	7.726503e+01	6.413771e+01
2024	1	14	25	0
	641	361	160.250000	-0.250000	-8.528586e-07	1.007551e+05	1.634048e+00	6.352175e+00	1.461581e+04	1.461688e+04	1.459406e+04	8.570169e+01	8.310175e+01
	382	363	95.500000	-0.750000	-1.238636e-05	9.968212e+04	5.131111e+00	3.709172e+00	1.476937e+04	1.477022e+04	1.474181e+04	8.471051e+01	8.285225e+01
	51	364	12.750000	-1.000000	-4.874519e-05	9.285212e+04	7.714550e+03	3.072513e+00	1.485106e+04	1.485173e+04	1.481918e+04	8.304756e+01	7.185651e+01
	382	364	95.500000	-1.000000	-1.238636e-05	9.968412e+04	5.131111e+00	3.709172e+00	1.476895e+04	1.476981e+04	1.474181e+04	8.492283e+01	8.312653e+01
	1129	364	282.250000	-1.000000	-1.288836e-04	6.512712e+04	3.877745e+04	3.631714e+00	1.474427e+04	1.474179e+04	1.464243e+04	8.253996e+01	7.984273e+01
	525	367	131.250000	-1.750000	-5.561626e-06	8.276712e+04	1.122984e+04	8.077950e+00	1.473516e+04	1.473904e+04	1.468381e+04	8.027141e+01	7.932374e+01
	284	370	71.000000	-2.500000	-9.674346e-06	1.009791e+05	1.955598e+00	5.725945e+00	1.478229e+04	1.478329e+04	1.475668e+04	8.222465e+01	7.876201e+01
	481	370	120.250000	-2.500000	-1.405661e-04	8.232612e+04	1.932979e+04	1.007667e+01	1.479960e+04	1.480107e+04	1.470631e+04	8.105330e+01	8.260544e+01
	550	378	137.500000	-4.500000	-6.558350e-05	7.009512e+04	3.434546e+04	7.814481e+00	1.474031e+04	1.473796e+04	1.464868e+04	7.860004e+01	8.108852e+01
	322	387	80.500000	-6.750000	-1.208072e-04	1.009191e+05	1.352872e+00	1.055764e+01	1.476228e+04	1.476500e+04	1.470631e+04	8.014415e+01	7.488226e+01
	358	387	89.500000	-6.750000	2.337643e-05	1.008931e+05	8.506482e-01	9.145140e+00	1.472925e+04	1.472953e+04	1.469018e+04	8.746672e+01	8.313428e+01
	589	387	147.250000	-6.750000	-1.229828e-04	7.761912e+04	2.513040e+04	5.235003e+00	1.469658e+04	1.469756e+04	1.463243e+04	7.529854e+01	7.972245e+01
	260	390	65.000000	-7.500000	-1.210487e-06	1.009411e+05	1.433427e+00	4.023673e+00	1.477686e+04	1.477814e+04	1.474731e+04	8.302517e+01	8.234807e+01
	649	397	162.250000	-9.250000	-2.733951e-04	9.461212e+04	5.204288e+03	5.684031e+00	1.462000e+04	1.462257e+04	1.454418e+04	8.486976e+01	8.561958e+01
	376	403	94.000000	-10.750000	-3.203338e-04	1.006441e+05	1.413272e+00	1.216056e+01	1.463710e+04	1.465020e+04	1.446218e+04	7.823933e+01	8.179240e+01
	1143	408	285.750000	-12.000000	-1.464372e-04	5.847012e+04	4.556788e+04	8.406404e+00	1.480845e+04	1.480352e+04	1.450031e+04	8.063712e+01	7.370691e+01
	164	410	41.000000	-12.500000	-3.902798e-04	9.421112e+04	7.658086e+03	1.026624e+01	1.454354e+04	1.455077e+04	1.443543e+04	8.960924e+01	8.757465e+01
	715	415	178.750000	-13.750000	-3.125123e-05	9.943412e+04	9.026862e+00	6.235272e+00	1.458200e+04	1.458452e+04	1.454068e+04	8.111745e+01	8.201836e+01
	109	419	27.250000	-14.750000	-9.672693e-05	8.551012e+04	1.291068e+04	4.175562e+00	1.452131e+04	1.452600e+04	1.446293e+04	8.852644e+01	8.666360e+01
	521	421	130.250000	-15.250000	-2.366488e-04	9.492012e+04	3.454021e+03	1.379438e+01	1.419780e+04	1.422621e+04	1.399393e+04	9.290339e+01	8.865292e+01
	84	425	21.000000	-16.250000	-2.714281e-04	8.559112e+04	1.241348e+04	4.138714e+00	1.447610e+04	1.448909e+04	1.433306e+04	8.516878e+01	7.509994e+01
	559	430	139.750000	-17.500000	-1.377051e-04	9.650912e+04	2.716682e+03	8.746737e+00	1.448751e+04	1.449507e+04	1.441356e+04	8.507512e+01	8.268202e+01
	213	434	53.250000	-18.500000	-6.070619e-04	9.893712e+04	3.302295e+00	1.798397e+01	1.436403e+04	1.440187e+04	1.342906e+04	8.042515e+01	7.445801e+01
	651	497	162.750000	-34.250000	-4.489308e-04	1.012881e+05	1.634539e+00	9.899553e+00	1.493961e+04	1.494545e+04	1.478131e+04	8.940667e+01	8.457239e+01
	683	535	170.750000	-43.750000	-2.301221e-04	8.517812e+04	1.504630e+04	1.076351e+01	1.434143e+04	1.434008e+04	1.415168e+04	7.521223e+01	6.828606e+01
2024	1	14	31	6
	662	360	165.500000	0.000000	-3.323238e-05	1.003846e+05	5.350978e+00	1.124413e+01	1.435698e+04	1.436169e+04	1.431014e+04	8.511555e+01	8.402977e+01
	1081	360	270.250000	0.000000	-1.147669e-05	9.889662e+04	2.968146e+03	5.228088e+00	1.483538e+04	1.483610e+04	1.482639e+04	7.673341e+01	8.076919e+01
	1342	360	335.500000	0.000000	-1.552980e-05	1.012896e+05	1.212281e+00	6.074106e+00	1.496703e+04	1.496778e+04	1.495552e+04	7.886250e+01	8.132587e+01
	460	361	115.000000	-0.250000	-3.510993e-05	8.933962e+04	1.030939e+04	4.599313e+00	1.462536e+04	1.462698e+04	1.460552e+04	8.577763e+01	8.417833e+01
	1253	363	313.250000	-0.750000	-3.472250e-05	9.947662e+04	1.099640e+03	8.227071e+00	1.490954e+04	1.491145e+04	1.487839e+04	7.727886e+01	7.865383e+01
	1408	364	352.000000	-1.000000	-2.184790e-05	1.011566e+05	1.191976e+00	6.663131e+00	1.486347e+04	1.486480e+04	1.485264e+04	8.398319e+01	8.354540e+01
	391	366	97.750000	-1.500000	-1.238016e-04	9.096462e+04	9.826721e+02	5.982219e+00	1.475578e+04	1.475894e+04	1.470839e+04	8.638476e+01	8.414841e+01
	1228	368	307.000000	-2.000000	-3.719609e-05	9.598262e+04	4.826799e+03	4.757855e+00	1.490992e+04	1.491176e+04	1.488152e+04	9.262424e+01	8.928886e+01
	481	370	120.250000	-2.500000	-8.544605e-05	8.211062e+04	1.932979e+04	1.068641e+01	1.456944e+04	1.456858e+04	1.449302e+04	8.259900e+01	8.202340e+01
	1121	371	280.250000	-2.750000	-6.568711e-05	6.520262e+04	3.663807e+04	5.405844e+00	1.489118e+04	1.489056e+04	1.479339e+04	8.927763e+01	8.352840e+01
	369	378	92.250000	-4.500000	1.868326e-05	1.009486e+05	1.453502e+00	1.118289e+01	1.476472e+04	1.476508e+04	1.475064e+04	9.118487e+01	8.607960e+01
	502	397	125.500000	-9.250000	-1.939563e-04	9.118862e+04	1.120923e+04	1.376214e+01	1.433591e+04	1.433447e+04	1.429377e+04	8.176984e+01	8.204314e+01
	1072	397	268.000000	-9.250000	-7.298868e-05	1.012926e+05	1.974959e+00	7.453966e+00	1.483972e+04	1.484190e+04	1.481477e+04	7.719923e+01	7.650723e+01
	1072	398	268.000000	-9.500000	-7.298868e-05	1.013026e+05	2.316511e+00	7.508405e+00	1.483910e+04	1.484153e+04	1.481477e+04	7.712737e+01	7.674016e+01
	270	402	67.500000	-10.500000	-3.922265e-05	1.011656e+05	1.151966e+00	6.098658e+00	1.495099e+04	1.495357e+04	1.492752e+04	7.856851e+01	8.112495e+01
	667	402	166.750000	-10.500000	-3.126543e-05	1.002436e+05	6.734774e+02	5.246574e+00	1.445056e+04	1.445317e+04	1.439752e+04	8.507933e+01	8.564158e+01
	378	404	94.500000	-11.000000	-2.895324e-04	1.006016e+05	1.413272e+00	1.330416e+01	1.466594e+04	1.467908e+04	1.443789e+04	8.205111e+01	8.491711e+01
	165	414	41.250000	-13.500000	-3.933636e-04	9.444662e+04	4.313771e+03	1.037552e+01	1.475125e+04	1.475854e+04	1.463302e+04	9.103461e+01	8.728778e+01
	720	420	180.000000	-15.000000	-3.040116e-05	9.924162e+04	1.636455e+03	1.074536e+01	1.454832e+04	1.455357e+04	1.450902e+04	8.584760e+01	8.382199e+01
	80	421	20.000000	-15.250000	-3.123907e-04	8.474662e+04	1.453374e+04	6.065996e+00	1.459765e+04	1.461154e+04	1.438627e+04	8.799039e+01	8.020931e+01
	111	422	27.750000	-15.500000	-1.840917e-04	8.582362e+04	1.303387e+04	4.953993e+00	1.467514e+04	1.467767e+04	1.462802e+04	9.259750e+01	9.064975e+01
	522	422	130.500000	-15.500000	-2.992479e-04	9.486662e+04	3.719225e+03	1.388904e+01	1.390276e+04	1.393436e+04	1.363614e+04	9.308056e+01	8.636055e+01
	603	430	150.750000	-17.500000	-3.097681e-04	1.004376e+05	1.453254e+00	6.806220e+00	1.438185e+04	1.438529e+04	1.429364e+04	8.400008e+01	8.310336e+01
	565	436	141.250000	-19.000000	-1.129238e-04	9.089662e+04	4.462145e+03	7.665562e+00	1.425867e+04	1.426755e+04	1.411489e+04	7.937111e+01	7.576748e+01
	213	437	53.250000	-19.250000	-7.034270e-04	9.292562e+04	1.312146e+01	1.991606e+01	1.455845e+04	1.459658e+04	1.336477e+04	8.377326e+01	7.855497e+01
	1276	454	319.000000	-23.500000	-2.155630e-04	9.175962e+04	9.775638e+03	8.574053e+00	1.502504e+04	1.502483e+04	1.495814e+04	7.558000e+01	6.734698e+01
	304	472	76.000000	-28.000000	-9.274762e-05	1.014726e+05	1.432490e+00	9.558198e+00	1.506836e+04	1.507369e+04	1.502464e+04	7.589935e+01	7.637385e+01
	652	498	163.000000	-34.500000	-4.541604e-04	1.010636e+05	1.533677e+00	1.082990e+01	1.479894e+04	1.480699e+04	1.459627e+04	8.784490e+01	8.001235e+01
	121	517	30.250000	-39.250000	-2.073376e-04	1.010816e+05	1.414261e+00	1.500058e+01	1.471735e+04	1.472364e+04	1.463077e+04	8.806207e+01	6.922143e+01
	86	523	21.500000	-40.750000	-2.037613e-04	1.007956e+05	1.974448e+00	1.700500e+01	1.440188e+04	1.442062e+04	1.420714e+04	7.599552e+01	6.327441e+01
	85	524	21.250000	-41.000000	-2.066223e-04	1.007956e+05	1.974448e+00	1.689445e+01	1.439861e+04	1.441652e+04	1.420714e+04	7.870732e+01	6.084723e+01
2024	1	14	23	12
	54	360	13.500000	0.000000	-1.830584e-05	9.286072e+04	7.002868e+03	2.718102e+00	1.492291e+04	1.492228e+04	1.489574e+04	8.063190e+01	7.619296e+01
	961	360	240.250000	0.000000	-2.536899e-05	1.007797e+05	1.613883e+00	8.650127e+00	1.452721e+04	1.453160e+04	1.449799e+04	8.652735e+01	8.626180e+01
	426	361	106.500000	-0.250000	-2.861745e-05	9.985772e+04	6.375573e+02	7.389945e+00	1.475834e+04	1.475933e+04	1.473249e+04	8.387952e+01	8.441241e+01
	989	361	247.250000	-0.250000	-8.366234e-05	1.007987e+05	1.293055e+00	8.739500e+00	1.457679e+04	1.458004e+04	1.454874e+04	8.711600e+01	8.224122e+01
	373	362	93.250000	-0.500000	-2.688891e-05	1.008697e+05	2.518022e+00	6.031954e+00	1.472862e+04	1.473039e+04	1.467561e+04	8.372315e+01	8.100216e+01
	1065	362	266.250000	-0.500000	-1.729256e-05	9.882972e+04	4.295642e+01	7.568661e+00	1.474139e+04	1.474337e+04	1.472536e+04	8.045018e+01	8.214895e+01
	1383	365	345.750000	-1.250000	-2.600020e-06	1.014187e+05	9.311727e-01	6.207694e+00	1.508762e+04	1.508809e+04	1.508149e+04	8.195248e+01	8.261708e+01
	640	371	160.000000	-2.750000	-1.407927e-06	1.006497e+05	1.172483e+00	4.705864e+00	1.456277e+04	1.456334e+04	1.451874e+04	8.921564e+01	8.485038e+01
	598	375	149.500000	-3.750000	-1.124269e-05	8.979772e+04	2.513399e+03	5.928699e+00	1.459592e+04	1.459955e+04	1.455024e+04	8.609052e+01	8.434306e+01
	1121	382	280.250000	-5.500000	-7.421500e-05	6.579872e+04	3.491481e+04	6.313533e+00	1.492399e+04	1.492509e+04	1.483474e+04	8.363103e+01	8.015701e+01
	591	395	147.750000	-8.750000	-9.385473e-05	7.814872e+04	2.481712e+04	4.952533e+00	1.462780e+04	1.462603e+04	1.454474e+04	8.741838e+01	8.573571e+01
	640	401	160.000000	-10.250000	-6.688363e-05	9.445672e+04	5.910511e+03	4.913902e+00	1.455901e+04	1.456178e+04	1.451511e+04	8.314378e+01	8.243687e+01
	683	402	170.750000	-10.500000	-1.341177e-04	1.006947e+05	1.513752e+00	6.582840e+00	1.460597e+04	1.460641e+04	1.456424e+04	8.345650e+01	8.308596e+01
	377	404	94.250000	-11.000000	-2.176536e-04	1.003967e+05	1.413272e+00	1.261220e+01	1.454698e+04	1.456590e+04	1.428161e+04	8.290557e+01	8.392988e+01
	165	417	41.250000	-14.250000	-3.691686e-04	9.361872e+04	4.318265e+03	9.726015e+00	1.453832e+04	1.454395e+04	1.441436e+04	8.804275e+01	8.556843e+01
	82	419	20.500000	-14.750000	-2.042127e-04	8.459672e+04	1.412745e+04	5.964326e+00	1.448209e+04	1.449429e+04	1.433799e+04	8.159665e+01	7.100340e+01
	520	421	130.000000	-15.250000	-2.976728e-04	9.435972e+04	3.719225e+03	1.487657e+01	1.408739e+04	1.412009e+04	1.377786e+04	9.197607e+01	8.371230e+01
	602	430	150.500000	-17.500000	-2.993715e-04	1.006007e+05	2.216168e+00	8.909267e+00	1.457877e+04	1.458259e+04	1.448386e+04	8.376721e+01	8.342883e+01
	562	431	140.500000	-17.750000	-1.592410e-04	9.615472e+04	2.716682e+03	1.005622e+01	1.444819e+04	1.445484e+04	1.437436e+04	8.154259e+01	7.802498e+01
	563	431	140.750000	-17.750000	-1.592410e-04	9.489872e+04	2.109398e+03	9.794529e+00	1.445150e+04	1.445847e+04	1.437436e+04	8.226749e+01	7.822356e+01
	214	439	53.500000	-19.750000	-9.631289e-04	9.263672e+04	3.011609e+01	2.453787e+01	1.432171e+04	1.436897e+04	1.278036e+04	8.229091e+01	7.565736e+01
	651	494	162.750000	-33.500000	-2.351773e-04	1.011947e+05	1.856103e+00	1.127732e+01	1.487547e+04	1.488991e+04	1.469161e+04	8.429297e+01	7.862714e+01
	185	503	46.250000	-35.750000	-1.400185e-04	1.012947e+05	1.171560e+00	1.443960e+01	1.477584e+04	1.477937e+04	1.469424e+04	7.540430e+01	5.745125e+01
2024	1	14	29	18
	991	360	247.750000	0.000000	-1.507206e-05	1.010241e+05	1.293055e+00	9.288155e+00	1.476031e+04	1.476199e+04	1.473337e+04	8.576178e+01	8.037000e+01
	1196	362	299.000000	-0.500000	-4.567904e-05	9.523614e+04	1.951359e+03	4.759345e+00	1.492441e+04	1.492538e+04	1.482025e+04	8.832262e+01	8.441301e+01
	585	363	146.250000	-0.750000	9.317882e-07	9.979614e+04	9.969011e+02	7.500398e+00	1.437577e+04	1.437700e+04	1.436050e+04	8.463944e+01	8.657242e+01
	1294	363	323.500000	-0.750000	-6.012153e-06	1.012451e+05	1.494047e+00	8.075247e+00	1.497515e+04	1.497613e+04	1.497275e+04	7.706223e+01	7.572695e+01
	530	364	132.500000	-1.000000	-6.132526e-05	8.248114e+04	1.706906e+04	8.370433e+00	1.445092e+04	1.445234e+04	1.441062e+04	8.670254e+01	8.486915e+01
	1264	366	316.000000	-1.500000	-6.310176e-06	9.993414e+04	8.149371e+02	8.409480e+00	1.493389e+04	1.493738e+04	1.489075e+04	8.275304e+01	8.299400e+01
	771	368	192.750000	-2.000000	-3.760261e-05	1.005851e+05	1.292564e+00	9.373546e+00	1.447902e+04	1.448077e+04	1.445675e+04	7.975235e+01	6.695297e+01
	93	371	23.250000	-2.750000	1.915265e-06	9.357114e+04	5.691830e+03	2.658326e+00	1.482597e+04	1.482477e+04	1.480237e+04	7.611974e+01	7.287226e+01
	1221	373	305.250000	-3.250000	-4.117889e-05	9.591914e+04	3.616787e+03	3.495014e+00	1.492558e+04	1.492822e+04	1.485075e+04	8.449706e+01	8.560404e+01
	118	374	29.500000	-3.500000	-8.337898e-05	7.639314e+04	2.430290e+04	4.132959e+00	1.487345e+04	1.486874e+04	1.481100e+04	7.775995e+01	7.583256e+01
	1122	376	280.500000	-4.000000	-6.516976e-05	6.520414e+04	3.484892e+04	6.560950e+00	1.485416e+04	1.485567e+04	1.471637e+04	8.157881e+01	7.927395e+01
	626	382	156.500000	-5.500000	-3.247662e-05	9.201314e+04	8.972600e+03	3.663906e+00	1.435600e+04	1.435884e+04	1.431800e+04	8.371118e+01	8.522385e+01
	588	384	147.000000	-6.000000	-9.935303e-05	7.453714e+04	2.513040e+04	5.781497e+00	1.441647e+04	1.441611e+04	1.435187e+04	8.975638e+01	8.948761e+01
	1205	387	301.250000	-6.750000	-6.399583e-06	9.575714e+04	2.828186e+03	3.323097e+00	1.493594e+04	1.493459e+04	1.487062e+04	8.282786e+01	8.407859e+01
	375	401	93.750000	-10.250000	-2.113204e-04	1.004851e+05	1.413272e+00	1.278177e+01	1.462899e+04	1.464918e+04	1.434325e+04	8.810713e+01	8.514995e+01
	1223	404	305.750000	-11.000000	-3.199978e-05	9.513614e+04	5.432062e+03	3.274984e+00	1.497103e+04	1.497133e+04	1.485937e+04	8.625821e+01	8.592001e+01
	157	414	39.250000	-13.500000	-1.654546e-04	9.048714e+04	7.910666e+03	8.793727e+00	1.471624e+04	1.472494e+04	1.459762e+04	8.693073e+01	8.330527e+01
	75	419	18.750000	-14.750000	-2.401988e-04	8.279714e+04	1.527863e+04	4.772136e+00	1.453824e+04	1.454631e+04	1.442250e+04	7.927146e+01	7.153374e+01
	521	422	130.250000	-15.500000	-3.336589e-04	9.457114e+04	3.719225e+03	1.702817e+01	1.388075e+04	1.391816e+04	1.347762e+04	9.580872e+01	8.658929e+01
	1246	422	311.500000	-15.500000	-5.274219e-05	8.949314e+04	1.176247e+04	3.676661e+00	1.501500e+04	1.501599e+04	1.494825e+04	8.495864e+01	8.351062e+01
	572	425	143.000000	-16.250000	-4.277448e-04	9.166814e+04	7.868184e+03	9.310913e+00	1.426084e+04	1.426825e+04	1.414112e+04	8.695305e+01	8.123482e+01
	601	431	150.250000	-17.750000	-2.092938e-04	1.001231e+05	2.216168e+00	8.549366e+00	1.434932e+04	1.435475e+04	1.424712e+04	8.664160e+01	8.480446e+01
	215	440	53.750000	-20.000000	-8.962671e-04	9.275914e+04	9.018631e+03	2.440034e+01	1.453632e+04	1.458101e+04	1.298812e+04	8.018520e+01	7.795502e+01
	307	473	76.750000	-28.250000	-9.613438e-05	1.014331e+05	1.432490e+00	8.538161e+00	1.503887e+04	1.504401e+04	1.499275e+04	7.723161e+01	7.491183e+01
	621	479	155.250000	-29.750000	-2.546529e-04	8.866414e+04	1.504936e+03	1.345857e+01	1.474687e+04	1.474972e+04	1.463550e+04	9.322203e+01	8.211947e+01
	663	496	165.750000	-34.000000	-5.073766e-04	1.009761e+05	1.814373e+00	1.249447e+01	1.474609e+04	1.475707e+04	1.451950e+04	9.045020e+01	8.401971e+01
	177	498	44.250000	-34.500000	-1.730542e-04	1.013241e+05	1.473391e+00	1.463434e+01	1.486724e+04	1.487127e+04	1.478675e+04	8.058564e+01	6.236069e+01
	964	515	241.000000	-38.750000	-3.247778e-04	1.016491e+05	1.573214e+00	1.266618e+01	1.495625e+04	1.496226e+04	1.483950e+04	8.551291e+01	8.078212e+01
	125	520	31.250000	-40.000000	-2.327482e-04	1.008321e+05	1.211766e+00	1.701028e+01	1.460060e+04	1.460827e+04	1.451737e+04	8.963676e+01	6.941817e+01
2024	1	15	28	0
	1074	362	268.500000	-0.500000	-5.483581e-05	9.861570e+04	2.968146e+03	7.068158e+00	1.462960e+04	1.463095e+04	1.461164e+04	7.605620e+01	8.080092e+01
	1122	366	280.500000	-1.500000	-7.539941e-05	6.508870e+04	3.877745e+04	6.593213e+00	1.470049e+04	1.469894e+04	1.460014e+04	8.565623e+01	8.298204e+01
	1351	367	337.750000	-1.750000	-4.589092e-06	1.014877e+05	8.105427e-01	7.274632e+00	1.515188e+04	1.515219e+04	1.513939e+04	7.818615e+01	7.289693e+01
	1261	368	315.250000	-2.000000	-3.516208e-06	9.854170e+04	9.925613e+02	8.670163e+00	1.504725e+04	1.504838e+04	1.501827e+04	7.501464e+01	7.776607e+01
	396	370	99.000000	-2.500000	1.186179e-05	8.740870e+04	2.040565e+03	7.617116e+00	1.475433e+04	1.475616e+04	1.471614e+04	8.585810e+01	8.501008e+01
	397	370	99.250000	-2.500000	-6.198417e-06	8.740870e+04	1.302779e+04	7.571991e+00	1.475432e+04	1.475634e+04	1.471614e+04	8.614265e+01	8.515826e+01
	561	377	140.250000	-4.250000	-9.411527e-05	7.077470e+04	3.169332e+04	5.132333e+00	1.470688e+04	1.470538e+04	1.462302e+04	8.847038e+01	8.808936e+01
	599	377	149.750000	-4.250000	-8.755876e-05	8.982970e+04	1.293938e+04	5.562374e+00	1.463393e+04	1.463627e+04	1.457652e+04	8.710912e+01	8.631039e+01
	677	386	169.250000	-6.500000	-3.814232e-06	1.005867e+05	1.814952e+00	4.956708e+00	1.449846e+04	1.450036e+04	1.447764e+04	7.843009e+01	8.034161e+01
	249	387	62.250000	-6.750000	-5.006324e-06	1.009607e+05	1.413473e+00	3.910407e+00	1.478363e+04	1.478551e+04	1.473814e+04	8.686244e+01	8.653200e+01
	427	387	106.750000	-6.750000	-7.796241e-05	8.801370e+04	1.385093e+04	6.543787e+00	1.476431e+04	1.476443e+04	1.474377e+04	8.046944e+01	8.283458e+01
	339	400	84.750000	-10.000000	-7.832004e-05	1.009557e+05	1.011443e+00	8.368564e+00	1.475575e+04	1.475833e+04	1.471502e+04	7.622709e+01	7.768326e+01
	373	400	93.250000	-10.000000	-3.204341e-04	1.004817e+05	1.413272e+00	1.345587e+01	1.458106e+04	1.460061e+04	1.430627e+04	9.059689e+01	8.492696e+01
	267	410	66.750000	-12.500000	-5.483581e-05	1.009597e+05	1.232515e+00	6.294684e+00	1.478576e+04	1.478967e+04	1.474777e+04	8.460984e+01	8.124921e+01
	81	421	20.250000	-15.250000	-1.047249e-04	8.469570e+04	1.412745e+04	4.062885e+00	1.458642e+04	1.459855e+04	1.447677e+04	8.861880e+01	8.309602e+01
	163	421	40.750000	-15.250000	-2.089734e-04	9.311070e+04	5.351737e+03	9.659299e+00	1.463664e+04	1.464519e+04	1.451302e+04	8.950285e+01	8.466914e+01
	525	422	131.250000	-15.500000	-3.501172e-04	9.538670e+04	3.454021e+03	1.652515e+01	1.405765e+04	1.409882e+04	1.361402e+04	9.540100e+01	8.756326e+01
	198	424	49.500000	-16.000000	-6.067706e-05	8.523470e+04	1.513482e+04	1.031239e+01	1.465740e+04	1.465412e+04	1.458614e+04	7.643245e+01	7.805547e+01
	727	424	181.750000	-16.000000	-8.416129e-05	9.914370e+04	1.280443e+03	1.040822e+01	1.451215e+04	1.451888e+04	1.445839e+04	8.745901e+01	8.578265e+01
	680	427	170.000000	-16.750000	-1.287414e-05	9.948370e+04	1.519965e+03	7.982608e+00	1.451115e+04	1.451585e+04	1.447602e+04	7.682967e+01	8.098994e+01
	681	431	170.250000	-17.750000	-2.068235e-05	9.948370e+04	1.239364e+03	1.035979e+01	1.452354e+04	1.453035e+04	1.447602e+04	7.667224e+01	8.112852e+01
	567	433	141.750000	-18.250000	-1.608725e-04	9.118070e+04	5.617531e+03	7.098077e+00	1.447485e+04	1.448500e+04	1.435639e+04	7.973637e+01	7.861659e+01
	217	442	54.250000	-20.500000	-1.209378e-03	9.242570e+04	9.018631e+03	2.299097e+01	1.439129e+04	1.443536e+04	1.296402e+04	8.479624e+01	8.077749e+01
	308	474	77.000000	-28.500000	-7.057143e-05	1.012877e+05	1.432490e+00	7.342330e+00	1.492252e+04	1.492942e+04	1.486302e+04	7.606373e+01	7.723007e+01
	219	480	54.750000	-30.000000	-1.891847e-04	1.009917e+05	1.835711e+00	8.570604e+00	1.478801e+04	1.479081e+04	1.470864e+04	8.759281e+01	7.672985e+01
	664	496	166.000000	-34.000000	-4.606242e-04	1.011547e+05	1.814373e+00	1.429520e+01	1.488099e+04	1.488871e+04	1.470614e+04	8.239795e+01	7.483456e+01
	166	498	41.500000	-34.500000	-1.025195e-04	1.012997e+05	1.473391e+00	1.419789e+01	1.483156e+04	1.483617e+04	1.475502e+04	7.898218e+01	7.626137e+01
	977	522	244.250000	-40.500000	-3.926749e-04	1.011787e+05	9.308368e-01	1.423850e+01	1.462723e+04	1.463852e+04	1.446089e+04	8.362066e+01	7.906657e+01
2024	1	15	28	6
	1220	361	305.000000	-0.250000	-1.747045e-05	9.599012e+04	4.826799e+03	3.807077e+00	1.490565e+04	1.490752e+04	1.488214e+04	9.231136e+01	9.264684e+01
	1306	361	326.500000	-0.250000	-1.264247e-05	1.012421e+05	8.904456e-01	7.921128e+00	1.495338e+04	1.495422e+04	1.493664e+04	7.664511e+01	7.901420e+01
	1094	362	273.500000	-0.500000	-2.188119e-05	1.008641e+05	2.759238e+00	6.029494e+00	1.470608e+04	1.470788e+04	1.468801e+04	7.889173e+01	8.180537e+01
	1251	364	312.750000	-1.000000	-1.973542e-05	9.904912e+04	1.236914e+03	8.651289e+00	1.491494e+04	1.491730e+04	1.487776e+04	7.642124e+01	8.024731e+01
	1177	365	294.250000	-1.250000	-2.569589e-05	9.362712e+04	7.349131e+03	2.053760e+00	1.486707e+04	1.486947e+04	1.485064e+04	7.582326e+01	7.608188e+01
	1122	366	280.500000	-1.500000	-1.412693e-04	6.510312e+04	3.877745e+04	6.355411e+00	1.477419e+04	1.477379e+04	1.462864e+04	8.930447e+01	8.661678e+01
	608	367	152.000000	-1.750000	2.199085e-06	9.477812e+04	3.528065e+03	5.671898e+00	1.435010e+04	1.435028e+04	1.433364e+04	8.584515e+01	8.650785e+01
	972	368	243.000000	-2.000000	-4.226598e-05	1.010061e+05	1.353184e+00	9.996600e+00	1.471782e+04	1.471882e+04	1.470964e+04	7.511109e+01	7.308912e+01
	481	370	120.250000	-2.500000	-1.068178e-04	8.212212e+04	1.932979e+04	1.153811e+01	1.458584e+04	1.458570e+04	1.450226e+04	8.298305e+01	8.434901e+01
	548	373	137.000000	-3.250000	-1.652304e-04	6.979912e+04	3.434546e+04	6.697260e+00	1.438843e+04	1.438730e+04	1.430364e+04	8.747516e+01	8.632545e+01
	572	376	143.000000	-4.000000	-9.960565e-05	7.257212e+04	2.792600e+04	6.025222e+00	1.436248e+04	1.436473e+04	1.425701e+04	8.691285e+01	8.653333e+01
	231	379	57.750000	-4.750000	-6.085960e-06	1.011541e+05	2.638594e+00	3.148077e+00	1.505057e+04	1.505162e+04	1.503989e+04	7.817298e+01	7.477889e+01
	271	385	67.750000	-6.250000	-1.973542e-05	1.012061e+05	1.634308e+00	5.844310e+00	1.498072e+04	1.498347e+04	1.495451e+04	8.619643e+01	8.424879e+01
	742	395	185.500000	-8.750000	-8.112518e-06	1.004821e+05	8.101203e-01	6.229632e+00	1.443247e+04	1.443479e+04	1.440301e+04	8.237513e+01	8.056699e+01
	375	398	93.750000	-9.500000	-4.326168e-04	1.004481e+05	9.712112e-01	1.613937e+01	1.462825e+04	1.464561e+04	1.426739e+04	9.037718e+01	8.392625e+01
	648	399	162.000000	-9.750000	-6.908807e-05	9.421212e+04	5.910511e+03	6.458300e+00	1.432714e+04	1.432953e+04	1.428901e+04	8.724580e+01	8.581562e+01
	340	402	85.000000	-10.500000	-5.943212e-05	1.010391e+05	9.106957e-01	8.185862e+00	1.482837e+04	1.483058e+04	1.479464e+04	7.898933e+01	7.565987e+01
	264	412	66.000000	-13.000000	-5.525979e-05	1.011761e+05	1.232515e+00	6.997295e+00	1.497013e+04	1.497340e+04	1.493876e+04	8.429893e+01	8.178944e+01
	84	418	21.000000	-14.500000	-1.638595e-04	8.481312e+04	1.358594e+04	4.631179e+00	1.467806e+04	1.469131e+04	1.458126e+04	9.193689e+01	9.038827e+01
	163	421	40.750000	-15.250000	-1.925293e-04	9.332712e+04	5.351737e+03	1.021025e+01	1.481433e+04	1.482246e+04	1.467139e+04	9.248891e+01	8.762682e+01
	526	424	131.500000	-16.000000	-2.983275e-04	9.509712e+04	3.719225e+03	1.380906e+01	1.378916e+04	1.382768e+04	1.336489e+04	9.539005e+01	8.669760e+01
	714	430	178.500000	-17.500000	-2.295438e-04	9.499912e+04	6.201385e+03	1.154241e+01	1.449588e+04	1.450149e+04	1.440789e+04	9.147945e+01	8.578607e+01
	563	433	140.750000	-18.250000	-8.059177e-05	9.350712e+04	3.069743e+03	7.599107e+00	1.419337e+04	1.419894e+04	1.412489e+04	8.251765e+01	7.749339e+01
	220	444	55.000000	-21.000000	-1.157946e-03	9.157312e+04	9.018631e+03	2.385804e+01	1.453251e+04	1.457622e+04	1.322276e+04	8.504394e+01	7.811011e+01
	661	491	165.250000	-32.750000	-2.334777e-04	1.010551e+05	1.030554e+00	1.466960e+01	1.478095e+04	1.479170e+04	1.463801e+04	7.865743e+01	7.052249e+01
	323	492	80.750000	-33.000000	-2.466503e-04	1.014431e+05	1.393057e+00	1.258256e+01	1.506124e+04	1.507110e+04	1.493851e+04	8.857117e+01	8.335084e+01
	1325	507	331.250000	-36.750000	-3.659192e-04	1.006411e+05	1.393434e+00	1.518119e+01	1.440588e+04	1.441084e+04	1.425026e+04	8.957492e+01	6.981786e+01
	993	530	248.250000	-42.500000	-4.268351e-04	1.008131e+05	1.313291e+00	1.631590e+01	1.434326e+04	1.435442e+04	1.413989e+04	8.633155e+01	8.023024e+01
2024	1	15	28	12
	47	360	11.750000	0.000000	-2.169725e-05	9.296473e+04	7.714550e+03	3.727753e+00	1.498063e+04	1.497982e+04	1.494430e+04	8.446454e+01	7.728192e+01
	646	363	161.500000	-0.750000	-9.716721e-06	1.006127e+05	1.634048e+00	7.001762e+00	1.452417e+04	1.452639e+04	1.448430e+04	8.099797e+01	8.238451e+01
	1223	363	305.750000	-0.750000	-3.308174e-05	9.623073e+04	4.826799e+03	4.755432e+00	1.511305e+04	1.511369e+04	1.510705e+04	8.711444e+01	8.680848e+01
	675	366	168.750000	-1.500000	-1.818058e-05	1.006297e+05	2.176599e+00	7.055823e+00	1.453309e+04	1.453310e+04	1.450717e+04	8.216215e+01	8.112923e+01
	1029	368	257.250000	-2.000000	-3.111479e-05	1.008257e+05	9.516726e-01	8.579392e+00	1.456775e+04	1.457084e+04	1.455192e+04	8.249303e+01	7.788367e+01
	518	375	129.500000	-3.750000	-4.297611e-05	9.253073e+04	8.143510e+03	1.069445e+01	1.464471e+04	1.464482e+04	1.461317e+04	7.881952e+01	7.845077e+01
	561	377	140.250000	-4.250000	-1.513970e-04	7.075773e+04	3.169332e+04	6.750150e+00	1.466129e+04	1.465841e+04	1.457705e+04	9.062292e+01	8.811865e+01
	1121	382	280.250000	-5.500000	-9.095785e-05	6.567573e+04	3.491481e+04	6.039891e+00	1.480388e+04	1.480761e+04	1.466430e+04	8.193787e+01	8.200224e+01
	430	387	107.500000	-6.750000	-5.608913e-05	8.791973e+04	1.385093e+04	6.413193e+00	1.470503e+04	1.470539e+04	1.467505e+04	8.015631e+01	8.099366e+01
	591	394	147.750000	-8.500000	-5.829451e-05	7.813573e+04	2.481712e+04	7.021504e+00	1.460739e+04	1.460687e+04	1.453255e+04	7.848579e+01	8.176883e+01
	377	399	94.250000	-9.750000	-3.588211e-04	1.003497e+05	9.712112e-01	1.565516e+01	1.452152e+04	1.453868e+04	1.419055e+04	8.777932e+01	8.378623e+01
	644	403	161.000000	-10.750000	-6.628153e-05	9.445273e+04	5.910511e+03	7.406705e+00	1.452749e+04	1.453032e+04	1.448442e+04	8.838712e+01	8.636726e+01
	644	404	161.000000	-11.000000	-6.628153e-05	9.445273e+04	5.910511e+03	6.361132e+00	1.452787e+04	1.453060e+04	1.448442e+04	8.803155e+01	8.648471e+01
	645	404	161.250000	-11.000000	-6.628153e-05	9.445273e+04	5.910511e+03	6.490722e+00	1.452700e+04	1.452997e+04	1.448442e+04	8.818664e+01	8.664845e+01
	674	411	168.500000	-12.750000	-6.586430e-05	9.741473e+04	1.094431e+03	4.174208e+00	1.454057e+04	1.454238e+04	1.449167e+04	9.084192e+01	8.753606e+01
	259	413	64.750000	-13.250000	-6.252644e-05	1.008387e+05	1.232515e+00	6.108623e+00	1.469790e+04	1.469947e+04	1.465980e+04	8.259013e+01	8.189776e+01
	82	422	20.500000	-15.500000	-6.687758e-05	8.466773e+04	1.363390e+04	6.124394e+00	1.450527e+04	1.451778e+04	1.436630e+04	8.437080e+01	8.013062e+01
	163	422	40.750000	-15.500000	-1.522314e-04	9.295873e+04	5.169659e+03	1.008030e+01	1.455749e+04	1.456729e+04	1.443667e+04	8.910358e+01	8.699947e+01
	526	426	131.500000	-16.500000	-3.570330e-04	9.512673e+04	4.035729e+03	1.139976e+01	1.391767e+04	1.395476e+04	1.348442e+04	9.390703e+01	8.480697e+01
	594	427	148.500000	-16.750000	-1.326811e-04	9.183573e+04	1.211789e+01	1.092451e+01	1.444824e+04	1.445683e+04	1.436117e+04	8.776632e+01	8.611819e+01
	712	433	178.000000	-18.250000	-1.861465e-04	9.508773e+04	6.201385e+03	1.221500e+01	1.457982e+04	1.458645e+04	1.448180e+04	8.862350e+01	8.462273e+01
	190	438	47.500000	-19.500000	-1.587283e-04	8.169173e+04	1.882964e+04	8.627425e+00	1.454704e+04	1.454786e+04	1.443505e+04	7.692565e+01	7.668795e+01
	224	446	56.000000	-21.500000	-1.442612e-03	9.116173e+04	9.018631e+03	2.420084e+01	1.427107e+04	1.432521e+04	1.278930e+04	8.198538e+01	7.549962e+01
	322	491	80.500000	-32.750000	-4.038226e-04	1.011347e+05	1.393057e+00	1.074704e+01	1.481934e+04	1.483207e+04	1.468317e+04	8.147084e+01	7.911691e+01
	672	494	168.000000	-33.500000	-3.106606e-04	1.012507e+05	1.292537e+00	1.349035e+01	1.493777e+04	1.494581e+04	1.478630e+04	8.434969e+01	7.433550e+01
	136	506	34.000000	-36.500000	-4.776132e-04	1.007487e+05	1.755361e+00	1.329710e+01	1.441818e+04	1.442645e+04	1.424317e+04	8.058476e+01	7.528120e+01
	1341	517	335.250000	-39.250000	-7.470262e-04	1.003457e+05	1.573148e+00	2.100420e+01	1.421327e+04	1.422166e+04	1.388955e+04	8.459616e+01	7.290385e+01
	1011	538	252.750000	-44.500000	-5.067599e-04	1.001137e+05	1.533335e+00	1.737764e+01	1.382000e+04	1.383412e+04	1.357542e+04	8.453603e+01	8.024789e+01
2024	1	15	28	18
	374	360	93.500000	0.000000	-2.847845e-05	1.009834e+05	2.839612e+00	5.192532e+00	1.480248e+04	1.480253e+04	1.479259e+04	7.798267e+01	7.856604e+01
	651	360	162.750000	0.000000	9.608921e-06	1.004954e+05	1.252460e+00	7.544487e+00	1.437286e+04	1.437361e+04	1.435446e+04	9.000197e+01	8.868938e+01
	1010	363	252.500000	-0.750000	-8.808915e-06	1.009454e+05	1.493570e+00	8.731492e+00	1.469776e+04	1.470022e+04	1.466709e+04	8.886905e+01	8.238893e+01
	1164	363	291.000000	-0.750000	-4.457170e-05	9.824938e+04	2.163010e+03	3.058415e+00	1.490279e+04	1.490406e+04	1.485246e+04	7.738449e+01	8.015414e+01
	1081	366	270.250000	-1.500000	-4.302198e-05	9.874438e+04	2.968146e+03	6.152846e+00	1.473738e+04	1.473843e+04	1.471996e+04	8.119477e+01	7.980843e+01
	876	369	219.000000	-2.250000	-7.080380e-06	1.008554e+05	1.151997e+00	1.001673e+01	1.461564e+04	1.461932e+04	1.458784e+04	7.688255e+01	7.401108e+01
	1196	375	299.000000	-3.750000	-1.602108e-05	9.951938e+04	1.225934e+03	4.316975e+00	1.487446e+04	1.487954e+04	1.478059e+04	8.227841e+01	8.196006e+01
	669	378	167.250000	-4.500000	-9.881798e-06	1.004694e+05	1.814952e+00	5.666903e+00	1.438265e+04	1.438440e+04	1.436096e+04	8.367348e+01	8.427987e+01
	582	383	145.500000	-5.750000	-1.347535e-04	7.260238e+04	2.792600e+04	6.423058e+00	1.437649e+04	1.437485e+04	1.428709e+04	9.019278e+01	8.761497e+01
	1125	389	281.250000	-7.250000	-5.983049e-05	6.017438e+04	3.854746e+04	6.530056e+00	1.477356e+04	1.477512e+04	1.457071e+04	7.504600e+01	7.480209e+01
	719	395	179.750000	-8.750000	-6.692344e-05	1.005884e+05	1.533716e+00	4.947953e+00	1.449333e+04	1.449366e+04	1.446546e+04	8.454586e+01	8.168534e+01
	276	397	69.000000	-9.250000	-2.734596e-05	1.011384e+05	1.634308e+00	6.967180e+00	1.490611e+04	1.490743e+04	1.488359e+04	8.351314e+01	8.443662e+01
	629	399	157.250000	-9.750000	-1.447136e-05	9.427638e+04	2.014722e+03	7.427524e+00	1.432684e+04	1.432958e+04	1.429196e+04	8.318449e+01	8.535979e+01
	1169	399	292.250000	-9.750000	3.648456e-06	9.708938e+04	2.914965e+03	3.102186e+00	1.490213e+04	1.490385e+04	1.482046e+04	8.063967e+01	8.225141e+01
	377	400	94.250000	-10.000000	-3.459924e-04	1.003164e+05	1.232499e+00	1.546048e+01	1.453695e+04	1.455596e+04	1.418484e+04	8.969466e+01	8.676418e+01
	630	400	157.500000	-10.000000	-5.053822e-06	9.427638e+04	1.238404e+03	7.425438e+00	1.432538e+04	1.432808e+04	1.429196e+04	8.350679e+01	8.548058e+01
	672	411	168.000000	-12.750000	-3.804439e-04	9.601838e+04	1.094431e+03	4.957312e+00	1.439164e+04	1.439399e+04	1.432484e+04	9.005411e+01	8.722532e+01
	163	422	40.750000	-15.500000	-1.429194e-04	9.318338e+04	5.169659e+03	1.117701e+01	1.469434e+04	1.470455e+04	1.456596e+04	8.915928e+01	8.404903e+01
	79	423	19.750000	-15.750000	-2.253526e-04	8.462238e+04	1.427296e+04	3.186432e+00	1.453667e+04	1.454331e+04	1.443546e+04	8.519429e+01	7.826560e+01
	524	425	131.000000	-16.250000	-4.114383e-04	9.494038e+04	4.194703e+03	1.596606e+01	1.371993e+04	1.376458e+04	1.323096e+04	9.470189e+01	8.667861e+01
	594	431	148.500000	-17.750000	-1.079314e-04	9.157338e+04	4.165895e+01	1.007252e+01	1.419838e+04	1.420847e+04	1.411409e+04	9.131215e+01	8.710286e+01
	709	434	177.250000	-18.500000	-4.433268e-04	9.498338e+04	6.201385e+03	1.367353e+01	1.450103e+04	1.450832e+04	1.432984e+04	8.730631e+01	8.314426e+01
	227	448	56.750000	-22.000000	-1.321482e-03	9.188038e+04	9.018631e+03	2.430129e+01	1.433383e+04	1.438957e+04	1.257796e+04	8.571869e+01	7.637760e+01
	208	482	52.000000	-30.500000	-1.818412e-04	1.008744e+05	1.835711e+00	1.405820e+01	1.472300e+04	1.473574e+04	1.458959e+04	8.575564e+01	7.754922e+01
	320	489	80.000000	-32.250000	-2.264851e-04	1.012034e+05	1.393057e+00	8.887778e+00	1.480614e+04	1.481707e+04	1.470234e+04	7.923898e+01	7.935911e+01
	666	492	166.500000	-33.000000	-1.587146e-04	1.011724e+05	1.030740e+00	1.415277e+01	1.485558e+04	1.486355e+04	1.476959e+04	8.614940e+01	7.693321e+01
	667	493	166.750000	-33.250000	-1.926296e-04	1.011924e+05	1.211922e+00	1.415277e+01	1.486723e+04	1.487439e+04	1.476959e+04	8.571835e+01	7.655531e+01
	1360	525	340.000000	-41.250000	-7.355087e-04	9.992038e+04	1.513863e+00	1.840540e+01	1.396167e+04	1.397358e+04	1.365759e+04	7.533340e+01	7.181902e+01
2024	1	16	25	0
	953	360	238.250000	0.000000	-3.339793e-05	1.005380e+05	1.955514e+00	9.019753e+00	1.434657e+04	1.434970e+04	1.433498e+04	7.676879e+01	7.251084e+01
	442	361	110.500000	-0.250000	1.202570e-06	9.316605e+04	6.177788e+03	6.404062e+00	1.472677e+04	1.472790e+04	1.468473e+04	8.356546e+01	8.434093e+01
	706	361	176.500000	-0.250000	-6.397022e-06	1.004550e+05	2.638664e+00	6.901500e+00	1.439372e+04	1.439526e+04	1.437485e+04	8.100143e+01	7.530044e+01
	135	362	33.750000	-0.500000	-4.364992e-05	7.493805e+04	2.698666e+04	3.150089e+00	1.492967e+04	1.493116e+04	1.488160e+04	7.983996e+01	7.149535e+01
	1122	366	280.500000	-1.500000	-5.387212e-05	6.501605e+04	3.877745e+04	5.770932e+00	1.463767e+04	1.463764e+04	1.452648e+04	8.484711e+01	8.341148e+01
	403	377	100.750000	-4.250000	-4.579080e-06	8.739505e+04	1.273146e+04	6.119026e+00	1.469392e+04	1.469632e+04	1.464098e+04	7.781612e+01	8.137086e+01
	550	378	137.500000	-4.500000	-3.017928e-05	7.002605e+04	3.434546e+04	8.580050e+00	1.464666e+04	1.464276e+04	1.457910e+04	7.838515e+01	8.100625e+01
	685	383	171.250000	-5.750000	3.676163e-06	1.004770e+05	8.708306e-01	2.949639e+00	1.443367e+04	1.443601e+04	1.440873e+04	8.055153e+01	8.041388e+01
	686	383	171.500000	-5.750000	4.391419e-06	1.004770e+05	8.708306e-01	3.072531e+00	1.443237e+04	1.443455e+04	1.440873e+04	8.033600e+01	8.019878e+01
	265	390	66.250000	-7.500000	-2.758647e-05	1.008950e+05	1.634308e+00	7.140580e+00	1.472002e+04	1.472261e+04	1.468860e+04	8.055475e+01	8.084360e+01
	374	398	93.500000	-9.500000	-5.214408e-04	1.002310e+05	9.712112e-01	1.570662e+01	1.446574e+04	1.448569e+04	1.408673e+04	8.700852e+01	8.631502e+01
	375	398	93.750000	-9.500000	-5.214408e-04	1.002310e+05	9.712112e-01	1.570662e+01	1.446646e+04	1.448622e+04	1.408673e+04	8.683759e+01	8.666792e+01
	427	403	106.750000	-10.750000	-2.280667e-04	1.005480e+05	2.025774e+02	6.426612e+00	1.465962e+04	1.465825e+04	1.460835e+04	9.407880e+01	8.833485e+01
	643	404	160.750000	-11.000000	-4.004384e-05	9.435305e+04	5.910511e+03	5.825969e+00	1.446780e+04	1.446992e+04	1.443648e+04	8.717007e+01	8.617977e+01
	289	410	72.250000	-12.500000	-6.913091e-05	1.009400e+05	1.453490e+00	5.982890e+00	1.471339e+04	1.471430e+04	1.466173e+04	8.359884e+01	7.702573e+01
	673	411	168.250000	-12.750000	-1.737073e-04	9.607005e+04	1.094431e+03	5.548794e+00	1.445983e+04	1.446321e+04	1.439673e+04	8.585336e+01	8.462793e+01
	167	422	41.750000	-15.500000	-1.675382e-04	9.489605e+04	2.770103e+03	1.310882e+01	1.457440e+04	1.458785e+04	1.442823e+04	8.957915e+01	8.548061e+01
	525	424	131.250000	-16.000000	-4.998341e-04	9.518705e+04	3.816528e+03	1.597186e+01	1.390701e+04	1.395257e+04	1.340248e+04	9.260813e+01	8.580289e+01
	79	425	19.750000	-16.250000	-2.364411e-04	8.471005e+04	1.366387e+04	3.601465e+00	1.460358e+04	1.461515e+04	1.450173e+04	9.027663e+01	8.452293e+01
	588	430	147.000000	-17.500000	-1.495078e-04	9.168505e+04	8.950066e+03	1.081283e+01	1.436781e+04	1.437692e+04	1.428323e+04	9.219942e+01	8.998815e+01
	704	435	176.000000	-18.750000	-4.643693e-04	9.501005e+04	3.430158e+03	1.536589e+01	1.450339e+04	1.450896e+04	1.438735e+04	8.402430e+01	8.190229e+01
	231	449	57.750000	-22.250000	-1.059373e-03	9.233505e+04	1.346864e+03	2.406933e+01	1.416385e+04	1.421966e+04	1.265348e+04	9.050830e+01	8.243266e+01
	250	487	62.500000	-31.750000	-1.381829e-04	1.012150e+05	1.131746e+00	1.281143e+01	1.487419e+04	1.487891e+04	1.480260e+04	8.572981e+01	7.954517e+01
	333	492	83.250000	-33.000000	-9.216811e-05	1.011400e+05	1.433441e+00	1.196036e+01	1.472601e+04	1.473754e+04	1.463960e+04	8.781552e+01	8.549452e+01
	154	521	38.500000	-40.250000	-7.086589e-04	1.005210e+05	1.735790e+00	1.532395e+01	1.418334e+04	1.419615e+04	1.393585e+04	8.755064e+01	8.506539e+01
2024	1	16	28	6
	33	360	8.250000	0.000000	-1.924322e-05	9.374409e+04	2.287427e+03	4.567296e+00	1.504962e+04	1.504926e+04	1.503686e+04	7.972411e+01	7.363382e+01
	675	360	168.750000	0.000000	8.830568e-06	1.004021e+05	5.350978e+00	7.735702e+00	1.433875e+04	1.434117e+04	1.431848e+04	8.745824e+01	8.631084e+01
	702	360	175.500000	0.000000	-6.994465e-06	1.004271e+05	2.638664e+00	6.204259e+00	1.436780e+04	1.436931e+04	1.434811e+04	8.158643e+01	7.761523e+01
	1435	360	358.750000	0.000000	-9.527663e-06	1.013401e+05	1.855562e+00	5.447570e+00	1.502926e+04	1.502963e+04	1.501936e+04	8.609161e+01	7.918649e+01
	1094	361	273.500000	-0.250000	-3.488944e-05	1.006781e+05	2.516047e+00	5.270229e+00	1.460042e+04	1.460196e+04	1.458786e+04	8.332047e+01	8.129403e+01
	1239	362	309.750000	-0.500000	-3.855512e-05	9.756309e+04	1.365357e+03	7.871329e+00	1.483924e+04	1.484136e+04	1.481411e+04	8.574806e+01	8.303329e+01
	652	364	163.000000	-1.000000	-1.421431e-06	1.004131e+05	1.172086e+00	6.709282e+00	1.432487e+04	1.432530e+04	1.431461e+04	8.908426e+01	8.784538e+01
	1122	366	280.500000	-1.500000	-8.930848e-05	6.502309e+04	3.877745e+04	6.016828e+00	1.470641e+04	1.470484e+04	1.455511e+04	8.890395e+01	8.639730e+01
	1206	372	301.500000	-3.000000	-2.258108e-05	9.825309e+04	1.610553e+03	4.620193e+00	1.485339e+04	1.485490e+04	1.482236e+04	8.516055e+01	8.691217e+01
	486	373	121.500000	-3.250000	-9.503053e-05	8.213609e+04	1.932979e+04	8.589356e+00	1.455784e+04	1.455900e+04	1.445673e+04	8.257144e+01	8.311538e+01
	1147	373	286.750000	-3.250000	-3.319071e-05	9.826609e+04	1.949772e+03	2.340516e+00	1.481474e+04	1.481725e+04	1.478073e+04	8.822043e+01	8.320180e+01
	118	374	29.500000	-3.500000	-9.908364e-05	7.654809e+04	2.430290e+04	3.877404e+00	1.511027e+04	1.510973e+04	1.503686e+04	7.980338e+01	7.903744e+01
	550	378	137.500000	-4.500000	-2.728985e-05	6.984709e+04	3.434546e+04	1.062184e+01	1.441132e+04	1.440685e+04	1.436673e+04	7.924240e+01	8.126949e+01
	720	393	180.000000	-8.250000	-9.857700e-05	1.004691e+05	1.754691e+00	5.589899e+00	1.442651e+04	1.442865e+04	1.438636e+04	7.819557e+01	7.945536e+01
	591	394	147.750000	-8.500000	-7.795379e-05	7.784909e+04	2.481712e+04	8.496290e+00	1.429015e+04	1.428881e+04	1.422173e+04	7.891123e+01	8.096561e+01
	376	399	94.000000	-9.750000	-4.845171e-04	1.001591e+05	9.712112e-01	1.653108e+01	1.452590e+04	1.454731e+04	1.405486e+04	8.641187e+01	8.651550e+01
	418	409	104.500000	-12.250000	-8.555339e-05	1.006331e+05	2.036832e+00	6.619728e+00	1.458318e+04	1.458355e+04	1.454023e+04	8.620267e+01	8.110892e+01
	671	417	167.750000	-14.250000	-9.410665e-05	9.587009e+04	3.957731e+03	4.915244e+00	1.432005e+04	1.432136e+04	1.428061e+04	8.388007e+01	8.191396e+01
	73	423	18.250000	-15.750000	-2.725630e-04	8.369809e+04	1.499527e+04	4.909229e+00	1.470448e+04	1.471575e+04	1.454623e+04	9.355507e+01	8.680511e+01
	170	423	42.500000	-15.750000	-2.059250e-04	9.697709e+04	4.572753e+02	1.305043e+01	1.474240e+04	1.475634e+04	1.456911e+04	9.253271e+01	8.800312e+01
	528	425	132.000000	-16.250000	-2.572744e-04	9.496709e+04	3.454021e+03	1.079876e+01	1.367580e+04	1.371736e+04	1.324548e+04	9.403395e+01	8.423810e+01
	604	427	151.000000	-16.750000	-1.416414e-04	1.001011e+05	1.352993e+00	9.130529e+00	1.412687e+04	1.413734e+04	1.403411e+04	8.651884e+01	8.670404e+01
	697	434	174.250000	-18.500000	-2.940802e-04	1.002081e+05	2.076352e+00	1.434212e+01	1.440287e+04	1.440912e+04	1.425323e+04	8.252001e+01	8.184665e+01
	236	452	59.000000	-23.000000	-1.068494e-03	9.821309e+04	4.285924e+00	2.336138e+01	1.422983e+04	1.428930e+04	1.240673e+04	9.028747e+01	8.249308e+01
	246	486	61.500000	-31.500000	-4.206805e-04	1.010901e+05	1.131746e+00	1.476933e+01	1.485461e+04	1.486436e+04	1.473061e+04	8.163200e+01	7.551514e+01
	339	509	84.750000	-37.250000	-4.424958e-04	1.009771e+05	1.312325e+00	1.502930e+01	1.458565e+04	1.459926e+04	1.435823e+04	8.567385e+01	8.361621e+01
	159	523	39.750000	-40.750000	-3.988652e-04	1.002841e+05	1.453589e+00	1.692253e+01	1.407398e+04	1.409405e+04	1.375423e+04	8.424863e+01	8.290601e+01
	330	529	82.500000	-42.250000	-3.873615e-04	1.012951e+05	1.071242e+00	1.340173e+01	1.454486e+04	1.456612e+04	1.435598e+04	8.670137e+01	8.177805e+01
2024	1	16	29	12
	393	360	98.250000	0.000000	-4.459498e-05	8.684845e+04	1.064093e+04	6.622279e+00	1.473282e+04	1.473182e+04	1.468707e+04	8.552983e+01	8.392451e+01
	428	360	107.000000	0.000000	2.552290e-06	9.761845e+04	6.004407e+01	9.581112e+00	1.472579e+04	1.472979e+04	1.468082e+04	8.071078e+01	8.385509e+01
	1000	360	250.000000	0.000000	-1.622317e-05	1.006895e+05	1.252049e+00	8.518822e+00	1.448614e+04	1.448635e+04	1.447357e+04	8.872015e+01	8.751315e+01
	1165	360	291.250000	0.000000	-6.405590e-05	9.464545e+04	2.163010e+03	2.858714e+00	1.489554e+04	1.489843e+04	1.484957e+04	8.213913e+01	7.900934e+01
	946	362	236.500000	-0.500000	-2.325652e-05	1.005555e+05	1.754726e+00	1.016473e+01	1.436547e+04	1.436882e+04	1.434270e+04	7.881673e+01	8.229946e+01
	1121	363	280.250000	-0.750000	-1.107859e-04	6.505645e+04	3.877745e+04	6.540584e+00	1.470091e+04	1.470252e+04	1.458495e+04	8.786178e+01	8.666984e+01
	1389	365	347.250000	-1.250000	-5.792361e-06	1.014715e+05	7.499927e-01	5.892705e+00	1.509702e+04	1.509780e+04	1.508595e+04	8.194077e+01	8.102087e+01
	42	369	10.500000	-2.250000	-4.024385e-05	9.294645e+04	7.714550e+03	5.248156e+00	1.503581e+04	1.503589e+04	1.498445e+04	8.794502e+01	8.390988e+01
	1022	373	255.500000	-3.250000	-3.538607e-05	1.007385e+05	9.516726e-01	7.640576e+00	1.449359e+04	1.449630e+04	1.447345e+04	8.349378e+01	8.325264e+01
	591	394	147.750000	-8.500000	-7.734774e-05	7.816545e+04	2.481712e+04	8.134068e+00	1.461175e+04	1.460836e+04	1.454407e+04	8.224072e+01	8.297176e+01
	1381	397	345.250000	-9.250000	-3.341911e-05	1.014465e+05	1.247954e+02	7.871035e+00	1.508618e+04	1.508809e+04	1.506757e+04	7.586679e+01	7.564991e+01
	375	399	93.750000	-9.750000	-3.883648e-04	1.001035e+05	9.712112e-01	1.482493e+01	1.445149e+04	1.447523e+04	1.396920e+04	8.793655e+01	8.485535e+01
	641	400	160.250000	-10.000000	-1.330185e-04	9.446945e+04	5.910511e+03	6.871904e+00	1.454510e+04	1.454501e+04	1.450307e+04	8.920550e+01	8.719148e+01
	255	401	63.750000	-10.250000	-1.056073e-05	1.007285e+05	2.096102e+00	6.486032e+00	1.461254e+04	1.461333e+04	1.458645e+04	8.157717e+01	8.208661e+01
	716	402	179.000000	-10.500000	-8.575199e-05	1.006285e+05	1.413355e+00	4.575468e+00	1.455417e+04	1.455647e+04	1.451432e+04	7.551535e+01	7.786108e+01
	147	419	36.750000	-14.750000	-8.670567e-05	8.656545e+04	1.135322e+04	6.349792e+00	1.465816e+04	1.465786e+04	1.450982e+04	8.489483e+01	8.172730e+01
	175	423	43.750000	-15.750000	-2.056765e-04	9.257745e+04	3.584417e+03	1.507683e+01	1.451979e+04	1.453353e+04	1.433195e+04	8.920797e+01	8.583681e+01
	529	425	132.250000	-16.250000	-2.979445e-04	9.525345e+04	2.919271e+03	9.756264e+00	1.388742e+04	1.392686e+04	1.347307e+04	9.490084e+01	8.446206e+01
	593	425	148.250000	-16.250000	-1.042890e-04	9.178145e+04	2.339075e+01	1.068722e+01	1.442368e+04	1.443327e+04	1.432245e+04	9.041480e+01	8.796730e+01
	78	432	19.500000	-18.000000	-1.195180e-04	8.403745e+04	1.323813e+04	5.821783e+00	1.450485e+04	1.451715e+04	1.436145e+04	7.838070e+01	6.829955e+01
	693	432	173.250000	-18.000000	-1.958418e-04	1.005695e+05	1.192428e+00	1.235626e+01	1.454781e+04	1.455433e+04	1.443457e+04	8.441678e+01	8.403678e+01
	694	432	173.500000	-18.000000	-1.958418e-04	1.005695e+05	1.192428e+00	1.235626e+01	1.454673e+04	1.455375e+04	1.443457e+04	8.428520e+01	8.397341e+01
	665	437	166.250000	-19.250000	-4.685996e-05	9.674245e+04	2.904832e+03	9.217476e+00	1.456160e+04	1.456657e+04	1.451032e+04	8.515347e+01	8.426365e+01
	576	440	144.000000	-20.000000	-5.669473e-05	9.104245e+04	8.602448e+03	7.594878e+00	1.443990e+04	1.443959e+04	1.438270e+04	7.946608e+01	7.408433e+01
	188	444	47.000000	-21.000000	-1.124251e-04	8.162345e+04	1.882964e+04	6.995564e+00	1.449457e+04	1.449369e+04	1.442932e+04	8.129614e+01	7.865852e+01
	240	453	60.000000	-23.250000	-1.106422e-03	9.789645e+04	1.814647e+00	2.310922e+01	1.392033e+04	1.398882e+04	1.212820e+04	8.805693e+01	8.196841e+01
	249	485	62.250000	-31.250000	-3.230381e-04	1.008355e+05	1.011771e+00	1.534956e+01	1.471625e+04	1.472065e+04	1.459382e+04	7.525510e+01	7.394982e+01
	341	513	85.250000	-38.250000	-4.584896e-04	1.003985e+05	1.312325e+00	1.332283e+01	1.418174e+04	1.421259e+04	1.386457e+04	8.542436e+01	8.588141e+01
	162	529	40.500000	-42.250000	-4.437673e-04	1.000755e+05	1.292284e+00	1.211702e+01	1.385634e+04	1.388735e+04	1.355095e+04	8.231940e+01	8.004951e+01
2024	1	16	23	18
	1330	368	332.500000	-2.000000	1.042150e-06	1.011804e+05	1.373240e+00	7.275854e+00	1.489678e+04	1.489875e+04	1.487836e+04	7.600980e+01	7.047788e+01
	1169	370	292.250000	-2.500000	-5.722139e-05	9.905544e+04	1.363633e+03	3.959623e+00	1.474264e+04	1.474717e+04	1.466961e+04	8.222700e+01	8.305712e+01
	1190	370	297.500000	-2.500000	-3.418420e-05	9.939244e+04	8.750720e+02	4.691616e+00	1.475131e+04	1.475614e+04	1.466723e+04	8.389816e+01	8.407953e+01
	550	378	137.500000	-4.500000	-7.754657e-05	6.988844e+04	3.434546e+04	1.021818e+01	1.445321e+04	1.445033e+04	1.437411e+04	7.853614e+01	8.059123e+01
	910	380	227.500000	-5.000000	-1.716707e-05	1.009584e+05	9.711457e-01	9.817476e+00	1.468886e+04	1.469079e+04	1.466398e+04	8.141096e+01	8.084367e+01
	589	387	147.250000	-6.750000	-1.414726e-04	7.735144e+04	2.513040e+04	8.946491e+00	1.440280e+04	1.440248e+04	1.431711e+04	8.272196e+01	8.406925e+01
	689	387	172.250000	-6.750000	2.889894e-06	1.005294e+05	1.393190e+00	3.182103e+00	1.445413e+04	1.445628e+04	1.441636e+04	8.175051e+01	8.091330e+01
	630	393	157.500000	-8.250000	-2.968917e-04	9.427544e+04	2.179774e+03	7.824273e+00	1.435123e+04	1.435255e+04	1.430973e+04	9.057721e+01	8.780662e+01
	1231	394	307.750000	-8.500000	-4.184339e-05	9.493444e+04	5.010623e+03	2.961064e+00	1.488014e+04	1.488168e+04	1.480761e+04	8.683871e+01	8.687042e+01
	377	398	94.250000	-9.500000	-4.433105e-04	1.000134e+05	9.712112e-01	1.613589e+01	1.445921e+04	1.448327e+04	1.390536e+04	8.960506e+01	8.598230e+01
	1387	398	346.750000	-9.500000	-3.779028e-05	1.012204e+05	1.247954e+02	7.249601e+00	1.491741e+04	1.491951e+04	1.489848e+04	7.514951e+01	7.470626e+01
	530	424	132.500000	-16.000000	-5.086968e-04	9.517144e+04	3.016912e+03	1.183118e+01	1.369487e+04	1.374282e+04	1.321661e+04	9.733657e+01	8.780698e+01
	602	427	150.500000	-16.750000	-1.138756e-04	1.001844e+05	1.352993e+00	1.084494e+01	1.420712e+04	1.421905e+04	1.411636e+04	9.018588e+01	8.807668e+01
	178	428	44.500000	-17.000000	-4.994282e-04	8.695644e+04	9.683752e+03	1.322982e+01	1.458027e+04	1.459559e+04	1.427286e+04	9.451163e+01	8.811759e+01
	692	432	173.000000	-18.000000	-1.770565e-04	1.004554e+05	1.293090e+00	9.776316e+00	1.443423e+04	1.444112e+04	1.435011e+04	8.471138e+01	8.346658e+01
	717	437	179.250000	-19.250000	-5.246410e-04	9.504744e+04	6.201385e+03	9.547593e+00	1.452500e+04	1.452940e+04	1.439761e+04	8.949747e+01	8.762058e+01
	189	450	47.250000	-22.500000	-3.153691e-04	8.198844e+04	1.482688e+04	7.859532e+00	1.458265e+04	1.458236e+04	1.449923e+04	8.779486e+01	7.622057e+01
	246	453	61.500000	-23.250000	-7.965574e-04	9.813344e+04	1.935331e+00	2.249491e+01	1.399537e+04	1.406507e+04	1.234561e+04	8.807382e+01	8.403698e+01
	243	484	60.750000	-31.000000	-2.529332e-04	1.007424e+05	1.172455e+00	1.493786e+01	1.464369e+04	1.465123e+04	1.460336e+04	7.957149e+01	7.643213e+01
	1198	485	299.500000	-31.250000	-2.506385e-04	9.698144e+04	1.314239e+03	1.519935e+01	1.444932e+04	1.447103e+04	1.423948e+04	8.723680e+01	7.940999e+01
	346	519	86.500000	-39.750000	-5.951831e-04	9.970944e+04	9.107873e-01	1.723816e+01	1.391612e+04	1.397022e+04	1.329011e+04	8.570345e+01	8.460148e+01
	177	530	44.250000	-42.500000	-4.235515e-04	9.985244e+04	1.393780e+00	1.805785e+01	1.382757e+04	1.386759e+04	1.336511e+04	8.513422e+01	8.515723e+01
	550	536	137.500000	-44.000000	-4.031071e-04	9.959044e+04	1.815100e+00	1.833647e+01	1.342617e+04	1.347534e+04	1.276761e+04	8.764279e+01	8.200769e+01
2024	1	17	29	0
	393	361	98.250000	-0.250000	-1.817620e-04	8.702956e+04	1.064093e+04	6.358129e+00	1.474446e+04	1.473947e+04	1.469015e+04	8.549818e+01	8.547560e+01
	1356	362	339.000000	-0.500000	-1.218682e-05	1.014636e+05	8.105246e-01	6.520422e+00	1.512467e+04	1.512493e+04	1.511990e+04	8.171024e+01	8.363012e+01
	430	364	107.500000	-1.000000	1.338357e-05	9.879156e+04	3.624096e+02	9.626575e+00	1.470525e+04	1.470914e+04	1.466027e+04	8.162385e+01	8.440192e+01
	430	365	107.500000	-1.250000	1.338357e-05	9.953356e+04	3.624096e+02	9.626575e+00	1.470438e+04	1.470827e+04	1.466027e+04	8.203819e+01	8.429823e+01
	1177	368	294.250000	-2.000000	-8.312520e-06	9.356456e+04	9.548331e+02	3.494288e+00	1.479331e+04	1.479644e+04	1.473565e+04	8.045034e+01	7.966650e+01
	1238	368	309.500000	-2.000000	1.451606e-05	9.818156e+04	1.373412e+03	9.012260e+00	1.496979e+04	1.497003e+04	1.495565e+04	8.698060e+01	8.424457e+01
	687	374	171.750000	-3.500000	-1.934823e-06	1.005336e+05	6.899797e-01	4.350184e+00	1.447594e+04	1.447642e+04	1.445427e+04	7.711713e+01	7.987763e+01
	283	382	70.750000	-5.500000	-1.212722e-05	1.008116e+05	8.105182e-01	8.346781e+00	1.463472e+04	1.463613e+04	1.460002e+04	8.168653e+01	7.866874e+01
	1121	384	280.250000	-6.000000	-7.363921e-05	6.514956e+04	3.491481e+04	7.492418e+00	1.467202e+04	1.467453e+04	1.451777e+04	7.520818e+01	7.146599e+01
	724	389	181.000000	-7.250000	2.058689e-06	1.005196e+05	1.533716e+00	5.316568e+00	1.445511e+04	1.445689e+04	1.443127e+04	8.141624e+01	7.981376e+01
	257	391	64.250000	-7.750000	-2.464419e-05	1.007606e+05	1.513501e+00	7.715026e+00	1.462667e+04	1.462746e+04	1.460252e+04	9.264822e+01	8.719536e+01
	633	394	158.250000	-8.500000	-3.865636e-04	9.444056e+04	3.512193e+03	7.520016e+00	1.455652e+04	1.455710e+04	1.448302e+04	8.736836e+01	8.731203e+01
	376	399	94.000000	-9.750000	-4.890836e-04	9.994956e+04	9.712112e-01	1.543542e+01	1.439026e+04	1.441339e+04	1.384477e+04	8.694468e+01	8.366809e+01
	1070	399	267.500000	-9.750000	-1.075543e-04	1.008876e+05	2.316511e+00	9.048650e+00	1.455102e+04	1.455450e+04	1.451727e+04	8.219113e+01	7.804805e+01
	1070	400	267.500000	-10.000000	-1.075543e-04	1.009036e+05	2.316511e+00	9.228759e+00	1.455280e+04	1.455653e+04	1.451727e+04	8.287193e+01	7.764262e+01
	436	402	109.000000	-10.500000	-5.164510e-05	9.940856e+04	4.769313e+00	9.040997e+00	1.461937e+04	1.462148e+04	1.457977e+04	9.037713e+01	8.451971e+01
	674	415	168.500000	-13.750000	-3.799563e-05	9.605756e+04	1.447447e+03	5.265678e+00	1.445987e+04	1.446267e+04	1.441302e+04	8.476606e+01	8.216030e+01
	739	423	184.750000	-15.750000	-1.133955e-04	1.003836e+05	1.271945e+01	9.267566e+00	1.451765e+04	1.452238e+04	1.444440e+04	8.969170e+01	8.748517e+01
	180	426	45.000000	-16.500000	-4.229820e-04	8.662856e+04	9.683752e+03	1.268368e+01	1.437483e+04	1.439250e+04	1.408140e+04	9.348772e+01	8.690164e+01
	533	426	133.250000	-16.500000	-5.821860e-04	9.590956e+04	2.828103e+03	1.128787e+01	1.385868e+04	1.390698e+04	1.335977e+04	9.764006e+01	8.981237e+01
	642	426	160.500000	-16.500000	-2.215779e-04	1.005336e+05	1.613365e+00	6.287334e+00	1.445845e+04	1.446227e+04	1.440215e+04	8.935741e+01	8.659346e+01
	603	428	150.750000	-17.000000	-1.021898e-04	1.002746e+05	1.453254e+00	1.049127e+01	1.437417e+04	1.438844e+04	1.423615e+04	8.461443e+01	8.619663e+01
	714	440	178.500000	-20.000000	-2.788580e-04	9.495756e+04	8.517232e+02	7.843659e+00	1.447954e+04	1.448755e+04	1.435365e+04	8.800704e+01	8.719235e+01
	250	455	62.500000	-23.750000	-1.252440e-03	9.762156e+04	1.935331e+00	2.464641e+01	1.376680e+04	1.383710e+04	1.187952e+04	8.527215e+01	8.372471e+01
	726	461	181.500000	-25.250000	-3.588474e-04	1.007606e+05	9.507440e-01	1.378514e+01	1.481611e+04	1.482273e+04	1.466277e+04	8.954164e+01	8.630582e+01
	1224	488	306.000000	-32.000000	-6.346381e-04	9.535056e+04	3.252315e+03	1.116694e+01	1.469685e+04	1.470748e+04	1.441140e+04	8.038490e+01	7.333750e+01
	348	522	87.000000	-40.500000	-1.029579e-03	9.870856e+04	9.309579e-01	2.140626e+01	1.358265e+04	1.366014e+04	1.229327e+04	8.725211e+01	8.473360e+01
	556	531	139.000000	-42.750000	-3.506816e-04	9.976056e+04	1.815100e+00	1.787616e+01	1.346853e+04	1.351319e+04	1.291965e+04	8.455178e+01	8.335070e+01
	183	540	45.750000	-45.000000	-5.730665e-04	9.937756e+04	9.324291e-01	1.780901e+01	1.349919e+04	1.354957e+04	1.286727e+04	9.052786e+01	8.237975e+01
2024	1	17	35	6
	657	360	164.250000	0.000000	2.099201e-06	1.004128e+05	9.712926e-01	7.965500e+00	1.432313e+04	1.432404e+04	1.431180e+04	9.143642e+01	8.746427e+01
	1094	360	273.500000	0.000000	-4.981644e-05	1.008258e+05	2.516047e+00	4.559101e+00	1.469635e+04	1.469800e+04	1.467518e+04	8.801624e+01	8.452477e+01
	623	361	155.750000	-0.250000	-1.262315e-05	1.004308e+05	1.252527e+00	8.590843e+00	1.433596e+04	1.433731e+04	1.429830e+04	8.539851e+01	8.160530e+01
	776	365	194.000000	-1.250000	-1.506694e-05	1.005958e+05	9.912879e-01	8.095816e+00	1.448808e+04	1.448936e+04	1.447543e+04	7.955508e+01	6.933021e+01
	445	366	111.250000	-1.500000	-1.757033e-05	9.287077e+04	4.981969e+03	5.687810e+00	1.457324e+04	1.457567e+04	1.455768e+04	8.176339e+01	8.302810e+01
	1191	366	297.750000	-1.500000	-2.561696e-05	9.515677e+04	8.940592e+02	2.825611e+00	1.482162e+04	1.482389e+04	1.480230e+04	8.427366e+01	8.260712e+01
	120	368	30.000000	-2.000000	-4.922040e-05	7.656077e+04	2.430290e+04	3.622261e+00	1.510029e+04	1.510101e+04	1.504793e+04	8.116622e+01	7.445894e+01
	481	369	120.250000	-2.250000	-9.308942e-05	8.210877e+04	1.932979e+04	1.001095e+01	1.457016e+04	1.457234e+04	1.445705e+04	7.567533e+01	7.526408e+01
	979	369	244.750000	-2.250000	-1.643784e-05	1.009618e+05	1.353184e+00	1.020816e+01	1.470302e+04	1.470431e+04	1.468543e+04	7.787197e+01	7.423452e+01
	1423	369	355.750000	-2.250000	-3.086403e-06	1.013518e+05	9.310740e-01	4.731557e+00	1.503238e+04	1.503283e+04	1.502155e+04	8.087621e+01	7.762259e+01
	684	371	171.000000	-2.750000	-6.543472e-06	1.003908e+05	8.104258e-01	4.882288e+00	1.433078e+04	1.433114e+04	1.431405e+04	8.018988e+01	8.229097e+01
	1400	371	350.000000	-2.750000	-1.983531e-05	1.014158e+05	1.091806e+00	4.692672e+00	1.503937e+04	1.503935e+04	1.502805e+04	8.658774e+01	8.277268e+01
	550	378	137.500000	-4.500000	-4.188903e-05	6.978677e+04	3.434546e+04	9.545938e+00	1.434454e+04	1.434277e+04	1.428105e+04	8.089400e+01	8.215826e+01
	586	388	146.500000	-7.000000	-1.467336e-04	7.448477e+04	2.513040e+04	9.465820e+00	1.433060e+04	1.432815e+04	1.423455e+04	7.758922e+01	7.972751e+01
	264	396	66.000000	-9.000000	-5.679019e-05	1.009388e+05	1.513501e+00	1.010548e+01	1.479663e+04	1.479732e+04	1.476168e+04	9.003397e+01	8.660830e+01
	1070	397	267.500000	-9.250000	-8.891709e-05	1.011008e+05	1.974959e+00	9.405191e+00	1.470019e+04	1.470295e+04	1.467393e+04	8.379871e+01	8.352912e+01
	1072	397	268.000000	-9.250000	-9.177811e-05	1.010968e+05	1.974959e+00	9.241287e+00	1.469799e+04	1.470041e+04	1.467393e+04	8.375655e+01	8.223423e+01
	377	400	94.250000	-10.000000	-4.612673e-04	9.991077e+04	1.232499e+00	1.590759e+01	1.444877e+04	1.447292e+04	1.383955e+04	9.010648e+01	8.668090e+01
	445	402	111.250000	-10.500000	-2.667177e-04	9.012677e+04	1.048118e+01	8.570501e+00	1.452522e+04	1.452525e+04	1.447130e+04	8.695770e+01	7.879991e+01
	1351	403	337.750000	-10.750000	-2.525933e-05	1.013888e+05	1.533878e+00	8.235528e+00	1.498569e+04	1.498959e+04	1.495718e+04	8.045040e+01	8.037735e+01
	656	405	164.000000	-11.250000	-3.163703e-05	9.802277e+04	7.997447e+02	6.999592e+00	1.427350e+04	1.427585e+04	1.422968e+04	8.288564e+01	8.407413e+01
	656	406	164.000000	-11.500000	-3.163703e-05	9.802277e+04	7.997447e+02	6.999592e+00	1.427145e+04	1.427379e+04	1.422968e+04	8.266102e+01	8.415865e+01
	1406	415	351.500000	-13.750000	-3.640540e-05	1.016248e+05	1.172335e+00	7.962827e+00	1.507148e+04	1.507462e+04	1.504080e+04	7.583900e+01	7.689067e+01
	606	422	151.500000	-15.500000	-1.070369e-04	9.999277e+04	1.995858e+00	1.118687e+01	1.411422e+04	1.412764e+04	1.400618e+04	8.934341e+01	8.747984e+01
	183	426	45.750000	-16.500000	-4.076827e-04	8.291077e+04	1.237154e+04	1.190360e+01	1.456451e+04	1.457953e+04	1.425443e+04	9.415198e+01	8.699520e+01
	642	427	160.500000	-16.750000	-1.156796e-04	1.002568e+05	1.613365e+00	5.763682e+00	1.424099e+04	1.424458e+04	1.418630e+04	8.818715e+01	8.610385e+01
	533	429	133.250000	-17.250000	-3.051627e-04	9.547877e+04	3.261345e+03	1.077224e+01	1.364293e+04	1.368907e+04	1.320730e+04	9.521714e+01	8.734080e+01
	695	433	173.750000	-18.250000	-1.236070e-04	1.002858e+05	1.292891e+00	8.092108e+00	1.430899e+04	1.431587e+04	1.422743e+04	8.802069e+01	8.475990e+01
	94	439	23.500000	-19.750000	-2.943743e-04	8.768077e+04	1.089419e+04	4.906427e+00	1.464983e+04	1.466037e+04	1.453005e+04	9.097102e+01	8.651113e+01
	253	456	63.250000	-24.000000	-1.075016e-03	9.763877e+04	1.935331e+00	2.245998e+01	1.391818e+04	1.398495e+04	1.191080e+04	9.031378e+01	8.829949e+01
	102	477	25.500000	-29.250000	-2.587307e-04	7.267077e+04	1.881681e+04	9.356039e+00	1.476329e+04	1.477186e+04	1.459793e+04	7.820325e+01	7.874825e+01
	1209	477	302.250000	-29.250000	-5.169380e-04	9.722377e+04	2.201296e+03	7.814919e+00	1.468563e+04	1.470817e+04	1.445805e+04	8.217580e+01	7.704969e+01
	595	506	148.750000	-36.500000	-2.341140e-04	8.595377e+04	1.430952e+04	1.296335e+01	1.392194e+04	1.392948e+04	1.377255e+04	8.729351e+01	8.673527e+01
	354	524	88.500000	-41.000000	-5.992521e-04	9.866977e+04	1.050999e+00	2.068193e+01	1.346542e+04	1.355618e+04	1.223768e+04	8.645351e+01	8.307568e+01
	566	528	141.500000	-42.000000	-2.686251e-04	9.524477e+04	1.597882e+01	1.766268e+01	1.324668e+04	1.329018e+04	1.280480e+04	8.051234e+01	8.484177e+01
2024	1	17	34	12
	686	360	171.500000	0.000000	-8.751173e-06	1.005008e+05	1.312749e+00	5.924033e+00	1.444404e+04	1.444433e+04	1.443346e+04	8.097210e+01	7.596712e+01
	649	361	162.250000	-0.250000	1.023989e-06	1.005958e+05	1.634048e+00	8.294724e+00	1.448844e+04	1.449162e+04	1.445934e+04	9.288470e+01	8.974342e+01
	522	362	130.500000	-0.500000	-1.536729e-05	8.747181e+04	6.996921e+03	7.741893e+00	1.464997e+04	1.465149e+04	1.460771e+04	8.676453e+01	8.029775e+01
	917	363	229.250000	-0.750000	-1.000287e-05	1.005888e+05	9.106419e-01	9.840208e+00	1.440587e+04	1.440991e+04	1.438096e+04	7.546350e+01	8.049910e+01
	918	363	229.500000	-0.750000	-1.000287e-05	1.005948e+05	9.106419e-01	9.840208e+00	1.440622e+04	1.441033e+04	1.438096e+04	7.557377e+01	8.029402e+01
	953	363	238.250000	-0.750000	-2.156617e-05	1.006508e+05	1.654097e+00	9.352479e+00	1.446790e+04	1.447077e+04	1.445384e+04	8.149005e+01	8.367509e+01
	980	363	245.000000	-0.750000	-1.846673e-05	1.006998e+05	1.051887e+00	8.879993e+00	1.449983e+04	1.450309e+04	1.446421e+04	8.357192e+01	8.732278e+01
	1220	363	305.000000	-0.750000	-1.936080e-05	9.611481e+04	4.826799e+03	5.259586e+00	1.504064e+04	1.504462e+04	1.498984e+04	7.971700e+01	8.489828e+01
	439	369	109.750000	-2.250000	3.169756e-06	9.643481e+04	3.754190e+03	7.166550e+00	1.469331e+04	1.469452e+04	1.467084e+04	8.221988e+01	8.464140e+01
	1439	369	359.750000	-2.250000	-1.369836e-05	1.013728e+05	1.232372e+00	5.607886e+00	1.506639e+04	1.506839e+04	1.504984e+04	7.764596e+01	7.388680e+01
	1038	371	259.500000	-2.750000	1.739245e-06	1.008488e+05	1.232343e+00	7.783872e+00	1.460269e+04	1.460345e+04	1.459434e+04	8.813961e+01	8.828727e+01
	1038	372	259.500000	-3.000000	2.275687e-06	1.008488e+05	1.232343e+00	7.749137e+00	1.460410e+04	1.460471e+04	1.459434e+04	8.803732e+01	8.808022e+01
	552	373	138.000000	-3.250000	-1.807702e-04	7.000481e+04	3.434546e+04	7.182055e+00	1.463781e+04	1.463728e+04	1.457109e+04	8.900430e+01	8.508454e+01
	134	377	33.500000	-4.250000	-3.223540e-05	8.007781e+04	1.753896e+04	4.178092e+00	1.478028e+04	1.478848e+04	1.465609e+04	7.764268e+01	7.434783e+01
	1121	382	280.250000	-5.500000	-4.904391e-05	6.574081e+04	3.491481e+04	6.823028e+00	1.480754e+04	1.481128e+04	1.463359e+04	8.189980e+01	7.691135e+01
	1216	394	304.000000	-8.500000	-2.484443e-05	9.530081e+04	5.476107e+03	2.553909e+00	1.514865e+04	1.514865e+04	1.511759e+04	8.331809e+01	8.319814e+01
	344	399	86.000000	-9.750000	-1.233709e-04	1.007418e+05	1.051690e+00	7.093049e+00	1.460691e+04	1.460856e+04	1.458146e+04	7.526945e+01	7.513112e+01
	376	401	94.000000	-10.250000	-5.828631e-04	9.976081e+04	1.413272e+00	1.706038e+01	1.440960e+04	1.443672e+04	1.370834e+04	8.870109e+01	8.314709e+01
	818	405	204.500000	-11.250000	-1.167180e-05	1.006618e+05	1.493566e+00	8.015617e+00	1.456098e+04	1.456370e+04	1.454184e+04	8.258193e+01	7.867358e+01
	758	418	189.500000	-14.500000	-3.008964e-05	9.707081e+04	1.733575e+03	9.339341e+00	1.453625e+04	1.453956e+04	1.447934e+04	8.163866e+01	8.048275e+01
	611	421	152.750000	-15.250000	-1.147878e-04	1.003168e+05	1.975871e+00	1.328074e+01	1.435017e+04	1.436062e+04	1.425134e+04	9.315226e+01	8.804597e+01
	154	423	38.500000	-15.750000	-4.344108e-05	9.032281e+04	1.133165e+04	7.642969e+00	1.454518e+04	1.454792e+04	1.446034e+04	7.741635e+01	7.247793e+01
	735	423	183.750000	-15.750000	-2.905619e-04	1.005768e+05	1.271945e+01	9.539311e+00	1.448188e+04	1.448280e+04	1.442021e+04	8.818748e+01	8.808727e+01
	533	427	133.250000	-16.750000	-3.728163e-04	9.590981e+04	2.828103e+03	1.125261e+01	1.382827e+04	1.387386e+04	1.334584e+04	9.496224e+01	8.759592e+01
	642	428	160.500000	-17.000000	-1.197350e-04	1.004708e+05	1.613365e+00	6.191391e+00	1.439642e+04	1.440024e+04	1.433909e+04	8.655651e+01	8.405082e+01
	186	429	46.500000	-17.250000	-3.729952e-04	8.135781e+04	1.394354e+04	1.284358e+01	1.434481e+04	1.436220e+04	1.405859e+04	8.978200e+01	8.290097e+01
	93	439	23.250000	-19.750000	-4.029763e-04	8.737581e+04	1.111185e+04	7.037102e+00	1.453818e+04	1.454631e+04	1.442109e+04	7.953185e+01	7.254185e+01
	710	442	177.500000	-20.500000	-1.301062e-04	9.497681e+04	4.292644e+02	8.387638e+00	1.438858e+04	1.439781e+04	1.427359e+04	8.917361e+01	8.764969e+01
	256	457	64.000000	-24.250000	-1.020421e-03	9.801481e+04	1.935331e+00	2.210497e+01	1.377702e+04	1.384436e+04	1.224259e+04	8.778121e+01	8.552903e+01
	1210	479	302.500000	-29.750000	-3.565443e-04	9.698881e+04	2.758469e+03	1.024262e+01	1.486607e+04	1.488963e+04	1.467021e+04	8.608529e+01	7.551293e+01
	1250	480	312.500000	-30.000000	-4.699123e-04	8.732681e+04	6.425627e+02	1.156905e+01	1.503920e+04	1.504552e+04	1.490484e+04	8.290698e+01	7.821243e+01
	445	510	111.250000	-37.500000	-2.931845e-04	1.002238e+05	1.212493e+00	1.406633e+01	1.403728e+04	1.407016e+04	1.374059e+04	8.337589e+01	7.521104e+01
	360	525	90.000000	-41.250000	-4.446399e-04	9.885681e+04	1.514789e+00	1.840927e+01	1.338075e+04	1.346898e+04	1.242009e+04	8.481568e+01	8.150493e+01
	576	529	144.000000	-42.250000	-2.521169e-04	8.800381e+04	1.014041e+04	1.637117e+01	1.312949e+04	1.316819e+04	1.283509e+04	8.542635e+01	8.364339e+01
2024	1	17	27	18
	887	360	221.750000	0.000000	-2.071005e-05	1.009270e+05	1.192116e+00	8.644320e+00	1.468647e+04	1.468825e+04	1.467316e+04	7.933054e+01	7.696684e+01
	686	361	171.500000	-0.250000	-9.772601e-06	1.004840e+05	1.312749e+00	6.083992e+00	1.439911e+04	1.439860e+04	1.438666e+04	7.844264e+01	7.679684e+01
	973	361	243.250000	-0.250000	-3.492576e-05	1.010340e+05	1.051887e+00	8.897543e+00	1.476752e+04	1.476979e+04	1.474029e+04	8.734029e+01	8.754239e+01
	1342	362	335.500000	-0.500000	-9.802403e-06	1.011270e+05	1.172229e+00	6.908363e+00	1.485695e+04	1.485916e+04	1.483641e+04	7.586372e+01	7.736180e+01
	1343	362	335.750000	-0.500000	-1.173955e-05	1.011270e+05	1.172229e+00	6.923826e+00	1.485700e+04	1.485941e+04	1.483641e+04	7.535094e+01	7.718131e+01
	1004	366	251.000000	-1.500000	-5.057198e-05	1.010270e+05	1.493570e+00	9.318865e+00	1.477756e+04	1.477969e+04	1.476166e+04	8.701509e+01	8.883166e+01
	1406	368	351.500000	-2.000000	-1.054746e-05	1.012360e+05	1.191976e+00	5.909695e+00	1.493250e+04	1.493390e+04	1.491816e+04	7.812930e+01	7.518742e+01
	1172	373	293.000000	-3.250000	-4.717452e-05	9.926002e+04	1.292385e+03	4.163419e+00	1.483068e+04	1.483559e+04	1.472079e+04	8.352812e+01	8.444881e+01
	550	378	137.500000	-4.500000	-1.094912e-04	6.988102e+04	3.434546e+04	9.312469e+00	1.445958e+04	1.445523e+04	1.441354e+04	8.650549e+01	8.655291e+01
	276	390	69.000000	-7.500000	-2.754007e-04	1.009310e+05	1.634308e+00	9.817907e+00	1.481125e+04	1.481262e+04	1.475641e+04	8.743822e+01	8.623561e+01
	1248	390	312.000000	-7.500000	-7.754308e-05	9.534002e+04	4.880759e+03	3.767066e+00	1.488899e+04	1.489298e+04	1.483504e+04	8.679680e+01	8.433453e+01
	591	394	147.750000	-8.500000	-1.141701e-04	7.797702e+04	2.481712e+04	1.161234e+01	1.439241e+04	1.438848e+04	1.431516e+04	8.582452e+01	8.675681e+01
	1213	396	303.250000	-9.000000	-4.809839e-05	9.497002e+04	5.476107e+03	2.638048e+00	1.488940e+04	1.489137e+04	1.480816e+04	8.278290e+01	8.358928e+01
	376	403	94.000000	-10.750000	-5.387042e-04	9.970702e+04	1.413272e+00	1.916571e+01	1.445963e+04	1.448839e+04	1.366829e+04	9.106798e+01	8.131293e+01
	613	417	153.250000	-14.250000	-5.342935e-04	9.996302e+04	2.559899e+00	1.519995e+01	1.413947e+04	1.415308e+04	1.392879e+04	9.180424e+01	8.924275e+01
	535	426	133.750000	-16.500000	-3.615592e-04	9.587002e+04	2.828103e+03	1.382687e+01	1.369252e+04	1.373554e+04	1.328041e+04	9.715202e+01	9.080640e+01
	511	427	127.750000	-16.750000	-1.519595e-04	9.388402e+04	5.997688e+03	1.347089e+01	1.404346e+04	1.404289e+04	1.397604e+04	8.351144e+01	7.831470e+01
	191	430	47.750000	-17.500000	-6.991897e-04	8.140802e+04	1.743863e+04	1.099193e+01	1.446821e+04	1.448500e+04	1.409566e+04	9.236543e+01	8.416774e+01
	594	431	148.500000	-17.750000	-3.480588e-04	9.155702e+04	4.165895e+01	1.113007e+01	1.418396e+04	1.418651e+04	1.406479e+04	8.766318e+01	8.511982e+01
	94	439	23.500000	-19.750000	-2.779637e-04	8.757102e+04	1.089419e+04	5.656847e+00	1.454595e+04	1.455469e+04	1.442966e+04	8.220316e+01	7.597761e+01
	708	443	177.000000	-20.750000	-8.597714e-05	9.613302e+04	2.000758e+02	5.980197e+00	1.429368e+04	1.430295e+04	1.421654e+04	8.713844e+01	8.613673e+01
	257	456	64.250000	-24.000000	-7.467244e-04	9.829202e+04	1.935331e+00	1.991016e+01	1.389343e+04	1.395848e+04	1.249304e+04	9.144764e+01	8.698493e+01
	1210	476	302.500000	-29.000000	-1.250182e-04	9.682902e+04	2.201296e+03	9.436096e+00	1.475094e+04	1.477108e+04	1.458129e+04	9.219585e+01	8.918360e+01
	1252	477	313.000000	-29.250000	-7.035707e-04	8.714402e+04	2.755321e+03	1.529736e+01	1.495326e+04	1.496265e+04	1.471279e+04	7.939831e+01	7.600499e+01
	607	487	151.750000	-31.750000	-1.033817e-04	8.746102e+04	1.263026e+04	1.176979e+01	1.410905e+04	1.411179e+04	1.402729e+04	8.730884e+01	8.263029e+01
	366	528	91.500000	-42.000000	-3.415917e-04	9.900502e+04	1.514789e+00	1.985106e+01	1.333933e+04	1.342926e+04	1.252804e+04	8.811319e+01	8.681606e+01
	613	533	153.250000	-43.250000	-6.794606e-04	9.934602e+04	1.857909e+00	1.708788e+01	1.335571e+04	1.337425e+04	1.316566e+04	7.651647e+01	7.591959e+01
2024	1	18	28	0
	1002	360	250.500000	0.000000	-1.569511e-05	1.007420e+05	1.332842e+00	8.453418e+00	1.454544e+04	1.454632e+04	1.453019e+04	9.027451e+01	8.913420e+01
	1094	361	273.500000	-0.250000	-5.121948e-05	1.006910e+05	2.516047e+00	6.218927e+00	1.461338e+04	1.461518e+04	1.458531e+04	9.576653e+01	9.202206e+01
	521	362	130.250000	-0.500000	-5.226256e-05	8.784205e+04	5.019812e+03	7.772123e+00	1.472234e+04	1.472309e+04	1.469181e+04	8.339899e+01	8.101225e+01
	932	362	233.000000	-0.500000	-2.046349e-05	1.006120e+05	1.091637e+00	1.080992e+01	1.442603e+04	1.443058e+04	1.439169e+04	8.728272e+01	8.493788e+01
	58	365	14.500000	-1.250000	-3.333809e-05	9.301005e+04	7.174743e+03	3.188170e+00	1.499583e+04	1.499556e+04	1.496819e+04	7.633649e+01	7.188938e+01
	1122	366	280.500000	-1.500000	-1.000655e-04	6.510305e+04	3.877745e+04	6.018861e+00	1.471682e+04	1.471500e+04	1.457544e+04	8.773936e+01	8.800906e+01
	1190	370	297.500000	-2.500000	-2.481462e-05	9.939505e+04	8.750720e+02	2.674394e+00	1.484793e+04	1.485160e+04	1.480269e+04	7.789548e+01	7.940985e+01
	680	375	170.000000	-3.750000	-6.366987e-06	1.005480e+05	1.714468e+00	4.535208e+00	1.449434e+04	1.449612e+04	1.445706e+04	8.410101e+01	8.426430e+01
	550	378	137.500000	-4.500000	-7.908465e-05	7.009005e+04	3.434546e+04	9.310667e+00	1.470014e+04	1.469652e+04	1.463206e+04	7.930275e+01	8.171742e+01
	987	385	246.750000	-6.250000	-2.058269e-05	1.007990e+05	1.373243e+00	1.011584e+01	1.456628e+04	1.456833e+04	1.455681e+04	7.862891e+01	7.247999e+01
	282	391	70.500000	-7.750000	-2.573621e-04	1.007000e+05	9.710957e-01	1.042317e+01	1.458215e+04	1.458706e+04	1.450906e+04	8.804378e+01	8.585038e+01
	591	394	147.750000	-8.500000	-1.428914e-04	7.819905e+04	2.481712e+04	1.186842e+01	1.460555e+04	1.460395e+04	1.453856e+04	7.781144e+01	8.060464e+01
	376	404	94.000000	-11.000000	-6.365073e-04	9.966205e+04	1.413272e+00	1.891690e+01	1.443007e+04	1.446108e+04	1.362269e+04	8.893918e+01	8.329372e+01
	1245	405	311.250000	-11.250000	-2.099993e-05	9.058205e+04	6.340079e+03	3.579504e+00	1.505377e+04	1.505341e+04	1.500531e+04	7.861400e+01	7.353721e+01
	719	406	179.750000	-11.500000	-2.237083e-05	1.005100e+05	1.413355e+00	5.714291e+00	1.447292e+04	1.447465e+04	1.443006e+04	8.379980e+01	8.448140e+01
	617	418	154.250000	-14.500000	-4.001451e-04	1.001710e+05	1.975871e+00	1.389228e+01	1.432891e+04	1.434179e+04	1.412644e+04	8.978739e+01	8.846648e+01
	537	428	134.250000	-17.000000	-2.621007e-04	9.581805e+04	3.097326e+03	1.373095e+01	1.389420e+04	1.393600e+04	1.350169e+04	9.750751e+01	9.304691e+01
	669	430	167.250000	-17.500000	-3.616931e-05	9.598105e+04	1.968587e+03	6.199214e+00	1.438907e+04	1.439207e+04	1.435194e+04	8.646018e+01	8.414400e+01
	191	432	47.750000	-18.000000	-3.685546e-04	8.130205e+04	1.882964e+04	8.112975e+00	1.429909e+04	1.431184e+04	1.409194e+04	9.260933e+01	8.286559e+01
	95	438	23.750000	-19.500000	-2.369178e-04	8.803605e+04	1.053278e+04	4.489407e+00	1.453226e+04	1.454356e+04	1.442119e+04	9.022198e+01	8.430906e+01
	699	439	174.750000	-19.750000	-8.206489e-05	1.001800e+05	1.292891e+00	6.595783e+00	1.439023e+04	1.439532e+04	1.434369e+04	8.592205e+01	8.298403e+01
	260	456	65.000000	-24.000000	-9.289575e-04	9.813605e+04	1.754774e+00	2.071519e+01	1.373060e+04	1.379486e+04	1.233844e+04	8.773170e+01	8.617419e+01
	136	466	34.000000	-26.500000	-4.539085e-04	8.543705e+04	3.773590e+03	1.857621e+01	1.478530e+04	1.478500e+04	1.465219e+04	8.898004e+01	8.195952e+01
	1209	474	302.250000	-28.500000	-1.032543e-04	9.722905e+04	1.633966e+03	7.066896e+00	1.465912e+04	1.467319e+04	1.453781e+04	8.533186e+01	8.217632e+01
	1259	477	314.750000	-29.250000	-3.041816e-04	1.012680e+05	2.236355e+00	1.104617e+01	1.505391e+04	1.505798e+04	1.498531e+04	7.785512e+01	7.163624e+01
	466	511	116.500000	-37.750000	-1.942110e-04	9.916905e+04	1.433289e+00	1.596866e+01	1.396730e+04	1.400141e+04	1.368019e+04	7.710195e+01	6.976065e+01
	366	530	91.500000	-42.500000	-3.194106e-04	9.897405e+04	1.514789e+00	1.903655e+01	1.328844e+04	1.337869e+04	1.246694e+04	9.124371e+01	8.985920e+01
	577	538	144.250000	-44.500000	-2.492559e-04	8.757905e+04	2.767072e+03	2.092116e+01	1.268800e+04	1.275711e+04	1.211344e+04	9.194487e+01	8.620647e+01
2024	1	18	30	6
	950	360	237.500000	0.000000	-2.601021e-05	1.010083e+05	1.955514e+00	9.399827e+00	1.478262e+04	1.478471e+04	1.476012e+04	9.160339e+01	8.797852e+01
	1394	362	348.500000	-0.500000	-3.501051e-05	1.011633e+05	6.899577e-01	6.547337e+00	1.486214e+04	1.486374e+04	1.484525e+04	8.091205e+01	7.779517e+01
	1222	363	305.500000	-0.750000	-2.806657e-05	9.589330e+04	4.826799e+03	4.154570e+00	1.486489e+04	1.486639e+04	1.483650e+04	8.509366e+01	8.725917e+01
	997	365	249.250000	-1.250000	-3.623241e-05	1.010603e+05	1.393142e+00	8.667323e+00	1.479881e+04	1.480108e+04	1.477488e+04	8.852699e+01	8.963622e+01
	1122	366	280.500000	-1.500000	-1.340138e-04	6.516630e+04	3.877745e+04	6.432466e+00	1.485706e+04	1.485607e+04	1.471688e+04	9.030850e+01	9.015404e+01
	1161	367	290.250000	-1.750000	-6.359094e-05	9.829730e+04	1.749377e+03	2.109530e+00	1.490744e+04	1.490990e+04	1.485462e+04	9.118526e+01	8.600366e+01
	1363	375	340.750000	-3.750000	-1.748675e-05	1.011623e+05	9.511707e-01	6.485479e+00	1.484313e+04	1.484521e+04	1.482575e+04	7.731908e+01	7.503630e+01
	1364	375	341.000000	-3.750000	-1.748675e-05	1.011643e+05	9.511707e-01	6.485479e+00	1.484301e+04	1.484512e+04	1.482575e+04	7.680385e+01	7.472811e+01
	1363	376	340.750000	-4.000000	-1.748675e-05	1.011623e+05	9.511707e-01	6.485479e+00	1.484281e+04	1.484492e+04	1.482575e+04	7.609029e+01	7.450736e+01
	465	388	116.250000	-7.000000	-2.521502e-04	9.158130e+04	8.767747e+03	9.288180e+00	1.455538e+04	1.455634e+04	1.446350e+04	8.855538e+01	8.399527e+01
	289	392	72.250000	-8.000000	-3.284144e-04	1.008583e+05	1.453210e+00	1.268819e+01	1.475064e+04	1.475347e+04	1.467112e+04	9.001256e+01	8.695098e+01
	374	406	93.500000	-11.500000	-7.055926e-04	9.963830e+04	1.413272e+00	1.983002e+01	1.445286e+04	1.448244e+04	1.363062e+04	9.114436e+01	8.085359e+01
	645	407	161.250000	-11.750000	-1.491832e-04	9.413230e+04	2.668605e+03	1.018412e+01	1.418142e+04	1.418369e+04	1.415550e+04	9.124003e+01	8.925948e+01
	619	418	154.750000	-14.500000	-3.071653e-04	9.982730e+04	1.975871e+00	1.353139e+01	1.407990e+04	1.409339e+04	1.385838e+04	9.056028e+01	8.950129e+01
	506	421	126.500000	-15.250000	-3.274553e-05	9.387630e+04	5.997688e+03	1.221017e+01	1.418890e+04	1.418724e+04	1.413725e+04	7.993412e+01	7.644439e+01
	598	423	149.500000	-15.750000	-3.800916e-04	1.000653e+05	1.613013e+00	1.200970e+01	1.415911e+04	1.416023e+04	1.406600e+04	9.037987e+01	8.741607e+01
	575	428	143.750000	-17.000000	-2.351629e-04	9.075030e+04	8.950066e+03	1.105940e+01	1.411372e+04	1.411471e+04	1.403150e+04	8.763047e+01	8.703867e+01
	537	430	134.250000	-17.500000	-2.039599e-04	9.510730e+04	3.423124e+03	1.129992e+01	1.368115e+04	1.372115e+04	1.337925e+04	9.562700e+01	9.022322e+01
	191	431	47.750000	-17.750000	-5.403387e-04	8.145230e+04	1.882964e+04	9.244038e+00	1.444932e+04	1.446191e+04	1.416262e+04	9.124866e+01	8.099168e+01
	97	435	24.250000	-18.750000	-1.633095e-04	8.693030e+04	1.058775e+04	6.679425e+00	1.461898e+04	1.463264e+04	1.450750e+04	9.265661e+01	8.601629e+01
	98	435	24.500000	-18.750000	-1.633095e-04	8.683130e+04	1.100391e+04	6.679425e+00	1.461783e+04	1.463190e+04	1.450750e+04	9.285004e+01	8.649413e+01
	734	436	183.500000	-19.000000	-2.086686e-04	1.005103e+05	1.546296e+02	1.013164e+01	1.451246e+04	1.451631e+04	1.446388e+04	8.849020e+01	8.826747e+01
	697	438	174.250000	-19.500000	-6.865733e-05	1.003223e+05	1.292891e+00	6.127787e+00	1.429373e+04	1.429824e+04	1.424550e+04	8.717424e+01	8.366342e+01
	261	455	65.250000	-23.750000	-7.224607e-04	9.841630e+04	1.273016e+00	2.066916e+01	1.391661e+04	1.397361e+04	1.261650e+04	8.719223e+01	8.616150e+01
	608	476	152.000000	-29.000000	-9.208196e-05	8.745730e+04	1.263026e+04	8.958938e+00	1.423012e+04	1.422945e+04	1.413212e+04	8.169106e+01	7.789708e+01
	1207	477	301.750000	-29.250000	-1.104402e-04	9.745930e+04	1.664515e+03	6.870442e+00	1.455025e+04	1.456008e+04	1.447012e+04	8.281637e+01	7.919389e+01
	474	514	118.500000	-38.500000	-2.406167e-04	1.001193e+05	1.353548e+00	1.505823e+01	1.389133e+04	1.392518e+04	1.362050e+04	8.038377e+01	7.330125e+01
	629	521	157.250000	-40.250000	-3.604221e-04	9.954130e+04	1.815211e+00	1.350169e+01	1.346635e+04	1.348239e+04	1.329362e+04	7.875304e+01	7.731479e+01
	366	529	91.500000	-42.250000	-3.230202e-04	9.906730e+04	1.514789e+00	1.818323e+01	1.331375e+04	1.339966e+04	1.254625e+04	9.146236e+01	8.950830e+01
	584	535	146.000000	-43.750000	-3.110098e-04	8.726730e+04	9.826781e+03	1.857851e+01	1.269210e+04	1.275033e+04	1.224362e+04	8.713093e+01	8.378822e+01
2024	1	18	34	12
	1179	360	294.750000	0.000000	-1.145555e-04	9.066880e+04	8.238647e+03	3.489316e+00	1.503429e+04	1.503563e+04	1.500946e+04	8.050275e+01	8.270737e+01
	49	361	12.250000	-0.250000	-1.933705e-05	9.287580e+04	7.714550e+03	2.523936e+00	1.493829e+04	1.493850e+04	1.491821e+04	8.040835e+01	7.829994e+01
	1308	361	327.000000	-0.250000	-1.897942e-05	1.014018e+05	8.904456e-01	6.515234e+00	1.508192e+04	1.508311e+04	1.506759e+04	7.897324e+01	8.199400e+01
	1220	362	305.000000	-0.500000	-1.009833e-05	9.610980e+04	4.826799e+03	5.162043e+00	1.504764e+04	1.504988e+04	1.501621e+04	8.227405e+01	8.494650e+01
	1398	363	349.500000	-0.750000	-1.364481e-05	1.012708e+05	6.899931e-01	6.369792e+00	1.497328e+04	1.497542e+04	1.495021e+04	7.547222e+01	7.325603e+01
	269	364	67.250000	-1.000000	-1.045596e-05	1.007938e+05	1.393128e+00	7.444716e+00	1.463639e+04	1.463678e+04	1.460671e+04	7.639936e+01	7.211066e+01
	928	365	232.000000	-1.250000	-3.396999e-05	1.007518e+05	1.091637e+00	1.078235e+01	1.453119e+04	1.453462e+04	1.449984e+04	8.759197e+01	8.687411e+01
	1369	365	342.250000	-1.250000	-1.269113e-05	1.013388e+05	1.071425e+00	5.774904e+00	1.500620e+04	1.500711e+04	1.499684e+04	8.584487e+01	8.442297e+01
	1083	366	270.750000	-1.500000	-2.014171e-05	9.871880e+04	1.802459e+03	7.230884e+00	1.470154e+04	1.470362e+04	1.468071e+04	8.289657e+01	8.470982e+01
	1122	366	280.500000	-1.500000	-1.198007e-04	6.518580e+04	3.877745e+04	7.435723e+00	1.485320e+04	1.485200e+04	1.470271e+04	8.883748e+01	8.959333e+01
	166	367	41.500000	-1.750000	-4.598033e-05	9.463980e+04	1.760710e+03	7.633417e+00	1.468406e+04	1.468699e+04	1.462959e+04	7.523856e+01	6.835247e+01
	671	367	167.750000	-1.750000	-3.869645e-06	1.005998e+05	5.350978e+00	4.264499e+00	1.451403e+04	1.451616e+04	1.449159e+04	7.948125e+01	8.116056e+01
	672	368	168.000000	-2.000000	-2.677552e-06	1.005998e+05	5.350978e+00	4.264499e+00	1.451383e+04	1.451578e+04	1.449159e+04	7.885052e+01	8.113210e+01
	1156	368	289.000000	-2.000000	-1.124991e-04	9.846980e+04	2.003573e+03	2.304382e+00	1.501917e+04	1.502115e+04	1.497959e+04	8.893330e+01	8.690926e+01
	857	373	214.250000	-3.250000	-3.596675e-05	1.007178e+05	1.011460e+00	1.076515e+01	1.453671e+04	1.453830e+04	1.453196e+04	8.748557e+01	7.631317e+01
	1030	378	257.500000	-4.500000	-2.961885e-05	1.009858e+05	1.171975e+00	8.358663e+00	1.469974e+04	1.469983e+04	1.468246e+04	9.409552e+01	9.128341e+01
	442	389	110.500000	-7.250000	-1.726104e-04	8.789680e+04	1.162300e+04	9.676275e+00	1.463565e+04	1.463737e+04	1.459746e+04	9.272307e+01	8.770712e+01
	443	389	110.750000	-7.250000	-1.608981e-04	8.789680e+04	1.162300e+04	9.676275e+00	1.463428e+04	1.463602e+04	1.459746e+04	9.270312e+01	8.747758e+01
	686	390	171.500000	-7.500000	-1.525413e-05	1.005918e+05	1.393190e+00	5.059785e+00	1.452599e+04	1.452607e+04	1.450096e+04	9.040165e+01	8.703842e+01
	469	391	117.250000	-7.750000	-2.258075e-04	9.324380e+04	9.070883e+03	8.594150e+00	1.462116e+04	1.461952e+04	1.458234e+04	8.394741e+01	8.150360e+01
	295	398	73.750000	-9.500000	-2.051247e-04	1.006438e+05	1.232250e+00	1.153782e+01	1.456997e+04	1.457073e+04	1.451684e+04	8.371714e+01	8.247676e+01
	375	408	93.750000	-12.000000	-5.937470e-04	9.950580e+04	1.413272e+00	1.905140e+01	1.438778e+04	1.441664e+04	1.351484e+04	8.676163e+01	8.120495e+01
	622	417	155.500000	-14.250000	-2.214862e-04	1.000598e+05	1.513575e+00	1.304716e+01	1.428472e+04	1.430058e+04	1.408346e+04	9.241618e+01	8.928267e+01
	537	430	134.250000	-17.500000	-2.485765e-04	9.527980e+04	3.423124e+03	1.142615e+01	1.381510e+04	1.385598e+04	1.349509e+04	9.932000e+01	9.178201e+01
	107	431	26.750000	-17.750000	-8.737575e-05	8.624280e+04	1.303387e+04	1.037979e+01	1.452361e+04	1.453555e+04	1.438859e+04	8.437629e+01	8.003532e+01
	191	431	47.750000	-17.750000	-4.384173e-04	8.124480e+04	1.882964e+04	1.214853e+01	1.420440e+04	1.421486e+04	1.400346e+04	8.736384e+01	8.092463e+01
	697	447	174.250000	-21.750000	-3.921520e-05	1.004768e+05	1.192414e+00	7.237987e+00	1.438964e+04	1.439736e+04	1.433871e+04	8.128293e+01	8.368271e+01
	261	455	65.250000	-23.750000	-6.855382e-04	9.861880e+04	1.273016e+00	1.870103e+01	1.382515e+04	1.387535e+04	1.278896e+04	8.874841e+01	8.604945e+01
	1257	476	314.250000	-29.000000	-9.351503e-05	9.800180e+04	5.814855e+00	1.281671e+01	1.502249e+04	1.502599e+04	1.496496e+04	8.078851e+01	7.667839e+01
	1234	478	308.500000	-29.500000	-2.467288e-04	8.714380e+04	1.338939e+04	1.329352e+01	1.485700e+04	1.486298e+04	1.476646e+04	8.875863e+01	8.227312e+01
	478	513	119.500000	-38.250000	-1.773192e-04	1.002968e+05	1.111635e+00	1.108635e+01	1.395120e+04	1.397526e+04	1.375121e+04	7.835399e+01	7.491321e+01
	370	528	92.500000	-42.000000	-2.742065e-04	9.920880e+04	1.514789e+00	1.745786e+01	1.331691e+04	1.339443e+04	1.266746e+04	9.070609e+01	8.988803e+01
	635	531	158.750000	-42.750000	-3.316654e-04	9.928080e+04	2.858545e+00	1.515055e+01	1.327750e+04	1.329677e+04	1.311846e+04	8.044426e+01	7.912905e+01
	604	533	151.000000	-43.250000	-2.416624e-04	9.288480e+04	2.574291e+01	1.712263e+01	1.276861e+04	1.281217e+04	1.237196e+04	7.913152e+01	7.561057e+01
2024	1	18	35	18
	975	360	243.750000	0.000000	-1.545600e-05	1.011004e+05	8.908572e-01	9.191720e+00	1.484034e+04	1.484103e+04	1.482902e+04	9.190948e+01	9.143388e+01
	1126	360	281.500000	0.000000	-6.775907e-05	6.519244e+04	3.877745e+04	6.820697e+00	1.485283e+04	1.485137e+04	1.466540e+04	8.466569e+01	8.515463e+01
	955	361	238.750000	-0.250000	-2.573780e-05	1.010584e+05	1.955514e+00	9.128168e+00	1.483060e+04	1.483146e+04	1.480402e+04	8.969910e+01	9.113837e+01
	1208	361	302.000000	-0.250000	-3.294996e-05	9.573644e+04	5.031323e+03	3.904942e+00	1.487064e+04	1.487130e+04	1.484240e+04	8.763388e+01	8.563410e+01
	38	362	9.500000	-0.500000	-2.368144e-05	9.283944e+04	6.307673e+03	4.921857e+00	1.488985e+04	1.489094e+04	1.487090e+04	7.918241e+01	7.610403e+01
	435	362	108.750000	-0.500000	1.187273e-05	9.500544e+04	6.177788e+03	9.728177e+00	1.464623e+04	1.465001e+04	1.462277e+04	8.592040e+01	8.572271e+01
	1283	362	320.750000	-0.500000	-7.379567e-06	1.001294e+05	1.754588e+00	7.795252e+00	1.486403e+04	1.486537e+04	1.484840e+04	8.055324e+01	7.918317e+01
	907	364	226.750000	-1.000000	-3.393344e-05	1.010444e+05	1.031411e+00	1.076208e+01	1.479684e+04	1.479959e+04	1.476927e+04	8.404986e+01	8.287853e+01
	1152	366	288.000000	-1.500000	-1.192575e-04	9.770644e+04	2.614399e+03	2.205284e+00	1.495318e+04	1.495638e+04	1.489427e+04	8.554395e+01	8.512630e+01
	1433	366	358.250000	-1.500000	-2.704910e-05	1.011364e+05	7.300394e-01	6.391204e+00	1.487623e+04	1.487898e+04	1.485502e+04	7.913663e+01	7.571793e+01
	653	369	163.250000	-2.250000	-1.503876e-05	1.004324e+05	1.654385e+00	8.597116e+00	1.439619e+04	1.439765e+04	1.430790e+04	8.733405e+01	8.672163e+01
	550	378	137.500000	-4.500000	-3.151945e-05	6.986044e+04	3.434546e+04	9.358833e+00	1.444609e+04	1.444243e+04	1.439190e+04	7.628671e+01	7.858561e+01
	1121	382	280.250000	-5.500000	-1.168435e-04	6.575544e+04	3.491481e+04	6.997848e+00	1.483221e+04	1.483542e+04	1.463140e+04	7.966943e+01	7.920235e+01
	1186	382	296.500000	-5.500000	-4.600338e-05	9.983944e+04	9.338270e+02	2.560106e+00	1.488033e+04	1.488136e+04	1.481715e+04	8.105602e+01	8.125370e+01
	962	385	240.500000	-6.250000	-1.980714e-05	1.011574e+05	8.708302e-01	1.145725e+01	1.485287e+04	1.485571e+04	1.482527e+04	8.235501e+01	8.068613e+01
	474	392	118.500000	-8.000000	-1.844948e-04	9.304544e+04	9.070883e+03	9.860391e+00	1.448635e+04	1.448566e+04	1.445127e+04	8.119537e+01	8.043745e+01
	591	394	147.750000	-8.500000	-1.175886e-04	7.793244e+04	2.481712e+04	1.277450e+01	1.434457e+04	1.434074e+04	1.425577e+04	8.328678e+01	8.158238e+01
	1230	394	307.500000	-8.500000	-2.344302e-05	9.499444e+04	5.010623e+03	2.005784e+00	1.490180e+04	1.490291e+04	1.482815e+04	8.328216e+01	8.287093e+01
	1203	396	300.750000	-9.000000	-1.086644e-05	9.563644e+04	3.651223e+03	2.319115e+00	1.488479e+04	1.488576e+04	1.482540e+04	8.418078e+01	8.344784e+01
	373	409	93.250000	-12.250000	-5.438214e-04	9.961944e+04	1.413272e+00	1.909482e+01	1.445230e+04	1.448212e+04	1.359402e+04	8.828003e+01	7.969182e+01
	623	415	155.750000	-13.750000	-3.311520e-04	9.971544e+04	1.513575e+00	1.614006e+01	1.402641e+04	1.404323e+04	1.377302e+04	9.124480e+01	8.801809e+01
	869	421	217.250000	-15.250000	-8.690869e-06	1.012214e+05	1.011374e+00	8.853448e+00	1.498757e+04	1.499068e+04	1.495740e+04	7.618154e+01	7.621859e+01
	536	431	134.000000	-17.750000	-2.309566e-04	9.490944e+04	3.423124e+03	9.035227e+00	1.363525e+04	1.367631e+04	1.332702e+04	9.916106e+01	9.339507e+01
	105	432	26.250000	-18.000000	-2.465730e-04	8.676844e+04	1.303387e+04	1.214284e+01	1.465386e+04	1.466605e+04	1.451052e+04	9.115505e+01	8.492482e+01
	585	432	146.250000	-18.000000	-3.293043e-04	9.078644e+04	8.950066e+03	9.357215e+00	1.416392e+04	1.416535e+04	1.410690e+04	8.244668e+01	8.008401e+01
	129	433	32.250000	-18.250000	-3.045087e-04	8.483844e+04	1.696917e+04	7.769727e+00	1.472911e+04	1.473015e+04	1.467877e+04	9.331360e+01	8.786355e+01
	194	433	48.500000	-18.250000	-7.203405e-04	8.142344e+04	1.882964e+04	1.297343e+01	1.438161e+04	1.439244e+04	1.410490e+04	8.836340e+01	8.187626e+01
	259	454	64.750000	-23.500000	-5.286222e-04	9.915244e+04	1.754774e+00	1.656547e+01	1.405925e+04	1.410182e+04	1.324102e+04	8.759921e+01	8.622081e+01
	687	459	171.750000	-24.750000	-4.844717e-05	1.004314e+05	1.794638e+00	1.296096e+01	1.434277e+04	1.435359e+04	1.426715e+04	8.288529e+01	8.350801e+01
	1271	477	317.750000	-29.250000	-3.539806e-04	1.011434e+05	2.097830e+00	1.297005e+01	1.495628e+04	1.496638e+04	1.480577e+04	8.147930e+01	7.424953e+01
	171	485	42.750000	-31.250000	-2.041643e-04	1.010374e+05	1.312654e+00	1.377522e+01	1.482314e+04	1.482943e+04	1.475452e+04	7.994072e+01	7.622549e+01
	645	504	161.250000	-36.000000	-7.239764e-04	1.001344e+05	1.754838e+00	1.530105e+01	1.409394e+04	1.409753e+04	1.384702e+04	7.718436e+01	7.636325e+01
	375	527	93.750000	-41.750000	-3.070419e-04	9.937644e+04	1.514789e+00	1.494799e+01	1.336454e+04	1.343035e+04	1.277977e+04	9.155115e+01	9.007232e+01
	652	530	163.000000	-42.500000	-5.936807e-04	9.919544e+04	4.842999e+00	1.910438e+01	1.352726e+04	1.354220e+04	1.333690e+04	7.610036e+01	7.963731e+01
	611	535	152.750000	-43.750000	-2.981012e-04	9.876444e+04	1.857909e+00	1.592378e+01	1.266699e+04	1.270693e+04	1.228690e+04	7.852310e+01	7.627184e+01
2024	1	19	29	0
	370	360	92.500000	0.000000	1.131417e-05	1.009131e+05	2.839612e+00	6.963358e+00	1.475292e+04	1.475352e+04	1.473184e+04	7.573077e+01	7.243614e+01
	607	360	151.750000	0.000000	-1.354096e-05	1.002491e+05	5.108337e+00	9.796369e+00	1.460044e+04	1.460274e+04	1.456921e+04	7.660854e+01	7.134171e+01
	984	360	246.000000	0.000000	-8.385163e-06	1.006841e+05	9.715036e-01	9.108328e+00	1.451804e+04	1.451997e+04	1.450771e+04	8.817728e+01	9.091330e+01
	957	361	239.250000	-0.250000	-2.662418e-05	1.006561e+05	1.613883e+00	8.631680e+00	1.447416e+04	1.447767e+04	1.444221e+04	8.899424e+01	9.016997e+01
	1372	362	343.000000	-0.500000	-1.067994e-05	1.013941e+05	1.071425e+00	5.689099e+00	1.507224e+04	1.507280e+04	1.505846e+04	8.062893e+01	8.452500e+01
	878	363	219.500000	-0.750000	-1.926301e-05	1.005871e+05	1.192116e+00	1.073580e+01	1.441847e+04	1.442089e+04	1.440746e+04	8.061692e+01	7.676270e+01
	1187	363	296.750000	-0.750000	-9.160023e-06	9.397309e+04	6.152961e+03	2.585728e+00	1.482337e+04	1.482730e+04	1.477884e+04	7.939265e+01	8.002732e+01
	878	364	219.500000	-1.000000	-2.859114e-05	1.005781e+05	1.192116e+00	1.108991e+01	1.441943e+04	1.442197e+04	1.440746e+04	7.997678e+01	7.611753e+01
	431	366	107.750000	-1.500000	2.773525e-05	9.899509e+04	3.624096e+02	8.338839e+00	1.474302e+04	1.474652e+04	1.471409e+04	9.245509e+01	8.895524e+01
	917	366	229.250000	-1.500000	-1.520989e-05	1.006361e+05	9.106419e-01	1.029765e+01	1.446668e+04	1.446919e+04	1.443859e+04	8.266669e+01	8.265751e+01
	1031	369	257.750000	-2.250000	-2.927659e-05	1.007851e+05	9.516726e-01	8.222740e+00	1.456155e+04	1.456491e+04	1.454084e+04	8.205687e+01	8.245366e+01
	1119	381	279.750000	-5.250000	-9.567617e-05	6.827209e+04	2.731175e+04	7.352746e+00	1.468010e+04	1.468273e+04	1.456396e+04	8.204664e+01	8.010179e+01
	456	385	114.000000	-6.250000	-1.241076e-04	9.034009e+04	8.674839e+03	8.408463e+00	1.469894e+04	1.469956e+04	1.465059e+04	9.137552e+01	8.610285e+01
	456	386	114.000000	-6.500000	-1.241076e-04	9.034009e+04	1.376617e+04	8.408463e+00	1.469362e+04	1.469395e+04	1.465059e+04	9.129156e+01	8.560677e+01
	373	410	93.250000	-12.500000	-6.238329e-04	9.960809e+04	1.413272e+00	1.841665e+01	1.446429e+04	1.449433e+04	1.358059e+04	8.730232e+01	8.169032e+01
	1154	411	288.500000	-12.750000	-2.993154e-04	5.692709e+04	4.789930e+04	3.781608e+00	1.487129e+04	1.486185e+04	1.463784e+04	7.933915e+01	8.173621e+01
	261	412	65.250000	-13.000000	-3.690599e-05	1.003401e+05	1.232515e+00	1.144005e+01	1.439995e+04	1.440005e+04	1.435496e+04	8.537370e+01	7.773867e+01
	624	414	156.000000	-13.500000	-4.440057e-04	9.999109e+04	1.533907e+00	1.596289e+01	1.427667e+04	1.429248e+04	1.399734e+04	8.991562e+01	8.776846e+01
	534	431	133.500000	-17.750000	-3.623771e-04	9.513709e+04	3.423124e+03	1.083630e+01	1.385655e+04	1.389825e+04	1.345584e+04	9.930936e+01	9.433652e+01
	109	432	27.250000	-18.000000	-5.786526e-04	8.624409e+04	1.303387e+04	8.906656e+00	1.460299e+04	1.461708e+04	1.442646e+04	9.451359e+01	9.156308e+01
	585	432	146.250000	-18.000000	-5.104649e-04	9.096809e+04	8.950066e+03	7.992806e+00	1.436932e+04	1.436967e+04	1.430884e+04	8.495801e+01	8.414004e+01
	196	434	49.000000	-18.500000	-6.598043e-04	8.125809e+04	1.768611e+04	1.246049e+01	1.422829e+04	1.423568e+04	1.407696e+04	8.160755e+01	7.807895e+01
	257	454	64.250000	-23.500000	-4.437077e-04	9.923109e+04	1.754774e+00	1.539764e+01	1.396027e+04	1.399795e+04	1.330709e+04	9.129298e+01	8.725998e+01
	686	458	171.500000	-24.500000	-7.994054e-05	1.004731e+05	1.794638e+00	1.287006e+01	1.438713e+04	1.439963e+04	1.430496e+04	8.136026e+01	8.131029e+01
	1271	473	317.750000	-28.250000	-1.356709e-04	1.011561e+05	1.855478e+00	1.233209e+01	1.497536e+04	1.498912e+04	1.485834e+04	8.089114e+01	8.089420e+01
	1222	484	305.500000	-31.000000	-9.394763e-05	9.414209e+04	4.325086e+03	1.111654e+01	1.468675e+04	1.469844e+04	1.459734e+04	8.888307e+01	8.803682e+01
	378	527	94.500000	-41.750000	-2.818513e-04	9.949109e+04	1.473975e+00	1.433543e+01	1.341961e+04	1.348198e+04	1.285009e+04	9.349139e+01	9.051235e+01
	681	536	170.250000	-44.000000	-2.789008e-04	8.520109e+04	1.504630e+04	1.641848e+01	1.422939e+04	1.422218e+04	1.404721e+04	7.706004e+01	7.238976e+01
	624	539	156.000000	-44.750000	-1.787352e-04	9.906409e+04	2.858545e+00	1.517982e+01	1.280561e+04	1.284064e+04	1.253659e+04	7.851189e+01	7.697771e+01
2024	1	19	30	6
	937	360	234.250000	0.000000	2.654269e-06	1.010366e+05	1.433130e+00	9.312162e+00	1.480193e+04	1.480311e+04	1.478475e+04	8.766273e+01	9.019940e+01
	400	361	100.000000	-0.250000	-9.068660e-05	8.743659e+04	1.532920e+04	4.846445e+00	1.478253e+04	1.478231e+04	1.475563e+04	8.538465e+01	8.372533e+01
	437	361	109.250000	-0.250000	1.266785e-05	9.489059e+04	6.177788e+03	8.547720e+00	1.464086e+04	1.464495e+04	1.456675e+04	9.197537e+01	8.802275e+01
	860	361	215.000000	-0.250000	-3.546290e-05	1.008396e+05	9.310293e-01	1.065566e+01	1.464714e+04	1.465016e+04	1.463150e+04	8.365785e+01	7.895106e+01
	1202	361	300.500000	-0.250000	-4.491024e-05	9.578359e+04	4.778888e+03	3.978560e+00	1.484232e+04	1.484431e+04	1.481075e+04	9.258766e+01	8.883882e+01
	646	362	161.500000	-0.500000	-1.147203e-05	1.004636e+05	1.634048e+00	7.264722e+00	1.440315e+04	1.440317e+04	1.437825e+04	8.385237e+01	8.538643e+01
	1040	363	260.000000	-0.750000	-3.182702e-05	1.010606e+05	1.232103e+00	7.827301e+00	1.479571e+04	1.479651e+04	1.479188e+04	9.168455e+01	8.819239e+01
	898	364	224.500000	-1.000000	-2.428703e-05	1.009656e+05	1.051696e+00	1.047738e+01	1.474783e+04	1.474817e+04	1.474138e+04	8.181921e+01	8.281073e+01
	1040	364	260.000000	-1.000000	-2.455525e-05	1.010696e+05	8.506778e-01	7.948213e+00	1.479626e+04	1.479715e+04	1.479188e+04	9.155773e+01	8.779448e+01
	977	370	244.250000	-2.500000	-2.652220e-05	1.010786e+05	1.353184e+00	9.842445e+00	1.481535e+04	1.481640e+04	1.478625e+04	9.248025e+01	9.243726e+01
	486	375	121.500000	-3.750000	-9.512715e-05	8.209359e+04	1.506686e+04	1.068223e+01	1.449557e+04	1.449860e+04	1.439425e+04	8.123149e+01	8.279838e+01
	920	375	230.000000	-3.750000	-2.288632e-05	1.010586e+05	9.106419e-01	1.074236e+01	1.480454e+04	1.480497e+04	1.479125e+04	8.516111e+01	7.980775e+01
	561	377	140.250000	-4.250000	-1.318138e-04	7.047359e+04	3.169332e+04	6.536119e+00	1.433324e+04	1.433215e+04	1.425950e+04	8.091936e+01	7.929905e+01
	1121	382	280.250000	-5.500000	-6.720237e-05	6.573459e+04	3.491481e+04	7.444590e+00	1.482612e+04	1.482653e+04	1.468550e+04	8.725379e+01	8.363010e+01
	458	386	114.500000	-6.500000	-6.218832e-04	9.017559e+04	8.767747e+03	1.057061e+01	1.455084e+04	1.455128e+04	1.446525e+04	8.923888e+01	8.522411e+01
	459	386	114.750000	-6.500000	-6.218832e-04	9.017559e+04	8.767747e+03	1.057061e+01	1.454832e+04	1.454844e+04	1.446525e+04	8.909549e+01	8.486790e+01
	371	410	92.750000	-12.500000	-6.618183e-04	9.950759e+04	1.413272e+00	1.940417e+01	1.450810e+04	1.453618e+04	1.353750e+04	8.541003e+01	7.914120e+01
	627	415	156.750000	-13.750000	-6.940644e-04	9.939759e+04	1.614517e+00	1.780514e+01	1.404141e+04	1.406524e+04	1.349038e+04	8.584192e+01	8.676757e+01
	532	429	133.000000	-17.250000	-3.058594e-04	9.519359e+04	3.261345e+03	1.040653e+01	1.368581e+04	1.371901e+04	1.329913e+04	9.652322e+01	8.934795e+01
	111	430	27.750000	-17.500000	-4.674476e-04	8.596159e+04	1.303387e+04	9.296258e+00	1.476348e+04	1.477808e+04	1.456825e+04	9.603971e+01	9.402777e+01
	197	432	49.250000	-18.000000	-3.776532e-04	8.141859e+04	1.472950e+04	1.262611e+01	1.436007e+04	1.436775e+04	1.421250e+04	8.186025e+01	7.841023e+01
	1186	437	296.500000	-19.250000	-3.573280e-04	5.987959e+04	3.569147e+04	5.636832e+00	1.480450e+04	1.481581e+04	1.457113e+04	8.304291e+01	7.841644e+01
	255	453	63.750000	-23.250000	-3.671627e-04	9.955959e+04	1.935331e+00	1.340143e+01	1.412916e+04	1.416395e+04	1.359588e+04	9.246244e+01	8.772865e+01
	751	457	187.750000	-24.250000	-1.807492e-04	1.007886e+05	9.310980e-01	1.513774e+01	1.480457e+04	1.480993e+04	1.471963e+04	9.272296e+01	8.667148e+01
	691	459	172.750000	-24.750000	-4.750304e-05	1.003836e+05	1.734213e+00	1.183179e+01	1.429645e+04	1.430945e+04	1.422488e+04	8.136239e+01	8.440468e+01
	594	461	148.500000	-25.250000	-1.063626e-04	9.187159e+04	8.250048e+03	5.843753e+00	1.430971e+04	1.431255e+04	1.423775e+04	8.319485e+01	7.269310e+01
	1229	483	307.250000	-30.750000	-8.448772e-05	9.001859e+04	5.794713e+03	1.059899e+01	1.461000e+04	1.462200e+04	1.451738e+04	9.151316e+01	8.940413e+01
	1229	484	307.250000	-31.000000	-9.801798e-05	9.091559e+04	5.071079e+03	1.060567e+01	1.460755e+04	1.461924e+04	1.451738e+04	9.169324e+01	8.918507e+01
	201	495	50.250000	-33.750000	-5.747657e-04	1.012236e+05	1.252525e+00	1.285425e+01	1.480541e+04	1.481000e+04	1.465138e+04	8.721109e+01	7.412768e+01
	379	527	94.750000	-41.750000	-2.780538e-04	9.954959e+04	1.473975e+00	1.427660e+01	1.348779e+04	1.354834e+04	1.290688e+04	9.115061e+01	8.936394e+01
2024	1	19	29	12
	427	360	106.750000	0.000000	-9.622891e-06	9.945995e+04	2.121359e+02	9.587961e+00	1.477472e+04	1.477674e+04	1.472656e+04	9.042113e+01	8.531651e+01
	1338	360	334.500000	0.000000	-1.898082e-05	1.013560e+05	1.212281e+00	5.935622e+00	1.503993e+04	1.504124e+04	1.501506e+04	8.123602e+01	8.285827e+01
	989	361	247.250000	-0.250000	-1.167925e-05	1.008290e+05	1.293055e+00	8.782349e+00	1.462603e+04	1.462688e+04	1.462294e+04	8.931893e+01	9.022412e+01
	1372	361	343.000000	-0.250000	-7.716008e-07	1.013240e+05	1.071425e+00	6.011744e+00	1.503429e+04	1.503535e+04	1.501419e+04	7.503658e+01	7.803355e+01
	849	363	212.250000	-0.750000	-1.307996e-05	1.006260e+05	1.573924e+00	9.985855e+00	1.445957e+04	1.446205e+04	1.444319e+04	8.872265e+01	8.338953e+01
	887	363	221.750000	-0.750000	-2.458366e-05	1.006690e+05	1.192116e+00	1.060060e+01	1.447587e+04	1.447838e+04	1.444244e+04	8.529265e+01	8.566329e+01
	1122	366	280.500000	-1.500000	-1.200703e-04	6.515295e+04	3.877745e+04	6.998474e+00	1.481021e+04	1.481079e+04	1.465494e+04	8.902022e+01	8.809153e+01
	555	372	138.750000	-3.000000	-1.573828e-04	7.003995e+04	3.434546e+04	5.735755e+00	1.465153e+04	1.465155e+04	1.458581e+04	8.923456e+01	8.313168e+01
	618	384	154.500000	-6.000000	-5.906494e-05	9.225195e+04	8.972600e+03	8.976809e+00	1.457722e+04	1.457610e+04	1.454506e+04	8.210310e+01	8.397270e+01
	465	387	116.250000	-6.750000	-2.414552e-04	9.173995e+04	8.767747e+03	1.041511e+01	1.468868e+04	1.468869e+04	1.463369e+04	8.539526e+01	8.238313e+01
	1073	395	268.250000	-8.750000	-9.229453e-05	1.010300e+05	1.974959e+00	9.891167e+00	1.463520e+04	1.463827e+04	1.461156e+04	8.417632e+01	8.534187e+01
	760	409	190.000000	-12.250000	-2.738507e-05	9.726195e+04	2.647497e+01	6.335463e+00	1.468932e+04	1.469139e+04	1.465644e+04	8.628915e+01	7.855720e+01
	371	411	92.750000	-12.750000	-6.538001e-04	9.941995e+04	1.413272e+00	1.976637e+01	1.442943e+04	1.445717e+04	1.345256e+04	8.255341e+01	7.839232e+01
	151	415	37.750000	-13.750000	-1.503793e-04	8.800295e+04	1.133165e+04	5.162798e+00	1.444787e+04	1.444977e+04	1.432581e+04	8.504422e+01	7.968324e+01
	121	417	30.250000	-14.250000	-1.335707e-04	8.425195e+04	1.538109e+04	5.989500e+00	1.450791e+04	1.451472e+04	1.441031e+04	8.143803e+01	8.202253e+01
	626	418	156.500000	-14.500000	-4.029241e-04	9.986495e+04	1.513575e+00	1.608992e+01	1.426660e+04	1.429088e+04	1.390856e+04	8.620546e+01	8.781461e+01
	271	419	67.750000	-14.750000	-1.460281e-04	1.002960e+05	1.533516e+00	1.227705e+01	1.433904e+04	1.434185e+04	1.427444e+04	8.184481e+01	7.917258e+01
	536	429	134.000000	-17.250000	-3.377465e-04	9.561295e+04	3.423124e+03	9.119640e+00	1.389647e+04	1.393329e+04	1.355031e+04	9.357585e+01	8.807989e+01
	201	432	50.250000	-18.000000	-3.286568e-04	8.404295e+04	1.079163e+04	1.217445e+01	1.411385e+04	1.412209e+04	1.398256e+04	8.367168e+01	7.952364e+01
	861	443	215.250000	-20.750000	-5.370053e-05	1.010290e+05	1.071666e+00	8.849644e+00	1.476543e+04	1.477056e+04	1.470819e+04	8.795351e+01	8.632500e+01
	1190	445	297.500000	-21.250000	-1.932052e-04	6.394195e+04	2.265000e+04	7.262219e+00	1.502908e+04	1.504165e+04	1.487569e+04	7.555914e+01	7.484103e+01
	1190	447	297.500000	-21.750000	-1.932052e-04	6.394195e+04	2.265000e+04	7.262219e+00	1.502693e+04	1.503930e+04	1.487569e+04	7.582754e+01	7.461234e+01
	253	454	63.250000	-23.500000	-3.301171e-04	9.948295e+04	1.935331e+00	1.280229e+01	1.398781e+04	1.402068e+04	1.351656e+04	9.142301e+01	8.646542e+01
	737	457	184.250000	-24.250000	-1.471010e-04	1.008190e+05	1.715330e+00	1.520812e+01	1.470310e+04	1.471324e+04	1.460494e+04	9.375488e+01	9.244944e+01
	688	466	172.000000	-26.500000	-1.120535e-04	1.005690e+05	1.734213e+00	1.426731e+01	1.446641e+04	1.448596e+04	1.433956e+04	8.769376e+01	8.447864e+01
	1272	480	318.000000	-30.000000	-2.254513e-04	1.009210e+05	2.097830e+00	1.255618e+01	1.477574e+04	1.479166e+04	1.457694e+04	8.052624e+01	8.530714e+01
	1237	485	309.250000	-31.250000	-1.339880e-04	8.801395e+04	6.102165e+03	9.106102e+00	1.464869e+04	1.466004e+04	1.455806e+04	9.272044e+01	8.712525e+01
	199	494	49.750000	-33.500000	-4.229215e-04	1.010750e+05	1.252525e+00	1.445568e+01	1.472333e+04	1.473086e+04	1.457144e+04	8.299971e+01	6.902685e+01
	383	526	95.750000	-41.500000	-2.557305e-04	9.959095e+04	1.473975e+00	1.476172e+01	1.350167e+04	1.355886e+04	1.294944e+04	8.979404e+01	8.842747e+01
2024	1	19	35	18
	889	360	222.250000	0.000000	-4.397519e-05	1.009602e+05	1.192116e+00	9.894438e+00	1.474636e+04	1.474792e+04	1.472776e+04	8.305564e+01	8.413115e+01
	1007	360	251.750000	0.000000	-1.932867e-05	1.010992e+05	1.332842e+00	8.712987e+00	1.484724e+04	1.484767e+04	1.483226e+04	9.122230e+01	8.984269e+01
	1126	360	281.500000	0.000000	-9.937771e-05	6.514718e+04	3.877745e+04	5.630100e+00	1.481033e+04	1.480917e+04	1.458789e+04	8.333822e+01	8.420135e+01
	445	362	111.250000	-0.500000	2.546236e-06	9.220317e+04	6.177788e+03	8.387267e+00	1.469952e+04	1.469989e+04	1.467301e+04	8.428473e+01	8.481771e+01
	1248	362	312.000000	-0.500000	-1.032837e-05	9.934217e+04	7.561370e+02	7.091265e+00	1.487417e+04	1.487478e+04	1.486101e+04	8.093864e+01	8.375931e+01
	921	363	230.250000	-0.750000	-2.874620e-05	1.010062e+05	9.106419e-01	1.024680e+01	1.477818e+04	1.477950e+04	1.475476e+04	8.569653e+01	8.805247e+01
	1173	363	293.250000	-0.750000	-1.176763e-04	9.355717e+04	8.238647e+03	4.764390e+00	1.483936e+04	1.484306e+04	1.475914e+04	8.589631e+01	8.548365e+01
	671	364	167.750000	-1.000000	4.572794e-06	1.006232e+05	5.350978e+00	5.493242e+00	1.450614e+04	1.450704e+04	1.449676e+04	7.675077e+01	7.850160e+01
	1270	367	317.500000	-1.750000	4.781410e-06	9.410217e+04	1.305101e+03	7.190650e+00	1.486917e+04	1.486944e+04	1.484739e+04	7.565780e+01	7.768966e+01
	1428	369	357.000000	-2.250000	-8.182600e-06	1.011772e+05	6.898968e-01	5.003918e+00	1.490972e+04	1.491016e+04	1.489751e+04	7.798405e+01	7.129136e+01
	1429	369	357.250000	-2.250000	-1.470931e-05	1.011742e+05	5.703260e-01	5.003918e+00	1.490998e+04	1.491040e+04	1.489751e+04	7.847469e+01	7.151595e+01
	547	373	136.750000	-3.250000	-2.266634e-04	6.984517e+04	3.434546e+04	9.849412e+00	1.446108e+04	1.445860e+04	1.439389e+04	8.608746e+01	8.387568e+01
	1121	382	280.250000	-5.500000	-1.009572e-04	6.571317e+04	3.491481e+04	6.223958e+00	1.479198e+04	1.479582e+04	1.456901e+04	8.091676e+01	8.084911e+01
	919	383	229.750000	-5.750000	-6.245449e-06	1.010472e+05	9.712355e-01	1.118401e+01	1.480117e+04	1.480253e+04	1.478326e+04	8.167500e+01	7.855524e+01
	1177	389	294.250000	-7.250000	-2.660044e-05	9.892017e+04	1.509943e+03	2.342009e+00	1.487538e+04	1.487821e+04	1.474489e+04	8.080989e+01	8.293739e+01
	591	394	147.750000	-8.500000	-1.773704e-04	7.795317e+04	2.481712e+04	1.204980e+01	1.436808e+04	1.436627e+04	1.428101e+04	7.855850e+01	8.051559e+01
	968	394	242.000000	-8.500000	-7.163174e-05	1.012012e+05	5.694768e-01	1.097225e+01	1.490755e+04	1.491041e+04	1.488739e+04	7.596346e+01	7.951084e+01
	1212	402	303.000000	-10.500000	-2.701767e-05	9.497117e+04	4.063681e+03	2.470875e+00	1.490213e+04	1.490509e+04	1.481414e+04	7.829390e+01	8.212182e+01
	296	406	74.000000	-11.500000	-2.644826e-04	1.008402e+05	1.835340e+00	1.022094e+01	1.474561e+04	1.474934e+04	1.467089e+04	8.845631e+01	8.608891e+01
	371	410	92.750000	-12.500000	-7.233191e-04	9.950417e+04	1.413272e+00	1.862707e+01	1.451849e+04	1.454947e+04	1.352589e+04	7.942880e+01	7.875936e+01
	624	418	156.000000	-14.500000	-2.960134e-04	9.970017e+04	1.513575e+00	1.477699e+01	1.407247e+04	1.409754e+04	1.377439e+04	8.965202e+01	9.040279e+01
	186	420	46.500000	-15.000000	-2.700854e-04	8.488617e+04	1.099896e+04	1.216425e+01	1.441570e+04	1.442348e+04	1.424976e+04	8.585973e+01	8.161757e+01
	252	423	63.000000	-15.750000	-4.609115e-05	1.004962e+05	1.272669e+00	1.196067e+01	1.445206e+04	1.445445e+04	1.441726e+04	8.389804e+01	8.182923e+01
	253	423	63.250000	-15.750000	-4.609115e-05	1.005012e+05	1.332738e+00	1.187485e+01	1.445431e+04	1.445679e+04	1.441726e+04	8.398109e+01	8.186382e+01
	114	426	28.500000	-16.500000	-3.312100e-04	8.574417e+04	1.303387e+04	8.413519e+00	1.473642e+04	1.474938e+04	1.457376e+04	9.265410e+01	9.071419e+01
	530	431	132.500000	-17.750000	-5.900133e-04	9.496917e+04	3.335034e+03	1.031576e+01	1.373454e+04	1.377136e+04	1.328201e+04	9.220941e+01	8.340280e+01
	851	451	212.750000	-22.750000	-9.577163e-05	1.012072e+05	7.597525e+00	8.709635e+00	1.485349e+04	1.486305e+04	1.478976e+04	9.099170e+01	8.734126e+01
	251	455	62.750000	-23.750000	-2.969671e-04	9.983117e+04	1.935331e+00	1.269048e+01	1.421926e+04	1.424942e+04	1.381626e+04	9.420334e+01	8.814943e+01
	734	455	183.500000	-23.750000	-3.220327e-05	1.007302e+05	2.657563e+00	1.460094e+01	1.462624e+04	1.463174e+04	1.459351e+04	9.282920e+01	9.271162e+01
	686	470	171.500000	-27.500000	-2.188552e-04	1.004122e+05	1.151979e+00	1.595639e+01	1.438047e+04	1.439932e+04	1.419014e+04	8.616337e+01	8.271369e+01
	856	474	214.000000	-28.500000	-4.790295e-04	1.013912e+05	3.098925e+01	1.233830e+01	1.503507e+04	1.504180e+04	1.489326e+04	8.759426e+01	8.404278e+01
	1268	481	317.000000	-30.250000	-1.416076e-04	1.006852e+05	2.236355e+00	1.104802e+01	1.453468e+04	1.454867e+04	1.438339e+04	7.781168e+01	8.306831e+01
	1269	481	317.250000	-30.250000	-1.416076e-04	1.006852e+05	2.236355e+00	1.155661e+01	1.454028e+04	1.455461e+04	1.438339e+04	7.847514e+01	8.328014e+01
	1239	488	309.750000	-32.000000	-1.688171e-04	9.153917e+04	2.358719e+03	7.985837e+00	1.453692e+04	1.454679e+04	1.443639e+04	8.948086e+01	8.415664e+01
	387	525	96.750000	-41.250000	-2.362300e-04	9.966117e+04	1.473975e+00	1.339484e+01	1.352062e+04	1.357371e+04	1.300389e+04	8.998309e+01	8.853466e+01
2024	1	20	33	0
	391	360	97.750000	0.000000	-1.635286e-05	8.701311e+04	8.000069e+03	5.113385e+00	1.484842e+04	1.484720e+04	1.481973e+04	8.298827e+01	7.769457e+01
	442	360	110.500000	0.000000	-2.210471e-05	9.326511e+04	6.177788e+03	8.015334e+00	1.481982e+04	1.482103e+04	1.480873e+04	8.296139e+01	8.354156e+01
	1016	360	254.000000	0.000000	-8.902280e-06	1.007311e+05	9.314079e-01	8.494072e+00	1.454160e+04	1.454411e+04	1.451748e+04	8.652080e+01	8.749679e+01
	880	361	220.000000	-0.250000	-1.080963e-05	1.005331e+05	1.192116e+00	9.266945e+00	1.439078e+04	1.439407e+04	1.435698e+04	8.439321e+01	8.370338e+01
	880	362	220.000000	-0.500000	-1.280638e-05	1.005331e+05	1.192116e+00	9.549497e+00	1.439181e+04	1.439532e+04	1.435698e+04	8.401286e+01	8.308517e+01
	1396	363	349.000000	-0.750000	-1.173350e-05	1.014011e+05	6.899931e-01	6.025691e+00	1.509521e+04	1.509560e+04	1.508748e+04	8.109859e+01	7.708540e+01
	1175	364	293.750000	-1.000000	-7.661316e-05	9.359111e+04	8.238647e+03	3.141918e+00	1.483076e+04	1.483246e+04	1.479460e+04	7.685768e+01	7.983266e+01
	935	366	233.750000	-1.500000	-7.471768e-06	1.006461e+05	1.091637e+00	1.021634e+01	1.447173e+04	1.447347e+04	1.445010e+04	8.742076e+01	8.788492e+01
	1122	366	280.500000	-1.500000	-8.790824e-05	6.507311e+04	3.877745e+04	5.753048e+00	1.466284e+04	1.466147e+04	1.453598e+04	8.791041e+01	8.656137e+01
	833	368	208.250000	-2.000000	-6.726710e-06	1.005631e+05	1.151997e+00	9.721017e+00	1.443747e+04	1.444038e+04	1.441810e+04	7.729710e+01	7.911234e+01
	997	369	249.250000	-2.250000	-1.000497e-05	1.007401e+05	1.393142e+00	9.235181e+00	1.453769e+04	1.453999e+04	1.452060e+04	8.316921e+01	8.186768e+01
	1042	377	260.500000	-4.250000	-1.048180e-05	1.007941e+05	1.232343e+00	8.908091e+00	1.453273e+04	1.453462e+04	1.451273e+04	7.763114e+01	7.459132e+01
	1044	377	261.000000	-4.250000	-1.048180e-05	1.007941e+05	1.232343e+00	8.761829e+00	1.453114e+04	1.453314e+04	1.451273e+04	7.785265e+01	7.548305e+01
	1044	378	261.000000	-4.500000	-9.379117e-06	1.007941e+05	1.232343e+00	8.908091e+00	1.453085e+04	1.453296e+04	1.451273e+04	7.705540e+01	7.482079e+01
	539	385	134.750000	-6.250000	1.014140e-05	8.136811e+04	6.537274e+02	1.146743e+01	1.458019e+04	1.458182e+04	1.454948e+04	7.571095e+01	7.761005e+01
	479	388	119.750000	-7.000000	-2.469036e-04	9.325811e+04	9.877750e+03	1.320065e+01	1.470723e+04	1.470845e+04	1.463473e+04	8.216158e+01	7.948626e+01
	317	393	79.250000	-8.250000	-2.168748e-05	1.009071e+05	8.305774e-01	7.340693e+00	1.474337e+04	1.474354e+04	1.471760e+04	8.746980e+01	8.486252e+01
	299	407	74.750000	-11.750000	-2.383504e-04	1.006641e+05	1.835340e+00	9.356192e+00	1.462480e+04	1.462596e+04	1.454723e+04	8.796246e+01	8.606920e+01
	93	408	23.250000	-12.000000	-9.661051e-05	8.516611e+04	1.453007e+04	3.282735e+00	1.469367e+04	1.469755e+04	1.465860e+04	8.195525e+01	8.168880e+01
	371	410	92.750000	-12.500000	-8.270058e-04	9.913211e+04	1.413272e+00	2.037032e+01	1.448244e+04	1.451508e+04	1.323673e+04	7.929908e+01	7.994552e+01
	191	418	47.750000	-14.500000	-5.070481e-04	8.461111e+04	1.653842e+04	1.405181e+01	1.424754e+04	1.425658e+04	1.396623e+04	8.774532e+01	8.152892e+01
	623	418	155.750000	-14.500000	-3.015611e-04	9.995211e+04	1.513575e+00	1.454455e+01	1.429367e+04	1.431686e+04	1.398873e+04	8.838586e+01	8.813156e+01
	122	419	30.500000	-14.750000	-2.796266e-04	8.434211e+04	1.538109e+04	7.600280e+00	1.459510e+04	1.460473e+04	1.443185e+04	9.524831e+01	9.313568e+01
	255	426	63.750000	-16.500000	-4.058215e-05	1.003491e+05	1.332738e+00	1.092423e+01	1.431232e+04	1.431536e+04	1.428248e+04	8.079257e+01	8.148171e+01
	536	430	134.000000	-17.500000	-4.210386e-04	9.544511e+04	3.423124e+03	1.046635e+01	1.394902e+04	1.399267e+04	1.341110e+04	9.758660e+01	8.983210e+01
	568	444	142.000000	-21.000000	-2.409134e-04	9.110211e+04	5.678677e+03	7.521421e+00	1.437562e+04	1.437721e+04	1.432610e+04	8.375140e+01	8.354420e+01
	849	456	212.250000	-24.000000	-1.402411e-04	1.009701e+05	2.231657e+01	9.022686e+00	1.467134e+04	1.468582e+04	1.457098e+04	8.744418e+01	8.454057e+01
	249	457	62.250000	-24.250000	-2.475891e-04	9.984311e+04	1.935331e+00	1.236130e+01	1.414354e+04	1.416834e+04	1.381385e+04	9.508541e+01	8.863979e+01
	684	467	171.000000	-26.750000	-1.373503e-04	1.005301e+05	1.333449e+00	1.335237e+01	1.442865e+04	1.444530e+04	1.429585e+04	8.707410e+01	8.133791e+01
	708	471	177.000000	-27.750000	-5.101296e-05	1.005571e+05	1.352936e+00	1.498402e+01	1.445877e+04	1.447668e+04	1.436085e+04	8.858557e+01	8.823222e+01
	1268	482	317.000000	-30.500000	-1.368138e-04	1.006091e+05	2.236355e+00	1.096695e+01	1.448349e+04	1.450147e+04	1.432735e+04	8.031966e+01	8.553982e+01
	1242	485	310.500000	-31.250000	-1.503143e-04	8.792211e+04	6.102165e+03	8.157056e+00	1.454229e+04	1.454906e+04	1.446210e+04	8.756258e+01	8.262305e+01
	392	524	98.000000	-41.000000	-2.149853e-04	9.986311e+04	1.353104e+00	1.353778e+01	1.362411e+04	1.367154e+04	1.316610e+04	8.883479e+01	8.723384e+01
2024	1	20	20	6
	1389	361	347.250000	-0.250000	-5.337410e-06	1.012815e+05	7.302427e-01	6.477867e+00	1.496823e+04	1.496891e+04	1.495711e+04	8.291577e+01	7.876718e+01
	1122	366	280.500000	-1.500000	-9.247940e-05	6.511953e+04	3.877745e+04	6.410138e+00	1.476701e+04	1.476694e+04	1.460749e+04	9.425413e+01	9.016058e+01
	956	371	239.000000	-2.750000	-1.737755e-05	1.010205e+05	1.051681e+00	1.061622e+01	1.476683e+04	1.476961e+04	1.474299e+04	8.544949e+01	8.291043e+01
	1247	376	311.750000	-4.000000	-8.138828e-06	9.639653e+04	3.036725e+03	4.061344e+00	1.480861e+04	1.481104e+04	1.478249e+04	8.645695e+01	8.060926e+01
	699	383	174.750000	-5.750000	-1.982134e-05	1.005995e+05	1.393169e+00	6.072507e+00	1.452535e+04	1.452636e+04	1.448661e+04	8.674041e+01	8.282632e+01
	621	384	155.250000	-6.000000	-7.155817e-05	9.200153e+04	8.972600e+03	8.044657e+00	1.435309e+04	1.435244e+04	1.432961e+04	8.243949e+01	8.287476e+01
	591	394	147.750000	-8.500000	-8.145254e-05	7.790753e+04	2.481712e+04	1.142356e+01	1.433684e+04	1.433514e+04	1.425311e+04	7.741000e+01	8.102321e+01
	370	410	92.500000	-12.500000	-8.608429e-04	9.916353e+04	1.413272e+00	2.092429e+01	1.455743e+04	1.458930e+04	1.325824e+04	8.369944e+01	7.970547e+01
	117	417	29.250000	-14.250000	-4.420606e-04	8.454353e+04	1.537529e+04	8.507895e+00	1.479213e+04	1.480043e+04	1.466874e+04	9.529370e+01	9.326967e+01
	264	418	66.000000	-14.500000	-2.586571e-04	1.006255e+05	1.533516e+00	1.331882e+01	1.457991e+04	1.458838e+04	1.447574e+04	9.091465e+01	8.662808e+01
	622	418	155.500000	-14.500000	-2.636639e-04	9.964453e+04	1.513575e+00	1.429708e+01	1.403410e+04	1.406098e+04	1.373049e+04	8.977150e+01	8.819544e+01
	199	431	49.750000	-17.750000	-5.212156e-04	8.180453e+04	1.196682e+04	1.259325e+01	1.437062e+04	1.437898e+04	1.416924e+04	8.660006e+01	8.259825e+01
	533	431	133.250000	-17.750000	-5.161492e-04	9.493753e+04	3.423124e+03	1.120155e+01	1.375041e+04	1.379204e+04	1.327211e+04	9.506251e+01	8.625526e+01
	247	459	61.750000	-24.750000	-2.153246e-04	1.001185e+05	1.935331e+00	1.182929e+01	1.434094e+04	1.436373e+04	1.405274e+04	9.376128e+01	8.923817e+01
	750	459	187.500000	-24.750000	-1.663296e-04	1.007435e+05	9.307816e-01	1.610312e+01	1.472916e+04	1.473910e+04	1.463936e+04	9.261841e+01	8.801898e+01
	682	464	170.500000	-26.000000	-1.061289e-04	1.003845e+05	1.734213e+00	1.335699e+01	1.432073e+04	1.433780e+04	1.418799e+04	8.556068e+01	7.799549e+01
	862	464	215.500000	-26.000000	-4.692404e-04	1.009325e+05	3.098925e+01	1.309629e+01	1.476759e+04	1.478848e+04	1.452761e+04	8.931761e+01	8.614622e+01
	682	465	170.500000	-26.250000	-1.061289e-04	1.003845e+05	1.734213e+00	1.335699e+01	1.432459e+04	1.434167e+04	1.418799e+04	8.595570e+01	7.816450e+01
	1266	483	316.500000	-30.750000	-1.128046e-04	1.004395e+05	2.236355e+00	8.786323e+00	1.428227e+04	1.429972e+04	1.415686e+04	8.184383e+01	8.589212e+01
	399	523	99.750000	-40.750000	-2.009599e-04	9.991153e+04	1.272312e+00	1.311836e+01	1.363900e+04	1.368198e+04	1.321924e+04	8.678110e+01	8.629055e+01
2024	1	20	36	12
	391	360	97.750000	0.000000	-2.736924e-06	8.697816e+04	8.000069e+03	4.107376e+00	1.483367e+04	1.483513e+04	1.480853e+04	7.807167e+01	7.267680e+01
	783	360	195.750000	0.000000	-1.823413e-05	1.005562e+05	9.912879e-01	8.054512e+00	1.444072e+04	1.444668e+04	1.439328e+04	8.899632e+01	8.219618e+01
	912	361	228.000000	-0.250000	-1.447904e-05	1.006142e+05	1.031411e+00	1.008691e+01	1.448825e+04	1.449093e+04	1.447503e+04	9.056754e+01	9.118611e+01
	1094	361	273.500000	-0.250000	-2.741325e-05	1.007342e+05	2.516047e+00	5.979180e+00	1.465978e+04	1.465956e+04	1.465328e+04	9.565017e+01	9.429227e+01
	916	362	229.000000	-0.500000	-4.584668e-06	1.006322e+05	9.106419e-01	1.024452e+01	1.449233e+04	1.449443e+04	1.447503e+04	9.194920e+01	9.129606e+01
	976	365	244.000000	-1.250000	-3.975141e-05	1.007612e+05	1.353184e+00	9.396655e+00	1.454443e+04	1.454670e+04	1.451878e+04	9.358849e+01	9.245564e+01
	844	366	211.000000	-1.500000	-2.514827e-05	1.005592e+05	1.573924e+00	9.408799e+00	1.442423e+04	1.442876e+04	1.439928e+04	8.562442e+01	8.504850e+01
	843	367	210.750000	-1.750000	-2.622115e-05	1.005702e+05	1.573924e+00	9.353450e+00	1.442816e+04	1.443269e+04	1.439928e+04	8.502549e+01	8.439965e+01
	1215	368	303.750000	-2.000000	-3.929017e-06	9.609616e+04	4.540435e+03	4.743513e+00	1.500191e+04	1.500455e+04	1.497065e+04	8.406284e+01	8.710207e+01
	1214	369	303.500000	-2.250000	-3.929017e-06	9.609616e+04	3.361508e+03	4.743513e+00	1.500098e+04	1.500359e+04	1.497065e+04	8.480080e+01	8.703575e+01
	1216	369	304.000000	-2.250000	-3.929017e-06	9.609616e+04	4.122072e+03	4.743513e+00	1.500273e+04	1.500533e+04	1.497065e+04	8.460868e+01	8.729305e+01
	1244	373	311.000000	-3.250000	-1.215446e-05	9.759716e+04	3.036725e+03	7.196096e+00	1.503210e+04	1.503467e+04	1.499865e+04	8.632390e+01	8.446233e+01
	519	380	129.750000	-5.000000	8.945586e-06	9.261116e+04	8.143510e+03	1.059166e+01	1.468472e+04	1.468477e+04	1.466365e+04	8.507521e+01	8.238654e+01
	1121	382	280.250000	-5.500000	-1.256417e-04	6.570016e+04	3.491481e+04	6.711413e+00	1.478052e+04	1.478382e+04	1.463315e+04	8.610190e+01	8.610467e+01
	1213	394	303.250000	-8.500000	3.625173e-07	9.521016e+04	5.156452e+03	1.812268e+00	1.503057e+04	1.503152e+04	1.500178e+04	8.784619e+01	8.637473e+01
	501	397	125.250000	-9.250000	-2.305459e-04	9.146716e+04	1.120923e+04	1.147479e+01	1.459645e+04	1.459594e+04	1.455540e+04	7.571156e+01	7.153937e+01
	149	410	37.250000	-12.500000	-1.112174e-04	8.753016e+04	1.213211e+04	7.317574e+00	1.450364e+04	1.450954e+04	1.435478e+04	8.644652e+01	8.485532e+01
	370	410	92.500000	-12.500000	-9.689878e-04	9.910116e+04	1.413272e+00	1.983157e+01	1.449962e+04	1.453303e+04	1.318615e+04	8.523747e+01	7.867495e+01
	118	413	29.500000	-13.250000	-4.860114e-04	8.426816e+04	1.538109e+04	6.685058e+00	1.459001e+04	1.459996e+04	1.444065e+04	9.008305e+01	8.585868e+01
	750	417	187.500000	-14.250000	-1.046609e-04	9.731716e+04	4.058230e+03	6.196482e+00	1.474632e+04	1.474813e+04	1.469190e+04	8.425688e+01	7.323926e+01
	753	417	188.250000	-14.250000	-1.209925e-04	9.731716e+04	4.058230e+03	6.196482e+00	1.474406e+04	1.474633e+04	1.469190e+04	8.228310e+01	7.450545e+01
	621	418	155.250000	-14.500000	-2.253007e-04	1.000302e+05	1.634048e+00	1.315953e+01	1.430754e+04	1.433355e+04	1.404640e+04	9.182946e+01	9.002853e+01
	206	420	51.500000	-15.000000	-2.300690e-04	8.466816e+04	9.662027e+03	1.377825e+01	1.421663e+04	1.423236e+04	1.407928e+04	8.345253e+01	8.446946e+01
	683	421	170.750000	-15.250000	-2.151239e-05	9.958016e+04	6.855404e+00	6.430863e+00	1.463225e+04	1.463608e+04	1.459128e+04	8.504892e+01	8.394279e+01
	267	424	66.750000	-16.000000	-7.181871e-05	1.004542e+05	1.533516e+00	1.395829e+01	1.442860e+04	1.443749e+04	1.435228e+04	8.526007e+01	8.384303e+01
	641	426	160.250000	-16.500000	-4.291045e-05	1.002812e+05	1.613365e+00	9.711874e+00	1.449330e+04	1.449620e+04	1.445428e+04	8.953762e+01	8.683367e+01
	531	430	132.750000	-17.500000	-5.751203e-04	9.523816e+04	3.261345e+03	1.046505e+01	1.397018e+04	1.400798e+04	1.352403e+04	9.585450e+01	8.759833e+01
	1193	447	298.250000	-21.750000	-7.736194e-05	7.438916e+04	1.068124e+04	4.253227e+00	1.494582e+04	1.495886e+04	1.486878e+04	7.881554e+01	7.672085e+01
	747	450	186.750000	-22.500000	-3.395032e-04	1.009302e+05	6.142403e+01	1.394595e+01	1.474986e+04	1.475634e+04	1.466353e+04	9.306058e+01	8.967445e+01
	245	460	61.250000	-25.000000	-2.080153e-04	1.000812e+05	1.935331e+00	1.349488e+01	1.427642e+04	1.429892e+04	1.401840e+04	9.610888e+01	9.007971e+01
	862	470	215.500000	-27.500000	-4.022669e-04	1.007652e+05	3.098925e+01	1.256711e+01	1.460080e+04	1.462250e+04	1.436503e+04	8.899526e+01	8.915422e+01
	1238	476	309.500000	-29.000000	-8.534896e-05	8.671416e+04	1.338939e+04	9.516597e+00	1.457984e+04	1.458682e+04	1.451615e+04	8.961572e+01	8.548847e+01
	698	477	174.500000	-29.250000	-1.170586e-04	1.006032e+05	1.313069e+00	1.345550e+01	1.447319e+04	1.448943e+04	1.435253e+04	8.774500e+01	8.336151e+01
	1271	485	317.750000	-31.250000	-1.131247e-04	1.005432e+05	2.097830e+00	8.175380e+00	1.434447e+04	1.436120e+04	1.422265e+04	8.436788e+01	8.863117e+01
	406	522	101.500000	-40.500000	-1.910280e-04	1.000162e+05	1.252268e+00	1.351600e+01	1.373042e+04	1.377041e+04	1.332878e+04	8.569165e+01	8.496700e+01
	453	532	113.250000	-43.000000	-1.696299e-04	1.006172e+05	1.212977e+00	1.256873e+01	1.400836e+04	1.402050e+04	1.384590e+04	8.491341e+01	7.849747e+01
2024	1	20	28	18
	934	360	233.500000	0.000000	-1.293467e-05	1.009763e+05	1.433130e+00	1.050446e+01	1.476224e+04	1.476337e+04	1.474425e+04	8.938546e+01	8.857357e+01
	934	361	233.500000	-0.250000	-3.695954e-06	1.009773e+05	1.433130e+00	1.062401e+01	1.476267e+04	1.476377e+04	1.474425e+04	8.887840e+01	8.829286e+01
	890	363	222.500000	-0.750000	3.337394e-06	1.008423e+05	1.192116e+00	1.088182e+01	1.467376e+04	1.467572e+04	1.465350e+04	8.500077e+01	8.645330e+01
	848	364	212.000000	-1.000000	-7.749069e-06	1.007633e+05	1.573924e+00	1.045406e+01	1.463485e+04	1.463798e+04	1.461913e+04	8.802245e+01	8.594470e+01
	632	366	158.000000	-1.500000	-4.774379e-05	1.005553e+05	1.051606e+00	7.666789e+00	1.448481e+04	1.448499e+04	1.445775e+04	7.719885e+01	8.128152e+01
	1069	367	267.250000	-1.750000	-1.967419e-06	9.867428e+04	2.307918e+03	6.783063e+00	1.471427e+04	1.471532e+04	1.469925e+04	8.454750e+01	8.678631e+01
	756	369	189.000000	-2.250000	-1.949118e-05	1.007603e+05	1.332879e+00	1.082553e+01	1.464286e+04	1.464456e+04	1.459138e+04	7.588016e+01	7.495314e+01
	550	378	137.500000	-4.500000	-2.199458e-05	6.991828e+04	3.434546e+04	8.788279e+00	1.451409e+04	1.451108e+04	1.446538e+04	8.479351e+01	7.999578e+01
	1121	378	280.250000	-4.500000	-8.112239e-05	6.559928e+04	3.418962e+04	6.670352e+00	1.479501e+04	1.479527e+04	1.461663e+04	8.483685e+01	8.471972e+01
	1263	379	315.750000	-4.750000	-7.033814e-06	9.595628e+04	3.972992e+03	6.929152e+00	1.484954e+04	1.485116e+04	1.477750e+04	8.491551e+01	8.111346e+01
	1223	401	305.750000	-10.250000	-1.412677e-05	9.493428e+04	5.476107e+03	2.629838e+00	1.481569e+04	1.481853e+04	1.473425e+04	8.617393e+01	8.521147e+01
	370	409	92.500000	-12.250000	-1.011134e-03	9.927028e+04	1.413272e+00	2.105391e+01	1.463833e+04	1.466798e+04	1.333750e+04	8.833773e+01	7.956915e+01
	127	415	31.750000	-13.750000	-2.241139e-04	8.440728e+04	1.538109e+04	7.110200e+00	1.474216e+04	1.474820e+04	1.462775e+04	9.382053e+01	9.030158e+01
	746	417	186.500000	-14.250000	-3.219848e-04	9.732328e+04	4.058230e+03	9.390250e+00	1.474596e+04	1.474875e+04	1.469188e+04	8.377176e+01	7.388847e+01
	621	418	155.250000	-14.500000	-3.468995e-04	9.974728e+04	1.634048e+00	1.638001e+01	1.407832e+04	1.410443e+04	1.380038e+04	8.975391e+01	8.872895e+01
	198	424	49.500000	-16.000000	-5.157595e-04	8.492328e+04	1.513482e+04	1.291772e+01	1.447634e+04	1.448740e+04	1.430500e+04	9.122711e+01	8.618933e+01
	269	427	67.250000	-16.750000	-8.714246e-05	1.007013e+05	1.533516e+00	1.297218e+01	1.463921e+04	1.465060e+04	1.454950e+04	8.917513e+01	8.640264e+01
	837	430	209.250000	-17.500000	-2.518301e-04	1.000443e+05	2.286468e+03	8.000276e+00	1.482722e+04	1.482762e+04	1.476963e+04	7.977617e+01	7.596516e+01
	526	431	131.500000	-17.750000	-6.999378e-04	9.487928e+04	4.468372e+03	1.188471e+01	1.382327e+04	1.386356e+04	1.314425e+04	9.485117e+01	8.609872e+01
	177	439	44.250000	-19.750000	-6.258534e-05	8.162128e+04	9.683752e+03	1.015159e+01	1.451854e+04	1.452630e+04	1.445738e+04	7.904687e+01	8.062489e+01
	242	462	60.500000	-25.500000	-1.720791e-04	1.003703e+05	1.935331e+00	1.400686e+01	1.448790e+04	1.450957e+04	1.424838e+04	9.503117e+01	8.995099e+01
	682	462	170.500000	-25.500000	-1.103883e-04	1.004783e+05	1.794638e+00	1.068111e+01	1.435666e+04	1.436982e+04	1.424513e+04	8.674814e+01	8.015710e+01
	737	468	184.250000	-27.000000	-1.967554e-04	1.007513e+05	9.507440e-01	1.399046e+01	1.466924e+04	1.467844e+04	1.460013e+04	9.588985e+01	9.063415e+01
	1245	471	311.250000	-27.750000	-1.422768e-04	8.667428e+04	1.338939e+04	8.638070e+00	1.449343e+04	1.450048e+04	1.436625e+04	8.668327e+01	8.511922e+01
	860	473	215.000000	-28.250000	-4.898910e-04	1.007433e+05	3.098925e+01	1.509246e+01	1.466634e+04	1.469453e+04	1.435525e+04	8.999974e+01	8.766887e+01
	1289	492	322.250000	-33.000000	-1.914506e-04	1.003423e+05	2.015088e+00	1.338526e+01	1.423212e+04	1.425242e+04	1.407825e+04	9.296388e+01	9.126318e+01
	414	522	103.500000	-40.500000	-1.800661e-04	1.000473e+05	1.011335e+00	1.196850e+01	1.368385e+04	1.372200e+04	1.333538e+04	8.611578e+01	8.423482e+01
	454	535	113.500000	-43.750000	-1.816754e-04	1.005273e+05	1.212977e+00	1.256938e+01	1.390936e+04	1.392388e+04	1.373000e+04	8.430850e+01	7.629408e+01
2024	1	21	28	0
	907	360	226.750000	0.000000	-2.133520e-05	1.004925e+05	1.031411e+00	1.066144e+01	1.436196e+04	1.436328e+04	1.433498e+04	8.934952e+01	8.823679e+01
	939	361	234.750000	-0.250000	-6.910879e-06	1.005325e+05	1.433130e+00	9.330528e+00	1.439595e+04	1.439893e+04	1.437861e+04	8.250829e+01	8.290597e+01
	964	362	241.000000	-0.500000	-1.102360e-05	1.006255e+05	1.613883e+00	9.024349e+00	1.446430e+04	1.446610e+04	1.444298e+04	8.799355e+01	8.921538e+01
	652	363	163.000000	-0.750000	7.066410e-06	1.007785e+05	1.172086e+00	7.283920e+00	1.468704e+04	1.468899e+04	1.466098e+04	7.832024e+01	7.707607e+01
	869	366	217.250000	-1.500000	-4.765112e-06	1.004635e+05	8.706454e-01	1.015895e+01	1.435833e+04	1.436181e+04	1.432598e+04	8.501105e+01	8.237875e+01
	1122	366	280.500000	-1.500000	-1.386073e-04	6.507647e+04	3.877745e+04	6.623076e+00	1.468600e+04	1.468447e+04	1.455498e+04	8.448653e+01	8.494213e+01
	836	368	209.000000	-2.000000	-1.200708e-05	1.005175e+05	1.091783e+00	9.563976e+00	1.442512e+04	1.442594e+04	1.439748e+04	8.629733e+01	8.157014e+01
	1042	391	260.500000	-7.750000	-6.907852e-05	1.008115e+05	1.232613e+00	8.554695e+00	1.451289e+04	1.451578e+04	1.448923e+04	8.370937e+01	7.982033e+01
	1223	395	305.750000	-8.750000	-6.225426e-06	9.497947e+04	5.476107e+03	2.350702e+00	1.489684e+04	1.489951e+04	1.485198e+04	7.872260e+01	7.851176e+01
	305	404	76.250000	-11.000000	-6.577047e-05	1.009045e+05	1.835340e+00	9.742308e+00	1.472993e+04	1.473183e+04	1.469011e+04	9.277703e+01	8.778988e+01
	125	407	31.250000	-11.750000	-2.448824e-04	8.136347e+04	1.538109e+04	6.672860e+00	1.466558e+04	1.467410e+04	1.454836e+04	9.516443e+01	9.341644e+01
	369	408	92.250000	-12.000000	-1.037892e-03	9.920247e+04	1.413272e+00	2.062195e+01	1.455854e+04	1.458802e+04	1.327023e+04	8.636018e+01	8.084795e+01
	746	418	186.500000	-14.500000	-1.646546e-04	9.726747e+04	4.058230e+03	8.073014e+00	1.471770e+04	1.471985e+04	1.466911e+04	7.809390e+01	7.255656e+01
	149	420	37.250000	-15.000000	-1.004604e-04	8.650347e+04	1.133165e+04	8.471951e+00	1.457723e+04	1.457793e+04	1.453536e+04	9.198071e+01	8.991115e+01
	617	421	154.250000	-15.250000	-1.825062e-04	9.992847e+04	1.975871e+00	1.585780e+01	1.428624e+04	1.431430e+04	1.400073e+04	8.744511e+01	8.649995e+01
	214	424	53.500000	-16.000000	-2.024737e-04	9.973647e+04	1.735309e+00	1.486591e+01	1.433746e+04	1.434998e+04	1.422398e+04	9.133947e+01	8.650227e+01
	565	425	141.250000	-16.250000	-3.301771e-05	9.656847e+04	1.399467e+03	9.505236e+00	1.443044e+04	1.443264e+04	1.439461e+04	9.173676e+01	8.726561e+01
	526	430	131.500000	-17.500000	-4.690555e-04	9.504147e+04	4.339333e+03	1.198774e+01	1.403789e+04	1.407773e+04	1.343586e+04	9.492255e+01	8.516271e+01
	175	439	43.750000	-19.750000	-7.161172e-05	8.478147e+04	8.764729e+03	9.311448e+00	1.440381e+04	1.441183e+04	1.435548e+04	7.966548e+01	8.146883e+01
	753	450	188.250000	-22.500000	-1.987484e-04	1.008815e+05	1.313054e+00	1.281463e+01	1.472290e+04	1.473015e+04	1.463136e+04	9.296432e+01	8.958887e+01
	238	463	59.500000	-25.750000	-1.776186e-04	1.003195e+05	1.593619e+00	1.593501e+01	1.440103e+04	1.442313e+04	1.418548e+04	9.617175e+01	9.023232e+01
	1248	464	312.000000	-26.000000	-3.346470e-04	8.693147e+04	9.400323e+03	1.176532e+01	1.465295e+04	1.465744e+04	1.455923e+04	8.770262e+01	8.511818e+01
	856	472	214.000000	-28.000000	-4.525152e-04	1.003715e+05	3.098925e+01	1.728170e+01	1.442959e+04	1.446342e+04	1.407886e+04	8.509265e+01	8.283909e+01
	693	478	173.250000	-29.500000	-9.393366e-05	1.005565e+05	1.111543e+00	1.093578e+01	1.438872e+04	1.440167e+04	1.428498e+04	8.593328e+01	8.055373e+01
	307	483	76.750000	-30.750000	-2.558795e-04	1.012505e+05	1.111059e+00	1.172114e+01	1.493880e+04	1.494244e+04	1.486798e+04	8.933044e+01	8.572275e+01
	1303	516	325.750000	-39.000000	-4.056063e-04	1.003885e+05	1.775392e+00	1.322886e+01	1.416320e+04	1.418606e+04	1.388748e+04	8.963407e+01	7.763911e+01
	421	523	105.250000	-40.750000	-1.804200e-04	1.001165e+05	1.171418e+00	1.218973e+01	1.373857e+04	1.377469e+04	1.338798e+04	8.845763e+01	8.516328e+01
	452	537	113.000000	-44.250000	-1.886752e-04	1.005555e+05	1.212977e+00	1.246848e+01	1.391587e+04	1.393264e+04	1.373286e+04	8.501306e+01	7.633401e+01
2024	1	21	38	6
	858	362	214.500000	-0.500000	-1.097214e-05	1.007402e+05	9.310293e-01	9.883446e+00	1.459961e+04	1.460185e+04	1.456799e+04	8.632950e+01	8.496682e+01
	1240	362	310.000000	-0.500000	-1.836312e-05	9.757923e+04	1.006285e+03	8.911635e+00	1.483002e+04	1.483152e+04	1.481986e+04	7.946168e+01	8.256311e+01
	630	363	157.500000	-0.750000	-8.111121e-06	1.005922e+05	1.312912e+00	6.520506e+00	1.451037e+04	1.451123e+04	1.448661e+04	8.233528e+01	8.270416e+01
	858	363	214.500000	-0.750000	-1.097214e-05	1.007402e+05	9.310293e-01	9.883446e+00	1.460146e+04	1.460358e+04	1.456799e+04	8.613133e+01	8.439684e+01
	1274	363	318.500000	-0.750000	-3.938796e-06	9.726923e+04	2.517992e+00	8.855768e+00	1.484722e+04	1.484848e+04	1.483249e+04	7.864300e+01	7.752557e+01
	966	364	241.500000	-1.000000	-1.240266e-05	1.009322e+05	1.051604e+00	9.894413e+00	1.471397e+04	1.471487e+04	1.470461e+04	8.991587e+01	9.000504e+01
	1220	364	305.000000	-1.000000	-1.997245e-05	9.590023e+04	4.826799e+03	4.208713e+00	1.483700e+04	1.483860e+04	1.482074e+04	8.667300e+01	8.696674e+01
	750	366	187.500000	-1.500000	-2.329471e-06	1.006552e+05	1.332879e+00	6.952344e+00	1.456252e+04	1.456389e+04	1.454286e+04	7.680013e+01	8.019935e+01
	1016	371	254.000000	-2.750000	-3.654254e-05	1.010362e+05	1.352771e+00	8.159697e+00	1.474513e+04	1.474642e+04	1.472799e+04	8.666706e+01	8.641900e+01
	1121	382	280.250000	-5.500000	-8.863700e-05	6.573223e+04	3.491481e+04	6.398955e+00	1.484213e+04	1.484387e+04	1.469236e+04	8.407717e+01	8.298528e+01
	951	385	237.750000	-6.250000	-3.296626e-05	1.009812e+05	1.152228e+00	1.210430e+01	1.472089e+04	1.472241e+04	1.470061e+04	8.311735e+01	8.206646e+01
	589	387	147.250000	-6.750000	-1.840044e-04	7.742123e+04	2.513040e+04	1.042692e+01	1.446645e+04	1.446494e+04	1.437986e+04	8.070870e+01	7.945641e+01
	337	393	84.250000	-8.250000	-3.098298e-04	1.010182e+05	1.453672e+00	9.884073e+00	1.485184e+04	1.485402e+04	1.479711e+04	7.906419e+01	7.672928e+01
	304	407	76.000000	-11.750000	-1.218964e-04	1.010592e+05	1.835340e+00	7.428190e+00	1.488169e+04	1.488313e+04	1.484824e+04	9.015553e+01	8.190865e+01
	124	408	31.000000	-12.000000	-4.106213e-04	8.263523e+04	1.538109e+04	7.507758e+00	1.485096e+04	1.485867e+04	1.474136e+04	9.442400e+01	9.310392e+01
	369	408	92.250000	-12.000000	-1.130824e-03	9.910123e+04	1.413272e+00	2.092650e+01	1.460638e+04	1.463357e+04	1.320849e+04	8.743199e+01	8.113612e+01
	92	410	23.000000	-12.500000	-6.568921e-05	8.547923e+04	1.411767e+04	3.522194e+00	1.489822e+04	1.490088e+04	1.484349e+04	8.389783e+01	8.486803e+01
	618	421	154.500000	-15.250000	-1.914550e-04	9.975523e+04	1.975871e+00	1.571997e+01	1.408763e+04	1.411704e+04	1.381999e+04	8.990285e+01	8.668454e+01
	573	422	143.250000	-15.500000	-4.416157e-04	9.164823e+04	7.868184e+03	9.693005e+00	1.426655e+04	1.427084e+04	1.414236e+04	8.889132e+01	8.418925e+01
	752	423	188.000000	-15.750000	-1.322676e-04	9.723823e+04	1.733575e+03	5.819175e+00	1.468863e+04	1.468991e+04	1.464036e+04	8.021120e+01	7.831995e+01
	217	425	54.250000	-16.250000	-2.108265e-04	1.005372e+05	1.713761e+00	1.510647e+01	1.453292e+04	1.454366e+04	1.440849e+04	8.887697e+01	8.389411e+01
	218	426	54.500000	-16.500000	-1.859118e-04	1.005372e+05	2.638118e+00	1.510647e+01	1.452816e+04	1.453883e+04	1.440849e+04	8.872667e+01	8.360658e+01
	264	429	66.000000	-17.250000	-1.361419e-04	1.006872e+05	9.913255e-01	1.169377e+01	1.462438e+04	1.463273e+04	1.457136e+04	9.076927e+01	8.803878e+01
	524	433	131.000000	-18.250000	-6.761600e-04	9.463023e+04	4.468372e+03	1.147143e+01	1.388576e+04	1.392496e+04	1.341286e+04	9.250877e+01	8.361691e+01
	852	438	213.000000	-19.500000	-7.492793e-05	1.001042e+05	4.162476e+00	9.366973e+00	1.473378e+04	1.473504e+04	1.467661e+04	7.734276e+01	7.434556e+01
	171	442	42.750000	-20.500000	-5.180133e-05	9.298523e+04	3.342964e+03	8.991770e+00	1.461391e+04	1.462330e+04	1.456749e+04	7.713714e+01	7.949348e+01
	755	452	188.750000	-23.000000	-5.297710e-04	1.008232e+05	1.313054e+00	1.454981e+01	1.472834e+04	1.473524e+04	1.456586e+04	9.095885e+01	8.678526e+01
	1251	458	312.750000	-24.500000	-5.906273e-04	8.712523e+04	1.152082e+04	8.983391e+00	1.460107e+04	1.460641e+04	1.447499e+04	9.294507e+01	8.835019e+01
	234	464	58.500000	-26.000000	-1.550366e-04	1.005072e+05	1.593619e+00	1.723596e+01	1.456317e+04	1.458611e+04	1.435661e+04	9.555270e+01	9.016180e+01
	851	472	212.750000	-28.000000	-9.317447e-04	1.000492e+05	9.106033e-01	2.020160e+01	1.443059e+04	1.446818e+04	1.373811e+04	8.500764e+01	7.928918e+01
	690	475	172.500000	-28.750000	-1.108695e-04	1.004132e+05	1.092143e+00	9.214674e+00	1.427949e+04	1.429132e+04	1.418286e+04	8.637734e+01	8.002521e+01
	307	479	76.750000	-29.750000	-2.725769e-04	1.013352e+05	1.412740e+00	1.443409e+01	1.501317e+04	1.501915e+04	1.491449e+04	9.130557e+01	8.537502e+01
	708	492	177.000000	-33.000000	-1.230289e-04	1.004462e+05	1.413701e+00	1.511073e+01	1.436263e+04	1.439143e+04	1.416724e+04	9.399004e+01	8.888689e+01
	1313	521	328.250000	-40.250000	-5.357910e-04	9.997523e+04	1.131863e+00	1.531162e+01	1.383107e+04	1.386538e+04	1.349386e+04	8.457050e+01	7.385158e+01
	428	523	107.000000	-40.750000	-1.768519e-04	1.000352e+05	1.171418e+00	1.214057e+01	1.367156e+04	1.370471e+04	1.333599e+04	8.750761e+01	8.443571e+01
	942	525	235.500000	-41.250000	-2.235223e-04	1.009632e+05	1.393836e+00	1.319756e+01	1.410360e+04	1.412001e+04	1.393624e+04	8.098801e+01	7.821196e+01
	603	528	150.750000	-42.000000	-2.229859e-04	8.975723e+04	2.186753e+03	1.245730e+01	1.370515e+04	1.371495e+04	1.362849e+04	7.768417e+01	7.422627e+01
	449	539	112.250000	-44.750000	-1.843025e-04	1.003272e+05	1.212977e+00	1.260987e+01	1.375301e+04	1.377069e+04	1.356861e+04	8.867659e+01	7.805006e+01
2024	1	21	31	12
	923	360	230.750000	0.000000	-2.214801e-05	1.005467e+05	8.103890e-01	9.627149e+00	1.439682e+04	1.440180e+04	1.436676e+04	8.842611e+01	8.943097e+01
	1063	360	265.750000	0.000000	-5.224836e-05	9.957767e+04	7.286929e+00	6.441582e+00	1.467997e+04	1.468122e+04	1.466939e+04	9.484216e+01	9.417199e+01
	833	361	208.250000	-0.250000	-1.830352e-05	1.005467e+05	1.192234e+00	8.477205e+00	1.445489e+04	1.445607e+04	1.443764e+04	8.422067e+01	8.795359e+01
	254	362	63.500000	-0.500000	-8.677365e-06	1.008497e+05	9.511617e-01	5.757510e+00	1.468304e+04	1.468285e+04	1.467314e+04	8.017990e+01	7.316817e+01
	423	362	105.750000	-0.500000	-3.061187e-05	1.002587e+05	6.375573e+02	7.351710e+00	1.488399e+04	1.488426e+04	1.484476e+04	7.685287e+01	7.951922e+01
	790	362	197.500000	-0.500000	-1.916778e-05	1.005937e+05	9.913574e-01	8.602702e+00	1.449613e+04	1.449737e+04	1.449076e+04	8.431434e+01	8.201677e+01
	865	364	216.250000	-1.000000	-3.311527e-05	1.005687e+05	8.707308e-01	1.030544e+01	1.443868e+04	1.444077e+04	1.441214e+04	8.741131e+01	8.772934e+01
	1197	370	299.250000	-2.500000	-2.635014e-05	9.900467e+04	1.901731e+03	3.199445e+00	1.505662e+04	1.505848e+04	1.503439e+04	9.239845e+01	9.003281e+01
	954	371	238.500000	-2.750000	-2.280367e-05	1.006387e+05	1.051681e+00	1.087210e+01	1.444618e+04	1.444973e+04	1.441401e+04	8.691158e+01	8.936543e+01
	568	379	142.000000	-4.750000	-1.756002e-04	7.297367e+04	2.705634e+04	5.650847e+00	1.478808e+04	1.478415e+04	1.470951e+04	8.315688e+01	8.130494e+01
	1121	384	280.250000	-6.000000	-7.033837e-05	6.528067e+04	3.491481e+04	6.410813e+00	1.486180e+04	1.486436e+04	1.470214e+04	8.040421e+01	7.894132e+01
	140	398	35.000000	-9.500000	-1.486589e-04	7.804067e+04	2.260345e+04	6.545155e+00	1.460693e+04	1.461463e+04	1.440764e+04	8.641310e+01	8.484434e+01
	311	403	77.750000	-10.750000	-2.321650e-04	1.009017e+05	1.533988e+00	6.524395e+00	1.477424e+04	1.477503e+04	1.474476e+04	8.838736e+01	7.844536e+01
	368	408	92.000000	-12.000000	-9.866704e-04	9.913267e+04	1.413272e+00	1.987079e+01	1.450562e+04	1.453656e+04	1.322476e+04	8.778522e+01	8.235009e+01
	666	410	166.500000	-12.500000	-1.769413e-04	9.637267e+04	9.567217e+02	5.255999e+00	1.472935e+04	1.472861e+04	1.468926e+04	8.914423e+01	8.729089e+01
	201	422	50.250000	-15.500000	-3.006209e-04	8.494467e+04	1.653842e+04	1.333988e+01	1.443621e+04	1.444055e+04	1.436089e+04	8.790707e+01	8.508921e+01
	615	422	153.750000	-15.500000	-2.390493e-04	9.991167e+04	1.975871e+00	1.636744e+01	1.426529e+04	1.429793e+04	1.394564e+04	8.873638e+01	8.640418e+01
	222	424	55.500000	-16.000000	-1.519073e-04	1.003257e+05	1.312609e+00	1.362586e+01	1.436488e+04	1.437754e+04	1.422926e+04	8.733045e+01	8.178348e+01
	264	424	66.000000	-16.000000	-2.898623e-04	1.004217e+05	1.533516e+00	1.614237e+01	1.446814e+04	1.448236e+04	1.429339e+04	8.853527e+01	8.539459e+01
	517	436	129.250000	-19.000000	-7.020880e-04	9.409767e+04	4.521429e+03	1.023938e+01	1.409784e+04	1.413010e+04	1.362464e+04	8.851823e+01	7.680759e+01
	182	439	45.500000	-19.750000	-4.736078e-05	8.152067e+04	1.882964e+04	6.375821e+00	1.446618e+04	1.446865e+04	1.434814e+04	8.104008e+01	7.968984e+01
	755	449	188.750000	-22.250000	-4.839350e-04	1.008147e+05	1.313054e+00	1.326347e+01	1.466744e+04	1.467650e+04	1.451914e+04	9.017554e+01	8.568768e+01
	1269	457	317.250000	-24.250000	-4.876007e-04	8.615867e+04	1.022250e+04	1.018845e+01	1.470907e+04	1.471854e+04	1.457739e+04	8.844950e+01	8.587544e+01
	228	463	57.000000	-25.750000	-1.388241e-04	1.004977e+05	1.534079e+00	1.447927e+01	1.451678e+04	1.453855e+04	1.434589e+04	9.262880e+01	8.847530e+01
	331	472	82.750000	-28.000000	-3.698815e-04	1.012137e+05	5.883292e-01	1.451009e+01	1.493740e+04	1.494208e+04	1.484326e+04	9.245479e+01	8.349022e+01
	849	472	212.250000	-28.000000	-6.429602e-04	9.976167e+04	9.715645e-01	1.797743e+01	1.422475e+04	1.426641e+04	1.353526e+04	8.451242e+01	8.247947e+01
	704	495	176.000000	-33.750000	-1.467813e-04	9.849367e+04	2.284910e+01	1.653341e+01	1.432368e+04	1.434903e+04	1.411014e+04	8.873051e+01	8.695325e+01
	435	524	108.750000	-41.000000	-1.555730e-04	1.000437e+05	1.232593e+00	1.250075e+01	1.365354e+04	1.368204e+04	1.336664e+04	8.366880e+01	8.175496e+01
	619	526	154.750000	-41.500000	-1.871039e-04	1.001117e+05	1.634020e+00	1.413056e+01	1.377738e+04	1.379240e+04	1.360914e+04	8.178258e+01	7.895347e+01
	959	526	239.750000	-41.500000	-3.590633e-04	1.006897e+05	1.655259e+00	1.467050e+01	1.386802e+04	1.388875e+04	1.369101e+04	7.981155e+01	7.713147e+01
	1333	530	333.250000	-42.500000	-7.657160e-04	9.989867e+04	1.251935e+00	1.679440e+01	1.378772e+04	1.382625e+04	1.339964e+04	8.655565e+01	7.331774e+01
2024	1	21	39	18
	426	360	106.500000	0.000000	-8.629868e-06	1.000378e+05	2.520115e+02	7.641565e+00	1.489159e+04	1.489174e+04	1.487652e+04	7.717993e+01	8.182938e+01
	575	360	143.750000	0.000000	-1.125247e-05	1.005108e+05	4.185693e+00	1.078626e+01	1.450975e+04	1.451594e+04	1.445489e+04	8.909312e+01	8.296041e+01
	803	360	200.750000	0.000000	-3.712485e-06	1.007568e+05	1.212288e+00	8.450437e+00	1.461732e+04	1.461946e+04	1.460389e+04	8.718256e+01	8.554112e+01
	907	360	226.750000	0.000000	-3.649504e-05	1.009468e+05	1.031411e+00	9.587989e+00	1.473488e+04	1.473552e+04	1.472802e+04	8.739910e+01	8.803968e+01
	831	361	207.750000	-0.250000	-7.825205e-06	1.007858e+05	1.192234e+00	9.417041e+00	1.465435e+04	1.465631e+04	1.462014e+04	8.433296e+01	8.538725e+01
	213	363	53.250000	-0.750000	-2.281577e-05	1.010768e+05	1.373003e+00	1.188796e+01	1.488060e+04	1.488311e+04	1.485989e+04	8.449838e+01	8.016785e+01
	648	363	162.000000	-0.750000	-2.550194e-06	1.007368e+05	1.634048e+00	7.175074e+00	1.462711e+04	1.462708e+04	1.461064e+04	8.002628e+01	7.947807e+01
	867	364	216.750000	-1.000000	-5.321810e-06	1.008808e+05	8.706454e-01	1.034127e+01	1.469649e+04	1.469729e+04	1.467714e+04	8.798529e+01	8.661262e+01
	1096	366	274.000000	-1.500000	-1.035840e-05	1.009728e+05	2.759238e+00	5.537851e+00	1.475892e+04	1.476105e+04	1.473989e+04	9.037395e+01	8.876266e+01
	977	368	244.250000	-2.000000	-2.552778e-05	1.009608e+05	1.353184e+00	9.747636e+00	1.471364e+04	1.471659e+04	1.469439e+04	9.058542e+01	8.992824e+01
	979	368	244.750000	-2.000000	-2.552778e-05	1.009608e+05	1.353184e+00	9.471261e+00	1.471398e+04	1.471705e+04	1.469439e+04	9.014844e+01	9.016248e+01
	506	374	126.500000	-3.500000	-1.572540e-04	9.205880e+04	9.746035e+03	1.154889e+01	1.469592e+04	1.469395e+04	1.466327e+04	7.955690e+01	8.045343e+01
	1199	377	299.750000	-4.250000	-2.865703e-05	9.897380e+04	1.037592e+03	3.120431e+00	1.486900e+04	1.487074e+04	1.479814e+04	8.839245e+01	8.609492e+01
	673	384	168.250000	-6.000000	-4.656822e-05	1.007938e+05	1.814952e+00	6.396075e+00	1.465792e+04	1.465743e+04	1.461677e+04	8.596076e+01	8.310242e+01
	1268	385	317.000000	-6.250000	-4.200847e-05	9.299480e+04	6.267114e+03	3.392838e+00	1.491479e+04	1.491401e+04	1.487202e+04	8.207781e+01	8.098056e+01
	591	394	147.750000	-8.500000	-1.211932e-04	7.803680e+04	2.481712e+04	1.265876e+01	1.444990e+04	1.444799e+04	1.434452e+04	8.695430e+01	8.507952e+01
	306	406	76.500000	-11.500000	-3.231636e-04	1.011478e+05	1.835340e+00	6.801592e+00	1.493089e+04	1.493349e+04	1.486914e+04	9.080461e+01	8.069205e+01
	367	408	91.750000	-12.000000	-7.898381e-04	9.946580e+04	1.413272e+00	1.926688e+01	1.461285e+04	1.464341e+04	1.350189e+04	8.949746e+01	8.436842e+01
	139	410	34.750000	-12.500000	-1.288226e-04	8.121680e+04	1.621733e+04	3.790860e+00	1.478587e+04	1.478885e+04	1.473189e+04	9.194179e+01	8.874895e+01
	1064	410	266.000000	-12.500000	-6.668479e-05	1.012208e+05	2.316511e+00	8.051637e+00	1.476681e+04	1.477060e+04	1.473339e+04	8.329115e+01	8.486932e+01
	1224	416	306.000000	-14.000000	-3.396184e-05	9.318280e+04	6.997207e+03	2.860708e+00	1.488777e+04	1.488813e+04	1.479452e+04	8.374805e+01	8.366092e+01
	614	423	153.500000	-15.750000	-2.411476e-04	9.967380e+04	1.975871e+00	1.713037e+01	1.406475e+04	1.409993e+04	1.372289e+04	9.053663e+01	8.814848e+01
	226	424	56.500000	-16.000000	-2.513698e-04	1.005428e+05	1.794939e+00	1.440943e+01	1.455615e+04	1.457088e+04	1.440827e+04	8.882865e+01	8.140553e+01
	259	431	64.750000	-17.750000	-1.981726e-04	1.006588e+05	2.074063e+00	1.310869e+01	1.462078e+04	1.463364e+04	1.449364e+04	8.845839e+01	8.616611e+01
	516	436	129.000000	-19.000000	-8.029512e-04	9.398480e+04	4.705168e+03	1.057915e+01	1.396256e+04	1.400152e+04	1.338452e+04	9.449713e+01	8.278185e+01
	166	442	41.500000	-20.500000	-4.191906e-05	9.653980e+04	3.140048e+00	9.584133e+00	1.464248e+04	1.464977e+04	1.460127e+04	7.863945e+01	7.956424e+01
	757	444	189.250000	-21.000000	-5.333594e-04	1.007568e+05	1.469614e+01	1.311617e+01	1.467937e+04	1.468819e+04	1.453314e+04	9.202892e+01	8.562089e+01
	222	463	55.500000	-25.750000	-1.034907e-04	1.007098e+05	2.136390e+00	1.332724e+01	1.465553e+04	1.467414e+04	1.450639e+04	8.493669e+01	8.339887e+01
	1282	465	320.500000	-26.250000	-2.949408e-04	1.006538e+05	1.554895e+00	1.175465e+01	1.452365e+04	1.454079e+04	1.438777e+04	8.859887e+01	8.494427e+01
	337	470	84.250000	-27.500000	-4.928878e-04	1.013768e+05	7.296490e-01	1.557939e+01	1.503579e+04	1.504230e+04	1.493327e+04	8.914737e+01	8.234004e+01
	847	473	211.750000	-28.250000	-4.160276e-04	1.000328e+05	9.715645e-01	1.830520e+01	1.437121e+04	1.441312e+04	1.375402e+04	8.779485e+01	8.340272e+01
	705	501	176.250000	-35.250000	-1.335910e-04	9.591080e+04	1.914616e+03	1.627305e+01	1.419011e+04	1.422045e+04	1.396002e+04	9.197170e+01	8.958532e+01
	706	501	176.500000	-35.250000	-1.335910e-04	9.500680e+04	1.914616e+03	1.627305e+01	1.419346e+04	1.422503e+04	1.396002e+04	9.206256e+01	8.982972e+01
	979	526	244.750000	-41.500000	-3.996661e-04	1.003468e+05	1.172467e+00	1.762127e+01	1.384516e+04	1.387853e+04	1.354289e+04	8.163639e+01	7.996185e+01
	633	527	158.250000	-41.750000	-4.705659e-04	9.974280e+04	1.734260e+00	1.383128e+01	1.356023e+04	1.358243e+04	1.328339e+04	8.334579e+01	7.824017e+01
	444	528	111.000000	-42.000000	-9.750039e-05	1.000528e+05	1.232593e+00	1.087463e+01	1.352078e+04	1.354590e+04	1.335852e+04	8.316345e+01	8.312647e+01
	445	528	111.250000	-42.000000	-9.750039e-05	1.000528e+05	1.232593e+00	1.096047e+01	1.351910e+04	1.354442e+04	1.335852e+04	8.340524e+01	8.291733e+01
	475	532	118.750000	-43.000000	-1.815727e-04	1.002598e+05	1.411090e+00	1.171429e+01	1.372958e+04	1.374198e+04	1.361352e+04	9.009422e+01	8.881227e+01
	1349	539	337.250000	-44.750000	-4.680029e-04	9.943680e+04	1.533217e+00	1.854209e+01	1.343000e+04	1.347612e+04	1.290414e+04	8.843546e+01	7.611800e+01
2024	1	22	33	0
	713	360	178.250000	0.000000	-4.026806e-05	1.008070e+05	1.151863e+00	4.612265e+00	1.469160e+04	1.469096e+04	1.467790e+04	8.183340e+01	8.006321e+01
	851	360	212.750000	0.000000	-3.618514e-05	1.005130e+05	1.573924e+00	9.101624e+00	1.439416e+04	1.439633e+04	1.437152e+04	8.409569e+01	8.333968e+01
	1175	360	293.750000	0.000000	-1.288406e-04	9.359703e+04	8.238647e+03	3.417178e+00	1.491040e+04	1.491333e+04	1.488277e+04	7.806802e+01	7.768561e+01
	1072	361	268.000000	-0.250000	-1.892960e-05	9.857403e+04	2.968146e+03	6.747693e+00	1.462282e+04	1.462333e+04	1.461315e+04	8.830444e+01	8.798109e+01
	355	362	88.750000	-0.500000	1.209462e-05	1.010500e+05	1.594068e+00	6.832042e+00	1.486112e+04	1.486206e+04	1.484415e+04	7.730659e+01	7.207814e+01
	962	363	240.500000	-0.750000	-1.711166e-05	1.006350e+05	1.613883e+00	8.986149e+00	1.445187e+04	1.445379e+04	1.443127e+04	8.647314e+01	8.649318e+01
	1122	366	280.500000	-1.500000	-6.172573e-05	6.515203e+04	3.877745e+04	4.686989e+00	1.474962e+04	1.474798e+04	1.462027e+04	8.707069e+01	8.508206e+01
	745	367	186.250000	-1.750000	-7.783528e-06	1.006930e+05	9.913575e-01	5.701575e+00	1.462377e+04	1.462745e+04	1.457190e+04	7.742839e+01	7.783139e+01
	940	368	235.000000	-2.000000	-1.073396e-05	1.005990e+05	9.314558e-01	9.904294e+00	1.443280e+04	1.443581e+04	1.440152e+04	7.774963e+01	8.021716e+01
	236	375	59.000000	-3.750000	-5.399343e-06	1.009950e+05	1.453403e+00	5.635671e+00	1.478129e+04	1.478217e+04	1.475802e+04	7.572495e+01	7.373891e+01
	1206	380	301.500000	-5.000000	-6.114598e-06	9.788103e+04	2.494511e+03	2.842734e+00	1.494544e+04	1.494862e+04	1.490915e+04	8.063743e+01	8.127045e+01
	84	403	21.000000	-10.750000	-5.648052e-05	8.556103e+04	1.365672e+04	2.921052e+00	1.480972e+04	1.481465e+04	1.476002e+04	7.967335e+01	7.908757e+01
	141	403	35.250000	-10.750000	-2.191416e-04	7.824703e+04	2.260345e+04	5.886890e+00	1.476163e+04	1.476569e+04	1.466340e+04	9.190279e+01	8.872780e+01
	305	407	76.250000	-11.750000	-3.533415e-04	1.009810e+05	1.835340e+00	7.027938e+00	1.478309e+04	1.478544e+04	1.472090e+04	9.007001e+01	8.007189e+01
	367	409	91.750000	-12.250000	-7.568947e-04	9.938903e+04	1.413272e+00	2.106962e+01	1.456724e+04	1.459771e+04	1.342952e+04	8.820686e+01	8.190108e+01
	670	413	167.500000	-13.250000	-2.102307e-04	9.630103e+04	3.252259e+03	7.976858e+00	1.467947e+04	1.468083e+04	1.462590e+04	9.111363e+01	8.772514e+01
	199	414	49.750000	-13.500000	-2.827398e-04	8.510403e+04	1.653842e+04	1.460411e+01	1.463965e+04	1.463798e+04	1.451190e+04	8.171191e+01	8.064927e+01
	615	418	153.750000	-14.500000	-4.737428e-04	9.985203e+04	1.995952e+00	1.810547e+01	1.427572e+04	1.430585e+04	1.389052e+04	9.039010e+01	8.783852e+01
	231	422	57.750000	-15.500000	-3.093532e-04	1.002970e+05	1.794939e+00	1.709482e+01	1.439000e+04	1.440673e+04	1.417952e+04	9.068910e+01	8.475742e+01
	253	432	63.250000	-18.000000	-1.841239e-04	1.004210e+05	1.282729e+02	1.195224e+01	1.441400e+04	1.442797e+04	1.430615e+04	9.050111e+01	8.733057e+01
	514	439	128.500000	-19.750000	-3.747991e-04	9.421403e+04	4.521429e+03	1.203821e+01	1.419141e+04	1.422581e+04	1.368502e+04	9.422027e+01	8.214503e+01
	772	441	193.000000	-20.250000	-6.306223e-04	1.006620e+05	1.492996e+00	1.411139e+01	1.460689e+04	1.461293e+04	1.446602e+04	7.939044e+01	7.685757e+01
	169	444	42.250000	-21.000000	-4.768884e-05	9.293003e+04	2.406111e+03	8.692861e+00	1.454971e+04	1.455624e+04	1.450777e+04	8.180482e+01	8.088649e+01
	170	444	42.500000	-21.000000	-4.768884e-05	9.174103e+04	4.738011e+03	8.434844e+00	1.454904e+04	1.455559e+04	1.450777e+04	8.233504e+01	8.130743e+01
	170	445	42.500000	-21.250000	-4.768884e-05	9.174103e+04	6.832477e+03	8.434844e+00	1.455050e+04	1.455703e+04	1.450777e+04	8.223023e+01	8.094815e+01
	215	467	53.750000	-26.750000	-9.561097e-05	1.006790e+05	1.454901e+00	1.436343e+01	1.457864e+04	1.459863e+04	1.443365e+04	9.086584e+01	8.877781e+01
	338	467	84.500000	-26.750000	-4.635206e-04	1.013540e+05	5.494537e-01	1.628157e+01	1.502001e+04	1.502335e+04	1.492390e+04	9.067175e+01	8.431533e+01
	845	473	211.250000	-28.250000	-3.631166e-04	9.997203e+04	9.715645e-01	1.579517e+01	1.427768e+04	1.432053e+04	1.372415e+04	8.825972e+01	8.504223e+01
	1303	483	325.750000	-30.750000	-2.433411e-04	1.009020e+05	1.935207e+00	1.333212e+01	1.467716e+04	1.469827e+04	1.451602e+04	8.756862e+01	7.643349e+01
	708	508	177.000000	-37.000000	-1.860014e-04	8.891103e+04	7.359816e+03	1.474906e+01	1.406979e+04	1.409505e+04	1.386227e+04	9.330426e+01	8.921574e+01
	999	530	249.750000	-42.500000	-9.397916e-04	9.947203e+04	1.413999e+00	2.157217e+01	1.351974e+04	1.356898e+04	1.283765e+04	7.974100e+01	7.873344e+01
	648	535	162.000000	-43.750000	-3.949753e-04	9.966603e+04	4.988958e+00	1.797963e+01	1.337572e+04	1.340182e+04	1.319265e+04	8.435810e+01	8.106756e+01
	482	538	120.500000	-44.500000	-3.402880e-04	1.001080e+05	1.672785e+00	1.543413e+01	1.370468e+04	1.372667e+04	1.339752e+04	8.692768e+01	8.390839e+01
2024	1	22	35	6
	527	360	131.750000	0.000000	-2.113194e-05	8.261624e+04	1.273512e+04	1.148125e+01	1.458677e+04	1.459148e+04	1.450798e+04	8.996204e+01	8.411234e+01
	706	360	176.500000	0.000000	-1.937361e-05	1.007482e+05	2.638664e+00	5.572830e+00	1.464690e+04	1.464773e+04	1.463648e+04	8.222842e+01	8.089216e+01
	980	360	245.000000	0.000000	-1.776428e-05	1.009672e+05	9.715036e-01	7.813632e+00	1.475857e+04	1.475984e+04	1.474398e+04	9.621298e+01	9.397428e+01
	58	361	14.500000	-0.250000	-2.765865e-05	9.304324e+04	6.237948e+03	4.373152e+00	1.502590e+04	1.502851e+04	1.500186e+04	7.567572e+01	7.030768e+01
	527	361	131.750000	-0.250000	-3.111572e-05	8.261624e+04	1.551026e+04	1.148125e+01	1.458617e+04	1.459094e+04	1.450798e+04	8.895937e+01	8.381651e+01
	1074	361	268.500000	-0.250000	-4.223199e-05	9.878124e+04	2.968146e+03	6.174688e+00	1.477727e+04	1.477850e+04	1.476361e+04	9.065893e+01	8.913156e+01
	1074	362	268.500000	-0.500000	-2.894015e-05	9.878124e+04	2.968146e+03	6.413985e+00	1.477867e+04	1.477985e+04	1.476361e+04	9.019035e+01	8.888101e+01
	1224	364	306.000000	-1.000000	-1.630397e-05	9.597624e+04	4.826799e+03	5.047588e+00	1.494149e+04	1.494301e+04	1.491473e+04	9.313519e+01	9.247678e+01
	1122	366	280.500000	-1.500000	-7.626624e-05	6.523924e+04	3.877745e+04	6.999420e+00	1.489904e+04	1.489716e+04	1.472311e+04	9.000735e+01	8.784242e+01
	847	367	211.750000	-1.750000	-2.134056e-05	1.007572e+05	1.573924e+00	9.627048e+00	1.461101e+04	1.461352e+04	1.459148e+04	7.681946e+01	7.697662e+01
	1396	367	349.000000	-1.750000	-1.460523e-05	1.013672e+05	6.899931e-01	5.850172e+00	1.503362e+04	1.503538e+04	1.501098e+04	8.551501e+01	8.024702e+01
	1192	371	298.000000	-2.750000	-1.820037e-06	9.923924e+04	1.225934e+03	2.505868e+00	1.496276e+04	1.496395e+04	1.493773e+04	8.605695e+01	8.463737e+01
	800	373	200.000000	-3.250000	-4.770467e-06	1.007382e+05	1.192256e+00	8.745975e+00	1.461783e+04	1.461983e+04	1.459573e+04	8.615068e+01	7.971766e+01
	591	394	147.750000	-8.500000	-1.101515e-04	7.798624e+04	2.481712e+04	1.327103e+01	1.437783e+04	1.437598e+04	1.427573e+04	8.216953e+01	8.319619e+01
	111	406	27.750000	-11.500000	-3.011248e-04	8.437824e+04	1.593708e+04	5.115752e+00	1.498155e+04	1.498247e+04	1.491611e+04	9.201695e+01	8.982338e+01
	305	406	76.250000	-11.500000	-2.025089e-04	1.010942e+05	1.835340e+00	7.278776e+00	1.491856e+04	1.492054e+04	1.486448e+04	8.610464e+01	7.624277e+01
	137	409	34.250000	-12.250000	-2.023301e-04	7.843324e+04	1.942738e+04	4.723971e+00	1.496096e+04	1.496318e+04	1.491011e+04	9.111483e+01	8.807350e+01
	366	409	91.500000	-12.250000	-9.644947e-04	9.941524e+04	1.413272e+00	2.095013e+01	1.466950e+04	1.469825e+04	1.343323e+04	8.894904e+01	8.126427e+01
	671	413	167.750000	-13.250000	-2.907536e-04	9.613024e+04	1.447447e+03	7.278934e+00	1.452062e+04	1.452158e+04	1.445398e+04	8.865455e+01	8.632026e+01
	594	416	148.500000	-14.000000	-4.362187e-04	9.993424e+04	1.915544e+00	1.451049e+01	1.415954e+04	1.416304e+04	1.405611e+04	8.988533e+01	8.697461e+01
	566	421	141.500000	-15.250000	-5.247912e-04	9.551424e+04	2.156594e+03	1.059657e+01	1.427680e+04	1.428419e+04	1.416386e+04	8.758607e+01	8.247501e+01
	236	423	59.000000	-15.750000	-3.128967e-04	1.003532e+05	1.794939e+00	1.822879e+01	1.453959e+04	1.456130e+04	1.424811e+04	9.020182e+01	8.611594e+01
	617	424	154.250000	-16.000000	-3.066382e-04	9.954724e+04	1.975871e+00	1.815732e+01	1.400423e+04	1.403936e+04	1.363086e+04	9.084831e+01	8.786400e+01
	1186	433	296.500000	-18.250000	-2.218506e-04	5.996524e+04	3.172130e+04	4.828804e+00	1.491865e+04	1.492440e+04	1.477773e+04	8.852807e+01	8.805105e+01
	176	436	44.000000	-19.000000	-4.753680e-05	8.184724e+04	9.683752e+03	6.153907e+00	1.476043e+04	1.476612e+04	1.472148e+04	8.490588e+01	8.476424e+01
	1284	436	321.000000	-19.000000	-3.097674e-04	9.150924e+04	7.341724e+03	1.030188e+01	1.479123e+04	1.479215e+04	1.469961e+04	9.009655e+01	8.509370e+01
	509	442	127.250000	-20.500000	-3.008267e-04	9.472624e+04	4.337331e+03	1.193986e+01	1.408406e+04	1.411019e+04	1.369061e+04	8.993234e+01	7.417478e+01
	753	444	188.250000	-21.000000	-2.269170e-04	1.006162e+05	1.313054e+00	1.182809e+01	1.458331e+04	1.459021e+04	1.446923e+04	8.931518e+01	8.505830e+01
	331	464	82.750000	-26.000000	-2.123436e-04	1.014022e+05	7.298173e-01	1.399914e+01	1.507566e+04	1.508154e+04	1.501136e+04	8.790936e+01	7.983974e+01
	1299	471	324.750000	-27.750000	-2.662262e-04	1.007002e+05	1.755499e+00	1.382690e+01	1.453166e+04	1.455282e+04	1.439461e+04	9.252480e+01	8.758738e+01
	209	473	52.250000	-28.250000	-9.227009e-05	1.008752e+05	1.734400e+00	1.429095e+01	1.473539e+04	1.475451e+04	1.460648e+04	8.594608e+01	8.512518e+01
	845	473	211.250000	-28.250000	-3.263971e-04	1.001442e+05	9.715645e-01	1.395291e+01	1.434260e+04	1.438250e+04	1.384661e+04	8.969851e+01	8.674394e+01
	713	518	178.250000	-39.500000	-2.048335e-04	8.850324e+04	1.133049e+04	1.664750e+01	1.382683e+04	1.385350e+04	1.356773e+04	9.119054e+01	8.766853e+01
	661	539	165.250000	-44.750000	-4.157147e-04	8.628724e+04	9.759268e+03	1.526808e+01	1.310176e+04	1.312747e+04	1.286561e+04	8.831406e+01	8.214720e+01
	1017	540	254.250000	-45.000000	-6.791970e-04	9.896424e+04	1.533335e+00	2.158681e+01	1.308035e+04	1.314086e+04	1.246698e+04	8.186271e+01	7.950283e+01
2024	1	22	28	12
	1220	362	305.000000	-0.500000	-2.722605e-05	9.622606e+04	4.826799e+03	4.676929e+00	1.514288e+04	1.514388e+04	1.511850e+04	9.185228e+01	9.228485e+01
	930	364	232.500000	-1.000000	-1.336797e-05	1.006741e+05	1.091637e+00	9.790220e+00	1.446522e+04	1.446899e+04	1.443325e+04	9.009163e+01	9.161195e+01
	1387	364	346.750000	-1.000000	-4.933681e-07	1.014611e+05	7.499927e-01	6.092833e+00	1.514744e+04	1.514973e+04	1.512462e+04	8.517670e+01	8.160192e+01
	1387	365	346.750000	-1.250000	1.443783e-06	1.014611e+05	9.311727e-01	6.150601e+00	1.514771e+04	1.514993e+04	1.512462e+04	8.555040e+01	8.197115e+01
	963	368	240.750000	-2.000000	-2.153381e-05	1.007071e+05	1.051604e+00	8.864972e+00	1.452043e+04	1.452158e+04	1.450887e+04	9.637500e+01	9.532867e+01
	1121	371	280.250000	-2.750000	-1.419650e-04	6.523206e+04	3.663807e+04	7.483912e+00	1.488898e+04	1.488861e+04	1.472262e+04	8.841232e+01	8.733414e+01
	1253	371	313.250000	-2.750000	-6.334623e-06	9.800506e+04	2.714509e+03	7.474279e+00	1.514174e+04	1.514371e+04	1.512300e+04	8.348800e+01	8.452007e+01
	551	372	137.750000	-3.000000	-2.470778e-04	7.019406e+04	3.434546e+04	7.921892e+00	1.485292e+04	1.485107e+04	1.475987e+04	9.096552e+01	8.668231e+01
	859	372	214.750000	-3.000000	-1.080497e-05	1.006091e+05	1.011460e+00	9.462511e+00	1.448253e+04	1.448458e+04	1.446187e+04	7.737177e+01	7.898685e+01
	1168	376	292.000000	-4.000000	-1.789792e-05	9.926506e+04	1.548645e+03	1.847237e+00	1.508459e+04	1.508612e+04	1.504950e+04	9.423461e+01	8.810036e+01
	296	406	74.000000	-11.500000	-1.076625e-04	1.009391e+05	1.835340e+00	8.181128e+00	1.479443e+04	1.479688e+04	1.473412e+04	8.533440e+01	7.892547e+01
	365	410	91.250000	-12.500000	-1.048403e-03	9.959006e+04	1.132110e+00	1.878429e+01	1.461629e+04	1.464220e+04	1.357687e+04	8.921403e+01	7.979462e+01
	1059	411	264.750000	-12.750000	-9.082421e-05	1.012061e+05	1.594050e+00	8.699726e+00	1.471841e+04	1.472061e+04	1.468962e+04	7.914820e+01	8.013040e+01
	593	412	148.250000	-13.000000	-4.041658e-04	9.979406e+04	6.879116e+00	1.455410e+01	1.440846e+04	1.441419e+04	1.428612e+04	9.128794e+01	8.850874e+01
	674	413	168.500000	-13.250000	-2.842115e-04	9.636506e+04	1.094431e+03	5.097471e+00	1.472011e+04	1.472170e+04	1.466250e+04	8.643219e+01	8.568098e+01
	569	419	142.250000	-14.750000	-2.249645e-04	9.483206e+04	3.438978e+03	8.329795e+00	1.456184e+04	1.456567e+04	1.447675e+04	8.779498e+01	8.315002e+01
	237	423	59.250000	-15.750000	-3.314780e-04	1.000121e+05	1.794939e+00	1.778266e+01	1.430396e+04	1.433296e+04	1.395975e+04	9.051357e+01	8.738822e+01
	616	426	154.000000	-16.500000	-2.623664e-04	9.978606e+04	1.634048e+00	1.588095e+01	1.419558e+04	1.423186e+04	1.380625e+04	8.717075e+01	8.624271e+01
	191	435	47.750000	-18.750000	-6.537302e-05	8.165206e+04	1.882964e+04	5.654567e+00	1.456026e+04	1.456315e+04	1.449012e+04	8.107462e+01	8.127956e+01
	777	437	194.250000	-19.250000	-2.821253e-04	1.007611e+05	1.492996e+00	1.140508e+01	1.459007e+04	1.459622e+04	1.449812e+04	8.269106e+01	7.986933e+01
	502	444	125.500000	-21.000000	-6.435381e-04	9.528906e+04	4.254201e+03	8.654780e+00	1.422047e+04	1.424156e+04	1.378975e+04	8.086781e+01	6.501412e+01
	1219	455	304.750000	-23.750000	-5.917414e-05	9.352006e+04	6.112309e+03	6.049123e+00	1.496966e+04	1.497723e+04	1.490287e+04	7.933824e+01	8.089712e+01
	314	457	78.500000	-24.250000	-7.634028e-05	1.013261e+05	1.252154e+00	1.344691e+01	1.503644e+04	1.504151e+04	1.498125e+04	8.907780e+01	8.256149e+01
	1305	469	326.250000	-27.250000	-4.337893e-04	1.007151e+05	1.755499e+00	1.620724e+01	1.473962e+04	1.476365e+04	1.444112e+04	8.569450e+01	8.520267e+01
	847	475	211.750000	-28.750000	-3.558265e-04	1.000201e+05	6.900519e-01	1.345452e+01	1.421526e+04	1.425590e+04	1.370425e+04	8.816143e+01	8.699301e+01
	210	477	52.500000	-29.250000	-1.411305e-04	1.007751e+05	1.835711e+00	1.276480e+01	1.465214e+04	1.466898e+04	1.453425e+04	7.904153e+01	8.006518e+01
	1318	491	329.500000	-32.750000	-6.476806e-04	1.011441e+05	1.312177e+00	1.442754e+01	1.489671e+04	1.491541e+04	1.466675e+04	7.880696e+01	6.650282e+01
	675	539	168.750000	-44.750000	-2.691613e-04	8.362406e+04	1.504630e+04	1.588704e+01	1.292347e+04	1.295649e+04	1.272300e+04	8.190767e+01	8.003651e+01
2024	1	22	36	18
	889	360	222.250000	0.000000	-2.493360e-05	1.008947e+05	1.192116e+00	1.090267e+01	1.473256e+04	1.473559e+04	1.467971e+04	8.726295e+01	8.556989e+01
	1126	360	281.500000	0.000000	-9.312131e-05	6.522673e+04	3.877745e+04	5.616971e+00	1.487091e+04	1.486994e+04	1.465421e+04	8.200394e+01	8.203057e+01
	865	364	216.250000	-1.000000	-1.086690e-05	1.008987e+05	8.707308e-01	9.842548e+00	1.472159e+04	1.472363e+04	1.470646e+04	7.937859e+01	8.016172e+01
	957	365	239.250000	-1.250000	-3.053644e-05	1.009677e+05	1.613883e+00	9.510563e+00	1.475255e+04	1.475614e+04	1.472609e+04	9.517930e+01	9.417916e+01
	1001	366	250.250000	-1.500000	-6.038928e-06	1.010187e+05	1.493570e+00	8.810063e+00	1.479134e+04	1.479225e+04	1.478646e+04	9.297035e+01	9.314101e+01
	1166	366	291.500000	-1.500000	-5.408027e-05	9.861273e+04	1.749377e+03	3.281137e+00	1.495808e+04	1.495990e+04	1.488084e+04	8.419157e+01	8.383778e+01
	349	367	87.250000	-1.750000	1.709675e-06	1.012667e+05	1.594068e+00	7.382188e+00	1.506378e+04	1.506292e+04	1.504746e+04	7.777845e+01	7.273030e+01
	781	367	195.250000	-1.750000	-1.344273e-04	1.008467e+05	9.912879e-01	8.782354e+00	1.471177e+04	1.471481e+04	1.466621e+04	8.605904e+01	8.366736e+01
	1247	372	311.750000	-3.000000	-2.099969e-05	9.752973e+04	3.036725e+03	7.250161e+00	1.486972e+04	1.487124e+04	1.481184e+04	8.467411e+01	8.468183e+01
	548	373	137.000000	-3.250000	-3.944228e-04	6.998673e+04	3.434546e+04	9.544186e+00	1.466094e+04	1.465978e+04	1.448121e+04	8.609792e+01	8.595819e+01
	1400	373	350.000000	-3.250000	-9.853626e-06	1.012597e+05	1.252206e+00	7.562629e+00	1.496017e+04	1.496195e+04	1.493671e+04	8.689534e+01	8.014393e+01
	1121	382	280.250000	-5.500000	-9.800890e-05	6.575173e+04	3.491481e+04	6.843279e+00	1.487353e+04	1.487604e+04	1.465484e+04	7.685887e+01	7.652457e+01
	1233	396	308.250000	-9.000000	-1.557567e-05	9.510473e+04	5.010623e+03	2.781197e+00	1.485604e+04	1.485876e+04	1.475484e+04	8.605196e+01	8.557473e+01
	498	399	124.500000	-9.750000	-1.211355e-04	9.154973e+04	1.120923e+04	1.151365e+01	1.461720e+04	1.461671e+04	1.457534e+04	8.056281e+01	8.064308e+01
	597	400	149.250000	-10.000000	-1.834820e-04	7.854673e+04	1.997381e+04	1.513370e+01	1.429591e+04	1.429850e+04	1.426796e+04	8.789365e+01	8.842390e+01
	305	404	76.250000	-11.000000	-1.048038e-04	1.012227e+05	1.835340e+00	7.827337e+00	1.499743e+04	1.500166e+04	1.495296e+04	8.458437e+01	7.971030e+01
	366	410	91.500000	-12.500000	-7.963369e-04	9.986673e+04	1.413272e+00	1.791926e+01	1.476533e+04	1.478980e+04	1.383646e+04	9.083950e+01	8.355587e+01
	1272	410	318.000000	-12.500000	-6.749132e-05	8.811773e+04	1.187148e+04	4.043345e+00	1.483228e+04	1.483618e+04	1.475021e+04	7.707227e+01	7.879935e+01
	199	415	49.750000	-13.750000	-3.510902e-04	8.526973e+04	1.653842e+04	1.319953e+01	1.484603e+04	1.484666e+04	1.470709e+04	8.207597e+01	7.859695e+01
	677	418	169.250000	-14.500000	-1.170228e-04	9.616073e+04	1.519965e+03	6.330285e+00	1.457436e+04	1.457695e+04	1.452384e+04	8.672671e+01	8.644898e+01
	561	422	140.250000	-15.500000	-3.948996e-04	9.833873e+04	4.868888e+02	9.722467e+00	1.436532e+04	1.437138e+04	1.424846e+04	8.448523e+01	8.033111e+01
	241	424	60.250000	-16.000000	-3.867338e-04	1.001037e+05	1.533698e+00	1.710470e+01	1.447057e+04	1.450501e+04	1.406384e+04	8.996904e+01	8.706502e+01
	615	426	153.750000	-16.500000	-2.782533e-04	9.952373e+04	1.975871e+00	1.707369e+01	1.397661e+04	1.401709e+04	1.357084e+04	9.086346e+01	8.749317e+01
	1271	435	317.750000	-18.750000	-3.739097e-05	8.868673e+04	1.215646e+04	7.969993e+00	1.480724e+04	1.481028e+04	1.473284e+04	7.946672e+01	7.876981e+01
	780	436	195.000000	-19.000000	-3.554414e-04	1.008827e+05	7.904290e-01	1.149297e+01	1.470208e+04	1.470800e+04	1.456421e+04	8.719379e+01	8.377816e+01
	186	438	46.500000	-19.500000	-1.849125e-04	8.182673e+04	1.882964e+04	4.586776e+00	1.478623e+04	1.478763e+04	1.472109e+04	9.068789e+01	8.291684e+01
	716	438	179.000000	-19.500000	-1.998136e-04	9.527173e+04	6.201385e+03	5.926275e+00	1.463758e+04	1.463637e+04	1.457659e+04	9.013686e+01	8.481487e+01
	498	444	124.500000	-21.000000	-1.087863e-03	9.535373e+04	3.753405e+03	1.068395e+01	1.410833e+04	1.413742e+04	1.328984e+04	8.466586e+01	6.987962e+01
	1305	453	326.250000	-23.250000	-3.626535e-04	1.007637e+05	1.593584e+00	1.404010e+01	1.473519e+04	1.474373e+04	1.465034e+04	8.588779e+01	8.159785e+01
	310	457	77.500000	-24.250000	-9.467104e-05	1.014857e+05	1.634858e+00	1.422146e+01	1.519278e+04	1.519700e+04	1.513896e+04	9.161907e+01	8.140974e+01
	1220	457	305.000000	-24.250000	-1.151750e-04	9.131073e+04	7.065054e+03	5.528359e+00	1.490019e+04	1.490893e+04	1.481384e+04	8.596376e+01	8.722280e+01
	1309	475	327.250000	-28.750000	-5.482624e-04	1.003877e+05	1.755499e+00	1.692764e+01	1.461819e+04	1.464740e+04	1.418846e+04	8.317164e+01	7.867391e+01
	848	477	212.000000	-29.250000	-3.311823e-04	1.002197e+05	6.900519e-01	1.464860e+01	1.435816e+04	1.439882e+04	1.386159e+04	8.914458e+01	8.544534e+01
	211	490	52.750000	-32.500000	-3.112743e-04	1.008507e+05	1.835711e+00	1.356578e+01	1.473666e+04	1.475433e+04	1.451734e+04	9.280254e+01	8.429878e+01
	1325	495	331.250000	-33.750000	-6.155560e-04	1.011067e+05	1.393347e+00	1.407365e+01	1.489127e+04	1.490526e+04	1.457484e+04	7.656074e+01	6.343814e+01
	680	537	170.000000	-44.250000	-3.344009e-04	8.330773e+04	1.504630e+04	1.767232e+01	1.272392e+04	1.275806e+04	1.241234e+04	8.667399e+01	7.960644e+01
2024	1	23	35	0
	754	360	188.500000	0.000000	-2.031494e-05	1.007297e+05	1.674424e+00	4.772590e+00	1.460722e+04	1.460960e+04	1.459614e+04	8.543875e+01	8.461152e+01
	950	360	237.500000	0.000000	-5.595852e-05	1.006927e+05	1.955514e+00	8.313848e+00	1.450829e+04	1.451005e+04	1.449202e+04	9.678786e+01	9.430787e+01
	1193	361	298.250000	-0.250000	-5.026627e-05	9.470870e+04	5.625173e+03	3.563221e+00	1.492344e+04	1.492629e+04	1.488564e+04	7.791276e+01	7.728462e+01
	1412	361	353.000000	-0.250000	-1.381803e-05	1.014027e+05	1.191976e+00	7.262520e+00	1.513205e+04	1.513342e+04	1.510577e+04	8.312399e+01	8.060437e+01
	452	362	113.000000	-0.500000	-5.539227e-05	8.988470e+04	8.814143e+03	4.702928e+00	1.505022e+04	1.504857e+04	1.501564e+04	7.654205e+01	8.003401e+01
	881	363	220.250000	-0.750000	-1.608301e-05	1.005767e+05	1.192116e+00	1.000977e+01	1.443705e+04	1.444061e+04	1.441852e+04	8.598841e+01	8.305469e+01
	391	364	97.750000	-1.000000	2.722256e-06	8.898070e+04	1.927246e+03	5.437403e+00	1.494099e+04	1.494332e+04	1.490389e+04	7.711413e+01	7.719785e+01
	905	364	226.250000	-1.000000	-2.547074e-05	1.005967e+05	1.031411e+00	9.963904e+00	1.444596e+04	1.444868e+04	1.442439e+04	8.668448e+01	8.765792e+01
	1122	366	280.500000	-1.500000	-1.006620e-04	6.515470e+04	3.877745e+04	6.981777e+00	1.471144e+04	1.471049e+04	1.455577e+04	8.462030e+01	8.252078e+01
	1047	369	261.750000	-2.250000	-5.771406e-06	1.007667e+05	1.372946e+00	7.386420e+00	1.455539e+04	1.455740e+04	1.454052e+04	8.427975e+01	8.564556e+01
	1170	369	292.500000	-2.250000	-2.812315e-05	9.917870e+04	1.338700e+03	3.090578e+00	1.489808e+04	1.490277e+04	1.484777e+04	7.538261e+01	7.684198e+01
	550	374	137.500000	-3.500000	-4.056888e-04	7.021270e+04	3.434546e+04	9.677418e+00	1.491429e+04	1.491281e+04	1.473464e+04	7.978664e+01	8.166624e+01
	589	387	147.250000	-6.750000	-2.331631e-04	7.766870e+04	2.513040e+04	1.222649e+01	1.472922e+04	1.472898e+04	1.460964e+04	8.315752e+01	8.400380e+01
	298	404	74.500000	-11.000000	-3.062086e-04	1.009717e+05	1.835340e+00	8.054389e+00	1.481947e+04	1.482266e+04	1.472889e+04	8.879420e+01	8.335065e+01
	81	408	20.250000	-12.000000	-8.090306e-05	8.500270e+04	1.462494e+04	2.535268e+00	1.491363e+04	1.491901e+04	1.485952e+04	7.764507e+01	7.585085e+01
	139	408	34.750000	-12.000000	-2.609985e-04	7.835670e+04	1.942738e+04	4.830478e+00	1.487351e+04	1.487438e+04	1.481514e+04	8.775654e+01	8.598613e+01
	366	411	91.500000	-12.750000	-7.447498e-04	9.989670e+04	1.413272e+00	1.784840e+01	1.467776e+04	1.470300e+04	1.384089e+04	9.070393e+01	8.356071e+01
	669	421	167.250000	-15.250000	-5.431939e-05	9.625170e+04	3.957731e+03	6.428411e+00	1.467126e+04	1.467356e+04	1.462789e+04	8.957934e+01	8.798281e+01
	1160	422	290.000000	-15.500000	-1.488524e-04	5.694570e+04	4.789930e+04	7.322581e+00	1.490330e+04	1.489666e+04	1.446952e+04	8.021333e+01	7.443356e+01
	557	423	139.250000	-15.750000	-3.991621e-04	9.753470e+04	1.711539e+03	9.806167e+00	1.461919e+04	1.462511e+04	1.444277e+04	8.273039e+01	7.864179e+01
	190	424	47.500000	-16.000000	-2.343254e-04	8.506070e+04	1.231194e+04	1.150828e+01	1.458087e+04	1.458415e+04	1.448502e+04	9.151605e+01	8.566768e+01
	615	427	153.750000	-16.750000	-3.193216e-04	9.949070e+04	1.634048e+00	2.000145e+01	1.412978e+04	1.418270e+04	1.355927e+04	8.634563e+01	8.522872e+01
	1234	429	308.500000	-17.250000	-2.514292e-05	9.005870e+04	8.941746e+03	3.295560e+00	1.490419e+04	1.490697e+04	1.484264e+04	8.256870e+01	8.117371e+01
	243	431	60.750000	-17.750000	-2.834694e-04	9.991370e+04	1.493025e+00	1.633608e+01	1.423719e+04	1.427242e+04	1.389389e+04	8.796915e+01	8.768325e+01
	805	434	201.250000	-18.500000	-2.583759e-04	1.009287e+05	7.379909e+00	9.497801e+00	1.470246e+04	1.470458e+04	1.462464e+04	8.525751e+01	8.376606e+01
	782	436	195.500000	-19.000000	-2.842443e-04	1.007897e+05	7.704747e-01	1.170752e+01	1.466329e+04	1.466938e+04	1.455964e+04	8.834714e+01	8.418776e+01
	1252	443	313.000000	-20.750000	-1.086490e-04	8.635370e+04	1.286905e+04	5.606518e+00	1.496390e+04	1.496698e+04	1.489464e+04	7.863638e+01	8.072835e+01
	1252	444	313.000000	-21.000000	-1.086490e-04	8.635370e+04	1.347501e+04	5.606518e+00	1.496927e+04	1.497200e+04	1.489464e+04	7.880776e+01	8.044242e+01
	1221	445	305.250000	-21.250000	-2.821255e-05	9.310770e+04	6.122658e+03	3.470154e+00	1.482868e+04	1.483933e+04	1.474414e+04	7.835500e+01	8.245029e+01
	494	446	123.500000	-21.500000	-8.262591e-04	9.425270e+04	4.191000e+03	1.326648e+01	1.426211e+04	1.429321e+04	1.347802e+04	8.436618e+01	6.859491e+01
	1311	476	327.750000	-29.000000	-5.665617e-04	1.005877e+05	1.755499e+00	1.678985e+01	1.475622e+04	1.478355e+04	1.434377e+04	8.533167e+01	7.744283e+01
	852	478	213.000000	-29.500000	-2.461867e-04	1.001547e+05	9.106033e-01	1.303101e+01	1.428312e+04	1.432286e+04	1.382152e+04	8.670328e+01	8.219707e+01
	218	496	54.500000	-34.000000	-4.292326e-04	1.006017e+05	1.152382e+00	1.198349e+01	1.446617e+04	1.448120e+04	1.424539e+04	9.191450e+01	8.314313e+01
	927	505	231.750000	-36.250000	-4.338520e-04	1.011487e+05	1.372575e+00	1.318803e+01	1.468712e+04	1.469231e+04	1.457777e+04	8.079460e+01	8.273811e+01
	683	535	170.750000	-43.750000	-3.086822e-04	8.352770e+04	1.504630e+04	1.761000e+01	1.290618e+04	1.292735e+04	1.271039e+04	8.040901e+01	7.712379e+01
2024	1	23	36	6
	771	360	192.750000	0.000000	-1.462332e-04	1.008647e+05	7.903340e-01	7.402338e+00	1.471542e+04	1.471822e+04	1.468486e+04	8.908521e+01	8.706134e+01
	901	360	225.250000	0.000000	-2.601068e-05	1.009547e+05	1.232426e+00	9.316630e+00	1.475126e+04	1.475270e+04	1.473786e+04	9.265658e+01	9.165182e+01
	978	362	244.500000	-0.500000	-2.645771e-05	1.010617e+05	1.051887e+00	8.780271e+00	1.481858e+04	1.482020e+04	1.479711e+04	8.713835e+01	8.722144e+01
	1150	363	287.500000	-0.750000	-2.869288e-05	9.771466e+04	3.272289e+03	2.415344e+00	1.498002e+04	1.498097e+04	1.494761e+04	7.570987e+01	7.592299e+01
	391	364	97.750000	-1.000000	-6.430550e-06	8.898866e+04	1.927246e+03	5.303616e+00	1.494743e+04	1.494819e+04	1.492473e+04	7.762703e+01	7.731969e+01
	1252	365	313.000000	-1.250000	-1.471560e-05	9.864166e+04	1.275282e+03	8.589121e+00	1.490415e+04	1.490585e+04	1.488811e+04	7.635813e+01	8.266794e+01
	1122	366	280.500000	-1.500000	-8.752267e-05	6.521166e+04	3.877745e+04	7.823560e+00	1.483669e+04	1.483513e+04	1.464948e+04	8.935925e+01	8.627792e+01
	1253	366	313.250000	-1.500000	-1.471560e-05	9.864166e+04	1.449428e+03	8.391770e+00	1.490451e+04	1.490609e+04	1.488811e+04	7.650007e+01	8.249738e+01
	1380	366	345.000000	-1.500000	-5.208771e-05	1.012887e+05	1.292545e+00	6.979230e+00	1.496674e+04	1.496881e+04	1.494698e+04	8.290211e+01	8.403474e+01
	1172	367	293.000000	-1.750000	-4.785578e-05	9.467466e+04	1.217282e+03	2.558280e+00	1.496289e+04	1.496425e+04	1.493898e+04	8.600285e+01	7.943415e+01
	881	368	220.250000	-2.000000	-2.198736e-05	1.009827e+05	1.192116e+00	9.748939e+00	1.475437e+04	1.475570e+04	1.473123e+04	8.416658e+01	8.358540e+01
	1036	369	259.000000	-2.250000	-8.277129e-07	1.010267e+05	1.232343e+00	7.843561e+00	1.479283e+04	1.479403e+04	1.477986e+04	8.807618e+01	8.769386e+01
	420	370	105.000000	-2.500000	-4.618685e-05	8.775766e+04	4.445207e+03	5.730462e+00	1.496410e+04	1.496349e+04	1.493823e+04	8.144398e+01	7.822923e+01
	481	370	120.250000	-2.500000	-1.085035e-04	8.230066e+04	1.932979e+04	1.005418e+01	1.476286e+04	1.476388e+04	1.464323e+04	8.177745e+01	8.139906e+01
	1402	370	350.500000	-2.500000	-1.832168e-05	1.012987e+05	1.091806e+00	7.213837e+00	1.499548e+04	1.499669e+04	1.498136e+04	8.272527e+01	8.016263e+01
	591	394	147.750000	-8.500000	-1.353852e-04	7.801166e+04	2.481712e+04	1.575900e+01	1.444643e+04	1.444568e+04	1.432311e+04	8.295962e+01	8.588296e+01
	305	400	76.250000	-10.000000	-3.272526e-04	1.010767e+05	1.533988e+00	1.045045e+01	1.491894e+04	1.492306e+04	1.481886e+04	8.516647e+01	8.141116e+01
	66	404	16.500000	-11.000000	-8.415501e-05	8.281966e+04	1.738741e+04	3.811203e+00	1.503811e+04	1.504002e+04	1.500436e+04	8.309893e+01	7.167935e+01
	141	404	35.250000	-11.000000	-2.644293e-04	7.856166e+04	2.106574e+04	4.845338e+00	1.509394e+04	1.509619e+04	1.503973e+04	8.878999e+01	8.545341e+01
	365	413	91.250000	-13.250000	-6.892912e-04	9.995366e+04	1.152186e+00	1.764569e+01	1.471742e+04	1.474159e+04	1.387886e+04	9.009061e+01	8.124232e+01
	1179	421	294.750000	-15.250000	-3.979437e-04	6.213266e+04	3.640077e+04	4.931361e+00	1.498474e+04	1.499309e+04	1.484936e+04	9.074599e+01	8.812351e+01
	193	423	48.250000	-15.750000	-3.004007e-04	8.521566e+04	1.653842e+04	1.204184e+01	1.474783e+04	1.475258e+04	1.465123e+04	8.858494e+01	8.301859e+01
	672	424	168.000000	-16.000000	-6.433646e-05	9.618266e+04	3.957731e+03	4.683948e+00	1.455607e+04	1.455894e+04	1.451861e+04	8.750556e+01	8.515277e+01
	550	425	137.500000	-16.250000	-4.193715e-04	9.697766e+04	2.936940e+03	8.447024e+00	1.439404e+04	1.440069e+04	1.420711e+04	8.200573e+01	8.128584e+01
	616	429	154.000000	-17.250000	-3.607504e-04	9.914666e+04	1.634048e+00	1.698186e+01	1.391065e+04	1.396973e+04	1.325611e+04	9.009319e+01	8.805849e+01
	238	435	59.500000	-18.750000	-2.002052e-04	9.900866e+04	2.595980e+00	1.700356e+01	1.428481e+04	1.432349e+04	1.396586e+04	8.772639e+01	8.643357e+01
	768	437	192.000000	-19.250000	-1.105301e-04	1.008187e+05	1.137138e+02	1.044058e+01	1.472085e+04	1.472884e+04	1.463973e+04	8.209874e+01	8.084532e+01
	807	441	201.750000	-20.250000	-1.909069e-04	1.010727e+05	9.375540e+01	9.064731e+00	1.476544e+04	1.477087e+04	1.471411e+04	8.611707e+01	8.024898e+01
	489	447	122.250000	-21.750000	-6.916753e-04	9.300366e+04	5.452559e+03	1.156868e+01	1.413861e+04	1.416193e+04	1.347961e+04	7.919102e+01	6.460158e+01
	1224	459	306.000000	-24.750000	-6.678025e-05	8.855166e+04	8.747271e+03	6.555659e+00	1.476478e+04	1.477876e+04	1.467111e+04	8.870696e+01	8.568218e+01
	1225	459	306.250000	-24.750000	-6.269733e-05	8.855166e+04	9.930281e+03	6.555659e+00	1.476468e+04	1.477840e+04	1.467111e+04	8.906332e+01	8.575671e+01
	1313	476	328.250000	-29.000000	-3.374449e-04	1.005847e+05	1.755499e+00	1.594080e+01	1.458017e+04	1.460884e+04	1.428573e+04	8.696072e+01	7.696183e+01
	856	480	214.000000	-30.000000	-2.171926e-04	1.002687e+05	9.106033e-01	1.336467e+01	1.434877e+04	1.438807e+04	1.391848e+04	8.836185e+01	8.374913e+01
	883	487	220.750000	-31.750000	-5.533628e-04	1.008537e+05	1.393427e+00	1.434707e+01	1.471599e+04	1.471585e+04	1.456248e+04	8.803291e+01	8.755794e+01
	223	500	55.750000	-35.000000	-4.379384e-04	1.004747e+05	1.110216e+00	1.234923e+01	1.433476e+04	1.435481e+04	1.408511e+04	9.048344e+01	8.306165e+01
	942	507	235.500000	-36.750000	-5.024604e-04	1.011917e+05	1.172483e+00	1.333500e+01	1.472555e+04	1.473173e+04	1.458248e+04	8.383522e+01	8.524776e+01
2024	1	23	29	12
	982	360	245.500000	0.000000	-1.047226e-05	1.008453e+05	9.715036e-01	8.043944e+00	1.463640e+04	1.463874e+04	1.460599e+04	9.160259e+01	8.996763e+01
	1177	360	294.250000	0.000000	-1.681563e-04	9.386233e+04	8.238647e+03	3.122648e+00	1.507519e+04	1.507495e+04	1.506374e+04	7.729749e+01	7.695620e+01
	1200	360	300.000000	0.000000	-3.645988e-05	9.606533e+04	4.364453e+03	4.548451e+00	1.507233e+04	1.507401e+04	1.504987e+04	7.980168e+01	7.605353e+01
	392	361	98.000000	-0.250000	-4.929025e-06	8.718333e+04	1.064093e+04	4.710674e+00	1.490486e+04	1.490604e+04	1.486112e+04	7.561613e+01	7.731407e+01
	1361	362	340.250000	-0.500000	-2.388330e-05	1.014233e+05	1.071425e+00	6.139336e+00	1.511804e+04	1.511766e+04	1.510337e+04	8.060917e+01	8.144717e+01
	767	363	191.750000	-0.750000	-1.262543e-04	1.009193e+05	1.091769e+00	6.569712e+00	1.473865e+04	1.474075e+04	1.471862e+04	8.869253e+01	8.639545e+01
	1335	364	333.750000	-1.000000	-1.908513e-05	1.014443e+05	1.373240e+00	6.939773e+00	1.512031e+04	1.512128e+04	1.510137e+04	7.582610e+01	7.726237e+01
	808	365	202.000000	-1.250000	-2.585026e-05	1.009513e+05	9.109479e-01	7.211197e+00	1.476154e+04	1.476282e+04	1.474024e+04	7.643299e+01	7.739346e+01
	1400	369	350.000000	-2.250000	-2.528401e-05	1.013823e+05	6.899931e-01	8.191519e+00	1.508297e+04	1.508626e+04	1.505962e+04	7.865250e+01	7.793635e+01
	1163	384	290.750000	-6.000000	-2.108188e-05	9.855233e+04	2.139675e+03	2.128754e+00	1.508571e+04	1.508665e+04	1.506324e+04	8.134382e+01	8.298670e+01
	141	397	35.250000	-9.250000	-7.183524e-05	7.833533e+04	2.260345e+04	5.339585e+00	1.488585e+04	1.488770e+04	1.480074e+04	8.050056e+01	7.806874e+01
	498	399	124.500000	-9.750000	-1.353440e-04	9.163133e+04	1.120923e+04	1.041678e+01	1.472166e+04	1.472239e+04	1.469299e+04	7.827450e+01	8.006376e+01
	306	401	76.500000	-10.250000	-2.312181e-04	1.009143e+05	1.533988e+00	9.186765e+00	1.477422e+04	1.477538e+04	1.471399e+04	7.837428e+01	7.366493e+01
	92	410	23.000000	-12.500000	-3.246637e-05	8.547933e+04	1.411767e+04	3.283572e+00	1.491467e+04	1.491958e+04	1.481174e+04	7.518628e+01	6.875571e+01
	199	414	49.750000	-13.500000	-3.690538e-04	8.500633e+04	1.653842e+04	1.296903e+01	1.458393e+04	1.458520e+04	1.446637e+04	8.728617e+01	7.609978e+01
	365	414	91.250000	-13.500000	-8.815047e-04	9.979433e+04	1.152186e+00	1.776808e+01	1.464614e+04	1.467374e+04	1.372187e+04	8.773094e+01	8.069970e+01
	676	422	169.000000	-15.500000	-6.912323e-05	9.641033e+04	2.510662e+03	5.256487e+00	1.475663e+04	1.475999e+04	1.470524e+04	8.803528e+01	8.672513e+01
	615	429	153.750000	-17.250000	-3.642258e-04	9.947533e+04	1.634048e+00	1.695774e+01	1.419042e+04	1.424740e+04	1.354874e+04	8.845541e+01	8.769644e+01
	1278	430	319.500000	-17.500000	-3.855047e-04	8.967333e+04	8.882045e+03	6.189319e+00	1.497887e+04	1.497881e+04	1.488299e+04	9.151493e+01	8.870052e+01
	770	434	192.500000	-18.500000	-9.427639e-05	1.008513e+05	1.713976e+00	9.628027e+00	1.472873e+04	1.473822e+04	1.464474e+04	8.615709e+01	7.979820e+01
	189	436	47.250000	-19.000000	-5.350681e-05	8.156533e+04	1.882964e+04	9.464746e+00	1.452580e+04	1.452944e+04	1.443912e+04	7.779095e+01	7.979300e+01
	234	439	58.500000	-19.750000	-2.067205e-04	9.247733e+04	2.582904e+03	1.603161e+01	1.407436e+04	1.411385e+04	1.374762e+04	9.363134e+01	8.832133e+01
	485	449	121.250000	-22.250000	-6.334898e-04	9.155833e+04	6.594783e+03	9.788025e+00	1.422067e+04	1.424439e+04	1.371899e+04	7.823366e+01	6.288602e+01
	1228	449	307.000000	-22.250000	-1.211581e-04	9.026333e+04	6.846716e+03	4.845900e+00	1.485467e+04	1.486413e+04	1.476499e+04	8.681659e+01	8.419160e+01
	859	483	214.750000	-30.750000	-2.419469e-04	1.001663e+05	7.899237e-01	1.349936e+01	1.424244e+04	1.428335e+04	1.382849e+04	9.122623e+01	8.606486e+01
	1325	486	331.250000	-31.500000	-6.142375e-04	1.009003e+05	1.211913e+00	1.562382e+01	1.479136e+04	1.481552e+04	1.453837e+04	8.800680e+01	7.149492e+01
	884	494	221.000000	-33.500000	-2.267775e-04	1.007173e+05	1.574058e+00	1.110482e+01	1.452698e+04	1.453260e+04	1.443587e+04	9.017477e+01	8.735571e+01
	960	509	240.000000	-37.250000	-4.539010e-04	1.010053e+05	9.312509e-01	1.444886e+01	1.454503e+04	1.455419e+04	1.440499e+04	8.864222e+01	8.610664e+01
	240	511	60.000000	-37.750000	-3.201780e-04	1.001033e+05	1.673623e+00	1.394508e+01	1.393543e+04	1.395400e+04	1.369412e+04	8.938148e+01	8.422293e+01
2024	1	23	31	18
	1009	360	252.250000	0.000000	-1.109927e-05	1.010920e+05	1.212319e+00	7.506836e+00	1.484403e+04	1.484442e+04	1.483250e+04	9.092403e+01	9.195781e+01
	1349	360	337.250000	0.000000	-1.837104e-05	1.011010e+05	1.152577e+00	6.095522e+00	1.485724e+04	1.485873e+04	1.484000e+04	8.502174e+01	8.185259e+01
	1414	361	353.500000	-0.250000	-2.215593e-05	1.011990e+05	1.191976e+00	7.376731e+00	1.495674e+04	1.495793e+04	1.493875e+04	8.044675e+01	7.767819e+01
	1415	361	353.750000	-0.250000	-2.215593e-05	1.011990e+05	1.191976e+00	7.376731e+00	1.495881e+04	1.496000e+04	1.493875e+04	8.038142e+01	7.719797e+01
	679	363	169.750000	-0.750000	-9.579351e-06	1.008620e+05	2.176599e+00	6.658567e+00	1.473770e+04	1.473948e+04	1.471762e+04	7.787857e+01	7.597082e+01
	957	363	239.250000	-0.750000	-2.307980e-05	1.010490e+05	1.613883e+00	8.836908e+00	1.481538e+04	1.481564e+04	1.480362e+04	8.435760e+01	8.497713e+01
	982	363	245.500000	-0.750000	-1.098006e-05	1.010720e+05	9.715036e-01	8.834322e+00	1.483102e+04	1.483199e+04	1.482025e+04	8.803864e+01	8.839912e+01
	519	375	129.750000	-3.750000	-9.371131e-05	9.265898e+04	8.143510e+03	9.181391e+00	1.473727e+04	1.473761e+04	1.471925e+04	7.916579e+01	7.986993e+01
	860	375	215.000000	-3.750000	-4.641502e-05	1.010940e+05	1.011460e+00	8.914745e+00	1.487573e+04	1.487612e+04	1.485875e+04	8.374751e+01	8.202206e+01
	1176	379	294.000000	-4.750000	-3.610342e-05	9.941098e+04	1.270448e+03	2.741551e+00	1.490617e+04	1.490979e+04	1.484538e+04	8.437959e+01	8.574094e+01
	1121	382	280.250000	-5.500000	-1.047978e-04	6.574298e+04	3.491481e+04	6.318835e+00	1.482524e+04	1.482886e+04	1.461762e+04	7.857877e+01	7.628338e+01
	1356	384	339.000000	-6.000000	-6.390503e-06	1.011320e+05	9.715208e-01	7.566614e+00	1.486424e+04	1.486658e+04	1.484050e+04	7.557725e+01	7.134268e+01
	81	408	20.250000	-12.000000	-5.368679e-05	8.503298e+04	1.462494e+04	3.979553e+00	1.496659e+04	1.497118e+04	1.489488e+04	7.738373e+01	7.500872e+01
	365	415	91.250000	-13.750000	-6.981918e-04	9.992298e+04	1.152186e+00	1.810918e+01	1.472355e+04	1.475145e+04	1.384862e+04	9.107738e+01	8.204069e+01
	1205	415	301.250000	-13.750000	-4.367321e-05	9.336498e+04	7.005894e+03	4.835264e+00	1.481137e+04	1.481480e+04	1.473350e+04	8.508793e+01	8.695607e+01
	186	422	46.500000	-15.500000	-2.466866e-04	8.524198e+04	1.036934e+04	1.224892e+01	1.476790e+04	1.477327e+04	1.465562e+04	8.977875e+01	8.349055e+01
	536	424	134.000000	-16.000000	-1.494417e-04	9.645898e+04	2.828103e+03	8.462130e+00	1.446343e+04	1.446907e+04	1.435425e+04	8.038300e+01	7.980482e+01
	674	425	168.500000	-16.250000	-1.378187e-04	9.630498e+04	3.957731e+03	5.287295e+00	1.467462e+04	1.467749e+04	1.461888e+04	8.944345e+01	8.694875e+01
	675	425	168.750000	-16.250000	-1.378187e-04	9.630498e+04	2.510662e+03	5.596073e+00	1.467547e+04	1.467860e+04	1.461888e+04	8.971745e+01	8.704613e+01
	613	430	153.250000	-17.500000	-3.757009e-04	9.917098e+04	1.634048e+00	1.736551e+01	1.401194e+04	1.407026e+04	1.329288e+04	9.009367e+01	8.835925e+01
	773	434	193.250000	-18.500000	-1.202950e-04	1.009480e+05	1.492996e+00	1.009246e+01	1.478461e+04	1.479218e+04	1.472325e+04	9.152191e+01	8.411398e+01
	826	436	206.500000	-19.000000	-5.318949e-04	1.010710e+05	1.292586e+00	1.297021e+01	1.488076e+04	1.488458e+04	1.474138e+04	8.427428e+01	7.736658e+01
	698	438	174.500000	-19.500000	-2.386400e-04	1.008160e+05	1.292891e+00	6.503036e+00	1.470113e+04	1.470046e+04	1.463088e+04	8.708711e+01	8.265655e+01
	232	439	58.000000	-19.750000	-2.314278e-04	9.253298e+04	2.582904e+03	1.510760e+01	1.422570e+04	1.426743e+04	1.388188e+04	9.474235e+01	8.847330e+01
	1255	441	313.750000	-20.250000	-7.305830e-05	8.608398e+04	1.174287e+04	5.185134e+00	1.467623e+04	1.468534e+04	1.448212e+04	8.749802e+01	8.682926e+01
	482	449	120.500000	-22.250000	-4.654655e-04	9.168898e+04	8.118196e+03	9.734014e+00	1.417663e+04	1.419583e+04	1.367525e+04	8.095168e+01	6.670756e+01
	863	485	215.750000	-31.250000	-2.021918e-04	1.003810e+05	7.298367e-01	1.301279e+01	1.435830e+04	1.439687e+04	1.399238e+04	9.218716e+01	8.588866e+01
	1327	485	331.750000	-31.250000	-3.860423e-04	1.006430e+05	1.211913e+00	1.628305e+01	1.466525e+04	1.469407e+04	1.436888e+04	8.711695e+01	7.383522e+01
	973	507	243.250000	-36.750000	-5.000958e-04	1.012430e+05	1.191644e+00	1.492574e+01	1.476334e+04	1.477297e+04	1.460288e+04	9.073859e+01	8.733193e+01
	254	519	63.500000	-39.750000	-2.957711e-04	9.964798e+04	2.176935e+00	1.610202e+01	1.357446e+04	1.359544e+04	1.328512e+04	9.295712e+01	9.058833e+01
	563	535	140.750000	-43.750000	-1.484880e-04	9.991798e+04	2.157574e+00	1.122728e+01	1.345917e+04	1.347760e+04	1.334088e+04	7.657854e+01	6.911536e+01
2024	1	24	31	0
	966	360	241.500000	0.000000	-3.460865e-05	1.007085e+05	1.011285e+00	8.589606e+00	1.451261e+04	1.451491e+04	1.449483e+04	8.534711e+01	8.547310e+01
	734	363	183.500000	-0.750000	-8.203788e-06	1.009265e+05	1.011394e+00	5.346101e+00	1.477334e+04	1.477299e+04	1.476296e+04	9.002123e+01	8.518976e+01
	853	363	213.250000	-0.750000	-5.193753e-06	1.007475e+05	1.573924e+00	7.686675e+00	1.457439e+04	1.457527e+04	1.456471e+04	8.673976e+01	8.735136e+01
	1122	366	280.500000	-1.500000	-8.858065e-05	6.510845e+04	3.877745e+04	6.821719e+00	1.467860e+04	1.467671e+04	1.450671e+04	8.763518e+01	8.352690e+01
	910	368	227.500000	-2.000000	-8.203788e-06	1.006625e+05	7.904476e-01	9.866491e+00	1.451774e+04	1.452053e+04	1.449758e+04	8.823326e+01	8.739292e+01
	947	369	236.750000	-2.250000	1.422362e-06	1.007105e+05	9.314558e-01	9.399669e+00	1.452646e+04	1.452838e+04	1.451746e+04	7.761868e+01	7.936201e+01
	888	370	222.000000	-2.500000	-1.148204e-05	1.007155e+05	1.192271e+00	9.462541e+00	1.455098e+04	1.455350e+04	1.452196e+04	8.725629e+01	8.626012e+01
	1389	371	347.250000	-2.750000	-2.218108e-05	1.013645e+05	9.311727e-01	8.365993e+00	1.503766e+04	1.503825e+04	1.502383e+04	8.447105e+01	8.082280e+01
	1413	371	353.250000	-2.750000	-8.024974e-06	1.013765e+05	1.191976e+00	8.064896e+00	1.505181e+04	1.505254e+04	1.503746e+04	7.650322e+01	7.290958e+01
	289	374	72.250000	-3.500000	-2.571149e-06	1.010925e+05	1.272654e+00	5.282839e+00	1.489539e+04	1.489534e+04	1.487371e+04	7.651508e+01	7.610343e+01
	1275	375	318.750000	-3.750000	-1.461129e-05	9.378145e+04	7.403658e+03	8.447762e+00	1.499764e+04	1.499820e+04	1.495671e+04	7.871822e+01	7.854928e+01
	1090	378	272.500000	-4.500000	-4.150672e-06	1.007235e+05	1.732255e+00	5.127391e+00	1.452896e+04	1.453121e+04	1.450771e+04	7.624389e+01	7.646175e+01
	1340	382	335.000000	-5.500000	3.687339e-06	1.013585e+05	6.899835e-01	6.203930e+00	1.505156e+04	1.505268e+04	1.503521e+04	7.651328e+01	7.352306e+01
	656	384	164.000000	-6.000000	8.306699e-06	1.009315e+05	2.116387e+00	6.963799e+00	1.483585e+04	1.483741e+04	1.481346e+04	7.738303e+01	7.927936e+01
	307	396	76.750000	-9.000000	-1.574240e-04	1.009075e+05	1.292903e+00	8.515407e+00	1.477844e+04	1.478326e+04	1.468008e+04	8.686944e+01	8.102002e+01
	91	404	22.750000	-11.000000	-6.566267e-05	8.562045e+04	1.411096e+04	2.362387e+00	1.498535e+04	1.498936e+04	1.493546e+04	8.440054e+01	8.022543e+01
	159	406	39.750000	-11.500000	-1.331649e-04	9.278945e+04	7.658086e+03	7.064990e+00	1.482880e+04	1.483154e+04	1.479621e+04	8.174786e+01	7.811678e+01
	554	412	138.500000	-13.000000	-1.517318e-04	9.948345e+04	3.441725e+02	1.105732e+01	1.466584e+04	1.467682e+04	1.456346e+04	9.134726e+01	8.403845e+01
	364	415	91.000000	-13.750000	-6.505928e-04	9.981145e+04	1.152186e+00	1.856565e+01	1.464700e+04	1.467604e+04	1.379258e+04	9.125407e+01	8.325723e+01
	193	422	48.250000	-15.500000	-7.769547e-04	8.500545e+04	1.653842e+04	1.075257e+01	1.453493e+04	1.453789e+04	1.438208e+04	8.526261e+01	8.117045e+01
	613	429	153.250000	-17.250000	-4.488907e-04	9.940445e+04	1.634048e+00	1.782151e+01	1.424639e+04	1.430715e+04	1.346446e+04	8.712978e+01	8.553507e+01
	681	430	170.250000	-17.500000	-5.704979e-05	9.980645e+04	1.239364e+03	8.038885e+00	1.479874e+04	1.480142e+04	1.475496e+04	9.234929e+01	8.779041e+01
	782	436	195.500000	-19.000000	-2.585433e-04	1.008335e+05	7.704747e-01	1.059716e+01	1.469929e+04	1.470732e+04	1.460908e+04	9.070071e+01	8.749215e+01
	231	438	57.750000	-19.500000	-3.521524e-04	9.221845e+04	2.582904e+03	1.576264e+01	1.402198e+04	1.406145e+04	1.361221e+04	9.409460e+01	8.966554e+01
	832	439	208.000000	-19.750000	-4.987500e-04	1.008145e+05	2.217627e+00	1.237661e+01	1.477350e+04	1.477600e+04	1.463608e+04	8.498100e+01	7.619666e+01
	481	449	120.250000	-22.250000	-4.884384e-04	9.180645e+04	8.118196e+03	9.440076e+00	1.433774e+04	1.435954e+04	1.385008e+04	7.829832e+01	6.987173e+01
	1223	451	305.750000	-22.750000	-9.710412e-05	9.174945e+04	6.112309e+03	5.896129e+00	1.467084e+04	1.468024e+04	1.459708e+04	8.636790e+01	8.476414e+01
	866	486	216.500000	-31.500000	-1.965843e-04	1.002605e+05	7.904715e-01	1.355717e+01	1.426859e+04	1.431000e+04	1.389808e+04	9.241072e+01	8.799644e+01
	1326	490	331.500000	-32.500000	-2.654276e-04	1.009155e+05	1.393347e+00	1.548930e+01	1.476622e+04	1.478896e+04	1.455471e+04	8.082928e+01	6.754610e+01
	919	503	229.750000	-35.750000	-1.159094e-04	1.014255e+05	1.152535e+00	1.325444e+01	1.497737e+04	1.498543e+04	1.488046e+04	9.638676e+01	9.312678e+01
	273	529	68.250000	-42.250000	-4.218600e-04	9.889745e+04	1.213768e+00	1.744120e+01	1.294648e+04	1.298655e+04	1.252733e+04	9.642786e+01	9.123494e+01
2024	1	24	31	6
	1368	360	342.000000	0.000000	-7.522525e-06	1.011222e+05	1.071425e+00	6.267916e+00	1.484896e+04	1.485059e+04	1.483543e+04	8.034291e+01	8.177654e+01
	747	362	186.750000	-0.500000	-2.757949e-05	1.008712e+05	1.674424e+00	4.987316e+00	1.473730e+04	1.473781e+04	1.473031e+04	8.525005e+01	8.350742e+01
	1122	366	280.500000	-1.500000	-8.646888e-05	6.517019e+04	3.877745e+04	7.264286e+00	1.478464e+04	1.478395e+04	1.462456e+04	8.999432e+01	8.516349e+01
	797	367	199.250000	-1.750000	-3.309292e-05	1.009082e+05	1.011444e+00	6.290905e+00	1.475450e+04	1.475600e+04	1.473681e+04	7.579606e+01	7.541969e+01
	933	367	233.250000	-1.750000	-1.154584e-05	1.010852e+05	1.091637e+00	1.002614e+01	1.482833e+04	1.483055e+04	1.479956e+04	8.635713e+01	8.559452e+01
	660	369	165.000000	-2.250000	-3.469409e-06	1.007322e+05	1.674552e+00	6.986036e+00	1.467007e+04	1.467284e+04	1.464006e+04	7.707787e+01	7.680779e+01
	554	372	138.500000	-3.000000	-1.764421e-04	7.003519e+04	3.434546e+04	7.343012e+00	1.468003e+04	1.468005e+04	1.457318e+04	7.915961e+01	7.898830e+01
	857	373	214.250000	-3.250000	-1.214189e-05	1.010202e+05	1.011460e+00	7.913167e+00	1.482141e+04	1.482251e+04	1.480168e+04	7.952534e+01	8.039365e+01
	1236	377	309.000000	-4.250000	6.097136e-06	9.598219e+04	4.479609e+03	4.082561e+00	1.479904e+04	1.480002e+04	1.476656e+04	9.367863e+01	9.269476e+01
	588	384	147.000000	-6.000000	-1.534049e-04	7.474419e+04	2.513040e+04	1.096581e+01	1.467653e+04	1.467509e+04	1.458581e+04	8.207336e+01	8.200595e+01
	451	390	112.750000	-7.500000	-9.552878e-05	9.040619e+04	1.376617e+04	9.736391e+00	1.482003e+04	1.481990e+04	1.476868e+04	8.101286e+01	7.835072e+01
	72	393	18.000000	-8.250000	-7.565063e-05	8.589219e+04	1.242552e+04	2.492006e+00	1.503930e+04	1.504071e+04	1.499618e+04	7.586691e+01	7.696321e+01
	311	394	77.750000	-8.500000	-1.544778e-04	1.011232e+05	1.292903e+00	9.515223e+00	1.493176e+04	1.493506e+04	1.485618e+04	9.048401e+01	8.383089e+01
	1239	410	309.750000	-12.500000	-1.679484e-04	9.021119e+04	6.317856e+03	4.303949e+00	1.466402e+04	1.466582e+04	1.459206e+04	9.587165e+01	9.325634e+01
	555	411	138.750000	-12.750000	-2.499942e-04	9.958719e+04	2.124888e+02	1.200393e+01	1.445982e+04	1.447082e+04	1.434156e+04	8.722014e+01	8.476282e+01
	364	416	91.000000	-14.000000	-7.209901e-04	9.967819e+04	1.152186e+00	2.093187e+01	1.470101e+04	1.472953e+04	1.367481e+04	8.969423e+01	8.164532e+01
	521	418	130.250000	-14.500000	-6.441516e-05	9.644019e+04	2.919271e+03	8.709768e+00	1.451212e+04	1.451532e+04	1.441081e+04	8.052276e+01	8.277324e+01
	178	425	44.500000	-16.250000	-4.130129e-04	8.832619e+04	6.558959e+03	1.142115e+01	1.474513e+04	1.475295e+04	1.455081e+04	8.941888e+01	8.276932e+01
	1150	425	287.500000	-16.250000	-3.419560e-05	5.693919e+04	4.787863e+04	6.744908e+00	1.489971e+04	1.488246e+04	1.465593e+04	7.670072e+01	7.311543e+01
	609	429	152.250000	-17.250000	-4.364972e-04	9.915419e+04	1.574056e+00	1.952614e+01	1.407421e+04	1.413412e+04	1.327431e+04	8.976531e+01	8.499582e+01
	609	430	152.250000	-17.500000	-4.364972e-04	9.915419e+04	1.574056e+00	1.952614e+01	1.407551e+04	1.413597e+04	1.327431e+04	9.024049e+01	8.466413e+01
	230	436	57.500000	-19.000000	-4.936282e-04	9.224819e+04	2.582904e+03	1.702321e+01	1.413451e+04	1.417601e+04	1.366193e+04	8.707128e+01	8.703387e+01
	790	436	197.500000	-19.000000	-3.763859e-04	1.008462e+05	7.301772e-01	1.147909e+01	1.473126e+04	1.473688e+04	1.461843e+04	8.840308e+01	8.557219e+01
	697	437	174.250000	-19.250000	-1.832072e-04	1.007552e+05	1.292891e+00	9.052009e+00	1.463470e+04	1.463930e+04	1.458606e+04	8.230611e+01	7.963413e+01
	1260	440	315.000000	-20.000000	-2.988998e-04	8.588219e+04	1.141681e+04	4.914509e+00	1.450461e+04	1.451311e+04	1.440756e+04	8.953915e+01	8.946902e+01
	480	448	120.000000	-22.000000	-4.153375e-04	9.159619e+04	8.118196e+03	1.097198e+01	1.424497e+04	1.426711e+04	1.379281e+04	7.573470e+01	6.800582e+01
	1327	488	331.750000	-32.000000	-1.850252e-04	1.007762e+05	1.211913e+00	1.393277e+01	1.456441e+04	1.459017e+04	1.437368e+04	8.253491e+01	7.082630e+01
	871	490	217.750000	-32.500000	-1.783494e-04	1.003302e+05	1.574058e+00	1.353581e+01	1.429661e+04	1.434058e+04	1.394931e+04	9.355352e+01	8.984214e+01
	709	498	177.250000	-34.500000	-1.028304e-04	9.924619e+04	6.393212e+00	1.227584e+01	1.429165e+04	1.430377e+04	1.418881e+04	7.800278e+01	7.765110e+01
	710	498	177.500000	-34.500000	-1.028304e-04	9.936819e+04	3.826872e+00	1.227584e+01	1.429362e+04	1.430563e+04	1.418881e+04	7.683593e+01	7.763760e+01
	929	498	232.250000	-34.500000	-2.848629e-04	1.017742e+05	1.031961e+00	1.400742e+01	1.523770e+04	1.524223e+04	1.514206e+04	9.391766e+01	9.067380e+01
2024	1	24	36	12
	887	360	221.750000	0.000000	-2.847845e-05	1.008577e+05	1.192116e+00	8.935439e+00	1.467130e+04	1.467484e+04	1.463537e+04	8.640550e+01	8.775983e+01
	778	361	194.500000	-0.250000	-2.117688e-05	1.009247e+05	9.912879e-01	6.246773e+00	1.476124e+04	1.476313e+04	1.473287e+04	7.975492e+01	7.793202e+01
	779	361	194.750000	-0.250000	-2.117688e-05	1.009277e+05	9.912879e-01	6.246773e+00	1.476121e+04	1.476299e+04	1.473287e+04	8.023070e+01	7.849944e+01
	1017	361	254.250000	-0.250000	-1.184875e-05	1.008387e+05	9.314079e-01	5.995292e+00	1.464415e+04	1.464725e+04	1.461400e+04	8.394073e+01	8.571301e+01
	1018	361	254.500000	-0.250000	-1.307065e-05	1.008387e+05	9.314079e-01	5.906232e+00	1.464403e+04	1.464719e+04	1.461400e+04	8.402883e+01	8.563400e+01
	799	362	199.750000	-0.500000	-1.253420e-05	1.009067e+05	9.913574e-01	6.393355e+00	1.474015e+04	1.474234e+04	1.473125e+04	8.711281e+01	8.425253e+01
	1017	362	254.250000	-0.500000	-1.047784e-05	1.008387e+05	9.314079e-01	6.134370e+00	1.464398e+04	1.464692e+04	1.461400e+04	8.400694e+01	8.594758e+01
	1019	362	254.750000	-0.500000	-1.307065e-05	1.008387e+05	9.314079e-01	5.906232e+00	1.464388e+04	1.464692e+04	1.461400e+04	8.409930e+01	8.584306e+01
	1067	362	266.750000	-0.500000	-3.086869e-06	9.873974e+04	1.426130e+03	4.970653e+00	1.470063e+04	1.470096e+04	1.468850e+04	9.443388e+01	9.428963e+01
	1195	362	298.750000	-0.500000	-1.244480e-05	9.540174e+04	1.901731e+03	3.966347e+00	1.499212e+04	1.499410e+04	1.498075e+04	7.533850e+01	7.589977e+01
	800	363	200.000000	-0.750000	-1.575286e-05	1.009067e+05	9.913574e-01	6.393355e+00	1.474017e+04	1.474228e+04	1.473125e+04	8.658192e+01	8.399063e+01
	1220	363	305.000000	-0.750000	-7.855240e-06	9.599874e+04	4.826799e+03	4.661829e+00	1.495790e+04	1.496146e+04	1.490762e+04	9.127658e+01	9.223816e+01
	926	366	231.500000	-1.500000	-1.894170e-05	1.008757e+05	1.091637e+00	9.124112e+00	1.466337e+04	1.466423e+04	1.465312e+04	8.433640e+01	8.458502e+01
	745	368	186.250000	-2.000000	-2.072984e-05	1.009017e+05	7.904032e-01	5.277483e+00	1.475721e+04	1.476026e+04	1.473437e+04	7.953506e+01	7.726121e+01
	552	373	138.000000	-3.250000	-3.113621e-04	7.029174e+04	3.434546e+04	7.679080e+00	1.496945e+04	1.496789e+04	1.490612e+04	8.275764e+01	8.136993e+01
	420	382	105.000000	-5.500000	-1.739198e-05	8.774774e+04	1.528266e+04	7.813573e+00	1.490647e+04	1.490768e+04	1.485250e+04	7.726176e+01	7.838639e+01
	420	383	105.000000	-5.750000	-1.688534e-05	8.774774e+04	9.598537e+03	7.813573e+00	1.490463e+04	1.490568e+04	1.485250e+04	7.743748e+01	7.826331e+01
	678	384	169.500000	-6.000000	-8.481089e-06	1.010247e+05	1.814952e+00	5.369573e+00	1.490092e+04	1.490244e+04	1.486337e+04	8.011617e+01	7.980255e+01
	136	393	34.000000	-8.250000	-1.169615e-04	7.827674e+04	2.260345e+04	3.514548e+00	1.485852e+04	1.486064e+04	1.471725e+04	7.902293e+01	7.795059e+01
	314	393	78.500000	-8.250000	-1.793676e-04	1.009617e+05	1.292903e+00	9.505530e+00	1.478161e+04	1.478404e+04	1.470262e+04	8.994518e+01	7.998692e+01
	556	411	139.000000	-12.750000	-5.002790e-04	1.001537e+05	1.066757e+01	1.362805e+01	1.467732e+04	1.469056e+04	1.449075e+04	8.482216e+01	8.129693e+01
	528	415	132.000000	-13.750000	-2.548271e-04	9.667174e+04	3.774556e+03	9.726874e+00	1.468969e+04	1.469230e+04	1.460450e+04	8.487725e+01	8.150801e+01
	364	417	91.000000	-14.250000	-1.030611e-03	9.959674e+04	1.152186e+00	2.061414e+01	1.462871e+04	1.465557e+04	1.357375e+04	8.709070e+01	8.174481e+01
	182	423	45.500000	-15.750000	-4.252666e-04	8.702574e+04	5.690982e+03	1.151025e+01	1.451956e+04	1.452842e+04	1.436187e+04	8.621012e+01	8.280832e+01
	607	431	151.750000	-17.750000	-3.928118e-04	9.945274e+04	1.313260e+00	1.969065e+01	1.430687e+04	1.437374e+04	1.346237e+04	9.306136e+01	8.528767e+01
	700	435	175.000000	-18.750000	-3.264421e-04	9.670274e+04	7.904078e+00	1.003509e+01	1.473159e+04	1.473997e+04	1.462462e+04	8.306810e+01	7.682318e+01
	780	435	195.000000	-18.750000	-1.457506e-04	1.007567e+05	1.112115e+00	1.169630e+01	1.463793e+04	1.464653e+04	1.455400e+04	8.908589e+01	8.639242e+01
	233	439	58.250000	-19.750000	-4.044645e-04	9.205274e+04	2.582904e+03	1.847504e+01	1.392070e+04	1.396221e+04	1.340187e+04	8.946575e+01	8.595485e+01
	1263	441	315.750000	-20.250000	-1.173192e-04	8.603474e+04	1.225062e+04	4.056652e+00	1.469889e+04	1.470326e+04	1.464487e+04	9.551565e+01	9.420285e+01
	1288	447	322.000000	-21.750000	-5.439692e-04	9.277674e+04	6.207579e+00	1.292727e+01	1.473889e+04	1.475016e+04	1.455400e+04	9.369858e+01	8.924270e+01
	1310	473	327.500000	-28.250000	-9.756023e-05	1.011347e+05	1.755499e+00	1.206405e+01	1.479765e+04	1.480427e+04	1.473800e+04	7.935586e+01	6.636827e+01
	872	496	218.000000	-34.000000	-1.644962e-04	1.001677e+05	1.574058e+00	1.481691e+01	1.415070e+04	1.420523e+04	1.377662e+04	9.371230e+01	9.191750e+01
	936	497	234.000000	-34.250000	-2.566152e-04	1.018137e+05	1.172483e+00	1.421251e+01	1.523324e+04	1.523876e+04	1.516012e+04	9.251909e+01	9.098801e+01
	718	505	179.500000	-36.250000	-1.815730e-04	9.376774e+04	4.678832e+03	1.098508e+01	1.430065e+04	1.431491e+04	1.418775e+04	8.100521e+01	8.074257e+01
	1050	519	262.500000	-39.750000	-5.251043e-04	1.003437e+05	2.015851e+00	1.729419e+01	1.414120e+04	1.415931e+04	1.382100e+04	8.519287e+01	7.649337e+01
	611	536	152.750000	-44.000000	-3.746324e-04	9.982874e+04	1.857909e+00	1.600146e+01	1.362582e+04	1.364875e+04	1.338575e+04	8.050620e+01	7.569193e+01
2024	1	24	28	18
	792	362	198.000000	-0.500000	-1.907651e-05	1.010098e+05	9.913574e-01	7.497303e+00	1.483236e+04	1.483337e+04	1.483021e+04	8.480957e+01	8.228925e+01
	1326	362	331.500000	-0.500000	-2.089445e-05	1.010738e+05	1.373240e+00	5.988220e+00	1.481581e+04	1.481710e+04	1.479884e+04	7.770927e+01	7.659252e+01
	669	364	167.250000	-1.000000	-3.042864e-06	1.009228e+05	5.350978e+00	6.988077e+00	1.476809e+04	1.476902e+04	1.474584e+04	8.133347e+01	8.149256e+01
	670	364	167.500000	-1.000000	-8.970965e-07	1.009228e+05	5.350978e+00	7.078345e+00	1.476820e+04	1.476908e+04	1.474584e+04	8.097433e+01	8.124755e+01
	901	366	225.250000	-1.500000	-8.824514e-06	1.011848e+05	1.152120e+00	9.250656e+00	1.494252e+04	1.494459e+04	1.491521e+04	8.096655e+01	8.242967e+01
	413	367	103.250000	-1.750000	-2.003019e-05	8.771081e+04	1.532920e+04	6.296365e+00	1.505069e+04	1.505020e+04	1.503434e+04	8.412891e+01	8.233646e+01
	550	374	137.500000	-3.500000	-3.213615e-04	7.006081e+04	3.434546e+04	1.061779e+01	1.473741e+04	1.473425e+04	1.465859e+04	8.233498e+01	8.217315e+01
	1121	382	280.250000	-5.500000	-6.684964e-05	6.574681e+04	3.491481e+04	6.340198e+00	1.482912e+04	1.483234e+04	1.465346e+04	7.764574e+01	7.673325e+01
	1180	383	295.000000	-5.750000	-3.943150e-05	9.939681e+04	1.197383e+03	2.738099e+00	1.485704e+04	1.485740e+04	1.481546e+04	8.086364e+01	8.325435e+01
	317	392	79.250000	-8.000000	-1.387328e-04	1.011798e+05	1.292903e+00	9.333255e+00	1.497262e+04	1.497582e+04	1.490884e+04	8.826375e+01	7.856651e+01
	501	397	125.250000	-9.250000	-2.538890e-04	9.164181e+04	1.120923e+04	1.049247e+01	1.471795e+04	1.471636e+04	1.466771e+04	7.967160e+01	8.081886e+01
	291	406	72.750000	-11.500000	-5.427306e-05	1.012408e+05	1.413334e+00	6.515694e+00	1.497827e+04	1.497936e+04	1.494909e+04	8.744988e+01	8.072083e+01
	556	413	139.000000	-13.250000	-2.723068e-04	9.989481e+04	2.316279e+00	1.560442e+01	1.443502e+04	1.445018e+04	1.421871e+04	8.616109e+01	8.159995e+01
	526	415	131.500000	-13.750000	-3.090829e-04	9.645281e+04	3.774556e+03	1.064418e+01	1.450561e+04	1.450940e+04	1.441396e+04	8.756156e+01	8.399977e+01
	364	417	91.000000	-14.250000	-9.322495e-04	9.963981e+04	1.152186e+00	1.942156e+01	1.474308e+04	1.476662e+04	1.360921e+04	9.274437e+01	8.462541e+01
	184	423	46.000000	-15.750000	-3.577799e-04	8.692581e+04	8.046536e+03	1.146262e+01	1.469524e+04	1.470236e+04	1.452321e+04	8.913544e+01	8.357684e+01
	602	431	150.500000	-17.750000	-5.040497e-04	9.905881e+04	2.216168e+00	2.027604e+01	1.408015e+04	1.414742e+04	1.314621e+04	9.137779e+01	8.425178e+01
	703	432	175.750000	-18.000000	-3.206462e-04	9.515581e+04	3.430158e+03	1.052848e+01	1.456514e+04	1.457526e+04	1.435896e+04	8.486034e+01	7.560480e+01
	776	436	194.000000	-19.000000	-1.015991e-04	1.007848e+05	1.492996e+00	9.854597e+00	1.466893e+04	1.467634e+04	1.457884e+04	8.670980e+01	8.508179e+01
	1258	438	314.500000	-19.500000	-5.555456e-05	8.589981e+04	1.141681e+04	4.208601e+00	1.453341e+04	1.454080e+04	1.444784e+04	8.943482e+01	9.070063e+01
	233	441	58.250000	-20.250000	-5.011887e-04	9.226281e+04	2.582904e+03	1.883982e+01	1.407812e+04	1.412457e+04	1.349059e+04	9.220374e+01	8.708057e+01
	1292	449	323.000000	-22.250000	-4.060299e-04	1.005158e+05	1.995013e+00	1.505463e+01	1.459197e+04	1.460522e+04	1.435059e+04	9.155824e+01	8.826662e+01
	482	452	120.500000	-23.000000	-2.726049e-04	9.172181e+04	8.118196e+03	8.337579e+00	1.429505e+04	1.431201e+04	1.405884e+04	8.081821e+01	7.125887e+01
	1331	488	332.750000	-32.000000	-1.292259e-04	1.009598e+05	1.634199e+00	1.268166e+01	1.472736e+04	1.474707e+04	1.456009e+04	7.685105e+01	6.563304e+01
	930	497	232.500000	-34.250000	-1.466901e-04	1.020388e+05	1.031961e+00	1.477167e+01	1.543310e+04	1.543621e+04	1.536221e+04	9.159512e+01	8.994355e+01
	716	501	179.000000	-35.250000	-2.211661e-04	9.416881e+04	5.467604e+00	1.391617e+01	1.415587e+04	1.417200e+04	1.401371e+04	8.086651e+01	8.180627e+01
	869	503	217.250000	-35.750000	-1.407296e-04	1.002228e+05	7.307708e-01	1.848062e+01	1.420105e+04	1.426603e+04	1.378296e+04	9.455761e+01	9.132925e+01
	742	517	185.500000	-39.250000	-6.720752e-04	1.005158e+05	2.036508e+00	1.465496e+01	1.432261e+04	1.434251e+04	1.405946e+04	9.297796e+01	8.046435e+01
2024	1	25	34	0
	650	360	162.500000	0.000000	-9.671785e-06	1.010830e+05	1.252460e+00	6.238554e+00	1.492358e+04	1.492420e+04	1.489198e+04	7.522861e+01	7.908130e+01
	1376	360	344.000000	0.000000	-9.880401e-06	1.014160e+05	1.272547e+00	7.488164e+00	1.511587e+04	1.511659e+04	1.511498e+04	7.949830e+01	8.016245e+01
	1303	362	325.750000	-0.500000	-5.588867e-06	1.012630e+05	1.212738e+00	7.116839e+00	1.500085e+04	1.500143e+04	1.499260e+04	7.722868e+01	7.178321e+01
	1074	365	268.500000	-1.250000	-4.236493e-05	9.849398e+04	2.968146e+03	5.660940e+00	1.457460e+04	1.457629e+04	1.454973e+04	8.840500e+01	9.006148e+01
	443	366	110.750000	-1.500000	2.666377e-06	9.436898e+04	4.981969e+03	6.425241e+00	1.506496e+04	1.506577e+04	1.504160e+04	7.936927e+01	7.953612e+01
	537	366	134.250000	-1.500000	-1.787702e-04	8.194698e+04	1.706906e+04	9.012554e+00	1.498146e+04	1.498376e+04	1.493873e+04	8.037298e+01	7.926244e+01
	1122	366	280.500000	-1.500000	-9.609852e-05	6.508898e+04	3.877745e+04	6.714164e+00	1.468193e+04	1.467927e+04	1.455848e+04	8.426892e+01	8.210513e+01
	1047	367	261.750000	-1.750000	-1.289044e-05	1.007970e+05	1.453045e+00	4.865667e+00	1.457709e+04	1.457898e+04	1.455973e+04	9.075499e+01	9.117813e+01
	849	368	212.250000	-2.000000	-1.306925e-05	1.007990e+05	1.573924e+00	8.084270e+00	1.464519e+04	1.464712e+04	1.462210e+04	8.861206e+01	8.694440e+01
	481	370	120.250000	-2.500000	-1.154402e-04	8.264498e+04	1.932979e+04	8.516623e+00	1.508943e+04	1.508752e+04	1.504298e+04	7.611547e+01	7.731206e+01
	1219	371	304.750000	-2.750000	-3.524218e-05	9.592898e+04	3.964087e+03	2.329044e+00	1.492838e+04	1.492906e+04	1.489598e+04	8.879266e+01	8.918629e+01
	989	377	247.250000	-4.250000	-1.441035e-05	1.008690e+05	9.914116e-01	7.434231e+00	1.461559e+04	1.461829e+04	1.458923e+04	8.021203e+01	7.797862e+01
	320	394	80.000000	-8.500000	-1.401762e-04	1.009690e+05	8.508675e-01	1.036899e+01	1.480609e+04	1.481129e+04	1.473660e+04	8.346985e+01	7.705230e+01
	80	396	20.000000	-9.000000	-4.042778e-05	8.641198e+04	1.343115e+04	3.757898e+00	1.498610e+04	1.498907e+04	1.493373e+04	7.928110e+01	7.918682e+01
	1143	407	285.750000	-11.750000	-1.866380e-04	5.850798e+04	4.556788e+04	3.609847e+00	1.478847e+04	1.478281e+04	1.456460e+04	8.118270e+01	7.668390e+01
	552	413	138.000000	-13.250000	-3.204206e-04	9.907998e+04	5.858505e+02	1.349430e+01	1.461353e+04	1.463057e+04	1.439423e+04	8.381136e+01	7.753225e+01
	362	419	90.500000	-14.750000	-1.112924e-03	9.956398e+04	1.212369e+00	2.022673e+01	1.468337e+04	1.470865e+04	1.355310e+04	9.181535e+01	8.435555e+01
	186	422	46.500000	-15.500000	-2.773562e-04	8.505998e+04	1.036934e+04	1.228363e+01	1.452942e+04	1.453851e+04	1.439535e+04	8.884069e+01	8.489013e+01
	506	426	126.500000	-16.500000	-1.635412e-04	9.451798e+04	5.997688e+03	9.353951e+00	1.470652e+04	1.470886e+04	1.466673e+04	8.217182e+01	7.894122e+01
	705	428	176.250000	-17.000000	-2.697865e-04	9.512198e+04	6.201385e+03	1.381876e+01	1.458159e+04	1.459337e+04	1.435160e+04	8.948407e+01	8.108321e+01
	596	432	149.000000	-18.000000	-4.454413e-04	9.555698e+04	8.154044e+01	1.867072e+01	1.433258e+04	1.438593e+04	1.359323e+04	8.751956e+01	8.188467e+01
	775	436	193.750000	-19.000000	-9.851251e-05	1.007120e+05	1.492996e+00	9.248549e+00	1.462712e+04	1.463352e+04	1.454923e+04	8.354412e+01	8.434528e+01
	776	436	194.000000	-19.000000	-1.091221e-04	1.007120e+05	1.492996e+00	9.248549e+00	1.462742e+04	1.463388e+04	1.454923e+04	8.430070e+01	8.443914e+01
	1252	438	313.000000	-19.500000	-8.453522e-05	8.786998e+04	1.141681e+04	5.834861e+00	1.461706e+04	1.462523e+04	1.456460e+04	8.707260e+01	8.902112e+01
	725	442	181.250000	-20.500000	-3.871480e-04	1.005560e+05	2.556788e+01	9.106532e+00	1.454453e+04	1.454604e+04	1.444985e+04	8.744302e+01	8.349661e+01
	237	445	59.250000	-21.250000	-3.841976e-04	9.836898e+04	2.582904e+03	1.782170e+01	1.390500e+04	1.394739e+04	1.326160e+04	8.753009e+01	8.411888e+01
	838	448	209.500000	-22.000000	-1.343945e-04	1.008730e+05	2.992704e+01	1.133425e+01	1.470816e+04	1.471637e+04	1.460810e+04	7.808236e+01	7.909416e+01
	1296	454	324.000000	-23.500000	-3.863135e-04	1.007720e+05	1.653210e+00	1.489240e+01	1.471851e+04	1.472962e+04	1.455498e+04	8.694669e+01	8.676908e+01
	476	461	119.000000	-25.250000	-2.881149e-04	9.200198e+04	7.370254e+03	7.386370e+00	1.444872e+04	1.446947e+04	1.421598e+04	7.555367e+01	6.790866e+01
	231	471	57.750000	-27.750000	-1.616040e-04	1.000200e+05	1.292262e+00	1.356939e+01	1.415638e+04	1.416194e+04	1.410573e+04	8.095155e+01	7.220081e+01
	713	490	178.250000	-32.500000	-1.868466e-04	1.005010e+05	1.413701e+00	1.325239e+01	1.419984e+04	1.422002e+04	1.402698e+04	8.332420e+01	7.992236e+01
	937	493	234.250000	-33.250000	-1.978436e-04	1.019130e+05	9.914591e-01	1.385175e+01	1.539241e+04	1.539654e+04	1.532923e+04	9.138070e+01	9.010532e+01
	865	509	216.250000	-37.250000	-2.982179e-04	9.993298e+04	6.089578e-01	1.933080e+01	1.413373e+04	1.420838e+04	1.354935e+04	9.364865e+01	8.847330e+01
	734	518	183.500000	-39.500000	-3.971318e-04	1.005180e+05	2.558241e+00	1.665119e+01	1.428800e+04	1.431738e+04	1.402073e+04	8.429192e+01	8.029962e+01
2024	1	25	35	6
	1231	360	307.750000	0.000000	3.981404e-08	9.580039e+04	4.826799e+03	7.492617e+00	1.477049e+04	1.477228e+04	1.473834e+04	8.801187e+01	8.978917e+01
	1380	361	345.000000	-0.250000	-2.022577e-05	1.011734e+05	1.272547e+00	8.348566e+00	1.490163e+04	1.490325e+04	1.489109e+04	8.303999e+01	8.218651e+01
	994	362	248.500000	-0.500000	-1.426530e-05	1.011164e+05	1.293055e+00	6.313016e+00	1.486300e+04	1.486310e+04	1.485096e+04	9.207859e+01	9.291747e+01
	795	364	198.750000	-1.000000	-9.675743e-06	1.009054e+05	9.913574e-01	7.615173e+00	1.473785e+04	1.474068e+04	1.471446e+04	8.351803e+01	7.896005e+01
	844	364	211.000000	-1.000000	-1.784158e-05	1.009774e+05	1.573924e+00	8.721932e+00	1.480840e+04	1.481058e+04	1.478246e+04	9.022872e+01	8.797335e+01
	1122	366	280.500000	-1.500000	-1.448889e-04	6.515839e+04	3.877745e+04	5.728634e+00	1.478106e+04	1.477935e+04	1.465484e+04	8.853792e+01	8.436134e+01
	864	368	216.000000	-2.000000	-1.140428e-05	1.010204e+05	8.707308e-01	8.578845e+00	1.484590e+04	1.484693e+04	1.483496e+04	8.326978e+01	8.327593e+01
	58	370	14.500000	-2.500000	-4.865718e-05	9.309039e+04	7.174743e+03	4.010564e+00	1.506901e+04	1.507015e+04	1.505021e+04	8.322713e+01	7.787058e+01
	716	375	179.000000	-3.750000	-1.062872e-06	1.008504e+05	1.373010e+00	4.626641e+00	1.472714e+04	1.472736e+04	1.470746e+04	8.658767e+01	8.499217e+01
	1096	375	274.000000	-3.750000	-2.073240e-05	1.009854e+05	1.935637e+00	5.208444e+00	1.473640e+04	1.473654e+04	1.471146e+04	9.116945e+01	8.813666e+01
	1176	378	294.000000	-4.500000	-3.745081e-06	9.928139e+04	1.239058e+03	2.987489e+00	1.480406e+04	1.480567e+04	1.478371e+04	8.609583e+01	8.533401e+01
	665	387	166.250000	-6.750000	-1.676870e-05	1.008554e+05	1.674290e+00	6.675958e+00	1.472256e+04	1.472310e+04	1.468896e+04	8.887350e+01	8.779694e+01
	586	388	146.500000	-7.000000	-1.193483e-04	7.475239e+04	2.513040e+04	1.064684e+01	1.465577e+04	1.465501e+04	1.455396e+04	7.519818e+01	7.816263e+01
	441	389	110.250000	-7.250000	-6.990624e-05	8.818739e+04	1.162300e+04	8.652661e+00	1.495110e+04	1.495233e+04	1.488909e+04	8.082656e+01	7.545819e+01
	322	395	80.500000	-8.750000	-1.255174e-04	1.011514e+05	9.711636e-01	8.534990e+00	1.496686e+04	1.497215e+04	1.490346e+04	8.882290e+01	8.105595e+01
	69	402	17.250000	-10.500000	-2.767344e-04	8.289739e+04	1.706102e+04	2.883578e+00	1.510030e+04	1.510176e+04	1.504784e+04	9.316265e+01	8.623389e+01
	553	413	138.250000	-13.250000	-5.387564e-04	9.874639e+04	5.858505e+02	1.528306e+01	1.437004e+04	1.438621e+04	1.410471e+04	8.450151e+01	8.151417e+01
	532	417	133.000000	-14.250000	-1.411934e-04	9.632339e+04	3.774556e+03	1.099718e+01	1.443681e+04	1.444366e+04	1.438059e+04	8.362238e+01	8.130044e+01
	193	420	48.250000	-15.000000	-3.951390e-04	8.513039e+04	1.653842e+04	1.251659e+01	1.472630e+04	1.473379e+04	1.455084e+04	9.095131e+01	8.313497e+01
	360	421	90.000000	-15.250000	-8.331139e-04	9.975539e+04	1.212369e+00	2.026940e+01	1.481247e+04	1.483683e+04	1.374046e+04	9.028108e+01	8.293614e+01
	1150	425	287.500000	-16.250000	-2.106023e-05	5.688439e+04	4.787863e+04	5.082217e+00	1.483543e+04	1.482157e+04	1.464084e+04	7.926757e+01	7.819521e+01
	710	429	177.500000	-17.250000	-4.413326e-04	9.477339e+04	6.201385e+03	1.383834e+01	1.439267e+04	1.440885e+04	1.408246e+04	8.994191e+01	8.199747e+01
	593	435	148.250000	-18.750000	-6.463428e-04	9.158939e+04	4.566474e+03	1.941727e+01	1.416863e+04	1.421646e+04	1.343334e+04	8.613409e+01	7.994315e+01
	749	437	187.250000	-19.250000	-2.854664e-04	1.006914e+05	5.750360e+01	7.581189e+00	1.457699e+04	1.457676e+04	1.450834e+04	7.903951e+01	8.111016e+01
	778	439	194.500000	-19.750000	-1.130600e-04	1.007914e+05	7.904290e-01	9.429692e+00	1.466461e+04	1.466950e+04	1.460896e+04	8.638439e+01	8.347692e+01
	728	444	182.000000	-21.000000	-5.502303e-04	1.004414e+05	6.639272e+00	1.092761e+01	1.441033e+04	1.441325e+04	1.424034e+04	9.125526e+01	8.441864e+01
	1281	446	320.250000	-21.500000	-2.874632e-04	9.056039e+04	9.476923e+03	1.133700e+01	1.443414e+04	1.444309e+04	1.433896e+04	9.509731e+01	9.228963e+01
	238	449	59.500000	-22.250000	-4.096527e-04	9.878239e+04	5.028555e+00	1.843379e+01	1.407003e+04	1.411679e+04	1.332396e+04	8.897540e+01	8.444670e+01
	1299	458	324.750000	-24.500000	-6.572802e-04	1.004724e+05	1.593584e+00	1.291642e+01	1.449685e+04	1.450853e+04	1.426609e+04	9.006460e+01	8.932146e+01
	479	461	119.750000	-25.250000	-2.836187e-04	9.175539e+04	6.504951e+03	9.978261e+00	1.441753e+04	1.443870e+04	1.413971e+04	7.646317e+01	6.496651e+01
	1320	470	330.000000	-27.500000	-9.035063e-05	1.009154e+05	1.132100e+00	1.177894e+01	1.464576e+04	1.464971e+04	1.458021e+04	7.996189e+01	8.356903e+01
	715	491	178.750000	-32.750000	-1.976688e-04	1.003224e+05	1.413701e+00	1.665071e+01	1.407591e+04	1.409931e+04	1.387196e+04	8.521856e+01	8.123921e+01
	860	512	215.000000	-38.000000	-2.749462e-04	1.000264e+05	7.296944e-01	1.824442e+01	1.415473e+04	1.423029e+04	1.359359e+04	9.258989e+01	8.757851e+01
	736	518	184.000000	-39.500000	-3.932018e-04	1.003614e+05	2.036725e+00	1.667332e+01	1.419098e+04	1.422043e+04	1.390021e+04	8.642495e+01	8.254256e+01
	751	535	187.750000	-43.750000	-4.137356e-04	1.006234e+05	2.116042e+00	1.668770e+01	1.444691e+04	1.446781e+04	1.421609e+04	7.511017e+01	6.929246e+01
2024	1	25	30	12
	1047	360	261.750000	0.000000	-5.640183e-05	1.009090e+05	1.453045e+00	4.711901e+00	1.468412e+04	1.468512e+04	1.467568e+04	9.497655e+01	9.314074e+01
	966	361	241.500000	-0.250000	-1.825485e-05	1.008910e+05	1.011285e+00	6.430117e+00	1.466129e+04	1.466254e+04	1.464055e+04	9.404628e+01	9.360506e+01
	1361	361	340.250000	-0.250000	-5.678274e-06	1.013120e+05	1.071425e+00	8.242548e+00	1.502355e+04	1.502436e+04	1.501818e+04	7.626577e+01	7.749077e+01
	861	362	215.250000	-0.500000	-8.837320e-06	1.008250e+05	9.310293e-01	8.556332e+00	1.464514e+04	1.464760e+04	1.463355e+04	8.896832e+01	8.624543e+01
	1201	364	300.250000	-1.000000	-3.315601e-05	9.591302e+04	2.746736e+03	4.799327e+00	1.491674e+04	1.492005e+04	1.486630e+04	8.574827e+01	8.547186e+01
	944	365	236.000000	-1.250000	-6.751157e-06	1.009080e+05	1.011419e+00	6.889535e+00	1.466403e+04	1.466538e+04	1.464855e+04	8.623916e+01	8.515786e+01
	1008	366	252.000000	-1.500000	-1.813564e-05	1.009130e+05	1.493570e+00	6.289609e+00	1.466879e+04	1.467062e+04	1.465318e+04	9.252863e+01	9.275230e+01
	910	367	227.500000	-1.750000	-8.181669e-06	1.008790e+05	1.031411e+00	8.503230e+00	1.466658e+04	1.466796e+04	1.465143e+04	7.923787e+01	7.795554e+01
	1011	367	252.750000	-1.750000	-2.638437e-06	1.009130e+05	1.493570e+00	6.001593e+00	1.466888e+04	1.467062e+04	1.465318e+04	9.128783e+01	9.258420e+01
	85	369	21.250000	-2.250000	-4.251394e-05	9.478002e+04	5.322319e+03	2.336819e+00	1.494033e+04	1.494305e+04	1.488980e+04	8.025290e+01	7.729465e+01
	725	373	181.250000	-3.250000	-8.122064e-06	1.010180e+05	1.393161e+00	5.491534e+00	1.485771e+04	1.485750e+04	1.484118e+04	8.199668e+01	8.257313e+01
	561	377	140.250000	-4.250000	-1.711408e-04	7.101402e+04	3.169332e+04	9.056424e+00	1.500054e+04	1.499737e+04	1.492043e+04	8.062688e+01	7.755585e+01
	1121	384	280.250000	-6.000000	-1.170794e-04	6.521602e+04	3.491481e+04	5.363112e+00	1.480708e+04	1.480768e+04	1.468193e+04	8.310339e+01	7.881160e+01
	111	393	27.750000	-8.250000	-7.923041e-05	8.107302e+04	1.651714e+04	4.954852e+00	1.493577e+04	1.493653e+04	1.485368e+04	8.058529e+01	7.295012e+01
	557	414	139.250000	-13.500000	-2.974430e-04	9.961602e+04	2.297813e+00	1.444724e+01	1.457101e+04	1.458730e+04	1.439805e+04	7.851128e+01	7.695479e+01
	1211	414	302.750000	-13.500000	-4.185829e-05	9.342402e+04	7.005894e+03	3.121321e+00	1.483525e+04	1.483751e+04	1.480768e+04	8.351659e+01	8.285098e+01
	357	422	89.250000	-15.500000	-1.039819e-03	9.965802e+04	1.212369e+00	2.013406e+01	1.473103e+04	1.475657e+04	1.362243e+04	8.613290e+01	8.117422e+01
	507	422	126.750000	-15.500000	-2.412954e-04	9.446202e+04	5.997688e+03	1.114360e+01	1.469822e+04	1.470289e+04	1.461005e+04	7.907986e+01	7.728259e+01
	205	426	51.250000	-16.500000	-4.591141e-05	8.564702e+04	7.442662e+03	1.141294e+01	1.448868e+04	1.449137e+04	1.445293e+04	8.042754e+01	8.319160e+01
	713	427	178.250000	-16.750000	-2.827207e-04	9.504602e+04	6.201385e+03	1.159190e+01	1.453741e+04	1.454654e+04	1.435230e+04	8.873602e+01	8.371141e+01
	587	436	146.750000	-19.000000	-6.995955e-04	9.090802e+04	8.950066e+03	1.972629e+01	1.434808e+04	1.439459e+04	1.350980e+04	8.553778e+01	7.865376e+01
	731	446	182.750000	-21.500000	-3.584186e-04	1.005240e+05	3.459063e+01	9.481172e+00	1.443454e+04	1.443991e+04	1.432655e+04	9.152121e+01	8.619352e+01
	1280	447	320.000000	-21.750000	-1.924792e-04	9.070302e+04	9.476923e+03	1.012881e+01	1.459544e+04	1.460319e+04	1.452468e+04	9.294415e+01	9.230248e+01
	241	454	60.250000	-23.500000	-5.669156e-04	9.908302e+04	1.814647e+00	1.810769e+01	1.394919e+04	1.399568e+04	1.317855e+04	8.977130e+01	8.691060e+01
	846	460	211.500000	-25.000000	-1.393119e-04	1.010190e+05	2.231657e+01	1.043137e+01	1.474405e+04	1.475194e+04	1.466780e+04	8.188483e+01	7.589722e+01
	1301	462	325.250000	-25.500000	-4.650513e-04	1.006290e+05	1.593584e+00	1.487952e+01	1.467162e+04	1.468453e+04	1.442205e+04	9.101824e+01	9.000982e+01
	270	489	67.500000	-32.250000	-5.772868e-04	1.005540e+05	9.509254e-01	1.227187e+01	1.442499e+04	1.442875e+04	1.427405e+04	8.747864e+01	7.627983e+01
	729	494	182.250000	-33.500000	-1.945058e-04	1.001860e+05	1.212287e+00	1.541063e+01	1.402614e+04	1.405095e+04	1.384755e+04	8.648367e+01	7.907535e+01
	857	514	214.250000	-38.500000	-3.782669e-04	1.000280e+05	1.392989e+00	1.643479e+01	1.412056e+04	1.419041e+04	1.353618e+04	9.208372e+01	8.643887e+01
	736	521	184.000000	-40.250000	-2.598921e-04	1.003100e+05	2.558241e+00	1.573149e+01	1.416344e+04	1.419416e+04	1.385630e+04	8.498849e+01	8.386506e+01
2024	1	25	28	18
	867	360	216.750000	0.000000	-1.646020e-05	1.011373e+05	7.502571e-01	9.319604e+00	1.492167e+04	1.492344e+04	1.490621e+04	8.360363e+01	8.315668e+01
	84	364	21.000000	-1.000000	-4.802085e-05	9.513832e+04	4.988839e+03	2.811046e+00	1.492253e+04	1.492348e+04	1.489034e+04	8.022824e+01	7.062108e+01
	547	373	136.750000	-3.250000	-3.036354e-04	7.016432e+04	3.434546e+04	9.816278e+00	1.484707e+04	1.484308e+04	1.475046e+04	7.852815e+01	8.048207e+01
	701	374	175.250000	-3.500000	-6.297603e-06	1.008473e+05	1.393169e+00	5.423719e+00	1.471081e+04	1.471212e+04	1.467809e+04	8.867490e+01	8.719180e+01
	1198	374	299.500000	-3.500000	-3.317930e-05	9.894232e+04	1.403441e+03	3.598974e+00	1.476414e+04	1.476717e+04	1.470934e+04	8.827973e+01	8.638643e+01
	271	390	67.750000	-7.500000	-1.172163e-05	1.013383e+05	1.634308e+00	5.886201e+00	1.508831e+04	1.508892e+04	1.505509e+04	8.695660e+01	8.430302e+01
	329	395	82.250000	-8.750000	-1.251195e-04	1.012143e+05	1.453672e+00	9.909395e+00	1.500831e+04	1.501282e+04	1.492809e+04	8.792871e+01	8.211192e+01
	662	396	165.500000	-9.000000	-3.899727e-04	1.006753e+05	6.734774e+02	1.311806e+01	1.478223e+04	1.478159e+04	1.470746e+04	8.891754e+01	8.782571e+01
	529	413	132.250000	-13.250000	-2.189968e-04	9.647832e+04	3.774556e+03	1.453673e+01	1.453944e+04	1.454236e+04	1.449246e+04	8.200558e+01	7.674666e+01
	559	416	139.750000	-14.000000	-3.632996e-04	9.872832e+04	2.409255e+02	1.523275e+01	1.435929e+04	1.437201e+04	1.415934e+04	7.788463e+01	7.731850e+01
	210	420	52.500000	-15.000000	-2.909098e-04	9.004932e+04	1.556912e+02	1.384370e+01	1.478045e+04	1.478504e+04	1.468271e+04	8.399805e+01	8.271365e+01
	509	421	127.250000	-15.250000	-2.704654e-04	9.433432e+04	5.997688e+03	1.119536e+01	1.456501e+04	1.456979e+04	1.446621e+04	7.814676e+01	7.692702e+01
	352	424	88.000000	-16.000000	-9.457860e-04	9.992632e+04	1.292589e+00	1.893730e+01	1.490091e+04	1.492370e+04	1.387571e+04	9.255037e+01	8.370215e+01
	719	426	179.750000	-16.500000	-2.743397e-04	9.492832e+04	3.442270e+03	1.472545e+01	1.438685e+04	1.439845e+04	1.421434e+04	9.125960e+01	8.546200e+01
	1268	434	317.000000	-18.500000	-6.700493e-05	8.837332e+04	1.215646e+04	4.544230e+00	1.447640e+04	1.448495e+04	1.437584e+04	8.967905e+01	8.551832e+01
	581	438	145.250000	-19.500000	-8.971784e-04	9.035032e+04	8.602448e+03	1.431622e+01	1.415231e+04	1.418884e+04	1.337334e+04	8.745832e+01	7.686626e+01
	183	440	45.750000	-20.000000	-2.687071e-04	8.175232e+04	1.882964e+04	1.052819e+01	1.474214e+04	1.474658e+04	1.466759e+04	7.990856e+01	7.434861e+01
	223	444	55.750000	-21.000000	-2.189968e-04	9.285132e+04	9.018631e+03	1.279556e+01	1.444032e+04	1.444341e+04	1.440034e+04	9.063940e+01	8.459040e+01
	782	446	195.500000	-21.500000	-3.148057e-05	1.008253e+05	6.699494e-01	1.147816e+01	1.468294e+04	1.468872e+04	1.459559e+04	8.639671e+01	8.193497e+01
	735	449	183.750000	-22.250000	-2.162252e-04	1.004053e+05	7.720190e+01	8.865311e+00	1.429943e+04	1.430684e+04	1.420009e+04	9.185609e+01	8.729990e+01
	242	458	60.500000	-24.500000	-8.750055e-04	9.902032e+04	1.935331e+00	1.911242e+01	1.413234e+04	1.418535e+04	1.313759e+04	9.030788e+01	8.855880e+01
	485	462	121.250000	-25.500000	-2.222750e-04	9.303232e+04	6.504951e+03	1.114892e+01	1.451563e+04	1.453514e+04	1.430446e+04	7.645306e+01	6.747568e+01
	1302	464	325.500000	-26.000000	-3.081951e-04	1.006453e+05	1.755499e+00	1.540069e+01	1.461257e+04	1.462591e+04	1.443084e+04	8.628127e+01	8.807698e+01
	852	468	213.000000	-27.000000	-2.889726e-04	1.012653e+05	9.106033e-01	1.136764e+01	1.488963e+04	1.489497e+04	1.482259e+04	8.141380e+01	7.505688e+01
	279	493	69.750000	-33.250000	-4.477296e-04	1.007163e+05	1.132585e+00	1.560410e+01	1.462122e+04	1.462669e+04	1.444496e+04	8.399931e+01	7.657739e+01
	725	495	181.250000	-33.750000	-1.978967e-04	1.001893e+05	1.131600e+00	1.584426e+01	1.400198e+04	1.402632e+04	1.378159e+04	8.036826e+01	8.053350e+01
	853	515	213.250000	-38.750000	-3.346894e-04	1.002723e+05	1.392989e+00	1.509572e+01	1.426586e+04	1.433052e+04	1.372409e+04	9.369852e+01	8.667551e+01
	735	527	183.750000	-41.750000	-2.465043e-04	1.004173e+05	5.122697e+00	1.544045e+01	1.416679e+04	1.419468e+04	1.387559e+04	8.758585e+01	8.805559e+01
2024	1	26	31	0
	1021	360	255.250000	0.000000	-5.952781e-06	1.008931e+05	9.314079e-01	4.566081e+00	1.468422e+04	1.468540e+04	1.466837e+04	8.813927e+01	8.878771e+01
	1058	360	264.500000	0.000000	-1.569814e-05	1.008901e+05	1.494453e+00	6.431579e+00	1.470025e+04	1.470157e+04	1.468037e+04	8.808652e+01	8.788657e+01
	132	362	33.000000	-0.500000	-4.463620e-05	7.508807e+04	1.710987e+04	4.666182e+00	1.495139e+04	1.495342e+04	1.489362e+04	7.691215e+01	7.251096e+01
	1122	366	280.500000	-1.500000	-5.912012e-05	6.514407e+04	3.877745e+04	7.386775e+00	1.474266e+04	1.474079e+04	1.463587e+04	8.166589e+01	8.031003e+01
	406	369	101.500000	-2.250000	-9.580678e-05	8.778407e+04	1.532920e+04	4.864374e+00	1.512440e+04	1.512259e+04	1.510012e+04	8.059152e+01	8.027193e+01
	649	369	162.250000	-2.250000	-1.712865e-05	1.010991e+05	1.654385e+00	8.521635e+00	1.494002e+04	1.494196e+04	1.490587e+04	7.979546e+01	7.962730e+01
	940	370	235.000000	-2.500000	-2.264208e-05	1.008481e+05	9.314558e-01	7.623336e+00	1.460601e+04	1.460784e+04	1.458362e+04	8.016196e+01	7.844218e+01
	1084	373	271.000000	-3.250000	-8.784002e-06	9.993407e+04	2.773834e+01	6.297910e+00	1.471089e+04	1.471128e+04	1.469487e+04	8.535960e+01	8.460145e+01
	561	377	140.250000	-4.250000	-1.116914e-04	7.107407e+04	3.169332e+04	7.418088e+00	1.502900e+04	1.502636e+04	1.498999e+04	7.535352e+01	7.564510e+01
	136	390	34.000000	-7.500000	-7.369346e-05	7.839707e+04	2.260345e+04	2.682093e+00	1.495392e+04	1.495426e+04	1.491549e+04	8.364294e+01	8.254140e+01
	335	393	83.750000	-8.250000	-3.846509e-04	1.010861e+05	1.453672e+00	1.084128e+01	1.488810e+04	1.488730e+04	1.479774e+04	9.226965e+01	8.508271e+01
	498	399	124.500000	-9.750000	-1.259071e-04	9.194507e+04	1.120923e+04	1.192177e+01	1.495608e+04	1.495416e+04	1.489074e+04	7.825385e+01	7.921951e+01
	260	403	65.000000	-10.750000	-7.949537e-06	1.009081e+05	2.096102e+00	9.824944e+00	1.479486e+04	1.479428e+04	1.474462e+04	7.999708e+01	8.269036e+01
	1143	407	285.750000	-11.750000	-1.392884e-04	5.856807e+04	4.556788e+04	5.232762e+00	1.488878e+04	1.488442e+04	1.465874e+04	7.968546e+01	7.655566e+01
	656	413	164.000000	-13.250000	-1.035554e-04	1.002811e+05	1.633863e+00	9.570197e+00	1.486536e+04	1.486822e+04	1.482187e+04	9.313716e+01	8.798563e+01
	562	415	140.500000	-13.750000	-3.893299e-04	9.842807e+04	1.428913e+03	1.501563e+01	1.458700e+04	1.459692e+04	1.443062e+04	7.998009e+01	7.855872e+01
	509	420	127.250000	-15.000000	-4.393978e-04	9.454807e+04	5.997688e+03	1.184844e+01	1.471007e+04	1.471468e+04	1.460562e+04	8.508356e+01	7.979863e+01
	348	426	87.000000	-16.500000	-8.688194e-04	9.983407e+04	1.413402e+00	2.079536e+01	1.478339e+04	1.480520e+04	1.379587e+04	9.104335e+01	8.186436e+01
	725	430	181.250000	-17.500000	-4.386825e-04	9.753707e+04	1.636455e+03	1.581241e+01	1.436977e+04	1.438409e+04	1.414974e+04	8.957507e+01	8.553684e+01
	1268	431	317.000000	-17.750000	-8.582301e-05	8.857607e+04	1.215646e+04	3.297507e+00	1.468614e+04	1.469498e+04	1.459749e+04	8.644032e+01	8.394339e+01
	580	441	145.000000	-20.250000	-4.136187e-04	9.056607e+04	8.602448e+03	1.206313e+01	1.430857e+04	1.434227e+04	1.369187e+04	9.200488e+01	8.191862e+01
	180	442	45.000000	-20.500000	-1.425070e-04	8.164207e+04	1.590123e+04	1.192016e+01	1.462246e+04	1.462984e+04	1.453887e+04	7.545633e+01	7.447023e+01
	180	443	45.000000	-20.750000	-1.180989e-04	8.164207e+04	1.590123e+04	1.199953e+01	1.462517e+04	1.463283e+04	1.453887e+04	7.527908e+01	7.480176e+01
	776	443	194.000000	-20.750000	-6.618327e-05	1.007341e+05	1.492996e+00	9.224129e+00	1.460003e+04	1.460387e+04	1.455612e+04	8.336681e+01	8.389137e+01
	1282	451	320.500000	-22.750000	-1.306159e-04	9.137107e+04	1.383004e+02	1.302709e+01	1.468812e+04	1.469944e+04	1.460212e+04	9.362679e+01	8.795363e+01
	738	457	184.500000	-24.250000	-2.268774e-04	1.004071e+05	1.715330e+00	1.031222e+01	1.427899e+04	1.428570e+04	1.419187e+04	8.908028e+01	8.435802e+01
	244	462	61.000000	-25.500000	-6.801707e-04	9.891307e+04	1.935331e+00	2.106778e+01	1.403473e+04	1.409132e+04	1.304237e+04	8.871053e+01	8.774370e+01
	487	462	121.750000	-25.500000	-2.576036e-04	9.365007e+04	6.135710e+03	1.057307e+01	1.462310e+04	1.464320e+04	1.443837e+04	7.956039e+01	6.912904e+01
	726	494	181.500000	-33.500000	-3.488285e-04	1.002171e+05	1.131600e+00	1.351151e+01	1.402223e+04	1.404724e+04	1.382349e+04	7.677045e+01	7.448589e+01
	849	519	212.250000	-39.750000	-2.497656e-04	1.003531e+05	1.574677e+00	1.440893e+01	1.431701e+04	1.437586e+04	1.379337e+04	9.191644e+01	8.568860e+01
	733	529	183.250000	-42.250000	-2.017540e-04	1.004961e+05	5.281807e+02	1.242170e+01	1.414002e+04	1.416485e+04	1.391974e+04	8.361976e+01	8.591215e+01
2024	1	26	31	6
	653	361	163.250000	-0.250000	-2.620043e-06	1.008488e+05	1.172086e+00	7.782239e+00	1.472946e+04	1.473091e+04	1.467713e+04	8.651408e+01	8.336367e+01
	700	361	175.000000	-0.250000	1.582084e-06	1.007798e+05	2.638664e+00	5.486159e+00	1.463706e+04	1.463885e+04	1.461475e+04	8.838379e+01	8.698083e+01
	1170	365	292.500000	-1.250000	-2.383930e-05	9.360278e+04	1.533427e+03	2.528492e+00	1.488559e+04	1.488797e+04	1.485875e+04	7.954978e+01	7.535366e+01
	1122	366	280.500000	-1.500000	-1.077626e-04	6.522779e+04	3.877745e+04	7.578188e+00	1.490986e+04	1.490602e+04	1.481138e+04	8.772897e+01	8.403449e+01
	481	370	120.250000	-2.500000	-7.763249e-05	8.252178e+04	1.932979e+04	9.820459e+00	1.499046e+04	1.498999e+04	1.491625e+04	7.516457e+01	7.440614e+01
	409	371	102.250000	-2.750000	-7.697684e-05	8.768378e+04	1.532920e+04	5.642341e+00	1.507216e+04	1.507322e+04	1.502738e+04	8.214764e+01	8.109051e+01
	564	372	141.000000	-3.000000	-1.289819e-04	7.080778e+04	2.829427e+04	8.695222e+00	1.468785e+04	1.468918e+04	1.460175e+04	7.806696e+01	7.796337e+01
	140	375	35.000000	-3.750000	-7.718545e-05	7.869578e+04	2.466173e+04	3.848216e+00	1.514456e+04	1.514594e+04	1.508575e+04	8.504357e+01	8.578268e+01
	456	393	114.000000	-8.250000	-1.292799e-04	9.057278e+04	1.376617e+04	9.433167e+00	1.493377e+04	1.493400e+04	1.488375e+04	8.192204e+01	7.939471e+01
	339	397	84.750000	-9.250000	-4.861925e-04	1.011528e+05	1.453672e+00	1.227808e+01	1.499326e+04	1.499546e+04	1.483738e+04	8.748222e+01	8.155961e+01
	91	400	22.750000	-10.000000	-2.902490e-05	8.512478e+04	1.355977e+04	1.573066e+00	1.509054e+04	1.509306e+04	1.505238e+04	7.785859e+01	7.673881e+01
	126	404	31.500000	-11.000000	-1.209353e-04	8.148678e+04	1.650578e+04	4.964943e+00	1.513719e+04	1.513706e+04	1.510263e+04	8.144195e+01	8.101979e+01
	658	408	164.500000	-12.000000	-7.379923e-04	9.848878e+04	6.734774e+02	1.344699e+01	1.459649e+04	1.460355e+04	1.447638e+04	8.907892e+01	8.278333e+01
	1157	412	289.250000	-13.000000	-2.112661e-04	5.696779e+04	4.789930e+04	2.595970e+00	1.503596e+04	1.502776e+04	1.482900e+04	9.285522e+01	8.770065e+01
	527	413	131.750000	-13.250000	-6.480787e-04	9.635178e+04	3.774556e+03	1.392491e+01	1.447233e+04	1.447949e+04	1.428700e+04	8.436214e+01	8.083809e+01
	567	416	141.750000	-14.000000	-3.573273e-04	9.737078e+04	3.438978e+03	1.520533e+01	1.431558e+04	1.432223e+04	1.414238e+04	8.589656e+01	8.306686e+01
	1234	419	308.500000	-14.750000	-8.570892e-05	8.975378e+04	7.364082e+03	2.775211e+00	1.466910e+04	1.467256e+04	1.462100e+04	8.686965e+01	8.374158e+01
	345	427	86.250000	-16.750000	-7.216905e-04	9.999378e+04	1.413402e+00	2.041288e+01	1.487402e+04	1.489477e+04	1.396800e+04	8.789627e+01	8.163923e+01
	733	433	183.250000	-18.250000	-3.618572e-04	1.000668e+05	3.675581e+01	1.590326e+01	1.427140e+04	1.428595e+04	1.402113e+04	8.767779e+01	8.604259e+01
	224	440	56.000000	-20.000000	-1.253460e-04	9.297578e+04	9.018631e+03	9.963105e+00	1.460666e+04	1.461141e+04	1.455700e+04	8.222798e+01	7.988325e+01
	577	446	144.250000	-21.500000	-3.430222e-04	9.059278e+04	8.491673e+03	9.937570e+00	1.407301e+04	1.409866e+04	1.372900e+04	8.372407e+01	7.259552e+01
	1284	452	321.000000	-23.000000	-1.018022e-04	9.445778e+04	9.393175e+00	1.076635e+01	1.455913e+04	1.457348e+04	1.446550e+04	8.950885e+01	8.774885e+01
	741	458	185.250000	-24.500000	-2.354954e-04	1.002278e+05	1.091737e+00	1.199043e+01	1.418059e+04	1.419135e+04	1.405113e+04	8.896472e+01	8.453411e+01
	246	464	61.500000	-26.000000	-8.177136e-04	9.899478e+04	1.935331e+00	2.241020e+01	1.425091e+04	1.431334e+04	1.313888e+04	8.098159e+01	8.126674e+01
	488	464	122.000000	-26.000000	-3.350948e-04	9.350278e+04	6.135710e+03	1.148260e+01	1.456188e+04	1.457865e+04	1.440338e+04	7.974844e+01	7.070133e+01
	1317	477	329.250000	-29.250000	-9.700400e-05	1.010148e+05	1.193498e+00	1.030570e+01	1.476112e+04	1.477042e+04	1.470950e+04	9.211927e+01	8.373989e+01
	1342	486	335.500000	-31.500000	-1.509164e-04	1.011408e+05	1.634199e+00	1.271097e+01	1.482624e+04	1.483661e+04	1.472013e+04	8.356185e+01	8.243552e+01
	725	491	181.250000	-32.750000	-4.328166e-04	1.002238e+05	1.111329e+00	1.430236e+01	1.404044e+04	1.406045e+04	1.383988e+04	7.785937e+01	7.365083e+01
	843	519	210.750000	-39.750000	-1.780663e-04	1.005898e+05	1.574677e+00	1.384121e+01	1.440801e+04	1.445730e+04	1.397138e+04	9.216579e+01	8.708069e+01
	664	532	166.000000	-43.000000	-6.145213e-04	8.641578e+04	1.604444e+03	1.844801e+01	1.304773e+04	1.307033e+04	1.266075e+04	8.766956e+01	8.434449e+01
	733	532	183.250000	-43.000000	-1.878117e-04	1.003008e+05	5.281807e+02	1.212116e+01	1.406353e+04	1.408497e+04	1.386088e+04	8.277676e+01	7.307375e+01
2024	1	26	28	12
	826	360	206.500000	0.000000	-9.583542e-06	1.007290e+05	9.712169e-01	8.626825e+00	1.456852e+04	1.457004e+04	1.455297e+04	7.976077e+01	7.932342e+01
	909	360	227.250000	0.000000	-7.586787e-06	1.008840e+05	1.031411e+00	7.057274e+00	1.463234e+04	1.463292e+04	1.462184e+04	9.028928e+01	8.730580e+01
	910	360	227.500000	0.000000	-1.384527e-05	1.008920e+05	1.031411e+00	7.057274e+00	1.463302e+04	1.463360e+04	1.462184e+04	9.087045e+01	8.774131e+01
	1023	360	255.750000	0.000000	-2.222368e-06	1.009790e+05	9.308511e-01	5.106670e+00	1.472212e+04	1.472291e+04	1.470847e+04	8.812608e+01	8.806503e+01
	1094	361	273.500000	-0.250000	-1.497776e-05	1.008910e+05	2.516047e+00	6.994506e+00	1.478548e+04	1.478700e+04	1.476222e+04	8.949129e+01	8.980129e+01
	967	364	241.750000	-1.000000	-1.479895e-05	1.008590e+05	1.051604e+00	6.054765e+00	1.463571e+04	1.463759e+04	1.461909e+04	9.505901e+01	9.330801e+01
	1176	367	294.000000	-1.750000	-2.457411e-05	9.373203e+04	1.166562e+03	2.646696e+00	1.499250e+04	1.499393e+04	1.496797e+04	8.188235e+01	7.895135e+01
	945	369	236.250000	-2.250000	-4.996569e-05	1.008760e+05	9.314558e-01	7.227360e+00	1.463700e+04	1.463827e+04	1.462122e+04	9.233129e+01	9.176568e+01
	700	370	175.000000	-2.500000	-2.147467e-05	1.009790e+05	2.638664e+00	7.007820e+00	1.479050e+04	1.479133e+04	1.476209e+04	9.261058e+01	9.083999e+01
	76	373	19.000000	-3.250000	-1.125247e-05	9.195003e+04	6.141822e+03	2.576128e+00	1.495168e+04	1.495278e+04	1.492347e+04	8.241218e+01	7.997205e+01
	547	373	136.750000	-3.250000	-2.049676e-04	7.029903e+04	3.434546e+04	9.678721e+00	1.496909e+04	1.496807e+04	1.488522e+04	7.772058e+01	7.890759e+01
	292	397	73.000000	-9.250000	-5.679042e-05	1.010680e+05	1.232250e+00	6.248011e+00	1.485228e+04	1.485626e+04	1.481247e+04	8.747363e+01	8.595211e+01
	293	397	73.250000	-9.250000	-5.679042e-05	1.010680e+05	1.232250e+00	6.411818e+00	1.485177e+04	1.485575e+04	1.481247e+04	8.678947e+01	8.582441e+01
	341	401	85.250000	-10.250000	-2.696386e-04	1.010350e+05	8.708552e-01	9.944205e+00	1.489173e+04	1.489372e+04	1.479609e+04	8.379779e+01	7.641039e+01
	1211	402	302.750000	-10.500000	-1.256040e-04	9.514803e+04	4.063681e+03	3.830097e+00	1.493215e+04	1.493646e+04	1.487209e+04	8.844927e+01	8.358593e+01
	663	405	165.750000	-11.250000	-2.577475e-04	1.007030e+05	6.734774e+02	1.280887e+01	1.481898e+04	1.481958e+04	1.475847e+04	8.471918e+01	7.899378e+01
	685	405	171.250000	-11.250000	-1.013747e-04	1.007710e+05	1.312887e+00	1.105500e+01	1.470292e+04	1.470548e+04	1.466172e+04	8.218251e+01	7.857635e+01
	197	417	49.250000	-14.250000	-1.640788e-04	8.518403e+04	1.653842e+04	8.483351e+00	1.475644e+04	1.475550e+04	1.468959e+04	7.632368e+01	7.351757e+01
	340	429	85.000000	-17.250000	-7.171503e-04	1.000240e+05	1.413402e+00	1.896547e+01	1.477453e+04	1.479655e+04	1.396347e+04	8.861986e+01	7.886083e+01
	1280	429	320.000000	-17.250000	-3.926626e-04	9.088303e+04	8.331328e+03	1.132070e+01	1.483294e+04	1.483925e+04	1.471072e+04	9.146898e+01	8.943752e+01
	744	440	186.000000	-20.000000	-5.405417e-04	1.001970e+05	1.546296e+02	1.391454e+01	1.432146e+04	1.433703e+04	1.405997e+04	8.940430e+01	8.729847e+01
	572	448	143.000000	-22.000000	-3.280810e-04	9.087203e+04	4.910177e+03	8.791977e+00	1.425538e+04	1.427845e+04	1.386159e+04	7.837502e+01	7.025568e+01
	745	461	186.250000	-25.250000	-3.129712e-04	1.003460e+05	9.106958e-01	1.038871e+01	1.423397e+04	1.424202e+04	1.413047e+04	8.719049e+01	8.467400e+01
	1276	461	319.000000	-25.250000	-1.809469e-04	9.702303e+04	2.779530e+00	1.397966e+01	1.480077e+04	1.481128e+04	1.465034e+04	9.102927e+01	8.645439e+01
	246	465	61.500000	-26.250000	-4.499129e-04	9.919703e+04	1.935331e+00	2.454186e+01	1.426140e+04	1.432176e+04	1.327972e+04	8.284932e+01	8.203269e+01
	1364	491	341.000000	-32.750000	-4.386178e-04	1.013140e+05	1.233427e+00	1.035362e+01	1.494218e+04	1.494929e+04	1.484172e+04	8.704887e+01	7.230400e+01
	839	516	209.750000	-39.000000	-1.609197e-04	1.007650e+05	1.574677e+00	1.300893e+01	1.441641e+04	1.445581e+04	1.410197e+04	9.323570e+01	8.645642e+01
	681	536	170.250000	-44.000000	-4.698208e-04	8.361703e+04	1.504630e+04	1.827392e+01	1.284668e+04	1.287990e+04	1.244284e+04	8.313186e+01	7.479960e+01
2024	1	26	24	18
	709	361	177.250000	-0.250000	1.566485e-06	1.007766e+05	2.638664e+00	5.436787e+00	1.464752e+04	1.464946e+04	1.461312e+04	8.745627e+01	8.553809e+01
	448	364	112.000000	-1.000000	-3.499910e-06	9.172060e+04	7.107066e+03	5.567480e+00	1.505899e+04	1.506029e+04	1.502187e+04	8.655447e+01	8.117610e+01
	572	364	143.000000	-1.000000	-3.801100e-05	9.516260e+04	2.875835e+01	8.270619e+00	1.474892e+04	1.475158e+04	1.473450e+04	8.490253e+01	8.400301e+01
	144	368	36.000000	-2.000000	-1.864862e-04	7.500960e+04	2.805824e+04	4.914607e+00	1.499062e+04	1.498812e+04	1.494300e+04	7.514734e+01	7.448483e+01
	943	373	235.750000	-3.250000	-2.537481e-05	1.011846e+05	9.314558e-01	7.005880e+00	1.488542e+04	1.488577e+04	1.487087e+04	8.560497e+01	8.646390e+01
	1178	373	294.500000	-3.250000	-8.003227e-05	9.964360e+04	1.006628e+03	3.791918e+00	1.484010e+04	1.484621e+04	1.472225e+04	8.493452e+01	8.271315e+01
	691	388	172.750000	-7.000000	-2.191775e-05	1.006286e+05	1.312568e+00	1.121232e+01	1.459057e+04	1.459225e+04	1.452975e+04	8.409748e+01	8.529110e+01
	285	391	71.250000	-7.750000	-2.965759e-04	1.013546e+05	1.453210e+00	7.661661e+00	1.509858e+04	1.510089e+04	1.503187e+04	9.084279e+01	8.554221e+01
	343	406	85.750000	-11.500000	-2.081823e-04	1.012306e+05	1.051690e+00	9.291428e+00	1.503540e+04	1.503789e+04	1.495700e+04	8.337437e+01	7.743571e+01
	679	406	169.750000	-11.500000	-7.633679e-05	1.004856e+05	4.245715e+00	1.183689e+01	1.452641e+04	1.453013e+04	1.449550e+04	8.114089e+01	7.900211e+01
	1143	408	285.750000	-12.000000	-1.246165e-04	5.856660e+04	4.556788e+04	5.908957e+00	1.489406e+04	1.489183e+04	1.470375e+04	7.872252e+01	7.292740e+01
	716	409	179.000000	-12.250000	-1.123976e-04	1.005396e+05	2.310975e+01	8.836144e+00	1.451495e+04	1.451549e+04	1.446950e+04	8.216025e+01	7.949790e+01
	535	414	133.750000	-13.500000	-1.715254e-04	9.627460e+04	3.774556e+03	1.406551e+01	1.441351e+04	1.442539e+04	1.423687e+04	8.234445e+01	8.101212e+01
	567	425	141.750000	-16.250000	-1.278948e-04	9.450860e+04	2.066902e+03	1.342321e+01	1.425940e+04	1.426735e+04	1.418975e+04	8.437959e+01	8.330547e+01
	1275	425	318.750000	-16.250000	-7.085316e-05	8.923160e+04	9.555682e+03	9.563531e+00	1.462842e+04	1.463951e+04	1.450337e+04	8.863880e+01	8.850395e+01
	336	432	84.000000	-18.000000	-5.943608e-04	1.003766e+05	1.273174e+00	1.905677e+01	1.497989e+04	1.499994e+04	1.426687e+04	9.190394e+01	8.399854e+01
	751	445	187.750000	-21.250000	-1.229091e-03	9.998160e+04	1.453521e+00	1.838370e+01	1.431502e+04	1.432806e+04	1.388850e+04	8.877251e+01	8.731726e+01
	568	448	142.000000	-22.000000	-6.555747e-04	9.114860e+04	3.914015e+03	1.042097e+01	1.410115e+04	1.412615e+04	1.359862e+04	8.443073e+01	7.521122e+01
	1279	461	319.750000	-25.250000	-3.228020e-04	1.008336e+05	2.779530e+00	1.421971e+01	1.474789e+04	1.476080e+04	1.457725e+04	9.113038e+01	8.744798e+01
	246	466	61.500000	-26.500000	-4.470181e-04	9.970160e+04	1.774136e+00	2.190493e+01	1.447708e+04	1.453830e+04	1.368737e+04	8.351176e+01	8.197076e+01
	1373	491	343.250000	-32.750000	-4.579257e-04	1.011346e+05	1.233427e+00	1.158368e+01	1.481579e+04	1.482226e+04	1.467337e+04	7.995531e+01	6.907766e+01
	1412	505	353.000000	-36.250000	-3.523063e-04	1.009086e+05	9.312727e-01	1.254139e+01	1.444956e+04	1.445927e+04	1.431175e+04	7.882231e+01	6.818114e+01
	833	513	208.250000	-38.250000	-1.274180e-04	1.010136e+05	1.574677e+00	1.147691e+01	1.454506e+04	1.457543e+04	1.430337e+04	9.186092e+01	8.633572e+01
	689	533	172.250000	-43.250000	-3.455710e-04	8.340060e+04	1.504630e+04	1.884217e+01	1.286147e+04	1.288657e+04	1.246237e+04	7.640398e+01	7.260587e+01
2024	1	27	20	0
	545	360	136.250000	0.000000	1.997896e-05	8.302602e+04	3.319889e+03	9.167591e+00	1.500717e+04	1.501005e+04	1.498122e+04	8.790500e+01	8.236368e+01
	916	360	229.000000	0.000000	-1.512817e-05	1.007270e+05	8.103890e-01	7.051329e+00	1.452896e+04	1.453108e+04	1.449872e+04	8.985923e+01	8.513742e+01
	400	361	100.000000	-0.250000	-7.997802e-05	8.771002e+04	1.532920e+04	8.131154e+00	1.504074e+04	1.503994e+04	1.502022e+04	8.587386e+01	8.188445e+01
	765	362	191.250000	-0.500000	-5.800044e-06	1.007830e+05	1.091769e+00	6.622208e+00	1.465600e+04	1.465795e+04	1.462960e+04	8.597611e+01	8.176905e+01
	1192	378	298.000000	-4.500000	-8.072308e-05	9.993902e+04	6.956029e+02	2.606894e+00	1.487114e+04	1.487159e+04	1.484035e+04	7.938145e+01	8.259249e+01
	673	401	168.250000	-10.250000	-5.071214e-05	1.004960e+05	1.590946e+02	1.161556e+01	1.465033e+04	1.465739e+04	1.457610e+04	8.502393e+01	8.275945e+01
	385	407	96.250000	-11.750000	-5.744747e-05	1.012550e+05	1.413182e+00	8.187642e+00	1.498983e+04	1.499131e+04	1.496010e+04	8.006359e+01	8.325717e+01
	344	409	86.000000	-12.250000	-1.884287e-04	1.011280e+05	1.152138e+00	9.098723e+00	1.492319e+04	1.492546e+04	1.484047e+04	8.500517e+01	8.058488e+01
	1278	432	319.500000	-18.000000	-2.481525e-04	8.935802e+04	8.882045e+03	1.051469e+01	1.487119e+04	1.487656e+04	1.477585e+04	9.355248e+01	8.727750e+01
	331	434	82.750000	-18.500000	-9.193306e-04	1.000180e+05	1.273174e+00	1.979245e+01	1.483812e+04	1.485947e+04	1.398360e+04	9.271623e+01	8.411398e+01
	699	435	174.750000	-18.750000	-5.273870e-05	9.722302e+04	7.904078e+00	7.765684e+00	1.446272e+04	1.446816e+04	1.441685e+04	7.613072e+01	7.609883e+01
	230	437	57.500000	-19.250000	-4.957966e-05	9.295602e+04	2.582904e+03	7.551442e+00	1.459004e+04	1.459579e+04	1.455472e+04	8.425352e+01	7.954974e+01
	569	448	142.250000	-22.000000	-5.956476e-04	9.099702e+04	3.914015e+03	1.106332e+01	1.425854e+04	1.428214e+04	1.368560e+04	8.688786e+01	7.966714e+01
	755	452	188.750000	-23.000000	-3.676896e-04	1.001730e+05	1.313054e+00	1.634679e+01	1.428121e+04	1.429561e+04	1.402672e+04	8.185160e+01	8.305667e+01
	1278	459	319.500000	-24.750000	-4.771238e-04	9.366002e+04	4.661200e+00	1.432554e+01	1.484975e+04	1.486323e+04	1.462147e+04	8.278990e+01	8.557605e+01
	244	470	61.000000	-27.500000	-4.213040e-04	9.966202e+04	1.151634e+00	2.252994e+01	1.435858e+04	1.442047e+04	1.362335e+04	8.664304e+01	8.607476e+01
	1305	470	326.250000	-27.500000	-4.428511e-04	1.012590e+05	1.755499e+00	1.284091e+01	1.512613e+04	1.512752e+04	1.504810e+04	8.942474e+01	8.158205e+01
	754	474	188.500000	-28.500000	-4.217809e-04	1.003000e+05	1.212349e+00	1.285501e+01	1.426329e+04	1.427350e+04	1.404747e+04	9.203556e+01	8.114533e+01
	831	509	207.750000	-37.250000	-1.165455e-04	1.011050e+05	1.513965e+00	1.068316e+01	1.457051e+04	1.459220e+04	1.439047e+04	9.185559e+01	8.497242e+01
	832	509	208.000000	-37.250000	-1.145487e-04	1.011050e+05	1.513965e+00	1.068316e+01	1.456584e+04	1.458749e+04	1.439047e+04	9.179528e+01	8.533475e+01
2024	1	27	19	6
	452	361	113.000000	-0.250000	-3.052386e-05	8.970188e+04	8.814143e+03	3.662519e+00	1.494909e+04	1.494977e+04	1.492822e+04	8.233225e+01	8.020701e+01
	41	366	10.250000	-1.500000	-2.897414e-05	9.294688e+04	7.398809e+03	4.349980e+00	1.493962e+04	1.494120e+04	1.492334e+04	8.629650e+01	8.175839e+01
	994	366	248.500000	-1.500000	-5.609123e-06	1.011349e+05	1.293055e+00	7.659635e+00	1.488469e+04	1.488549e+04	1.486922e+04	8.765837e+01	8.988525e+01
	1409	370	352.250000	-2.500000	-1.201662e-05	1.011509e+05	1.191976e+00	8.068626e+00	1.485068e+04	1.485359e+04	1.482222e+04	7.528904e+01	7.031555e+01
	561	377	140.250000	-4.250000	-6.345543e-05	7.077588e+04	3.169332e+04	7.214623e+00	1.470043e+04	1.469843e+04	1.462672e+04	7.553909e+01	7.490987e+01
	290	391	72.500000	-7.750000	-3.380838e-04	1.012749e+05	1.453210e+00	1.005815e+01	1.504599e+04	1.504765e+04	1.496284e+04	8.898807e+01	8.445921e+01
	691	405	172.750000	-11.250000	-8.604559e-05	1.006099e+05	1.051445e+00	8.690595e+00	1.451378e+04	1.451889e+04	1.447172e+04	8.444463e+01	8.230817e+01
	345	411	86.250000	-12.750000	-2.957049e-04	1.011819e+05	1.152138e+00	9.388356e+00	1.499237e+04	1.499627e+04	1.489859e+04	8.340642e+01	8.166202e+01
	545	413	136.250000	-13.250000	-1.839164e-04	9.626388e+04	2.586214e+03	1.475893e+01	1.439285e+04	1.440089e+04	1.431522e+04	7.695909e+01	7.997001e+01
	249	418	62.250000	-14.500000	-7.957849e-05	1.010389e+05	1.714679e+00	8.321997e+00	1.486136e+04	1.486660e+04	1.481022e+04	8.805604e+01	8.515474e+01
	328	435	82.000000	-18.750000	-9.196762e-04	9.991288e+04	8.509222e-01	2.016452e+01	1.491039e+04	1.493274e+04	1.389884e+04	8.908743e+01	8.371464e+01
	1284	440	321.000000	-20.000000	-6.519917e-04	9.088188e+04	9.476923e+03	1.236284e+01	1.477250e+04	1.477818e+04	1.462659e+04	8.916368e+01	8.518476e+01
	569	449	142.250000	-22.250000	-6.221298e-04	9.118188e+04	3.914015e+03	9.965128e+00	1.408251e+04	1.410681e+04	1.359334e+04	8.612930e+01	7.562904e+01
	1245	450	311.250000	-22.500000	-7.218751e-05	8.798288e+04	1.052750e+04	4.269100e+00	1.470484e+04	1.470907e+04	1.464072e+04	7.842579e+01	7.853613e+01
	762	460	190.500000	-25.000000	-9.863439e-04	1.000569e+05	1.473755e+00	1.535254e+01	1.430324e+04	1.431580e+04	1.392622e+04	8.369473e+01	8.511465e+01
	1275	460	318.750000	-25.000000	-2.630714e-04	9.214988e+04	4.343400e+00	1.283663e+01	1.473027e+04	1.474264e+04	1.454697e+04	7.971262e+01	8.521865e+01
	241	474	60.250000	-28.500000	-3.080729e-04	9.998688e+04	1.172455e+00	1.977442e+01	1.452318e+04	1.457690e+04	1.392297e+04	8.685823e+01	8.899809e+01
	1353	475	338.250000	-28.750000	-3.294710e-04	1.011699e+05	8.709329e-01	1.233238e+01	1.497463e+04	1.497822e+04	1.488384e+04	7.795296e+01	7.401764e+01
	1439	510	359.750000	-37.500000	-2.924863e-04	1.003559e+05	1.151838e+00	1.165548e+01	1.397285e+04	1.398588e+04	1.385272e+04	8.504836e+01	7.965813e+01
2024	1	27	32	12
	435	360	108.750000	0.000000	4.425412e-06	9.533372e+04	6.177788e+03	8.474452e+00	1.496501e+04	1.496724e+04	1.494959e+04	7.734194e+01	7.819030e+01
	935	361	233.750000	-0.250000	-9.253854e-06	1.008487e+05	1.433130e+00	6.404867e+00	1.461634e+04	1.461841e+04	1.459434e+04	8.953254e+01	8.955118e+01
	341	362	85.250000	-0.500000	-6.065005e-06	1.011587e+05	1.353012e+00	5.389791e+00	1.493347e+04	1.493349e+04	1.492434e+04	7.585800e+01	6.653594e+01
	1015	363	253.750000	-0.750000	-7.882947e-06	1.009317e+05	1.352771e+00	7.320588e+00	1.470616e+04	1.470684e+04	1.469971e+04	9.002686e+01	8.972567e+01
	1163	367	290.750000	-1.750000	-2.713525e-05	9.842172e+04	1.749377e+03	3.230113e+00	1.499799e+04	1.500021e+04	1.496859e+04	7.909980e+01	7.877872e+01
	17	369	4.250000	-2.250000	-2.237502e-07	1.011297e+05	2.256849e+01	3.619569e+00	1.493556e+04	1.493613e+04	1.491884e+04	7.985667e+01	7.472538e+01
	1121	371	280.250000	-2.750000	-1.022669e-04	6.526772e+04	3.663807e+04	5.186013e+00	1.496079e+04	1.496037e+04	1.485634e+04	8.702784e+01	8.212952e+01
	47	373	11.750000	-3.250000	-3.461563e-05	9.279072e+04	7.714550e+03	3.938259e+00	1.491770e+04	1.491826e+04	1.488096e+04	8.911588e+01	8.567757e+01
	761	379	190.250000	-4.750000	-2.846355e-06	1.008787e+05	1.372997e+00	6.185745e+00	1.472662e+04	1.472715e+04	1.470334e+04	8.166425e+01	7.099194e+01
	83	384	20.750000	-6.000000	-3.795349e-05	8.870972e+04	9.750536e+03	2.467687e+00	1.483105e+04	1.483262e+04	1.474184e+04	7.941932e+01	7.536479e+01
	1236	386	309.000000	-6.500000	-1.445862e-04	9.584172e+04	5.014775e+03	4.325294e+00	1.503854e+04	1.503773e+04	1.500046e+04	9.316817e+01	9.134789e+01
	685	392	171.250000	-8.000000	-1.313540e-04	1.007697e+05	1.393190e+00	1.222427e+01	1.470800e+04	1.471249e+04	1.465634e+04	7.566020e+01	7.914597e+01
	591	394	147.750000	-8.500000	-1.332315e-04	7.844372e+04	2.481712e+04	9.035569e+00	1.491870e+04	1.491624e+04	1.486884e+04	7.762141e+01	7.801026e+01
	1201	397	300.250000	-9.250000	-1.770409e-04	9.641772e+04	3.893947e+03	4.014494e+00	1.500867e+04	1.500946e+04	1.495634e+04	9.203599e+01	8.578181e+01
	278	411	69.500000	-12.750000	-6.301724e-05	1.010087e+05	1.453490e+00	5.771965e+00	1.479421e+04	1.479647e+04	1.474884e+04	8.733014e+01	8.401146e+01
	344	414	86.000000	-13.500000	-2.626630e-04	1.010617e+05	1.312673e+00	7.663831e+00	1.487434e+04	1.487680e+04	1.479884e+04	7.876625e+01	7.993037e+01
	253	418	63.250000	-14.500000	-9.642565e-05	1.008587e+05	1.272669e+00	7.463681e+00	1.471561e+04	1.472189e+04	1.464334e+04	8.979694e+01	8.440926e+01
	1237	421	309.250000	-15.250000	-8.760416e-05	8.944572e+04	1.022605e+04	3.934547e+00	1.492377e+04	1.492636e+04	1.488934e+04	7.871831e+01	7.363637e+01
	323	436	80.750000	-19.000000	-9.919258e-04	9.974772e+04	1.312631e+00	2.076150e+01	1.478267e+04	1.480712e+04	1.376034e+04	8.187587e+01	8.024445e+01
	188	442	47.000000	-20.500000	-6.391131e-05	8.175672e+04	1.882964e+04	6.614792e+00	1.473320e+04	1.473381e+04	1.462696e+04	7.567115e+01	7.255907e+01
	1284	444	321.000000	-21.000000	-4.857632e-04	9.112272e+04	9.221129e+03	1.238540e+01	1.501680e+04	1.502302e+04	1.487046e+04	8.445377e+01	8.156955e+01
	569	447	142.250000	-21.750000	-4.529210e-04	9.092872e+04	3.914015e+03	1.131274e+01	1.428791e+04	1.431229e+04	1.372359e+04	8.158302e+01	6.945179e+01
	1274	462	318.500000	-25.500000	-2.243074e-04	1.001147e+05	3.445738e+00	1.278323e+01	1.495145e+04	1.496556e+04	1.477734e+04	8.053013e+01	8.435911e+01
	920	473	230.000000	-28.250000	-1.054259e-04	1.013707e+05	1.534239e+00	1.089766e+01	1.493869e+04	1.494275e+04	1.486509e+04	8.578113e+01	8.411031e+01
	239	479	59.750000	-29.750000	-2.729746e-04	1.000387e+05	1.172455e+00	1.924616e+01	1.445865e+04	1.451375e+04	1.389909e+04	8.759835e+01	8.872865e+01
	758	479	189.500000	-29.750000	-3.667625e-04	1.002377e+05	1.212349e+00	1.513236e+01	1.418003e+04	1.419888e+04	1.398496e+04	8.118269e+01	7.613743e+01
	825	501	206.250000	-35.250000	-8.516037e-05	1.012067e+05	1.393455e+00	8.456446e+00	1.457500e+04	1.458427e+04	1.448934e+04	8.849160e+01	8.191415e+01
	826	501	206.500000	-35.250000	-8.060061e-05	1.012017e+05	1.393455e+00	8.419490e+00	1.457003e+04	1.457930e+04	1.448934e+04	8.857365e+01	8.272327e+01
	869	503	217.250000	-35.750000	-1.513215e-04	1.009297e+05	7.307708e-01	1.281883e+01	1.453443e+04	1.456224e+04	1.430921e+04	7.559008e+01	8.014194e+01
	1080	508	270.000000	-37.000000	-4.092010e-04	1.016987e+05	2.015233e+00	1.054595e+01	1.482279e+04	1.482557e+04	1.472784e+04	7.559088e+01	7.539328e+01
	13	514	3.250000	-38.500000	-4.430267e-04	1.000237e+05	1.051769e+00	1.399974e+01	1.381024e+04	1.382547e+04	1.358571e+04	8.766232e+01	8.137995e+01
	1415	530	353.750000	-42.500000	-4.285725e-04	9.955572e+04	1.994876e+00	1.340793e+01	1.313934e+04	1.315904e+04	1.288646e+04	7.766128e+01	7.499598e+01
2024	1	27	29	18
	349	360	87.250000	0.000000	7.070601e-06	1.013784e+05	1.594068e+00	4.161798e+00	1.511357e+04	1.511346e+04	1.510343e+04	8.009489e+01	7.155611e+01
	959	360	239.750000	0.000000	-5.953014e-06	1.011594e+05	1.613883e+00	7.450813e+00	1.489315e+04	1.489438e+04	1.487443e+04	8.763490e+01	8.873987e+01
	987	360	246.750000	0.000000	-1.775473e-05	1.011614e+05	1.293055e+00	7.774641e+00	1.489670e+04	1.489786e+04	1.489193e+04	8.968542e+01	9.023740e+01
	350	361	87.500000	-0.250000	6.802380e-06	1.013794e+05	1.594068e+00	4.161798e+00	1.511370e+04	1.511350e+04	1.510343e+04	7.866512e+01	7.173682e+01
	559	361	139.750000	-0.250000	-3.626198e-05	9.416342e+04	2.827706e+02	7.563021e+00	1.479859e+04	1.480126e+04	1.477418e+04	8.281502e+01	8.254119e+01
	1032	361	258.000000	-0.250000	-1.441687e-05	1.011534e+05	9.703523e-01	7.737604e+00	1.488454e+04	1.488767e+04	1.486105e+04	8.140460e+01	8.287128e+01
	688	367	172.000000	-1.750000	-6.296486e-05	1.007194e+05	6.899797e-01	1.243443e+01	1.467402e+04	1.467417e+04	1.458018e+04	7.967673e+01	8.185649e+01
	1239	369	309.750000	-2.250000	-4.147738e-05	9.848642e+04	1.885761e+03	7.515812e+00	1.486308e+04	1.486766e+04	1.478568e+04	9.069498e+01	8.794549e+01
	481	370	120.250000	-2.500000	-5.998462e-05	8.252742e+04	1.932979e+04	7.828651e+00	1.498033e+04	1.497882e+04	1.494768e+04	7.530590e+01	7.664224e+01
	1188	371	297.000000	-2.750000	-3.837794e-05	9.981142e+04	7.867780e+02	3.722937e+00	1.488315e+04	1.488590e+04	1.479668e+04	8.414436e+01	8.289464e+01
	373	376	93.250000	-4.000000	-6.191432e-06	1.013564e+05	1.453502e+00	4.211717e+00	1.509470e+04	1.509442e+04	1.507580e+04	8.254534e+01	7.678020e+01
	588	384	147.000000	-6.000000	-1.258776e-04	7.489042e+04	2.513040e+04	6.606057e+00	1.478433e+04	1.478254e+04	1.471193e+04	8.569188e+01	8.291611e+01
	1128	390	282.000000	-7.500000	-4.064292e-05	6.019443e+04	4.099377e+04	5.670771e+00	1.489509e+04	1.489597e+04	1.475105e+04	7.621748e+01	7.355108e+01
	393	408	98.250000	-12.000000	-2.342090e-04	1.011854e+05	1.915922e+00	7.524174e+00	1.492886e+04	1.493166e+04	1.487080e+04	8.464379e+01	8.377811e+01
	679	409	169.750000	-12.250000	-3.110617e-05	1.003934e+05	4.245715e+00	6.219127e+00	1.444181e+04	1.444623e+04	1.440068e+04	8.100854e+01	7.965300e+01
	1242	412	310.500000	-13.000000	-6.826967e-05	8.953442e+04	9.117219e+03	4.358219e+00	1.476784e+04	1.477368e+04	1.462193e+04	8.634184e+01	8.357141e+01
	346	415	86.500000	-13.750000	-1.940057e-04	1.012954e+05	1.312673e+00	7.641131e+00	1.505092e+04	1.505169e+04	1.499380e+04	7.618932e+01	7.967870e+01
	256	419	64.000000	-14.750000	-1.321658e-04	1.011084e+05	1.332738e+00	7.610195e+00	1.493825e+04	1.494777e+04	1.483430e+04	9.065845e+01	8.454990e+01
	318	438	79.500000	-19.500000	-7.170066e-04	1.002034e+05	1.533765e+00	1.872209e+01	1.495393e+04	1.497463e+04	1.415055e+04	9.044784e+01	8.414161e+01
	568	445	142.000000	-21.250000	-3.746971e-04	9.080442e+04	4.086414e+03	8.209787e+00	1.415391e+04	1.417704e+04	1.369093e+04	8.673672e+01	7.455936e+01
	568	446	142.000000	-21.500000	-3.746971e-04	9.080442e+04	3.914015e+03	8.209787e+00	1.415300e+04	1.417686e+04	1.369093e+04	8.662518e+01	7.394504e+01
	587	457	146.750000	-24.250000	-2.251789e-04	9.180942e+04	8.250048e+03	4.924756e+00	1.422367e+04	1.422903e+04	1.415243e+04	8.770855e+01	8.009760e+01
	1231	461	307.750000	-25.250000	-6.457418e-05	8.849742e+04	1.187822e+04	3.913637e+00	1.477676e+04	1.478277e+04	1.471230e+04	8.473421e+01	7.969318e+01
	1272	465	318.000000	-26.250000	-1.739785e-04	1.009694e+05	2.779530e+00	1.128518e+01	1.488350e+04	1.489755e+04	1.474843e+04	7.944781e+01	8.407545e+01
	756	481	189.000000	-30.250000	-4.181489e-04	1.001774e+05	1.212349e+00	1.563183e+01	1.412953e+04	1.414828e+04	1.390068e+04	8.691618e+01	8.110886e+01
	236	484	59.000000	-31.000000	-2.201721e-04	1.003514e+05	1.172455e+00	1.791939e+01	1.458263e+04	1.463553e+04	1.414918e+04	8.796597e+01	8.502265e+01
	864	510	216.000000	-37.500000	-2.039000e-04	1.011324e+05	6.089578e-01	1.253525e+01	1.468265e+04	1.470934e+04	1.444993e+04	7.980410e+01	8.142735e+01
	31	526	7.750000	-41.500000	-5.454943e-04	9.972042e+04	1.272109e+00	1.482241e+01	1.347595e+04	1.349600e+04	1.327855e+04	8.405369e+01	8.561236e+01
	1426	531	356.500000	-42.750000	-3.013834e-04	9.924442e+04	1.994876e+00	1.437405e+01	1.289610e+04	1.291945e+04	1.264293e+04	7.671766e+01	7.824458e+01
2024	1	28	27	0
	973	361	243.250000	-0.250000	-1.524016e-05	1.008192e+05	1.051887e+00	7.882707e+00	1.460875e+04	1.460856e+04	1.460159e+04	8.878704e+01	9.077502e+01
	699	364	174.750000	-1.000000	-9.928271e-05	1.008872e+05	2.638664e+00	1.248616e+01	1.480802e+04	1.480702e+04	1.470972e+04	8.312782e+01	8.518862e+01
	1122	366	280.500000	-1.500000	-1.215748e-04	6.516520e+04	3.877745e+04	5.230258e+00	1.476173e+04	1.475853e+04	1.467322e+04	7.991993e+01	7.843755e+01
	1009	367	252.250000	-1.750000	-1.184270e-05	1.008452e+05	1.493570e+00	8.263848e+00	1.461965e+04	1.462161e+04	1.460272e+04	7.906691e+01	7.994156e+01
	434	368	108.500000	-2.000000	2.487376e-05	9.744420e+04	1.326838e+03	6.786831e+00	1.505320e+04	1.505324e+04	1.502897e+04	7.836220e+01	8.087550e+01
	617	368	154.250000	-2.000000	-1.687929e-05	9.550720e+04	8.226798e+01	5.575187e+00	1.499026e+04	1.499257e+04	1.495047e+04	7.743035e+01	7.877023e+01
	1009	368	252.250000	-2.000000	-7.849187e-06	1.008452e+05	1.493570e+00	8.263848e+00	1.461956e+04	1.462147e+04	1.460272e+04	7.772745e+01	7.876382e+01
	138	379	34.500000	-4.750000	-6.474182e-05	8.020320e+04	1.922619e+04	2.741541e+00	1.485273e+04	1.485696e+04	1.479584e+04	8.129197e+01	8.360776e+01
	667	395	166.750000	-8.750000	-8.819625e-05	1.005542e+05	8.155386e+01	1.261838e+01	1.470741e+04	1.471308e+04	1.463734e+04	8.518251e+01	8.326705e+01
	113	402	28.250000	-10.500000	-6.006286e-05	8.403620e+04	1.651714e+04	4.603797e+00	1.483070e+04	1.483196e+04	1.478447e+04	8.113601e+01	7.631112e+01
	690	407	172.500000	-11.750000	-7.907674e-05	1.006932e+05	9.509943e-01	7.407402e+00	1.463671e+04	1.463979e+04	1.457522e+04	8.683176e+01	8.668175e+01
	691	407	172.750000	-11.750000	-7.907674e-05	1.006932e+05	1.051445e+00	7.504062e+00	1.463670e+04	1.463978e+04	1.457522e+04	8.703876e+01	8.646503e+01
	279	408	69.750000	-12.000000	-2.919249e-04	1.010342e+05	1.453490e+00	5.064368e+00	1.483015e+04	1.482899e+04	1.478897e+04	8.303961e+01	8.325214e+01
	344	415	86.000000	-13.750000	-3.649108e-04	1.011592e+05	1.312673e+00	8.040166e+00	1.494397e+04	1.494693e+04	1.486097e+04	7.651762e+01	8.001785e+01
	253	419	63.250000	-14.750000	-2.392642e-04	1.008722e+05	1.332738e+00	7.161596e+00	1.472230e+04	1.473341e+04	1.461422e+04	9.216130e+01	8.592405e+01
	224	436	56.000000	-19.000000	-6.635115e-05	9.315120e+04	2.582904e+03	7.921417e+00	1.474709e+04	1.475260e+04	1.469122e+04	7.518119e+01	7.667449e+01
	312	439	78.000000	-19.750000	-9.121411e-04	9.998420e+04	1.634210e+00	1.932943e+01	1.482223e+04	1.484484e+04	1.394372e+04	8.618708e+01	8.395813e+01
	168	443	42.000000	-20.750000	-1.189224e-04	9.382420e+04	9.360839e+02	8.743338e+00	1.477036e+04	1.477976e+04	1.468172e+04	7.516014e+01	7.650778e+01
	568	445	142.000000	-21.250000	-3.145449e-04	9.105020e+04	4.086414e+03	9.336228e+00	1.435671e+04	1.438078e+04	1.394059e+04	9.271221e+01	7.796255e+01
	1283	450	320.750000	-22.500000	-3.608875e-04	9.180520e+04	7.887059e+01	1.262168e+01	1.511751e+04	1.512146e+04	1.495959e+04	8.035788e+01	7.671027e+01
	591	457	147.750000	-24.250000	-8.983538e-05	9.204020e+04	8.250048e+03	6.541424e+00	1.446460e+04	1.446817e+04	1.440772e+04	9.351470e+01	8.398495e+01
	864	480	216.000000	-30.000000	-1.439266e-04	1.009812e+05	8.905876e-01	8.880103e+00	1.447766e+04	1.448996e+04	1.437534e+04	7.995352e+01	7.965540e+01
	757	482	189.250000	-30.500000	-3.042631e-04	9.994020e+04	1.212349e+00	1.646859e+01	1.405734e+04	1.407734e+04	1.376147e+04	8.067841e+01	7.798658e+01
	236	489	59.000000	-32.250000	-2.038591e-04	1.003502e+05	1.032171e+00	1.607890e+01	1.448063e+04	1.452778e+04	1.411522e+04	8.709417e+01	8.450819e+01
	1	533	0.250000	-43.250000	-1.473241e-04	9.914120e+04	1.433291e+00	1.451756e+01	1.279024e+04	1.281696e+04	1.255947e+04	8.508849e+01	8.213027e+01
	655	539	163.750000	-44.750000	-1.764707e-04	9.041520e+04	4.844923e+01	1.456925e+01	1.297175e+04	1.299785e+04	1.275534e+04	7.862505e+01	7.616042e+01
	31	540	7.750000	-45.000000	-1.714639e-04	9.935120e+04	1.553938e+00	1.489126e+01	1.296421e+04	1.298173e+04	1.283197e+04	7.921468e+01	8.630686e+01
2024	1	28	29	6
	1239	362	309.750000	-0.500000	-2.979813e-05	9.770125e+04	1.365357e+03	6.344038e+00	1.492254e+04	1.492272e+04	1.489913e+04	8.376827e+01	8.323469e+01
	1361	362	340.250000	-0.500000	-1.537381e-05	1.012432e+05	1.071425e+00	7.464377e+00	1.492544e+04	1.492663e+04	1.491451e+04	8.211253e+01	8.156332e+01
	992	365	248.000000	-1.250000	-2.857624e-05	1.011192e+05	1.293055e+00	8.099176e+00	1.486912e+04	1.486981e+04	1.486063e+04	8.336912e+01	8.145043e+01
	1122	366	280.500000	-1.500000	-6.228266e-05	6.525825e+04	3.877745e+04	5.597122e+00	1.491271e+04	1.491069e+04	1.480551e+04	8.515202e+01	8.209478e+01
	233	368	58.250000	-2.000000	-6.112037e-05	1.013862e+05	1.453403e+00	6.146429e+00	1.511468e+04	1.511456e+04	1.509176e+04	8.267133e+01	7.887867e+01
	234	368	58.500000	-2.000000	-6.112037e-05	1.013862e+05	1.453403e+00	6.146429e+00	1.511487e+04	1.511480e+04	1.509176e+04	8.296108e+01	7.924686e+01
	902	370	225.500000	-2.500000	-1.164852e-05	1.010732e+05	1.152120e+00	7.760561e+00	1.482845e+04	1.482948e+04	1.481476e+04	8.424335e+01	8.180441e+01
	29	378	7.250000	-4.500000	-5.879579e-05	1.010972e+05	1.855145e+00	6.105047e+00	1.488798e+04	1.488966e+04	1.486388e+04	8.959132e+01	8.644994e+01
	458	388	114.500000	-7.000000	-1.096088e-04	9.056525e+04	1.376617e+04	7.358094e+00	1.493404e+04	1.493419e+04	1.490788e+04	8.056931e+01	8.191425e+01
	1191	388	297.750000	-7.000000	-1.782137e-04	9.894525e+04	1.316000e+03	2.102289e+00	1.488559e+04	1.488733e+04	1.484001e+04	8.987356e+01	8.625175e+01
	74	396	18.500000	-9.000000	-5.366979e-05	8.444925e+04	1.311157e+04	3.209142e+00	1.490506e+04	1.490769e+04	1.485576e+04	9.179688e+01	8.690435e+01
	345	416	86.250000	-14.000000	-4.159766e-04	1.012712e+05	1.312673e+00	8.442924e+00	1.504365e+04	1.504432e+04	1.495701e+04	8.335598e+01	8.230957e+01
	252	418	63.000000	-14.500000	-2.627331e-04	1.009592e+05	1.634216e+00	8.930457e+00	1.483345e+04	1.484339e+04	1.469638e+04	8.837263e+01	8.409009e+01
	657	420	164.250000	-15.000000	-1.121718e-04	9.620025e+04	8.756498e+01	4.941146e+00	1.453032e+04	1.453344e+04	1.449976e+04	7.558012e+01	8.021587e+01
	1147	424	286.750000	-16.000000	-6.797491e-05	5.690225e+04	4.787863e+04	6.555836e+00	1.497532e+04	1.496529e+04	1.479251e+04	7.695273e+01	7.634975e+01
	1262	432	315.500000	-18.000000	-1.761275e-04	8.860225e+04	1.215646e+04	3.328843e+00	1.488291e+04	1.488676e+04	1.482713e+04	9.321117e+01	8.775549e+01
	404	438	101.000000	-19.500000	-1.341659e-04	1.012492e+05	1.172557e+00	7.421103e+00	1.478730e+04	1.479077e+04	1.475101e+04	7.807400e+01	7.898959e+01
	306	441	76.500000	-20.250000	-8.824724e-04	1.000782e+05	1.634210e+00	2.166871e+01	1.493864e+04	1.495809e+04	1.402313e+04	8.409109e+01	8.272089e+01
	217	442	54.250000	-20.500000	-2.615112e-04	9.320825e+04	9.018631e+03	1.146138e+01	1.484490e+04	1.485273e+04	1.474951e+04	7.764012e+01	7.684393e+01
	167	444	41.750000	-21.000000	-1.364904e-04	9.397525e+04	4.823790e+02	7.588389e+00	1.490004e+04	1.490852e+04	1.481588e+04	7.621577e+01	7.586073e+01
	569	446	142.250000	-21.500000	-2.593356e-04	9.077825e+04	4.086414e+03	8.336767e+00	1.417943e+04	1.420150e+04	1.385713e+04	8.933667e+01	7.521455e+01
	623	473	155.750000	-28.250000	-1.648921e-04	9.468825e+04	9.117751e+02	1.053204e+01	1.450753e+04	1.451013e+04	1.442801e+04	8.898129e+01	8.341066e+01
	1259	475	314.750000	-28.750000	-1.549083e-04	1.005722e+05	3.803634e+00	1.073449e+01	1.485186e+04	1.486314e+04	1.474176e+04	8.180274e+01	8.193493e+01
	901	483	225.250000	-30.750000	-2.655047e-04	1.012722e+05	1.473011e+00	1.260635e+01	1.495440e+04	1.495602e+04	1.488001e+04	8.682104e+01	8.170142e+01
	757	484	189.250000	-31.000000	-3.092545e-04	9.983725e+04	1.212349e+00	1.636559e+01	1.397225e+04	1.399641e+04	1.362826e+04	8.327548e+01	7.824033e+01
	866	485	216.500000	-31.250000	-1.785713e-04	1.009792e+05	8.905876e-01	1.027587e+01	1.452658e+04	1.454443e+04	1.438926e+04	8.129836e+01	8.302554e+01
	238	494	59.500000	-33.500000	-1.850682e-04	1.005932e+05	1.011178e+00	1.567658e+01	1.457983e+04	1.461839e+04	1.428613e+04	8.779736e+01	7.956049e+01
	5	495	1.250000	-33.750000	-7.376033e-04	1.000082e+05	8.311492e-01	1.809599e+01	1.384011e+04	1.384938e+04	1.363588e+04	7.869986e+01	7.406808e+01
	666	537	166.500000	-44.250000	-1.690644e-04	8.390925e+04	1.345352e+04	1.403295e+01	1.313027e+04	1.315180e+04	1.290776e+04	7.827959e+01	7.205594e+01
2024	1	28	36	12
	13	360	3.250000	0.000000	-1.138099e-05	1.011362e+05	1.373049e+00	5.147122e+00	1.493418e+04	1.493375e+04	1.492200e+04	7.583689e+01	6.834181e+01
	948	360	237.000000	0.000000	-1.617917e-05	1.008322e+05	1.955514e+00	7.982459e+00	1.460635e+04	1.460847e+04	1.458850e+04	8.820356e+01	9.005309e+01
	901	361	225.250000	-0.250000	-2.678717e-06	1.007742e+05	1.232426e+00	7.613189e+00	1.457892e+04	1.458112e+04	1.455625e+04	8.565710e+01	8.680836e+01
	982	361	245.500000	-0.250000	-1.072534e-05	1.008592e+05	9.715036e-01	8.236503e+00	1.464107e+04	1.464285e+04	1.462288e+04	8.677777e+01	8.549742e+01
	433	362	108.250000	-0.500000	-6.046379e-06	9.536123e+04	1.671457e+03	8.679253e+00	1.496861e+04	1.497218e+04	1.493075e+04	8.112675e+01	8.101360e+01
	1299	362	324.750000	-0.500000	-1.814449e-06	1.013692e+05	1.494047e+00	8.666952e+00	1.508611e+04	1.508740e+04	1.506800e+04	7.954786e+01	7.657967e+01
	253	364	63.250000	-1.000000	-3.513182e-06	1.010892e+05	9.511617e-01	5.781598e+00	1.486432e+04	1.486420e+04	1.485338e+04	8.435733e+01	8.211465e+01
	254	364	63.500000	-1.000000	-3.125751e-06	1.010952e+05	9.511617e-01	5.781598e+00	1.486429e+04	1.486416e+04	1.485338e+04	8.435623e+01	8.194193e+01
	1053	365	263.250000	-1.250000	-1.534470e-05	1.010472e+05	1.494453e+00	6.302796e+00	1.477459e+04	1.477571e+04	1.476213e+04	8.332449e+01	8.448671e+01
	879	367	219.750000	-1.750000	-8.609379e-06	1.007922e+05	1.192116e+00	8.058152e+00	1.458201e+04	1.458312e+04	1.457213e+04	7.993750e+01	7.773758e+01
	1249	369	312.250000	-2.250000	-6.314600e-06	9.809423e+04	2.299818e+03	6.082552e+00	1.514925e+04	1.514946e+04	1.512725e+04	7.909582e+01	8.126933e+01
	369	370	92.250000	-2.500000	-2.014288e-05	1.011562e+05	2.297254e+00	4.195963e+00	1.494315e+04	1.494370e+04	1.491738e+04	7.624968e+01	7.236877e+01
	45	371	11.250000	-2.750000	-4.306086e-05	9.279123e+04	7.714550e+03	5.185088e+00	1.490846e+04	1.490935e+04	1.485850e+04	9.269633e+01	8.704530e+01
	1028	380	257.000000	-5.000000	-3.268966e-05	1.010182e+05	1.574191e+00	7.905362e+00	1.474817e+04	1.474915e+04	1.472863e+04	8.237988e+01	7.885814e+01
	1028	381	257.000000	-5.250000	-3.268966e-05	1.010212e+05	1.574191e+00	7.905362e+00	1.474916e+04	1.475027e+04	1.472863e+04	8.151800e+01	7.773399e+01
	615	386	153.750000	-6.500000	-4.702457e-05	9.025823e+04	8.972600e+03	6.431848e+00	1.501109e+04	1.501160e+04	1.498038e+04	8.588924e+01	8.235637e+01
	793	386	198.250000	-6.500000	-3.441819e-05	1.008832e+05	1.011410e+00	7.130889e+00	1.472697e+04	1.472828e+04	1.466675e+04	8.994305e+01	8.595309e+01
	677	394	169.250000	-8.500000	-2.428258e-04	1.008662e+05	1.513752e+00	1.270391e+01	1.477468e+04	1.477821e+04	1.467188e+04	8.733701e+01	8.431213e+01
	771	401	192.750000	-10.250000	5.785143e-06	1.008972e+05	1.333092e+00	4.028755e+00	1.476142e+04	1.476357e+04	1.473238e+04	8.712554e+01	8.213480e+01
	695	413	173.750000	-13.250000	-6.022700e-05	1.007802e+05	1.171960e+00	1.003262e+01	1.470765e+04	1.471214e+04	1.466075e+04	9.177031e+01	8.764340e+01
	347	415	86.750000	-13.750000	-2.468491e-04	1.011212e+05	1.312654e+00	8.711280e+00	1.491222e+04	1.491177e+04	1.485288e+04	7.949394e+01	7.893835e+01
	253	417	63.250000	-14.250000	-2.384151e-04	1.006722e+05	1.272669e+00	8.168125e+00	1.461213e+04	1.462396e+04	1.445750e+04	8.651339e+01	8.332600e+01
	399	428	99.750000	-17.000000	-1.081491e-04	1.010652e+05	1.573694e+00	7.079789e+00	1.471520e+04	1.472173e+04	1.467625e+04	8.151705e+01	8.215022e+01
	191	434	47.750000	-18.500000	-8.999952e-05	8.179423e+04	1.882964e+04	8.975047e+00	1.476720e+04	1.476766e+04	1.467000e+04	7.828530e+01	7.391586e+01
	221	438	55.250000	-19.500000	-6.785640e-05	9.305323e+04	9.018631e+03	1.095328e+01	1.466390e+04	1.467288e+04	1.458375e+04	8.158237e+01	7.770486e+01
	300	444	75.000000	-21.000000	-8.158351e-04	9.995723e+04	1.634210e+00	1.885484e+01	1.475155e+04	1.477004e+04	1.392763e+04	8.585742e+01	7.978262e+01
	570	448	142.500000	-22.000000	-2.399350e-04	9.118123e+04	3.914015e+03	6.150712e+00	1.443661e+04	1.445579e+04	1.414838e+04	8.132928e+01	6.805563e+01
	589	462	147.250000	-25.500000	-5.891570e-05	9.214523e+04	8.250048e+03	4.583848e+00	1.457571e+04	1.458008e+04	1.453200e+04	8.219570e+01	7.237463e+01
	1279	463	319.750000	-25.750000	-8.476640e-04	1.011832e+05	2.779530e+00	1.486190e+01	1.512492e+04	1.513182e+04	1.484950e+04	7.554219e+01	7.829607e+01
	626	472	156.500000	-28.000000	-2.488161e-04	9.789623e+04	5.551733e+00	1.063013e+01	1.478101e+04	1.478193e+04	1.471250e+04	8.875426e+01	8.085748e+01
	1257	483	314.250000	-30.750000	-2.554620e-04	1.012692e+05	2.236355e+00	1.225084e+01	1.499414e+04	1.500970e+04	1.486675e+04	8.523781e+01	8.225307e+01
	757	485	189.250000	-31.250000	-2.780522e-04	9.978423e+04	1.212349e+00	1.383394e+01	1.387907e+04	1.390395e+04	1.357050e+04	8.290652e+01	7.999601e+01
	906	485	226.500000	-31.250000	-1.797343e-04	1.012422e+05	1.252784e+00	1.146588e+01	1.487168e+04	1.487633e+04	1.477388e+04	9.084424e+01	7.950276e+01
	866	489	216.500000	-32.250000	-1.579786e-04	1.007822e+05	7.904715e-01	1.222863e+01	1.444208e+04	1.446680e+04	1.424563e+04	7.737766e+01	8.153684e+01
	867	489	216.750000	-32.250000	-1.702572e-04	1.007822e+05	7.904715e-01	1.222863e+01	1.444845e+04	1.447343e+04	1.424563e+04	7.789464e+01	8.190446e+01
	243	499	60.750000	-34.750000	-1.782144e-04	1.005282e+05	1.311944e+00	1.317302e+01	1.441436e+04	1.444551e+04	1.418213e+04	8.282011e+01	7.185394e+01
2024	1	28	30	18
	939	360	234.750000	0.000000	-1.758849e-05	1.011178e+05	1.433130e+00	8.167644e+00	1.486648e+04	1.486846e+04	1.484785e+04	8.232249e+01	8.491499e+01
	964	360	241.000000	0.000000	-8.826610e-06	1.011258e+05	1.613883e+00	9.468230e+00	1.487828e+04	1.487856e+04	1.487260e+04	7.892962e+01	8.031915e+01
	840	363	210.000000	-0.750000	-7.783528e-06	1.010288e+05	1.573924e+00	6.121859e+00	1.481547e+04	1.481708e+04	1.480085e+04	8.444579e+01	7.763670e+01
	588	364	147.000000	-1.000000	-3.997004e-05	1.002838e+05	9.969011e+02	6.870435e+00	1.483175e+04	1.483336e+04	1.478160e+04	8.329779e+01	8.548637e+01
	1186	365	296.500000	-1.250000	-4.205620e-05	9.406177e+04	9.947926e+02	3.450372e+00	1.495272e+04	1.495470e+04	1.490023e+04	8.104810e+01	7.713530e+01
	1289	368	322.250000	-2.000000	-5.846377e-06	9.799277e+04	2.284904e+02	8.860236e+00	1.494295e+04	1.494532e+04	1.491298e+04	7.672187e+01	7.548129e+01
	51	369	12.750000	-2.250000	-7.534539e-05	9.281977e+04	7.714550e+03	4.878354e+00	1.487716e+04	1.487753e+04	1.484148e+04	8.230109e+01	7.701968e+01
	1256	369	314.000000	-2.250000	-4.885113e-05	9.778377e+04	2.300993e+03	6.539970e+00	1.495214e+04	1.495361e+04	1.491960e+04	7.873450e+01	8.043230e+01
	700	373	175.000000	-3.250000	-1.016771e-05	1.007868e+05	1.393169e+00	1.025613e+01	1.473543e+04	1.473624e+04	1.472610e+04	7.643010e+01	8.065444e+01
	1122	377	280.500000	-4.250000	-5.385792e-05	6.523177e+04	3.418962e+04	6.100042e+00	1.491339e+04	1.491213e+04	1.478923e+04	7.721561e+01	7.887737e+01
	550	378	137.500000	-4.500000	-2.328074e-05	7.015777e+04	3.434546e+04	9.187224e+00	1.481101e+04	1.480775e+04	1.474448e+04	7.552943e+01	7.539200e+01
	259	380	64.750000	-5.000000	-1.222407e-05	1.013068e+05	1.151919e+00	8.630913e+00	1.506001e+04	1.505962e+04	1.504010e+04	8.212205e+01	8.484499e+01
	782	386	195.500000	-6.500000	-1.156083e-04	1.010218e+05	1.111767e+00	8.351027e+00	1.483227e+04	1.483268e+04	1.478435e+04	9.046635e+01	8.518346e+01
	439	390	109.750000	-7.500000	-2.488843e-04	8.822577e+04	1.385093e+04	6.735672e+00	1.496466e+04	1.496440e+04	1.490510e+04	8.528159e+01	8.529026e+01
	682	393	170.500000	-8.250000	-4.221252e-04	1.006648e+05	1.393190e+00	1.483533e+01	1.461227e+04	1.461305e+04	1.451760e+04	8.531753e+01	8.292545e+01
	645	402	161.250000	-10.500000	-5.659214e-04	9.459677e+04	5.910511e+03	1.523904e+01	1.459311e+04	1.459923e+04	1.442823e+04	8.941747e+01	8.426930e+01
	350	413	87.500000	-13.250000	-1.862994e-04	1.012598e+05	1.131543e+00	8.286851e+00	1.501992e+04	1.502118e+04	1.496198e+04	8.438468e+01	8.279780e+01
	256	418	64.000000	-14.500000	-4.460267e-04	1.008658e+05	1.332738e+00	1.015957e+01	1.482819e+04	1.483910e+04	1.462973e+04	8.663455e+01	8.375298e+01
	398	432	99.500000	-18.000000	-1.100055e-04	1.012788e+05	1.292265e+00	6.697062e+00	1.484640e+04	1.484945e+04	1.480785e+04	7.996266e+01	8.294656e+01
	399	432	99.750000	-18.000000	-1.100055e-04	1.012678e+05	1.292265e+00	6.955685e+00	1.484384e+04	1.484674e+04	1.480785e+04	7.982581e+01	8.282674e+01
	222	436	55.500000	-19.000000	-1.014820e-04	9.318677e+04	9.018631e+03	1.100086e+01	1.482771e+04	1.483607e+04	1.477485e+04	7.903083e+01	7.968783e+01
	294	446	73.500000	-21.500000	-7.240823e-04	1.002218e+05	1.272890e+00	1.840793e+01	1.492572e+04	1.494518e+04	1.416435e+04	8.778919e+01	8.197895e+01
	569	450	142.250000	-22.500000	-2.532653e-04	9.304077e+04	3.914015e+03	7.852690e+00	1.433807e+04	1.435515e+04	1.410348e+04	8.552307e+01	6.934772e+01
	1278	466	319.500000	-26.500000	-7.724217e-04	1.009168e+05	1.554895e+00	1.532791e+01	1.505125e+04	1.505559e+04	1.468323e+04	7.762154e+01	7.860004e+01
	759	485	189.750000	-31.250000	-2.078763e-04	9.971277e+04	1.212349e+00	1.166311e+01	1.375873e+04	1.377958e+04	1.350173e+04	7.848859e+01	7.838316e+01
	1256	488	314.000000	-32.000000	-1.711301e-04	1.011458e+05	2.236355e+00	1.227894e+01	1.488077e+04	1.490133e+04	1.469435e+04	8.599320e+01	7.925005e+01
	782	490	195.500000	-32.500000	-2.371422e-04	9.998477e+04	1.091737e+00	1.431255e+01	1.399439e+04	1.400362e+04	1.388585e+04	9.048642e+01	8.325356e+01
	865	494	216.250000	-33.500000	-2.501658e-04	1.008008e+05	7.904715e-01	1.537893e+01	1.455914e+04	1.458804e+04	1.426998e+04	7.505260e+01	8.123091e+01
	271	518	67.750000	-39.500000	-2.161614e-04	1.006398e+05	1.654480e+00	1.334571e+01	1.424070e+04	1.425040e+04	1.411285e+04	8.428795e+01	7.643987e+01
	718	523	179.500000	-40.750000	-6.425730e-04	8.921877e+04	1.561721e+02	1.353549e+01	1.336152e+04	1.338842e+04	1.311210e+04	8.328197e+01	7.564703e+01
2024	1	29	30	0
	846	360	211.500000	0.000000	-1.352280e-05	1.007320e+05	1.573924e+00	6.863040e+00	1.457141e+04	1.457334e+04	1.455770e+04	8.830837e+01	8.414768e+01
	878	363	219.500000	-0.750000	-7.621944e-06	1.007450e+05	1.192116e+00	7.460179e+00	1.457787e+04	1.457964e+04	1.455420e+04	8.327177e+01	8.346334e+01
	912	363	228.000000	-0.750000	-4.851073e-05	1.007440e+05	1.031411e+00	8.445647e+00	1.457330e+04	1.457577e+04	1.454920e+04	8.084300e+01	8.381794e+01
	256	364	64.000000	-1.000000	6.705523e-08	1.010680e+05	8.707670e-01	6.990551e+00	1.485974e+04	1.486123e+04	1.482845e+04	8.233788e+01	8.204443e+01
	618	364	154.500000	-1.000000	7.934868e-06	1.010230e+05	2.136455e+00	7.951489e+00	1.503305e+04	1.503240e+04	1.501295e+04	8.766163e+01	8.283578e+01
	710	365	177.500000	-1.250000	2.617389e-05	1.009810e+05	2.638664e+00	9.744424e+00	1.482589e+04	1.482457e+04	1.479582e+04	7.897738e+01	7.711057e+01
	1122	366	280.500000	-1.500000	-6.305426e-05	6.520396e+04	3.877745e+04	6.833032e+00	1.479713e+04	1.479483e+04	1.470620e+04	8.413373e+01	8.192982e+01
	481	370	120.250000	-2.500000	-2.955645e-05	8.263095e+04	1.932979e+04	7.225412e+00	1.509993e+04	1.510025e+04	1.506595e+04	7.688749e+01	7.969744e+01
	7	371	1.750000	-2.750000	-1.841038e-05	1.012410e+05	1.533722e+00	5.842455e+00	1.499780e+04	1.499959e+04	1.496870e+04	8.095808e+01	7.500163e+01
	403	371	100.750000	-2.750000	-2.633780e-05	8.766895e+04	1.532920e+04	6.113957e+00	1.499101e+04	1.499131e+04	1.495845e+04	8.715769e+01	8.461690e+01
	403	372	100.750000	-3.000000	-2.633780e-05	8.766895e+04	1.532920e+04	6.517782e+00	1.498939e+04	1.498962e+04	1.495845e+04	8.724681e+01	8.457586e+01
	1185	392	296.250000	-8.000000	-9.810179e-05	9.665395e+04	1.739112e+03	3.312405e+00	1.490943e+04	1.491263e+04	1.486195e+04	7.910667e+01	7.978358e+01
	782	393	195.500000	-8.250000	-8.528680e-05	1.008510e+05	1.091741e+00	6.526246e+00	1.471175e+04	1.471373e+04	1.466770e+04	9.084486e+01	8.475079e+01
	269	394	67.250000	-8.500000	-3.277510e-05	1.009420e+05	1.634308e+00	9.408306e+00	1.478863e+04	1.478951e+04	1.476782e+04	8.809335e+01	8.606398e+01
	1135	395	283.750000	-8.750000	-9.363145e-05	5.857996e+04	4.441407e+04	5.156946e+00	1.487188e+04	1.486696e+04	1.473995e+04	8.053014e+01	7.710966e+01
	650	398	162.500000	-9.500000	-7.591173e-04	9.481095e+04	5.204288e+03	1.549901e+01	1.480295e+04	1.480492e+04	1.460332e+04	8.550855e+01	8.129443e+01
	814	399	203.500000	-9.750000	-9.171665e-06	1.008430e+05	1.493566e+00	6.290490e+00	1.468329e+04	1.468415e+04	1.465770e+04	8.614201e+01	7.754503e+01
	255	422	63.750000	-15.500000	-2.846047e-04	1.005620e+05	1.332738e+00	1.062259e+01	1.459429e+04	1.460707e+04	1.439620e+04	8.759508e+01	8.413670e+01
	393	423	98.250000	-15.750000	-1.425669e-04	1.012130e+05	1.251802e+00	5.881112e+00	1.483166e+04	1.483714e+04	1.479970e+04	7.815495e+01	7.986752e+01
	1258	428	314.500000	-17.000000	-1.084730e-04	8.904595e+04	1.119831e+04	3.635361e+00	1.507670e+04	1.507864e+04	1.502832e+04	8.343637e+01	8.225582e+01
	223	436	55.750000	-19.000000	-6.072968e-05	9.298695e+04	1.685663e+03	1.164233e+01	1.463048e+04	1.463753e+04	1.457207e+04	8.161941e+01	8.148988e+01
	223	437	55.750000	-19.250000	-5.459040e-05	9.298695e+04	9.018631e+03	1.164233e+01	1.463285e+04	1.463977e+04	1.457207e+04	8.279153e+01	8.179031e+01
	289	450	72.250000	-22.500000	-7.228181e-04	9.994195e+04	1.312852e+00	2.009788e+01	1.474010e+04	1.476088e+04	1.389145e+04	8.599538e+01	8.156272e+01
	568	451	142.000000	-22.750000	-2.877638e-04	9.584795e+04	3.914015e+03	9.416577e+00	1.450924e+04	1.453365e+04	1.409182e+04	8.341150e+01	6.815205e+01
	1281	468	320.250000	-27.000000	-4.689619e-04	1.009790e+05	1.554895e+00	1.381482e+01	1.509742e+04	1.511061e+04	1.474620e+04	7.500810e+01	7.505351e+01
	761	488	190.250000	-32.000000	-1.941249e-04	9.959295e+04	1.393077e+00	1.130709e+01	1.363562e+04	1.365799e+04	1.339195e+04	8.024135e+01	7.739431e+01
	1256	490	314.000000	-32.500000	-1.095459e-04	1.011890e+05	1.954792e+00	1.241040e+01	1.489641e+04	1.491354e+04	1.474320e+04	8.107050e+01	7.482935e+01
	720	511	180.000000	-37.750000	-3.890321e-04	9.225295e+04	6.924243e+03	1.287714e+01	1.346161e+04	1.348621e+04	1.322420e+04	7.943993e+01	7.575429e+01
	29	521	7.250000	-40.250000	-2.431795e-04	9.917295e+04	1.272109e+00	1.631278e+01	1.292689e+04	1.295742e+04	1.275282e+04	9.171856e+01	8.755068e+01
	293	525	73.250000	-41.250000	-3.174469e-04	1.000010e+05	1.151706e+00	1.467618e+01	1.367112e+04	1.368306e+04	1.351832e+04	8.844218e+01	8.665594e+01
2024	1	29	32	6
	1231	360	307.750000	0.000000	-3.751484e-05	9.602348e+04	4.826799e+03	5.598456e+00	1.495754e+04	1.495844e+04	1.494665e+04	8.955996e+01	9.002414e+01
	31	361	7.750000	-0.250000	-4.466739e-05	9.436148e+04	2.287427e+03	5.017230e+00	1.496848e+04	1.496910e+04	1.494553e+04	9.221288e+01	8.288269e+01
	452	361	113.000000	-0.250000	-4.526344e-05	8.966648e+04	8.814143e+03	3.016896e+00	1.493121e+04	1.493181e+04	1.490740e+04	8.365300e+01	8.219360e+01
	1074	363	268.500000	-0.750000	-3.861752e-05	9.885448e+04	2.968146e+03	6.008631e+00	1.482954e+04	1.483046e+04	1.481103e+04	8.914737e+01	8.546091e+01
	1297	363	324.250000	-0.750000	-2.818671e-05	1.012615e+05	1.494047e+00	7.798053e+00	1.499496e+04	1.499510e+04	1.497478e+04	7.580663e+01	7.682835e+01
	384	364	96.000000	-1.000000	-2.437504e-06	9.987448e+04	5.131111e+00	3.968407e+00	1.502243e+04	1.502365e+04	1.500053e+04	8.287467e+01	8.088845e+01
	1122	366	280.500000	-1.500000	-7.360545e-05	6.523648e+04	3.877745e+04	6.935554e+00	1.490702e+04	1.490560e+04	1.480203e+04	9.137244e+01	8.707177e+01
	274	367	68.500000	-1.750000	6.917398e-07	1.012775e+05	1.393128e+00	7.933368e+00	1.502480e+04	1.502591e+04	1.501015e+04	7.609560e+01	7.147091e+01
	1163	367	290.750000	-1.750000	-2.645818e-05	9.825248e+04	1.749377e+03	2.592651e+00	1.492250e+04	1.492461e+04	1.489903e+04	7.539317e+01	7.293132e+01
	488	373	122.000000	-3.250000	-9.586778e-05	8.241948e+04	1.397343e+04	7.759068e+00	1.487369e+04	1.487423e+04	1.477490e+04	7.724080e+01	7.748267e+01
	586	388	146.500000	-7.000000	-1.445648e-04	7.482448e+04	2.513040e+04	1.069054e+01	1.472414e+04	1.472495e+04	1.459578e+04	7.863453e+01	7.940956e+01
	434	389	108.500000	-7.250000	-1.890596e-04	8.816248e+04	1.385093e+04	7.902771e+00	1.493207e+04	1.493160e+04	1.487578e+04	8.350248e+01	8.361265e+01
	455	390	113.750000	-7.500000	-1.336273e-04	9.052048e+04	1.376617e+04	6.219343e+00	1.492393e+04	1.492408e+04	1.487053e+04	8.005133e+01	8.141834e+01
	505	392	126.250000	-8.000000	-1.144346e-04	9.161548e+04	1.120923e+04	9.351718e+00	1.476615e+04	1.476705e+04	1.474378e+04	8.302011e+01	7.931742e+01
	64	393	16.000000	-8.250000	-3.995863e-05	8.360448e+04	1.233251e+04	5.092623e+00	1.501979e+04	1.502281e+04	1.497165e+04	7.991897e+01	8.028882e+01
	774	394	193.500000	-8.500000	-6.241736e-04	1.008905e+05	1.071806e+00	9.166160e+00	1.479796e+04	1.479682e+04	1.469503e+04	8.843811e+01	8.213631e+01
	136	398	34.000000	-9.500000	-1.086828e-04	7.847548e+04	2.260345e+04	2.863667e+00	1.507411e+04	1.507449e+04	1.503490e+04	9.161299e+01	8.861729e+01
	794	406	198.500000	-11.500000	-1.805392e-05	1.009285e+05	8.508074e-01	4.812423e+00	1.478857e+04	1.478948e+04	1.475665e+04	9.147058e+01	8.940914e+01
	650	415	162.500000	-13.750000	-1.256999e-04	1.000955e+05	1.835778e+00	8.674058e+00	1.447675e+04	1.448198e+04	1.443178e+04	8.086883e+01	8.199057e+01
	549	416	137.250000	-14.000000	-8.215872e-05	9.863548e+04	1.670552e+03	9.350229e+00	1.447333e+04	1.447946e+04	1.442328e+04	7.749614e+01	7.713289e+01
	1147	424	286.750000	-16.000000	-5.551544e-05	5.692248e+04	4.787863e+04	7.319130e+00	1.499136e+04	1.498175e+04	1.481140e+04	7.886594e+01	7.628142e+01
	255	425	63.750000	-16.250000	-2.829668e-04	1.006725e+05	1.332738e+00	1.178394e+01	1.472432e+04	1.473821e+04	1.450953e+04	8.762238e+01	8.168292e+01
	392	428	98.000000	-17.000000	-1.396772e-04	1.012505e+05	1.292265e+00	7.134610e+00	1.486246e+04	1.486598e+04	1.481465e+04	7.845771e+01	7.864915e+01
	223	446	55.750000	-21.500000	-2.393660e-04	9.308548e+04	9.018631e+03	1.188465e+01	1.477672e+04	1.478497e+04	1.468878e+04	8.976432e+01	8.526115e+01
	570	451	142.500000	-22.750000	-4.015800e-04	9.314748e+04	3.236697e+03	9.465199e+00	1.434919e+04	1.436791e+04	1.394665e+04	8.390781e+01	6.782376e+01
	286	455	71.500000	-23.750000	-7.400450e-04	1.000515e+05	1.191932e+00	1.970085e+01	1.482073e+04	1.484263e+04	1.397540e+04	8.805933e+01	8.011357e+01
	1282	474	320.500000	-28.500000	-3.000137e-04	1.008455e+05	1.553459e+00	1.386903e+01	1.489760e+04	1.490999e+04	1.461128e+04	7.973670e+01	7.706229e+01
	232	475	58.000000	-28.750000	-8.183089e-05	1.013035e+05	1.594001e+00	1.040366e+01	1.487617e+04	1.488190e+04	1.480428e+04	8.400408e+01	7.223850e+01
	953	481	238.250000	-30.250000	-3.909406e-04	1.015335e+05	1.473508e+00	1.017822e+01	1.504229e+04	1.504487e+04	1.495365e+04	9.176962e+01	8.605019e+01
	1253	493	313.250000	-33.250000	-1.289484e-04	1.009985e+05	1.954792e+00	1.235133e+01	1.470841e+04	1.472626e+04	1.456140e+04	8.394264e+01	7.341920e+01
	316	530	79.000000	-42.500000	-4.355547e-04	9.927448e+04	1.673389e+00	1.825306e+01	1.320324e+04	1.321929e+04	1.297878e+04	9.412002e+01	8.962500e+01
	45	537	11.250000	-44.250000	-2.792117e-04	9.856548e+04	1.432732e+00	1.992635e+01	1.249234e+04	1.252932e+04	1.225340e+04	9.358164e+01	8.775293e+01
2024	1	29	30	12
	257	360	64.250000	0.000000	-1.097540e-05	1.010114e+05	1.111762e+00	7.818575e+00	1.480764e+04	1.480892e+04	1.478811e+04	8.247214e+01	7.867129e+01
	894	361	223.500000	-0.250000	-2.224068e-05	1.008044e+05	1.051696e+00	8.104420e+00	1.462773e+04	1.462936e+04	1.460574e+04	8.001455e+01	8.299038e+01
	1042	361	260.500000	-0.250000	-1.180987e-05	1.009794e+05	1.453045e+00	6.519249e+00	1.473804e+04	1.473958e+04	1.472736e+04	8.319246e+01	8.521442e+01
	862	362	215.500000	-0.500000	-1.021428e-06	1.008234e+05	9.310293e-01	7.300076e+00	1.463165e+04	1.463338e+04	1.460999e+04	8.411102e+01	8.605009e+01
	1042	362	260.500000	-0.500000	-1.353840e-05	1.009794e+05	1.453045e+00	6.631935e+00	1.473862e+04	1.474000e+04	1.472736e+04	8.238972e+01	8.501338e+01
	1276	364	319.000000	-1.000000	-8.889241e-06	9.556743e+04	3.684885e+01	8.926598e+00	1.513714e+04	1.513943e+04	1.511149e+04	7.536460e+01	7.670927e+01
	1122	366	280.500000	-1.500000	-1.058064e-04	6.523643e+04	3.877745e+04	6.535738e+00	1.490505e+04	1.490380e+04	1.476286e+04	9.019080e+01	8.607198e+01
	427	367	106.750000	-1.750000	1.441617e-05	1.008124e+05	3.624096e+02	7.060816e+00	1.494490e+04	1.494585e+04	1.492274e+04	8.432413e+01	8.494045e+01
	1316	368	329.000000	-2.000000	-1.002173e-05	1.014124e+05	1.353725e+00	7.097955e+00	1.512393e+04	1.512657e+04	1.508824e+04	8.127322e+01	8.169322e+01
	40	369	10.000000	-2.250000	-3.618817e-05	9.284143e+04	6.832545e+03	7.432652e+00	1.495430e+04	1.495479e+04	1.486224e+04	9.075132e+01	8.875466e+01
	481	370	120.250000	-2.500000	-7.046084e-05	8.254743e+04	1.932979e+04	7.666153e+00	1.501239e+04	1.501175e+04	1.497736e+04	7.740382e+01	7.665530e+01
	21	376	5.250000	-4.000000	-7.458730e-06	1.011604e+05	1.915424e+00	7.328751e+00	1.495840e+04	1.495875e+04	1.492474e+04	8.756571e+01	8.137429e+01
	996	376	249.000000	-4.000000	-1.437287e-05	1.009654e+05	1.152304e+00	8.319292e+00	1.470722e+04	1.470832e+04	1.468724e+04	8.167992e+01	8.140559e+01
	550	378	137.500000	-4.500000	-2.003531e-05	7.033943e+04	3.434546e+04	8.663624e+00	1.500253e+04	1.499924e+04	1.493936e+04	7.857796e+01	7.763863e+01
	775	394	193.750000	-8.500000	-2.683483e-04	1.008964e+05	1.071806e+00	7.509632e+00	1.477515e+04	1.477691e+04	1.471024e+04	8.463270e+01	8.339557e+01
	133	402	33.250000	-10.500000	-1.203499e-04	7.829743e+04	2.260345e+04	3.637191e+00	1.484077e+04	1.484371e+04	1.474699e+04	7.844680e+01	7.787716e+01
	804	402	201.000000	-10.500000	-3.796897e-04	1.008364e+05	1.212341e+00	8.482397e+00	1.471628e+04	1.472122e+04	1.464624e+04	9.052050e+01	8.374191e+01
	133	403	33.250000	-10.750000	-1.203499e-04	7.829743e+04	2.260345e+04	3.637191e+00	1.484102e+04	1.484421e+04	1.474699e+04	7.693638e+01	7.741512e+01
	308	408	77.000000	-12.000000	-5.424838e-05	1.010034e+05	1.835340e+00	5.512813e+00	1.482918e+04	1.483196e+04	1.479524e+04	8.044567e+01	8.206393e+01
	161	417	40.250000	-14.250000	-3.523449e-05	9.195943e+04	6.184544e+03	5.210061e+00	1.485913e+04	1.485868e+04	1.479724e+04	8.147530e+01	7.334589e+01
	254	427	63.500000	-16.750000	-2.352081e-04	1.004784e+05	1.232396e+00	1.149708e+01	1.456521e+04	1.457923e+04	1.434411e+04	9.025926e+01	8.276991e+01
	189	437	47.250000	-19.250000	-4.673819e-05	8.184843e+04	1.882964e+04	8.839826e+00	1.484008e+04	1.483898e+04	1.473686e+04	8.240687e+01	7.395102e+01
	222	446	55.500000	-21.500000	-2.853356e-04	9.291543e+04	9.018631e+03	1.172529e+01	1.467242e+04	1.468174e+04	1.454124e+04	8.845490e+01	8.574301e+01
	1270	452	317.500000	-23.000000	-1.590929e-04	8.647443e+04	1.198755e+04	9.956663e+00	1.509929e+04	1.510207e+04	1.503499e+04	7.633828e+01	7.731360e+01
	569	453	142.250000	-23.250000	-3.333769e-04	9.616443e+04	2.752010e+03	6.462881e+00	1.455657e+04	1.457556e+04	1.416911e+04	7.690694e+01	5.863986e+01
	283	460	70.750000	-25.000000	-1.089521e-03	9.967143e+04	1.071882e+00	1.901246e+01	1.469571e+04	1.471452e+04	1.363361e+04	8.581480e+01	7.734394e+01
	875	477	218.750000	-29.250000	-1.804314e-04	1.008914e+05	1.473485e+00	7.387510e+00	1.444080e+04	1.445665e+04	1.431449e+04	8.025146e+01	8.282703e+01
	1285	482	321.250000	-30.500000	-4.037104e-04	1.010634e+05	2.097830e+00	1.207232e+01	1.498599e+04	1.499946e+04	1.474386e+04	8.382891e+01	7.967176e+01
	725	493	181.250000	-33.250000	-3.445230e-04	9.935943e+04	1.131600e+00	1.131717e+01	1.329607e+04	1.332657e+04	1.301699e+04	7.735014e+01	7.857150e+01
	1255	496	313.750000	-34.000000	-1.012168e-04	1.011214e+05	1.674357e+00	1.192168e+01	1.481450e+04	1.483184e+04	1.466474e+04	7.992654e+01	7.357009e+01
2024	1	29	32	18
	838	360	209.500000	0.000000	1.126667e-06	1.010598e+05	1.192325e+00	7.452325e+00	1.486175e+04	1.486307e+04	1.484034e+04	9.008286e+01	8.432455e+01
	1171	360	292.750000	0.000000	-6.646500e-05	9.360580e+04	8.238647e+03	2.895721e+00	1.489879e+04	1.490280e+04	1.485734e+04	7.894488e+01	7.497901e+01
	1299	360	324.750000	0.000000	-2.176152e-05	1.011608e+05	1.272559e+00	6.846199e+00	1.491641e+04	1.491847e+04	1.489784e+04	8.205125e+01	8.000165e+01
	806	361	201.500000	-0.250000	-2.796040e-05	1.011038e+05	9.109479e-01	5.761727e+00	1.485490e+04	1.485536e+04	1.483934e+04	8.527573e+01	7.304763e+01
	1333	361	333.250000	-0.250000	-1.937733e-05	1.011678e+05	1.373240e+00	5.085513e+00	1.491572e+04	1.491721e+04	1.489646e+04	8.416106e+01	8.695832e+01
	1035	362	258.750000	-0.500000	-1.806603e-05	1.011838e+05	9.703523e-01	7.746139e+00	1.491051e+04	1.491218e+04	1.489621e+04	8.218255e+01	8.501202e+01
	251	363	62.750000	-0.750000	-1.085387e-05	1.013488e+05	1.051516e+00	7.970180e+00	1.507132e+04	1.507356e+04	1.505021e+04	8.675327e+01	8.494382e+01
	1035	363	258.750000	-0.750000	-1.419173e-05	1.011838e+05	9.703523e-01	7.948948e+00	1.491102e+04	1.491267e+04	1.489621e+04	8.130264e+01	8.483125e+01
	1254	364	313.500000	-1.000000	-1.586066e-05	9.890780e+04	1.236914e+03	7.214750e+00	1.493027e+04	1.492986e+04	1.490296e+04	8.777618e+01	8.748495e+01
	879	365	219.750000	-1.250000	-8.767704e-06	1.010888e+05	1.192116e+00	8.334105e+00	1.487556e+04	1.487639e+04	1.486384e+04	9.077554e+01	8.124551e+01
	12	367	3.000000	-1.750000	-2.033100e-05	1.010928e+05	1.533722e+00	4.585253e+00	1.488780e+04	1.488721e+04	1.487034e+04	8.749841e+01	8.094648e+01
	951	367	237.750000	-1.750000	-3.111945e-05	1.011798e+05	1.152029e+00	8.024418e+00	1.489363e+04	1.489553e+04	1.487084e+04	7.638868e+01	7.328055e+01
	992	373	248.000000	-3.250000	-1.603947e-05	1.012158e+05	1.292625e+00	8.400812e+00	1.491756e+04	1.491851e+04	1.490121e+04	7.809524e+01	7.651943e+01
	993	373	248.250000	-3.250000	-1.603947e-05	1.012158e+05	1.292625e+00	8.400812e+00	1.491755e+04	1.491853e+04	1.490121e+04	7.819054e+01	7.649865e+01
	1220	375	305.000000	-3.750000	-4.107342e-05	9.588480e+04	3.069295e+03	3.700716e+00	1.493793e+04	1.494093e+04	1.488684e+04	8.699150e+01	8.573708e+01
	1122	377	280.500000	-4.250000	-8.023367e-05	6.522980e+04	3.418962e+04	7.505818e+00	1.489233e+04	1.489162e+04	1.475059e+04	7.982298e+01	8.139315e+01
	550	378	137.500000	-4.500000	-3.588782e-05	7.015980e+04	3.434546e+04	9.345087e+00	1.485423e+04	1.485124e+04	1.475484e+04	8.148009e+01	8.089707e+01
	1248	401	312.000000	-10.250000	-6.670342e-05	9.242680e+04	7.698891e+03	3.667266e+00	1.503085e+04	1.503096e+04	1.492509e+04	8.118470e+01	8.369726e+01
	709	410	177.250000	-12.500000	-5.531893e-05	1.005768e+05	2.310975e+01	1.009654e+01	1.456084e+04	1.456179e+04	1.451671e+04	8.334155e+01	8.371331e+01
	651	411	162.750000	-12.750000	-1.720248e-04	9.823880e+04	1.517834e+01	1.008537e+01	1.442246e+04	1.443029e+04	1.436909e+04	8.090475e+01	8.429896e+01
	690	418	172.500000	-14.500000	-2.615510e-04	1.005328e+05	1.171960e+00	7.722043e+00	1.444073e+04	1.444197e+04	1.439159e+04	8.327146e+01	7.933011e+01
	354	425	88.500000	-16.250000	-1.172482e-04	1.013228e+05	1.212883e+00	6.629971e+00	1.495346e+04	1.495754e+04	1.491521e+04	7.574404e+01	7.972203e+01
	256	430	64.000000	-17.500000	-2.256690e-04	1.006518e+05	2.074063e+00	1.181374e+01	1.475769e+04	1.477447e+04	1.450509e+04	9.036266e+01	8.223371e+01
	222	444	55.500000	-21.000000	-2.077280e-04	9.304080e+04	9.018631e+03	1.127208e+01	1.478332e+04	1.479360e+04	1.466146e+04	8.944135e+01	8.583806e+01
	566	453	141.500000	-23.250000	-2.778827e-04	9.573780e+04	3.914015e+03	7.229049e+00	1.439883e+04	1.442088e+04	1.405196e+04	8.032959e+01	6.021772e+01
	283	465	70.750000	-26.250000	-1.366263e-03	9.941480e+04	1.071882e+00	2.155174e+01	1.483969e+04	1.486180e+04	1.345209e+04	8.522575e+01	7.576083e+01
	591	465	147.750000	-26.250000	-1.155792e-04	9.204780e+04	8.250048e+03	3.474348e+00	1.449333e+04	1.449913e+04	1.443621e+04	8.034261e+01	7.596552e+01
	962	477	240.500000	-29.250000	-3.964363e-04	1.015428e+05	1.332025e+00	1.231272e+01	1.502886e+04	1.503178e+04	1.495134e+04	8.961077e+01	8.418048e+01
	878	478	219.500000	-29.500000	-1.699983e-04	1.008858e+05	1.473485e+00	9.711307e+00	1.455323e+04	1.456916e+04	1.439484e+04	7.880903e+01	8.204698e+01
	1290	488	322.500000	-32.000000	-7.019101e-04	1.007368e+05	2.015088e+00	1.456073e+01	1.483152e+04	1.484834e+04	1.440334e+04	8.661290e+01	7.737756e+01
	727	492	181.750000	-33.000000	-1.792966e-04	9.924880e+04	1.131600e+00	1.238778e+01	1.318678e+04	1.322368e+04	1.292471e+04	7.886368e+01	7.826330e+01
	1252	497	313.000000	-34.250000	-1.155792e-04	1.009228e+05	1.954792e+00	1.246891e+01	1.466390e+04	1.468275e+04	1.449334e+04	8.320936e+01	7.012720e+01
2024	1	30	30	0
	702	360	175.500000	0.000000	-4.586997e-06	1.009451e+05	2.638664e+00	6.706666e+00	1.478312e+04	1.478355e+04	1.476230e+04	8.000496e+01	7.729766e+01
	878	360	219.500000	0.000000	-1.984579e-05	1.007611e+05	9.109685e-01	7.691920e+00	1.459701e+04	1.459883e+04	1.457793e+04	8.218908e+01	8.196623e+01
	531	361	132.750000	-0.250000	-5.131704e-05	8.311611e+04	1.706906e+04	4.420758e+00	1.506118e+04	1.506129e+04	1.505043e+04	7.981364e+01	7.922422e+01
	702	361	175.500000	-0.250000	-6.530900e-07	1.009441e+05	2.638664e+00	6.841773e+00	1.478336e+04	1.478365e+04	1.476230e+04	7.928139e+01	7.690576e+01
	1044	361	261.000000	-0.250000	-1.686555e-05	1.008631e+05	1.453045e+00	7.047466e+00	1.466520e+04	1.466724e+04	1.464605e+04	9.074827e+01	8.791566e+01
	1094	361	273.500000	-0.250000	-1.066667e-05	1.007351e+05	2.516047e+00	5.436638e+00	1.471148e+04	1.471405e+04	1.469118e+04	8.036982e+01	7.932076e+01
	1211	370	302.750000	-2.500000	-5.769474e-05	9.666811e+04	1.984470e+03	4.101120e+00	1.496442e+04	1.496602e+04	1.492655e+04	7.937875e+01	8.129394e+01
	488	371	122.000000	-2.750000	-8.660299e-05	8.259611e+04	1.506686e+04	5.681731e+00	1.506054e+04	1.506283e+04	1.501243e+04	8.235285e+01	8.104514e+01
	977	371	244.250000	-2.750000	-1.251441e-05	1.008481e+05	1.353184e+00	7.969824e+00	1.462227e+04	1.462476e+04	1.458443e+04	7.755419e+01	7.808524e+01
	390	374	97.500000	-3.500000	2.982793e-06	1.004421e+05	2.900016e+00	5.878966e+00	1.496454e+04	1.496508e+04	1.494418e+04	8.142017e+01	8.250971e+01
	236	377	59.000000	-4.250000	1.217704e-07	1.010331e+05	1.453403e+00	6.399150e+00	1.483733e+04	1.483763e+04	1.481568e+04	8.072330e+01	8.117153e+01
	553	378	138.250000	-4.500000	-4.946929e-05	7.033611e+04	3.434546e+04	9.917889e+00	1.502866e+04	1.502697e+04	1.493255e+04	7.711717e+01	7.774905e+01
	1128	389	282.000000	-7.250000	-5.060178e-05	6.026411e+04	4.016034e+04	7.459739e+00	1.480431e+04	1.480230e+04	1.470168e+04	7.813825e+01	7.666894e+01
	780	394	195.000000	-8.500000	-1.642082e-04	1.009761e+05	1.071806e+00	5.694650e+00	1.480660e+04	1.480645e+04	1.475355e+04	9.006522e+01	8.530062e+01
	696	398	174.000000	-9.500000	-2.876495e-04	1.007321e+05	1.312568e+00	1.497459e+01	1.468782e+04	1.468698e+04	1.463218e+04	8.231838e+01	8.162558e+01
	655	399	163.750000	-9.750000	-6.104086e-04	9.849911e+04	2.668605e+03	1.539835e+01	1.467345e+04	1.467953e+04	1.450343e+04	8.492732e+01	8.445541e+01
	133	403	33.250000	-10.750000	-1.375054e-04	7.830711e+04	2.260345e+04	3.426445e+00	1.485413e+04	1.485533e+04	1.481730e+04	8.432173e+01	8.190871e+01
	806	404	201.500000	-11.000000	-2.092097e-04	1.009181e+05	1.292495e+00	7.806256e+00	1.477493e+04	1.477679e+04	1.472405e+04	8.607982e+01	8.117054e+01
	539	408	134.750000	-12.000000	-6.890041e-05	9.673911e+04	3.740068e+03	1.103174e+01	1.478590e+04	1.479195e+04	1.472205e+04	8.270698e+01	7.927032e+01
	1143	408	285.750000	-12.000000	-1.856659e-04	5.856311e+04	4.556788e+04	6.754683e+00	1.488657e+04	1.487952e+04	1.461630e+04	8.004314e+01	7.390484e+01
	256	432	64.000000	-18.000000	-2.337073e-04	1.003371e+05	1.282729e+02	1.149375e+01	1.450407e+04	1.452376e+04	1.422318e+04	8.905743e+01	8.036215e+01
	222	444	55.500000	-21.000000	-1.927589e-04	9.291211e+04	9.018631e+03	1.025580e+01	1.462027e+04	1.462848e+04	1.452430e+04	8.788980e+01	8.352705e+01
	564	451	141.000000	-22.750000	-3.386710e-04	9.592711e+04	3.992148e+03	7.441826e+00	1.462384e+04	1.464559e+04	1.432155e+04	8.117240e+01	6.018959e+01
	611	462	152.750000	-25.500000	-1.800035e-04	9.439511e+04	5.743151e+03	9.423306e+00	1.469301e+04	1.469658e+04	1.463593e+04	8.649311e+01	8.366435e+01
	586	469	146.500000	-27.250000	-8.797389e-05	9.226711e+04	5.550131e+03	6.078103e+00	1.472800e+04	1.473378e+04	1.463793e+04	8.021722e+01	7.057921e+01
	285	470	71.250000	-27.500000	-1.291511e-03	9.921511e+04	1.453099e+00	2.214346e+01	1.468513e+04	1.470900e+04	1.317555e+04	7.951918e+01	7.707024e+01
	954	477	238.500000	-29.250000	-1.996730e-04	1.013201e+05	1.211975e+00	1.175919e+01	1.488486e+04	1.488851e+04	1.481280e+04	8.918032e+01	8.604774e+01
	1294	491	323.500000	-32.750000	-4.361842e-04	1.007951e+05	1.614650e+00	1.405357e+01	1.479809e+04	1.481508e+04	1.444768e+04	8.617305e+01	7.919216e+01
	742	497	185.500000	-34.250000	-6.167267e-04	9.926311e+04	1.273066e+00	1.359797e+01	1.327155e+04	1.330267e+04	1.294293e+04	7.658041e+01	7.944643e+01
	1250	497	312.500000	-34.250000	-1.116369e-04	1.009301e+05	2.037374e+00	1.164003e+01	1.461697e+04	1.463635e+04	1.445280e+04	8.810045e+01	7.297701e+01
2024	1	30	33	6
	400	361	100.000000	-0.250000	-4.000426e-05	8.764313e+04	1.532920e+04	3.808284e+00	1.500970e+04	1.501001e+04	1.495947e+04	8.280495e+01	8.256663e+01
	812	362	203.000000	-0.500000	-3.690482e-05	1.010961e+05	7.302408e-01	4.719745e+00	1.487433e+04	1.487608e+04	1.485160e+04	8.201054e+01	8.090916e+01
	813	362	203.250000	-0.500000	-2.850057e-05	1.010961e+05	7.100126e-01	4.582452e+00	1.487472e+04	1.487644e+04	1.485160e+04	8.199994e+01	8.138741e+01
	1152	365	288.000000	-1.250000	-1.002313e-05	9.756113e+04	2.834659e+03	3.098733e+00	1.489574e+04	1.489589e+04	1.487885e+04	7.505544e+01	7.157770e+01
	487	366	121.750000	-1.500000	-6.718398e-05	8.239913e+04	1.669343e+04	5.582948e+00	1.485296e+04	1.485383e+04	1.478597e+04	7.970530e+01	7.994582e+01
	1058	369	264.500000	-2.250000	-1.777173e-05	1.010821e+05	1.574225e+00	7.184296e+00	1.481776e+04	1.481933e+04	1.479872e+04	8.562659e+01	8.007483e+01
	1221	369	305.250000	-2.250000	-1.586438e-05	9.593513e+04	4.826799e+03	4.404913e+00	1.489996e+04	1.490081e+04	1.487460e+04	9.057340e+01	8.932404e+01
	253	371	63.250000	-2.750000	-3.964663e-05	1.013581e+05	1.051516e+00	6.801575e+00	1.509850e+04	1.510022e+04	1.505947e+04	8.753203e+01	8.460151e+01
	20	375	5.000000	-3.750000	-1.842738e-05	1.011201e+05	1.915424e+00	5.141050e+00	1.491490e+04	1.491688e+04	1.489085e+04	7.684206e+01	7.705879e+01
	549	378	137.250000	-4.500000	-1.717568e-05	7.003513e+04	3.434546e+04	1.013853e+01	1.469091e+04	1.469046e+04	1.461010e+04	7.863914e+01	8.050979e+01
	1435	378	358.750000	-4.500000	-2.426864e-05	1.011431e+05	1.011656e+00	5.741379e+00	1.490914e+04	1.491058e+04	1.488722e+04	7.866708e+01	7.599616e+01
	1436	378	359.000000	-4.500000	-2.426864e-05	1.011431e+05	1.011656e+00	5.746661e+00	1.490906e+04	1.491044e+04	1.488722e+04	7.845520e+01	7.575767e+01
	1121	382	280.250000	-5.500000	-9.269477e-05	6.579913e+04	3.491481e+04	7.336245e+00	1.485395e+04	1.485533e+04	1.473272e+04	8.397108e+01	8.113737e+01
	580	386	145.000000	-6.500000	-1.228547e-04	7.288813e+04	2.792600e+04	9.374198e+00	1.465381e+04	1.465476e+04	1.455997e+04	7.639600e+01	7.471342e+01
	446	391	111.500000	-7.750000	-8.136989e-05	9.051213e+04	1.376617e+04	6.964270e+00	1.489971e+04	1.490101e+04	1.477122e+04	8.427029e+01	8.464091e+01
	339	400	84.750000	-10.000000	-3.094436e-05	1.012131e+05	1.011443e+00	6.679010e+00	1.498556e+04	1.498594e+04	1.495647e+04	8.574075e+01	8.378477e+01
	53	403	13.250000	-10.750000	-4.083873e-05	8.274513e+04	1.573274e+04	5.121113e+00	1.493888e+04	1.494064e+04	1.490835e+04	7.890424e+01	7.360493e+01
	138	404	34.500000	-11.000000	-7.672072e-05	7.848213e+04	2.260345e+04	3.673398e+00	1.504935e+04	1.505096e+04	1.501535e+04	8.731082e+01	8.556940e+01
	810	405	202.500000	-11.250000	-1.250005e-04	1.010261e+05	1.493566e+00	7.157829e+00	1.489557e+04	1.489847e+04	1.483310e+04	8.447043e+01	7.863869e+01
	106	410	26.500000	-12.500000	-9.716512e-05	8.459513e+04	1.510979e+04	2.720338e+00	1.502726e+04	1.502909e+04	1.499010e+04	7.912287e+01	7.725917e+01
	540	410	135.000000	-12.500000	-8.166791e-05	9.639513e+04	3.774556e+03	1.012293e+01	1.451354e+04	1.452141e+04	1.444835e+04	8.149186e+01	7.786694e+01
	656	410	164.000000	-12.500000	-9.680749e-05	9.825413e+04	4.045744e+00	1.361984e+01	1.442459e+04	1.443153e+04	1.434660e+04	7.625291e+01	8.094476e+01
	310	418	77.500000	-14.500000	-1.674986e-04	1.012241e+05	1.393367e+00	8.281503e+00	1.500004e+04	1.500019e+04	1.495785e+04	8.819970e+01	8.284128e+01
	258	434	64.500000	-18.500000	-3.135896e-04	1.005131e+05	1.282729e+02	1.378722e+01	1.469029e+04	1.470993e+04	1.439435e+04	8.975639e+01	8.233887e+01
	595	437	148.750000	-19.250000	-4.960061e-05	9.453713e+04	6.145100e+03	7.240532e+00	1.446151e+04	1.446478e+04	1.441772e+04	7.884733e+01	8.026508e+01
	222	438	55.500000	-19.500000	-8.309842e-05	9.308913e+04	9.018631e+03	8.800117e+00	1.476971e+04	1.477757e+04	1.471047e+04	8.511283e+01	8.118139e+01
	564	449	141.000000	-22.250000	-2.528524e-04	9.566613e+04	4.419041e+03	1.013702e+01	1.444386e+04	1.446299e+04	1.416610e+04	8.177106e+01	6.446750e+01
	614	461	153.500000	-25.250000	-5.088544e-04	9.466613e+04	4.428239e+03	1.043992e+01	1.447942e+04	1.448473e+04	1.434660e+04	8.810555e+01	8.513801e+01
	289	475	72.250000	-28.750000	-1.035759e-03	9.946613e+04	1.252656e+00	2.194204e+01	1.478346e+04	1.480596e+04	1.346622e+04	8.062946e+01	8.150713e+01
	885	475	221.250000	-28.750000	-2.255535e-04	1.005611e+05	1.694384e+00	1.180654e+01	1.435419e+04	1.437732e+04	1.413635e+04	7.972388e+01	8.225964e+01
	1298	495	324.500000	-33.750000	-3.123379e-04	1.006811e+05	1.956226e+00	1.322359e+01	1.462576e+04	1.464395e+04	1.431672e+04	8.707008e+01	7.986948e+01
	1249	497	312.250000	-34.250000	-1.051521e-04	1.007771e+05	2.155226e+00	9.963645e+00	1.446802e+04	1.448700e+04	1.431097e+04	9.203730e+01	7.553841e+01
	1272	507	318.000000	-36.750000	-1.803136e-04	1.008811e+05	1.915065e+00	1.120410e+01	1.451697e+04	1.452839e+04	1.438497e+04	8.918138e+01	7.851406e+01
2024	1	30	30	12
	1328	360	332.000000	0.000000	-1.044921e-05	1.013474e+05	1.373240e+00	4.819175e+00	1.505257e+04	1.505524e+04	1.501955e+04	8.493320e+01	8.558344e+01
	716	361	179.000000	-0.250000	-6.574905e-06	1.010834e+05	1.151863e+00	5.148273e+00	1.489220e+04	1.489292e+04	1.487630e+04	8.733185e+01	8.544439e+01
	1288	361	322.000000	-0.250000	-1.289300e-05	1.013314e+05	1.212738e+00	6.880796e+00	1.508789e+04	1.508945e+04	1.505667e+04	7.606266e+01	7.478687e+01
	842	362	210.500000	-0.500000	-3.952300e-06	1.009524e+05	1.573924e+00	4.699042e+00	1.474309e+04	1.474495e+04	1.472917e+04	8.908745e+01	8.488295e+01
	256	365	64.000000	-1.250000	-6.276881e-06	1.010774e+05	8.908886e-01	6.301016e+00	1.486914e+04	1.486946e+04	1.485042e+04	8.207461e+01	7.940645e+01
	905	365	226.250000	-1.250000	-1.277379e-05	1.008814e+05	1.031411e+00	7.345604e+00	1.466030e+04	1.466199e+04	1.463442e+04	7.582112e+01	7.677095e+01
	11	369	2.750000	-2.250000	-1.468114e-05	1.011604e+05	1.533722e+00	4.115228e+00	1.492366e+04	1.492414e+04	1.489280e+04	9.015276e+01	8.286191e+01
	104	374	26.000000	-3.500000	-5.407981e-05	7.637038e+04	9.531519e+03	3.570633e+00	1.491063e+04	1.490922e+04	1.478617e+04	8.034471e+01	7.436802e+01
	1121	382	280.250000	-5.500000	-8.787564e-05	6.579738e+04	3.491481e+04	6.285315e+00	1.485413e+04	1.485582e+04	1.473017e+04	8.711626e+01	8.449798e+01
	458	390	114.500000	-7.500000	-7.881573e-05	9.063538e+04	1.376617e+04	5.025753e+00	1.499062e+04	1.499122e+04	1.495517e+04	8.397759e+01	8.171186e+01
	591	394	147.750000	-8.500000	-5.926541e-05	7.843538e+04	2.481712e+04	8.382419e+00	1.489780e+04	1.489696e+04	1.482642e+04	7.607661e+01	7.283658e+01
	135	398	33.750000	-9.500000	-7.428578e-05	7.820338e+04	2.260345e+04	4.553487e+00	1.481750e+04	1.482165e+04	1.469930e+04	7.968483e+01	7.788998e+01
	270	398	67.500000	-9.500000	-1.241616e-05	1.009444e+05	1.634308e+00	7.408702e+00	1.482058e+04	1.482231e+04	1.479705e+04	7.538956e+01	7.549808e+01
	791	402	197.750000	-10.500000	-1.544540e-04	1.009984e+05	8.508074e-01	4.536162e+00	1.483618e+04	1.483704e+04	1.480517e+04	8.254766e+01	8.265245e+01
	664	407	166.000000	-11.750000	-2.598350e-04	1.005214e+05	6.734774e+02	1.170494e+01	1.467621e+04	1.468081e+04	1.459555e+04	8.356174e+01	8.319344e+01
	318	409	79.500000	-12.250000	-4.233769e-05	1.010444e+05	1.413106e+00	6.405356e+00	1.483859e+04	1.483851e+04	1.479905e+04	8.798266e+01	8.314133e+01
	690	419	172.500000	-14.750000	-1.887267e-04	1.007254e+05	1.171960e+00	1.101063e+01	1.460567e+04	1.460769e+04	1.455867e+04	8.735170e+01	8.076998e+01
	227	432	56.750000	-18.000000	-6.576232e-05	9.957138e+04	6.872411e+00	9.131141e+00	1.467172e+04	1.467653e+04	1.462892e+04	8.256100e+01	7.652672e+01
	604	435	151.000000	-18.750000	-4.084758e-05	9.937338e+04	4.468103e+00	6.694523e+00	1.467471e+04	1.467787e+04	1.462780e+04	8.021073e+01	8.298699e+01
	260	436	65.000000	-19.000000	-5.071347e-04	1.002994e+05	1.282729e+02	1.274108e+01	1.460123e+04	1.461960e+04	1.424067e+04	8.793932e+01	8.345183e+01
	605	436	151.250000	-19.000000	-4.084758e-05	9.937338e+04	4.468103e+00	6.408632e+00	1.466930e+04	1.467246e+04	1.462780e+04	8.054944e+01	8.378331e+01
	616	460	154.000000	-25.000000	-4.249995e-04	9.484038e+04	2.889427e+03	1.083014e+01	1.459723e+04	1.460418e+04	1.446155e+04	9.065656e+01	8.722568e+01
	589	464	147.250000	-26.000000	-8.751801e-05	9.219238e+04	8.250048e+03	5.199310e+00	1.465538e+04	1.466303e+04	1.458030e+04	7.838451e+01	7.184032e+01
	825	472	206.250000	-28.000000	-1.533811e-04	1.008744e+05	1.273041e+00	8.340459e+00	1.455393e+04	1.455767e+04	1.450030e+04	8.089906e+01	7.576514e+01
	884	475	221.000000	-28.750000	-2.157872e-04	1.003704e+05	1.473485e+00	1.123162e+01	1.413259e+04	1.415776e+04	1.394105e+04	7.752341e+01	8.163321e+01
	295	479	73.750000	-29.750000	-1.686889e-03	9.940038e+04	1.252656e+00	2.128012e+01	1.465778e+04	1.468316e+04	1.332105e+04	8.531908e+01	8.158287e+01
	1302	500	325.500000	-35.000000	-2.495234e-04	1.008374e+05	1.956226e+00	1.482688e+01	1.469733e+04	1.471651e+04	1.441842e+04	8.569613e+01	7.977300e+01
	737	503	184.250000	-35.750000	-3.446524e-04	9.936938e+04	1.392581e+00	9.831223e+00	1.331962e+04	1.335461e+04	1.301355e+04	7.560651e+01	8.038249e+01
	1268	508	317.000000	-37.000000	-1.809185e-04	1.009284e+05	1.915065e+00	1.182587e+01	1.454421e+04	1.455918e+04	1.437267e+04	8.831073e+01	7.864455e+01
	712	511	178.000000	-37.750000	-1.896208e-04	8.897038e+04	8.249884e+03	1.634928e+01	1.380897e+04	1.381823e+04	1.366317e+04	8.360376e+01	7.956037e+01
2024	1	30	26	18
	703	360	175.750000	0.000000	-8.075940e-05	1.009522e+05	2.638664e+00	8.251732e+00	1.478567e+04	1.478504e+04	1.474747e+04	8.391577e+01	8.030112e+01
	953	360	238.250000	0.000000	-7.411349e-05	1.011512e+05	1.955514e+00	7.114442e+00	1.490027e+04	1.490175e+04	1.487160e+04	8.086641e+01	8.302109e+01
	1299	360	324.750000	0.000000	-1.433003e-05	1.011312e+05	1.272559e+00	5.375485e+00	1.487983e+04	1.488050e+04	1.487047e+04	8.658595e+01	8.377495e+01
	1335	361	333.750000	-0.250000	-1.155841e-05	1.011092e+05	1.373240e+00	4.297156e+00	1.485431e+04	1.485518e+04	1.483235e+04	8.754056e+01	8.590806e+01
	860	364	215.000000	-1.000000	-8.667586e-06	1.011362e+05	9.310293e-01	6.840186e+00	1.489534e+04	1.489679e+04	1.487947e+04	8.474566e+01	8.113023e+01
	11	371	2.750000	-2.750000	-5.468237e-05	1.010742e+05	1.533722e+00	5.538062e+00	1.487197e+04	1.487330e+04	1.484347e+04	8.809451e+01	8.401402e+01
	749	377	187.250000	-4.250000	-5.754340e-05	1.011072e+05	7.503365e-01	6.141469e+00	1.488751e+04	1.488698e+04	1.485285e+04	8.429942e+01	7.677116e+01
	550	378	137.500000	-4.500000	-4.823087e-06	7.013216e+04	3.434546e+04	8.967784e+00	1.481105e+04	1.480847e+04	1.474785e+04	8.458491e+01	8.279395e+01
	1216	385	304.000000	-6.250000	-2.943981e-05	9.506016e+04	4.327663e+03	3.397268e+00	1.489313e+04	1.489574e+04	1.478072e+04	8.830136e+01	8.655313e+01
	1127	390	281.750000	-7.500000	-3.212201e-05	6.022915e+04	4.097680e+04	7.492703e+00	1.482426e+04	1.482591e+04	1.465585e+04	7.541632e+01	7.485233e+01
	591	394	147.750000	-8.500000	-4.320848e-05	7.827616e+04	2.481712e+04	7.990075e+00	1.475957e+04	1.475916e+04	1.469510e+04	8.029493e+01	7.819482e+01
	779	401	194.750000	-10.250000	-3.692019e-05	1.010112e+05	1.232393e+00	4.724783e+00	1.486176e+04	1.486509e+04	1.483322e+04	8.157182e+01	8.177283e+01
	811	406	202.750000	-11.500000	-7.006037e-05	1.010452e+05	1.493566e+00	5.883447e+00	1.488494e+04	1.488734e+04	1.485722e+04	8.571383e+01	7.889123e+01
	432	409	108.000000	-12.250000	-5.387771e-05	1.009992e+05	2.940778e+00	6.895985e+00	1.490392e+04	1.490674e+04	1.486497e+04	8.821820e+01	8.255660e+01
	670	411	167.500000	-12.750000	-1.839350e-04	9.608416e+04	1.094431e+03	1.125604e+01	1.447459e+04	1.447930e+04	1.441697e+04	8.396221e+01	8.340656e+01
	1268	429	317.000000	-17.250000	-2.997625e-05	8.890816e+04	1.215646e+04	3.229313e+00	1.495180e+04	1.495446e+04	1.487497e+04	8.444875e+01	7.559684e+01
	260	439	65.000000	-19.750000	-4.675935e-04	1.004022e+05	1.282729e+02	1.323825e+01	1.477069e+04	1.479278e+04	1.432485e+04	8.865745e+01	8.366928e+01
	222	443	55.500000	-20.750000	-2.275358e-04	9.326116e+04	9.018631e+03	1.116570e+01	1.489372e+04	1.490239e+04	1.480385e+04	7.882497e+01	7.626965e+01
	561	445	140.250000	-21.250000	-2.623748e-04	9.550716e+04	4.419041e+03	6.712890e+00	1.446031e+04	1.447981e+04	1.412572e+04	7.873020e+01	6.255701e+01
	616	460	154.000000	-25.000000	-5.671035e-04	9.465616e+04	2.889427e+03	1.052982e+01	1.438003e+04	1.439123e+04	1.413960e+04	9.178791e+01	8.770137e+01
	885	473	221.250000	-28.250000	-2.510797e-04	1.002622e+05	1.473485e+00	1.594285e+01	1.410737e+04	1.413718e+04	1.388947e+04	7.560917e+01	7.911668e+01
	1301	476	325.250000	-29.000000	-2.712857e-04	1.010662e+05	1.755499e+00	9.128410e+00	1.487488e+04	1.487677e+04	1.473322e+04	7.752946e+01	7.649683e+01
	303	482	75.750000	-30.500000	-8.928131e-04	9.972216e+04	1.412740e+00	2.177739e+01	1.470262e+04	1.473178e+04	1.361797e+04	8.978067e+01	7.239034e+01
	1305	505	326.250000	-36.250000	-2.177905e-04	1.007062e+05	1.956226e+00	1.478988e+01	1.456789e+04	1.458835e+04	1.428510e+04	8.515261e+01	7.695609e+01
	1269	508	317.250000	-37.000000	-2.067338e-04	1.007652e+05	1.915065e+00	1.042149e+01	1.443192e+04	1.444845e+04	1.424247e+04	8.906407e+01	7.990636e+01
	712	511	178.000000	-37.750000	-7.754075e-05	8.893616e+04	8.249884e+03	1.560317e+01	1.379406e+04	1.380016e+04	1.371872e+04	8.782229e+01	8.245482e+01
2024	1	31	32	0
	452	361	113.000000	-0.250000	-4.670443e-05	8.986209e+04	8.814143e+03	2.839297e+00	1.504026e+04	1.504152e+04	1.500517e+04	8.735355e+01	8.524451e+01
	1058	361	264.500000	-0.250000	-3.222050e-05	1.009271e+05	1.494453e+00	8.364901e+00	1.472920e+04	1.473135e+04	1.468754e+04	8.380195e+01	8.326324e+01
	844	362	211.000000	-0.500000	-6.452622e-05	1.008251e+05	1.573924e+00	6.100296e+00	1.467292e+04	1.467290e+04	1.463929e+04	8.527251e+01	7.913844e+01
	1351	363	337.750000	-0.750000	-1.922669e-05	1.013311e+05	1.152477e+00	5.064483e+00	1.503780e+04	1.504000e+04	1.501554e+04	7.743626e+01	8.095985e+01
	942	365	235.500000	-1.250000	-5.326094e-05	1.007911e+05	9.711291e-01	6.927207e+00	1.458406e+04	1.458526e+04	1.456704e+04	7.705717e+01	7.937805e+01
	1122	366	280.500000	-1.500000	-1.033884e-04	6.518309e+04	3.877745e+04	6.336159e+00	1.478167e+04	1.477982e+04	1.469717e+04	8.704752e+01	8.240212e+01
	635	367	158.750000	-1.750000	-2.686400e-06	1.011151e+05	1.172239e+00	7.753781e+00	1.493878e+04	1.493778e+04	1.491767e+04	8.245036e+01	7.994994e+01
	1020	367	255.000000	-1.750000	-1.284899e-05	1.009171e+05	9.314079e-01	9.240525e+00	1.469727e+04	1.469999e+04	1.467192e+04	7.552991e+01	7.491141e+01
	1166	367	291.500000	-1.750000	-1.609745e-05	9.858309e+04	1.749377e+03	3.171287e+00	1.479213e+04	1.479674e+04	1.474892e+04	8.191106e+01	7.930640e+01
	1166	368	291.500000	-2.000000	-2.113404e-05	9.888809e+04	1.533427e+03	3.171287e+00	1.479168e+04	1.479643e+04	1.474892e+04	8.215792e+01	7.957993e+01
	435	372	108.750000	-3.000000	2.246676e-05	9.864809e+04	3.549420e+02	6.578731e+00	1.503588e+04	1.503604e+04	1.500779e+04	8.624850e+01	8.746033e+01
	113	373	28.250000	-3.250000	-1.535160e-04	7.637609e+04	2.430290e+04	2.228068e+00	1.487516e+04	1.487372e+04	1.483154e+04	7.646317e+01	7.190660e+01
	550	378	137.500000	-4.500000	-9.213109e-06	7.035909e+04	3.434546e+04	8.467107e+00	1.503626e+04	1.503383e+04	1.497029e+04	7.776156e+01	7.927877e+01
	976	383	244.000000	-5.750000	-1.345295e-06	1.008891e+05	1.654206e+00	8.887392e+00	1.467220e+04	1.467341e+04	1.465629e+04	8.047675e+01	7.731678e+01
	591	394	147.750000	-8.500000	-8.351030e-05	7.849509e+04	2.481712e+04	9.386368e+00	1.498400e+04	1.498199e+04	1.492754e+04	8.119691e+01	7.697128e+01
	133	402	33.250000	-10.500000	-1.270813e-04	7.833509e+04	2.260345e+04	3.534256e+00	1.487937e+04	1.488007e+04	1.483942e+04	8.909992e+01	8.412065e+01
	133	403	33.250000	-10.750000	-1.270813e-04	7.833509e+04	2.260345e+04	3.534256e+00	1.488016e+04	1.488107e+04	1.483942e+04	8.792799e+01	8.382740e+01
	427	407	106.750000	-11.750000	-5.785050e-05	1.010891e+05	2.025774e+02	7.546773e+00	1.496140e+04	1.496333e+04	1.493429e+04	8.601724e+01	8.365152e+01
	1143	407	285.750000	-11.750000	-8.926215e-05	5.855209e+04	4.556788e+04	6.084907e+00	1.488290e+04	1.487659e+04	1.470804e+04	8.622228e+01	7.886736e+01
	107	409	26.750000	-12.250000	-1.054746e-04	8.424909e+04	1.510979e+04	3.192261e+00	1.486842e+04	1.487067e+04	1.481904e+04	7.544708e+01	7.512936e+01
	312	419	78.000000	-14.750000	-7.701339e-05	1.010331e+05	1.393367e+00	7.273302e+00	1.483920e+04	1.484238e+04	1.480479e+04	8.431656e+01	7.779982e+01
	313	419	78.250000	-14.750000	-7.689418e-05	1.010381e+05	1.413095e+00	7.273302e+00	1.483922e+04	1.484236e+04	1.480479e+04	8.333991e+01	7.764651e+01
	226	429	56.500000	-17.250000	-8.279504e-05	1.006911e+05	1.452885e+00	8.654210e+00	1.477534e+04	1.477922e+04	1.473517e+04	8.172224e+01	7.494005e+01
	262	440	65.500000	-20.000000	-4.373533e-04	1.003461e+05	1.282729e+02	1.356827e+01	1.465346e+04	1.467301e+04	1.426379e+04	8.644801e+01	8.618265e+01
	559	440	139.750000	-20.000000	-4.355353e-04	9.571109e+04	4.419041e+03	1.080230e+01	1.462360e+04	1.464428e+04	1.420467e+04	8.403526e+01	6.913052e+01
	560	440	140.000000	-20.000000	-4.355353e-04	9.571109e+04	4.419041e+03	1.080230e+01	1.461953e+04	1.464003e+04	1.420467e+04	8.428617e+01	7.053641e+01
	617	458	154.250000	-24.500000	-3.822190e-04	9.592609e+04	8.896410e+02	1.186260e+01	1.449002e+04	1.450613e+04	1.426154e+04	9.500765e+01	8.971658e+01
	887	479	221.750000	-29.750000	-4.293961e-04	9.988909e+04	1.694384e+00	1.644878e+01	1.391484e+04	1.394967e+04	1.356754e+04	7.720677e+01	8.127033e+01
	314	486	78.500000	-31.500000	-7.956964e-04	9.977309e+04	1.393057e+00	2.168272e+01	1.446103e+04	1.448914e+04	1.361167e+04	8.195328e+01	7.083382e+01
	753	504	188.250000	-36.000000	-1.855833e-04	9.960809e+04	1.773784e+00	1.335493e+01	1.347260e+04	1.350573e+04	1.324129e+04	7.539005e+01	7.485046e+01
	1271	508	317.750000	-37.000000	-2.111536e-04	1.008111e+05	1.915065e+00	1.032392e+01	1.443359e+04	1.445093e+04	1.425654e+04	9.172650e+01	8.182861e+01
	1311	509	327.750000	-37.250000	-2.555889e-04	1.007031e+05	1.031938e+00	1.464672e+01	1.454035e+04	1.456167e+04	1.424467e+04	8.651485e+01	7.661299e+01
2024	1	31	28	6
	968	360	242.000000	0.000000	-2.972037e-05	1.011055e+05	1.011285e+00	8.137613e+00	1.484663e+04	1.484770e+04	1.483218e+04	8.107469e+01	8.743258e+01
	1070	360	267.500000	0.000000	-8.083880e-06	9.889555e+04	2.968146e+03	8.647653e+00	1.488780e+04	1.488905e+04	1.484668e+04	7.775655e+01	7.932986e+01
	1242	360	310.500000	0.000000	-1.413375e-05	9.882355e+04	5.749417e+02	8.819408e+00	1.484060e+04	1.484248e+04	1.481630e+04	8.169266e+01	8.150546e+01
	1170	364	292.500000	-1.000000	-4.858524e-05	9.355955e+04	1.533427e+03	3.054539e+00	1.483842e+04	1.484231e+04	1.479693e+04	8.807410e+01	8.306939e+01
	1417	365	354.250000	-1.250000	-3.428012e-05	1.012475e+05	1.191976e+00	5.486273e+00	1.496559e+04	1.496662e+04	1.493568e+04	8.891052e+01	8.024477e+01
	9	368	2.250000	-2.000000	-8.115917e-05	1.012015e+05	1.533722e+00	5.849591e+00	1.496997e+04	1.497070e+04	1.493905e+04	8.522715e+01	8.468378e+01
	1121	371	280.250000	-2.750000	-1.004115e-04	6.523454e+04	3.663807e+04	6.144876e+00	1.490274e+04	1.490261e+04	1.481930e+04	9.276997e+01	8.697328e+01
	1270	372	317.500000	-3.000000	8.568168e-07	9.421055e+04	7.403658e+03	7.634710e+00	1.488966e+04	1.489036e+04	1.487318e+04	7.670744e+01	7.749643e+01
	49	373	12.250000	-3.250000	-6.059557e-05	9.296055e+04	7.714550e+03	5.134208e+00	1.497116e+04	1.497256e+04	1.492205e+04	9.021592e+01	8.468269e+01
	486	374	121.500000	-3.500000	-9.820610e-05	8.241855e+04	1.932979e+04	8.101851e+00	1.486685e+04	1.486630e+04	1.478505e+04	7.942392e+01	7.992618e+01
	550	378	137.500000	-4.500000	-3.636628e-05	7.008555e+04	3.434546e+04	8.459848e+00	1.474222e+04	1.474060e+04	1.466168e+04	7.751261e+01	7.866688e+01
	447	391	111.750000	-7.750000	-9.021908e-05	9.056155e+04	1.376617e+04	8.588136e+00	1.494088e+04	1.494074e+04	1.484555e+04	8.514805e+01	8.505846e+01
	773	394	193.250000	-8.500000	-3.189594e-05	1.009125e+05	1.071806e+00	6.126586e+00	1.477466e+04	1.477781e+04	1.474043e+04	9.388943e+01	8.660059e+01
	143	400	35.750000	-10.000000	-7.454306e-05	7.849055e+04	2.260345e+04	3.600377e+00	1.507891e+04	1.508120e+04	1.503730e+04	9.025845e+01	8.963379e+01
	75	406	18.750000	-11.500000	-5.311519e-05	8.288555e+04	1.684888e+04	2.540699e+00	1.498829e+04	1.498979e+04	1.493255e+04	9.038134e+01	8.573794e+01
	816	406	204.000000	-11.500000	-6.306916e-05	1.009095e+05	1.493566e+00	5.694277e+00	1.476184e+04	1.476373e+04	1.473230e+04	9.354177e+01	8.389944e+01
	894	423	223.500000	-15.750000	-2.065971e-04	1.007625e+05	7.707492e-01	1.084627e+01	1.468668e+04	1.468769e+04	1.464543e+04	8.539056e+01	8.202958e+01
	559	439	139.750000	-19.750000	-4.797950e-04	9.556355e+04	4.419041e+03	1.061357e+01	1.438783e+04	1.440908e+04	1.395080e+04	8.376703e+01	7.023560e+01
	263	440	65.750000	-20.000000	-4.732683e-04	1.004575e+05	1.874662e+00	1.466767e+01	1.482147e+04	1.484287e+04	1.435718e+04	8.849113e+01	8.702620e+01
	596	453	149.000000	-23.250000	-9.951741e-05	9.199655e+04	8.250048e+03	1.000016e+01	1.438965e+04	1.439137e+04	1.433705e+04	8.393602e+01	8.223341e+01
	619	455	154.750000	-23.750000	-2.897456e-04	9.876455e+04	3.143732e+02	1.419723e+01	1.428527e+04	1.430587e+04	1.404030e+04	9.491749e+01	8.816721e+01
	773	463	193.250000	-25.750000	-4.165247e-04	1.005175e+05	9.308865e-01	1.155665e+01	1.450098e+04	1.449813e+04	1.441143e+04	8.219519e+01	7.861686e+01
	890	480	222.500000	-30.000000	-4.859045e-04	9.973455e+04	1.694384e+00	1.861745e+01	1.389608e+04	1.393878e+04	1.345018e+04	7.851781e+01	8.019773e+01
	326	491	81.500000	-32.750000	-9.514168e-04	9.968855e+04	1.151886e+00	2.315925e+01	1.434676e+04	1.437816e+04	1.354743e+04	8.446742e+01	8.077937e+01
	754	509	188.500000	-37.250000	-2.141967e-04	9.945655e+04	1.773784e+00	1.351678e+01	1.338347e+04	1.341962e+04	1.311030e+04	7.791702e+01	7.649233e+01
	341	510	85.250000	-37.500000	-1.053587e-04	1.006195e+05	1.312325e+00	1.401495e+01	1.408162e+04	1.408724e+04	1.398955e+04	9.119984e+01	8.904926e+01
	1273	510	318.250000	-37.500000	-2.133921e-04	1.006505e+05	1.915065e+00	1.075945e+01	1.431444e+04	1.433130e+04	1.411405e+04	9.087856e+01	8.080569e+01
	1316	512	329.000000	-38.000000	-2.175644e-04	1.005415e+05	1.031938e+00	1.368058e+01	1.434993e+04	1.437091e+04	1.407118e+04	8.199139e+01	7.493075e+01
2024	1	31	22	12
	894	360	223.500000	0.000000	-2.797716e-05	1.008941e+05	1.131940e+00	7.320411e+00	1.467195e+04	1.467441e+04	1.464894e+04	7.657378e+01	7.937455e+01
	942	361	235.500000	-0.250000	-1.978152e-05	1.008931e+05	1.754726e+00	7.366282e+00	1.465296e+04	1.465494e+04	1.463619e+04	8.562953e+01	8.645354e+01
	1205	361	301.250000	-0.250000	-6.370479e-06	9.591408e+04	5.031323e+03	5.494249e+00	1.497866e+04	1.498164e+04	1.494694e+04	8.566444e+01	8.490810e+01
	57	362	14.250000	-0.500000	-2.973550e-05	9.295408e+04	7.002868e+03	2.362701e+00	1.496621e+04	1.496761e+04	1.491719e+04	8.525597e+01	7.765799e+01
	423	362	105.750000	-0.500000	-1.423294e-06	1.004051e+05	6.375573e+02	7.098367e+00	1.498368e+04	1.498517e+04	1.494906e+04	8.964556e+01	8.653513e+01
	1331	362	332.750000	-0.500000	-9.827549e-06	1.013781e+05	1.373240e+00	5.494508e+00	1.507555e+04	1.507643e+04	1.505506e+04	8.498654e+01	8.491248e+01
	1433	362	358.250000	-0.500000	-2.511614e-05	1.012371e+05	1.071449e+00	6.735226e+00	1.501902e+04	1.501949e+04	1.499969e+04	8.589289e+01	7.801214e+01
	1433	363	358.250000	-0.750000	-2.282136e-05	1.012401e+05	1.071449e+00	6.735226e+00	1.501927e+04	1.501967e+04	1.499969e+04	8.673865e+01	7.903996e+01
	1122	366	280.500000	-1.500000	-1.000988e-04	6.520808e+04	3.877745e+04	5.438915e+00	1.489626e+04	1.489581e+04	1.479481e+04	9.303539e+01	8.812334e+01
	557	379	139.250000	-4.750000	-8.713477e-05	7.029208e+04	3.169332e+04	6.199403e+00	1.494985e+04	1.494736e+04	1.488494e+04	8.355359e+01	7.952342e+01
	781	396	195.250000	-9.000000	-1.260268e-04	1.008371e+05	1.071806e+00	7.051150e+00	1.471416e+04	1.471822e+04	1.462969e+04	8.909863e+01	8.332990e+01
	557	435	139.250000	-18.750000	-5.575644e-04	9.584808e+04	3.815966e+03	1.157088e+01	1.453499e+04	1.455874e+04	1.399769e+04	7.774209e+01	6.659705e+01
	713	435	178.250000	-18.750000	-7.172697e-05	9.515408e+04	6.201385e+03	9.888789e+00	1.457272e+04	1.457606e+04	1.452881e+04	8.092897e+01	8.122749e+01
	189	437	47.250000	-19.250000	-9.613507e-05	8.205608e+04	1.882964e+04	9.924419e+00	1.503456e+04	1.503522e+04	1.494756e+04	7.570482e+01	7.457996e+01
	265	439	66.250000	-19.750000	-3.671872e-04	1.003191e+05	1.051301e+00	1.385652e+01	1.465070e+04	1.467169e+04	1.425219e+04	8.859204e+01	8.428259e+01
	621	452	155.250000	-23.000000	-2.353715e-04	1.002221e+05	1.533856e+00	1.467864e+01	1.436286e+04	1.438601e+04	1.411906e+04	9.236772e+01	8.613332e+01
	779	469	194.750000	-27.250000	-3.704356e-04	1.004351e+05	8.307284e-01	1.176251e+01	1.435422e+04	1.435637e+04	1.425694e+04	8.252914e+01	7.807526e+01
	887	476	221.750000	-29.000000	-2.767968e-04	9.949808e+04	1.694384e+00	1.832580e+01	1.363643e+04	1.367813e+04	1.328106e+04	8.348743e+01	8.258197e+01
	887	477	221.750000	-29.250000	-2.767968e-04	9.949808e+04	1.694384e+00	1.832580e+01	1.364223e+04	1.368531e+04	1.328106e+04	8.344559e+01	8.252498e+01
	347	505	86.750000	-36.250000	-3.174769e-04	9.981908e+04	1.192449e+00	2.019963e+01	1.384646e+04	1.388237e+04	1.356869e+04	9.057489e+01	8.693995e+01
	1281	512	320.250000	-38.000000	-2.297985e-04	1.008871e+05	1.915065e+00	1.035966e+01	1.445299e+04	1.446817e+04	1.429006e+04	8.829786e+01	8.235450e+01
	751	517	187.750000	-39.250000	-1.762139e-04	9.935808e+04	2.036508e+00	1.303291e+01	1.329787e+04	1.333678e+04	1.300606e+04	8.185660e+01	8.100100e+01
