2024	1	1	24	0
	1112	188	278.000000	43.000000	9.502843e-05	9.425862e+04	4.718779e+03	1.078827e+01	1.388781e+04	1.390110e+04	1.380455e+04	9.564789e+01	9.332998e+01
	650	194	162.500000	41.500000	5.816706e-04	9.841562e+04	9.706354e-01	2.332945e+01	1.236266e+04	1.242339e+04	1.185218e+04	9.426861e+01	9.415400e+01
	933	223	233.250000	34.250000	2.260096e-04	1.012646e+05	4.751819e+00	1.281196e+01	1.445068e+04	1.446871e+04	1.419680e+04	7.722295e+01	7.572870e+01
	1355	225	338.750000	33.750000	1.970418e-04	1.016096e+05	1.996174e+00	1.204385e+01	1.502564e+04	1.503308e+04	1.492168e+04	7.578049e+01	6.526817e+01
	415	316	103.750000	11.000000	4.394725e-05	9.331862e+04	8.654131e+03	8.278077e+00	1.490895e+04	1.490967e+04	1.487718e+04	8.230637e+01	7.869991e+01
	953	330	238.250000	7.500000	3.504939e-04	1.009166e+05	1.392942e+00	9.231633e+00	1.472573e+04	1.472705e+04	1.465193e+04	8.722516e+01	8.746197e+01
	504	331	126.000000	7.250000	8.593872e-05	8.797062e+04	1.381545e+04	6.840019e+00	1.489802e+04	1.489974e+04	1.485968e+04	8.772320e+01	8.265023e+01
	447	334	111.750000	6.500000	4.236773e-05	1.009776e+05	3.522379e+00	1.007557e+01	1.485862e+04	1.486203e+04	1.482380e+04	8.618273e+01	8.376539e+01
	267	335	66.750000	6.250000	1.078732e-04	1.009366e+05	1.855317e+00	8.118668e+00	1.475531e+04	1.476000e+04	1.470405e+04	8.582777e+01	8.098253e+01
	531	338	132.750000	5.500000	1.620129e-05	1.009666e+05	1.996006e+00	5.045516e+00	1.484737e+04	1.485119e+04	1.480718e+04	7.559949e+01	7.822294e+01
	532	338	133.000000	5.500000	1.909211e-05	1.009666e+05	4.406010e+00	4.908987e+00	1.484752e+04	1.485140e+04	1.480718e+04	7.529792e+01	7.798456e+01
	1137	340	284.250000	5.000000	1.094826e-04	6.742962e+04	3.464610e+04	3.863157e+00	1.492759e+04	1.492518e+04	1.477968e+04	8.746575e+01	8.292868e+01
	843	343	210.750000	4.250000	8.263066e-05	1.008316e+05	5.694572e-01	1.073470e+01	1.465387e+04	1.465560e+04	1.462855e+04	8.876578e+01	7.776855e+01
	24	347	6.000000	3.250000	3.920868e-05	9.569062e+04	1.799737e+02	5.924405e+00	1.492713e+04	1.492996e+04	1.490043e+04	7.654580e+01	7.051128e+01
	377	348	94.250000	3.000000	2.400950e-05	8.580862e+04	4.806218e+02	6.551321e+00	1.476449e+04	1.476702e+04	1.473055e+04	8.316457e+01	8.105671e+01
	1083	348	270.750000	3.000000	1.912601e-04	1.011716e+05	2.559104e+00	5.878716e+00	1.489449e+04	1.489543e+04	1.486080e+04	8.850674e+01	8.603046e+01
	821	349	205.250000	2.750000	3.345683e-05	1.009316e+05	9.711490e-01	1.019177e+01	1.472253e+04	1.472374e+04	1.467755e+04	8.295235e+01	7.016499e+01
	233	351	58.250000	2.250000	2.058223e-05	1.009616e+05	1.312733e+00	6.029708e+00	1.475386e+04	1.475602e+04	1.472568e+04	8.283289e+01	8.340513e+01
	427	355	106.750000	1.250000	3.667548e-05	9.953662e+04	8.996156e+01	5.984657e+00	1.483471e+04	1.483757e+04	1.479305e+04	8.733619e+01	8.502579e+01
	1318	357	329.500000	0.750000	6.455928e-06	1.013126e+05	6.896696e-01	5.481998e+00	1.501418e+04	1.501423e+04	1.499830e+04	8.074213e+01	7.839119e+01
	494	358	123.500000	0.500000	6.769970e-05	8.792962e+04	1.010541e+04	4.615285e+00	1.490249e+04	1.490207e+04	1.489143e+04	7.758935e+01	7.837706e+01
	636	358	159.000000	0.500000	3.104284e-05	1.010146e+05	1.634048e+00	8.834667e+00	1.486552e+04	1.486672e+04	1.485643e+04	7.842855e+01	7.489056e+01
	336	360	84.000000	0.000000	7.636845e-07	1.009436e+05	1.353012e+00	4.291142e+00	1.474985e+04	1.475251e+04	1.471893e+04	8.953269e+01	8.725626e+01
	557	360	139.250000	0.000000	1.161173e-05	9.420462e+04	2.827706e+02	4.802191e+00	1.489176e+04	1.489552e+04	1.486905e+04	8.259470e+01	8.368847e+01
2024	1	1	28	6
	67	182	16.750000	44.500000	1.465871e-04	8.570777e+04	1.288549e+04	9.994846e+00	1.409412e+04	1.410187e+04	1.397201e+04	7.753805e+01	7.674019e+01
	682	188	170.500000	43.000000	1.169194e-03	9.743477e+04	1.795608e+00	2.396093e+01	1.198953e+04	1.206008e+04	1.114863e+04	9.437581e+01	9.446310e+01
	553	302	138.250000	14.500000	8.012797e-05	1.008168e+05	2.236907e+00	9.771207e+00	1.471725e+04	1.472706e+04	1.463438e+04	8.937162e+01	8.549527e+01
	509	329	127.250000	7.750000	7.214095e-05	8.771877e+04	1.082462e+04	9.380363e+00	1.466201e+04	1.466443e+04	1.459913e+04	8.984889e+01	8.419716e+01
	507	330	126.750000	7.500000	8.257176e-05	8.771877e+04	1.082462e+04	9.380363e+00	1.466164e+04	1.466416e+04	1.459913e+04	8.964160e+01	8.446642e+01
	952	330	238.000000	7.500000	3.119900e-04	1.011968e+05	1.392942e+00	1.090986e+01	1.498203e+04	1.498298e+04	1.490788e+04	8.526961e+01	8.484048e+01
	1178	338	294.500000	5.500000	1.769557e-04	8.574277e+04	1.476739e+04	5.137330e+00	1.489868e+04	1.490091e+04	1.483788e+04	7.852415e+01	7.744762e+01
	1137	341	284.250000	4.750000	9.225751e-05	6.743177e+04	3.464610e+04	4.500010e+00	1.494453e+04	1.494415e+04	1.476326e+04	9.157906e+01	8.687627e+01
	259	342	64.750000	4.500000	8.528377e-05	1.011958e+05	1.815001e+00	6.172491e+00	1.497617e+04	1.497907e+04	1.493388e+04	8.230000e+01	8.181031e+01
	671	343	167.750000	4.250000	5.115522e-06	1.008578e+05	7.502871e-01	8.271105e+00	1.472651e+04	1.472783e+04	1.471326e+04	7.676149e+01	7.556866e+01
	1359	343	339.750000	4.250000	1.717105e-04	1.010918e+05	1.653883e+00	4.805626e+00	1.485904e+04	1.486245e+04	1.478176e+04	8.813348e+01	7.957323e+01
	388	344	97.000000	4.000000	7.544900e-05	8.261277e+04	2.103244e+04	7.232768e+00	1.487370e+04	1.487607e+04	1.483251e+04	8.322596e+01	8.176645e+01
	463	344	115.750000	4.000000	6.382610e-05	8.670177e+04	1.352554e+04	4.703625e+00	1.469056e+04	1.469261e+04	1.463088e+04	8.310628e+01	8.123552e+01
	390	346	97.500000	3.500000	7.544900e-05	8.261277e+04	2.103244e+04	5.733494e+00	1.486884e+04	1.487113e+04	1.483251e+04	8.531669e+01	8.158532e+01
	1249	349	312.250000	2.750000	2.153660e-05	1.010938e+05	1.493565e+00	9.357162e+00	1.486083e+04	1.486085e+04	1.484188e+04	8.602071e+01	7.804829e+01
	1248	350	312.000000	2.500000	1.894380e-05	1.008618e+05	1.715804e+00	9.357162e+00	1.486044e+04	1.486026e+04	1.484188e+04	8.698595e+01	7.925806e+01
	1321	351	330.250000	2.250000	5.771173e-06	1.011298e+05	6.896696e-01	5.846210e+00	1.484204e+04	1.484329e+04	1.482001e+04	8.416798e+01	7.386828e+01
	561	352	140.250000	2.000000	1.211907e-05	1.006518e+05	2.176662e+00	3.597946e+00	1.458860e+04	1.459061e+04	1.456538e+04	8.277713e+01	8.049437e+01
	856	353	214.000000	1.750000	1.730467e-05	1.011498e+05	9.510900e-01	9.376816e+00	1.487151e+04	1.487252e+04	1.484838e+04	8.002147e+01	6.779919e+01
	1203	355	300.750000	1.250000	2.529169e-05	9.571877e+04	5.031323e+03	4.347891e+00	1.484936e+04	1.485158e+04	1.481626e+04	7.811213e+01	7.855819e+01
	1382	357	345.500000	0.750000	1.471187e-05	1.011268e+05	1.272547e+00	5.251027e+00	1.486054e+04	1.486208e+04	1.483776e+04	8.392585e+01	7.998358e+01
	7	358	1.750000	0.500000	1.256610e-05	1.011438e+05	1.614064e+00	5.922855e+00	1.489154e+04	1.489339e+04	1.487838e+04	8.574076e+01	8.191707e+01
	221	358	55.250000	0.500000	2.654339e-05	1.012508e+05	1.312810e+00	7.341287e+00	1.502705e+04	1.502713e+04	1.501651e+04	8.459550e+01	8.419640e+01
	482	359	120.500000	0.250000	4.609372e-05	8.426577e+04	1.348911e+04	4.655177e+00	1.465658e+04	1.465967e+04	1.463013e+04	8.055566e+01	8.009253e+01
	605	359	151.250000	0.250000	2.415921e-05	1.001918e+05	1.025295e+01	5.481136e+00	1.460248e+04	1.460382e+04	1.458801e+04	7.889806e+01	8.009489e+01
	1074	360	268.500000	0.000000	4.081870e-05	9.899977e+04	2.968146e+03	6.068158e+00	1.492551e+04	1.492654e+04	1.490951e+04	8.734566e+01	8.665189e+01
	1101	360	275.250000	0.000000	1.509930e-05	1.012528e+05	2.538855e+00	6.058000e+00	1.493061e+04	1.493118e+04	1.491276e+04	8.386501e+01	8.549666e+01
	1179	360	294.750000	0.000000	6.117369e-05	9.048577e+04	8.238647e+03	2.086468e+00	1.486586e+04	1.486678e+04	1.484876e+04	8.015903e+01	7.949744e+01
2024	1	1	27	12
	703	182	175.750000	44.500000	8.637893e-04	9.726484e+04	2.336560e+00	2.158058e+01	1.165143e+04	1.171239e+04	1.089948e+04	8.911868e+01	9.319264e+01
	1125	199	281.250000	40.250000	1.416791e-04	8.963884e+04	1.021991e+04	9.083749e+00	1.412119e+04	1.412886e+04	1.404811e+04	9.144435e+01	8.465644e+01
	600	274	150.000000	21.500000	6.007541e-04	1.014958e+05	1.493344e+00	1.007222e+01	1.517482e+04	1.517091e+04	1.507636e+04	7.629283e+01	7.206633e+01
	477	291	119.250000	17.250000	1.615274e-04	8.582584e+04	1.529694e+04	1.668970e+01	1.503027e+04	1.503453e+04	1.496211e+04	8.761998e+01	8.637334e+01
	550	307	137.500000	13.250000	8.550170e-05	1.009888e+05	2.236907e+00	9.001782e+00	1.485902e+04	1.486676e+04	1.479873e+04	8.609194e+01	8.134267e+01
	1100	319	275.000000	10.250000	1.563716e-04	8.238684e+04	2.245480e+04	1.209954e+01	1.498737e+04	1.499025e+04	1.490198e+04	7.997304e+01	7.786669e+01
	750	323	187.500000	9.250000	3.883126e-05	1.011738e+05	1.573711e+00	1.093799e+01	1.489159e+04	1.489494e+04	1.485648e+04	7.511058e+01	7.826372e+01
	510	327	127.500000	8.250000	2.628553e-04	8.795984e+04	1.082462e+04	9.960545e+00	1.488571e+04	1.488455e+04	1.479961e+04	8.694913e+01	8.114016e+01
	950	328	237.500000	8.000000	4.764188e-04	1.010808e+05	1.392942e+00	1.037570e+01	1.482120e+04	1.482103e+04	1.472848e+04	8.603223e+01	8.405910e+01
	779	333	194.750000	6.750000	1.967836e-04	1.010368e+05	1.312859e+00	1.268687e+01	1.484661e+04	1.484925e+04	1.480011e+04	7.592305e+01	7.457003e+01
	828	337	207.000000	5.750000	4.916219e-06	1.009408e+05	1.212252e+00	1.197968e+01	1.476716e+04	1.476933e+04	1.468848e+04	7.992126e+01	7.514445e+01
	259	339	64.750000	5.250000	8.806470e-05	1.008558e+05	1.855317e+00	7.412264e+00	1.469238e+04	1.469799e+04	1.463961e+04	8.886908e+01	8.453629e+01
	1137	340	284.250000	5.000000	1.267779e-04	6.742384e+04	3.464610e+04	6.042200e+00	1.495909e+04	1.495870e+04	1.478111e+04	9.105695e+01	8.471742e+01
	230	342	57.500000	4.500000	1.722458e-05	1.009088e+05	1.332788e+00	7.351356e+00	1.472633e+04	1.472716e+04	1.469836e+04	8.719373e+01	8.524942e+01
	462	344	115.500000	4.000000	3.716233e-05	8.683084e+04	1.352554e+04	5.290371e+00	1.481227e+04	1.481571e+04	1.475636e+04	8.413740e+01	7.994238e+01
	913	345	228.250000	3.750000	4.330161e-05	1.009518e+05	5.292298e-01	9.895758e+00	1.468463e+04	1.468908e+04	1.464848e+04	7.933501e+01	7.167754e+01
	1384	350	346.000000	2.500000	1.272443e-05	1.012248e+05	1.272547e+00	5.957273e+00	1.500613e+04	1.500787e+04	1.497186e+04	8.016011e+01	7.743813e+01
	661	354	165.250000	1.500000	4.528789e-06	1.010028e+05	1.111828e+00	7.459385e+00	1.485075e+04	1.485197e+04	1.482973e+04	7.542821e+01	7.518676e+01
	368	355	92.000000	1.250000	6.078510e-06	1.008978e+05	2.839612e+00	4.434536e+00	1.475147e+04	1.475348e+04	1.472336e+04	8.140305e+01	8.195713e+01
	629	355	157.250000	1.250000	9.237556e-06	1.009868e+05	1.372980e+00	8.407442e+00	1.485038e+04	1.485181e+04	1.482686e+04	8.231889e+01	8.144818e+01
	1327	356	331.750000	1.000000	2.084998e-06	1.013388e+05	1.111823e+00	5.598835e+00	1.501993e+04	1.502112e+04	1.500611e+04	7.909581e+01	7.698915e+01
	1327	357	331.750000	0.750000	2.025394e-06	1.013338e+05	1.373240e+00	5.532615e+00	1.501829e+04	1.501940e+04	1.500611e+04	7.882879e+01	7.760349e+01
	1328	357	332.000000	0.750000	2.025394e-06	1.013388e+05	1.373240e+00	5.374752e+00	1.501832e+04	1.501964e+04	1.500611e+04	7.938847e+01	7.796245e+01
	1329	357	332.250000	0.750000	2.025394e-06	1.013398e+05	1.373240e+00	5.322844e+00	1.501843e+04	1.501996e+04	1.500611e+04	7.987890e+01	7.835677e+01
	1048	358	262.000000	0.500000	1.734379e-05	1.011218e+05	1.453045e+00	5.686452e+00	1.479476e+04	1.479657e+04	1.478448e+04	8.674452e+01	8.192275e+01
	580	360	145.000000	0.000000	1.677754e-05	1.003028e+05	4.185693e+00	4.126542e+00	1.486770e+04	1.486905e+04	1.485073e+04	8.107569e+01	7.980399e+01
	1249	360	312.250000	0.000000	1.814845e-05	9.990384e+04	6.271570e+02	6.911320e+00	1.499340e+04	1.499500e+04	1.497761e+04	8.111951e+01	8.262870e+01
2024	1	1	18	18
	710	180	177.500000	45.000000	4.423221e-04	9.692338e+04	2.497427e+00	1.812009e+01	1.116985e+04	1.123322e+04	1.052213e+04	9.237896e+01	9.445049e+01
	1129	205	282.250000	38.750000	1.270433e-04	8.974838e+04	1.021991e+04	5.918508e+00	1.421423e+04	1.422634e+04	1.410250e+04	8.784726e+01	8.296272e+01
	407	253	101.750000	26.750000	4.231534e-05	5.947737e+04	3.791679e+04	3.283434e+00	1.493571e+04	1.494028e+04	1.464500e+04	7.844157e+01	8.065569e+01
	546	305	136.500000	13.750000	7.798872e-05	1.008284e+05	2.236907e+00	1.043689e+01	1.471442e+04	1.472446e+04	1.463900e+04	8.981041e+01	8.669482e+01
	948	327	237.000000	8.250000	4.365703e-04	1.013774e+05	1.392942e+00	1.059203e+01	1.508857e+04	1.508873e+04	1.503413e+04	8.778580e+01	8.470884e+01
	980	329	245.000000	7.750000	2.530178e-04	1.014514e+05	1.232978e+00	8.400030e+00	1.510590e+04	1.510572e+04	1.506913e+04	9.063931e+01	8.457407e+01
	1149	334	287.250000	6.500000	3.468595e-05	6.740038e+04	3.797316e+04	4.984588e+00	1.490922e+04	1.491022e+04	1.473263e+04	7.619791e+01	7.586294e+01
	262	339	65.500000	5.250000	1.797338e-04	1.011794e+05	1.855317e+00	7.744720e+00	1.494055e+04	1.494504e+04	1.486963e+04	9.154367e+01	8.808435e+01
	319	340	79.750000	5.000000	7.021031e-05	8.817538e+04	6.545373e+03	1.025620e+01	1.494416e+04	1.494511e+04	1.490475e+04	7.866156e+01	7.963186e+01
	339	344	84.750000	4.000000	1.077612e-04	1.011094e+05	1.473417e+00	8.792455e+00	1.491105e+04	1.491349e+04	1.484488e+04	9.011560e+01	8.750121e+01
	845	347	211.250000	3.250000	1.258512e-04	1.012424e+05	8.505943e-01	1.015856e+01	1.495438e+04	1.495463e+04	1.492138e+04	8.569678e+01	7.698453e+01
	532	348	133.000000	3.000000	1.412234e-05	1.006654e+05	2.277088e+00	2.670808e+00	1.464293e+04	1.464552e+04	1.462450e+04	8.003616e+01	7.877390e+01
	1317	350	329.250000	2.500000	1.030765e-05	1.010794e+05	8.707059e-01	5.963776e+00	1.482113e+04	1.482304e+04	1.479663e+04	7.879499e+01	7.196265e+01
	613	352	153.250000	2.000000	1.984439e-05	1.008174e+05	1.352788e+00	8.578965e+00	1.466907e+04	1.467274e+04	1.463413e+04	8.951112e+01	8.666370e+01
	692	352	173.000000	2.000000	1.108251e-05	1.009344e+05	1.332845e+00	7.887548e+00	1.475017e+04	1.475197e+04	1.473775e+04	8.130640e+01	7.657629e+01
	805	352	201.250000	2.000000	1.272222e-04	1.011404e+05	4.949045e+00	9.160968e+00	1.489964e+04	1.489920e+04	1.487750e+04	8.259743e+01	7.522076e+01
	1176	352	294.000000	2.000000	6.049476e-05	8.830638e+04	1.136435e+04	3.008034e+00	1.484804e+04	1.485002e+04	1.481213e+04	8.349549e+01	8.059348e+01
	1254	359	313.500000	0.250000	1.689396e-05	9.966938e+04	5.428191e+02	6.737132e+00	1.479448e+04	1.479510e+04	1.476675e+04	8.191305e+01	8.277059e+01
2024	1	2	19	0
	453	249	113.250000	27.750000	1.145804e-04	8.995609e+04	1.102244e+04	4.046770e+00	1.492257e+04	1.493048e+04	1.482684e+04	8.500758e+01	8.199909e+01
	406	253	101.500000	26.750000	2.472638e-05	5.946009e+04	3.791679e+04	3.060346e+00	1.500675e+04	1.500648e+04	1.478696e+04	8.935524e+01	8.644560e+01
	542	301	135.500000	14.750000	8.695363e-05	1.010181e+05	2.236907e+00	1.194068e+01	1.492156e+04	1.493287e+04	1.482184e+04	9.058355e+01	8.633178e+01
	944	327	236.000000	8.250000	1.932287e-04	1.010761e+05	1.392942e+00	9.896498e+00	1.482278e+04	1.482470e+04	1.480059e+04	9.162000e+01	8.777784e+01
	577	333	144.250000	6.750000	1.220941e-05	1.010681e+05	2.076308e+00	8.177738e+00	1.492400e+04	1.492671e+04	1.489271e+04	8.176807e+01	7.881538e+01
	262	337	65.500000	5.750000	4.327202e-04	1.009481e+05	1.855317e+00	7.313496e+00	1.475724e+04	1.476068e+04	1.470521e+04	9.014843e+01	8.849120e+01
	1137	340	284.250000	5.000000	1.615786e-04	6.736109e+04	3.464610e+04	4.091851e+00	1.483712e+04	1.483796e+04	1.464484e+04	8.361752e+01	7.832497e+01
	355	344	88.750000	4.000000	7.148623e-05	1.009651e+05	1.975576e+00	9.050801e+00	1.476842e+04	1.477184e+04	1.472934e+04	8.602338e+01	8.479903e+01
	431	344	107.750000	4.000000	4.949211e-05	1.002211e+05	4.434648e+02	9.106030e+00	1.479237e+04	1.479553e+04	1.474971e+04	8.755280e+01	8.426524e+01
	21	346	5.250000	3.500000	4.493236e-05	9.943909e+04	1.799737e+02	5.916023e+00	1.500044e+04	1.500259e+04	1.497471e+04	7.576777e+01	7.044592e+01
	845	349	211.250000	2.750000	4.204153e-05	1.008541e+05	8.505943e-01	8.869791e+00	1.465531e+04	1.465759e+04	1.460721e+04	7.945228e+01	7.256687e+01
	233	353	58.250000	1.750000	2.222299e-05	1.009381e+05	1.875327e+00	5.589179e+00	1.476798e+04	1.476919e+04	1.474421e+04	8.591653e+01	8.279201e+01
	1098	353	274.500000	1.750000	1.098751e-05	1.010381e+05	2.538855e+00	5.633001e+00	1.482158e+04	1.482426e+04	1.479084e+04	8.615779e+01	8.447159e+01
	501	354	125.250000	1.500000	2.371310e-05	9.357809e+04	8.706661e+03	5.830914e+00	1.485380e+04	1.485533e+04	1.483234e+04	7.677024e+01	7.819626e+01
	137	356	34.250000	1.000000	8.227467e-05	7.484409e+04	2.698666e+04	3.435064e+00	1.486995e+04	1.486925e+04	1.480534e+04	7.624533e+01	7.202290e+01
	1038	358	259.500000	0.500000	2.359389e-05	1.011201e+05	9.712863e-01	5.364629e+00	1.479593e+04	1.479719e+04	1.478084e+04	9.245927e+01	8.969296e+01
	615	359	153.750000	0.250000	3.903150e-05	1.010321e+05	2.116419e+00	6.600505e+00	1.487184e+04	1.487282e+04	1.486121e+04	8.697179e+01	8.455702e+01
	1034	359	258.500000	0.250000	2.323627e-05	1.011201e+05	9.703523e-01	5.311352e+00	1.479125e+04	1.479208e+04	1.478084e+04	8.886832e+01	8.608378e+01
	1238	359	309.500000	0.250000	1.641153e-05	9.751709e+04	2.224283e+03	7.167098e+00	1.491987e+04	1.492134e+04	1.488284e+04	8.498628e+01	8.203785e+01
2024	1	2	27	6
	1152	210	288.000000	37.500000	1.327733e-04	1.011097e+05	2.539045e+00	1.165725e+01	1.409915e+04	1.411252e+04	1.398909e+04	8.297456e+01	7.686082e+01
	465	243	116.250000	29.250000	7.859268e-05	9.174768e+04	9.520335e+03	4.640977e+00	1.475915e+04	1.476671e+04	1.467459e+04	8.065585e+01	7.037820e+01
	537	301	134.250000	14.750000	7.266202e-05	1.007237e+05	2.236583e+00	1.020881e+01	1.466232e+04	1.467391e+04	1.457534e+04	8.793812e+01	8.466594e+01
	528	321	132.000000	9.750000	2.113380e-05	1.007677e+05	1.494170e+00	5.192722e+00	1.464405e+04	1.464555e+04	1.461909e+04	7.627206e+01	7.456091e+01
	939	326	234.750000	8.500000	2.295712e-04	1.013967e+05	1.212027e+00	1.086884e+01	1.510324e+04	1.510406e+04	1.504884e+04	9.359914e+01	8.886638e+01
	263	337	65.750000	5.750000	2.461711e-04	1.011537e+05	1.855317e+00	7.851274e+00	1.494593e+04	1.494938e+04	1.486734e+04	8.828503e+01	8.695906e+01
	871	341	217.750000	4.750000	4.895071e-04	1.011527e+05	1.152064e+00	1.231187e+01	1.493167e+04	1.493452e+04	1.483959e+04	9.506077e+01	8.512585e+01
	1137	341	284.250000	4.750000	1.808146e-04	6.735468e+04	3.464610e+04	4.710809e+00	1.485941e+04	1.485835e+04	1.467834e+04	8.930679e+01	8.350745e+01
	1174	344	293.500000	4.000000	1.029710e-04	8.569768e+04	1.476739e+04	2.516150e+00	1.483005e+04	1.483190e+04	1.479671e+04	8.029697e+01	7.888829e+01
	356	348	89.000000	3.000000	7.865229e-05	1.010387e+05	1.975576e+00	7.957417e+00	1.485709e+04	1.485874e+04	1.479609e+04	8.685793e+01	8.535243e+01
	50	352	12.500000	2.000000	6.443658e-05	9.315468e+04	7.115024e+03	4.071140e+00	1.499558e+04	1.499706e+04	1.495371e+04	7.930299e+01	7.228638e+01
	1264	352	316.000000	2.000000	1.314678e-05	1.009907e+05	1.513235e+00	9.216018e+00	1.476677e+04	1.476879e+04	1.474321e+04	8.139890e+01	7.476952e+01
	240	354	60.000000	1.500000	2.086558e-05	1.011847e+05	1.875327e+00	7.459419e+00	1.496681e+04	1.496904e+04	1.493434e+04	8.572289e+01	8.435482e+01
	396	354	99.000000	1.500000	7.868209e-05	8.259668e+04	1.419478e+04	3.893147e+00	1.479777e+04	1.479923e+04	1.476071e+04	8.507512e+01	8.260040e+01
	624	354	156.000000	1.500000	-3.900146e-06	1.007627e+05	1.694440e+00	6.009145e+00	1.463350e+04	1.463590e+04	1.460746e+04	8.673479e+01	8.454446e+01
	799	354	199.750000	1.500000	1.870135e-04	1.010287e+05	1.212288e+00	8.910380e+00	1.481253e+04	1.481442e+04	1.478109e+04	8.574171e+01	7.868661e+01
	137	355	34.250000	1.250000	1.410285e-04	7.502568e+04	2.698666e+04	5.237416e+00	1.504507e+04	1.504454e+04	1.496446e+04	7.638348e+01	7.243360e+01
	624	355	156.000000	1.250000	-3.900146e-06	1.007627e+05	1.694440e+00	6.009145e+00	1.463265e+04	1.463485e+04	1.460746e+04	8.675240e+01	8.462897e+01
	1438	355	359.500000	1.250000	2.023974e-05	1.012187e+05	1.754308e+00	6.100719e+00	1.498021e+04	1.498218e+04	1.496271e+04	7.965559e+01	8.045714e+01
	292	356	73.000000	1.000000	4.247227e-05	1.011767e+05	2.056071e+00	4.542210e+00	1.494236e+04	1.494279e+04	1.492546e+04	8.238091e+01	8.244277e+01
	484	356	121.000000	1.000000	5.764165e-05	8.633668e+04	8.318464e+03	5.642110e+00	1.463021e+04	1.463203e+04	1.460759e+04	8.039436e+01	7.973044e+01
	573	357	143.250000	0.750000	1.690187e-05	1.006267e+05	2.176562e+00	5.576373e+00	1.459225e+04	1.459344e+04	1.458459e+04	8.632721e+01	8.451135e+01
	22	358	5.500000	0.500000	1.082220e-05	1.005777e+05	2.287427e+03	6.925645e+00	1.498229e+04	1.498488e+04	1.495559e+04	8.936003e+01	8.591123e+01
	534	359	133.500000	0.250000	4.616776e-05	8.255968e+04	1.706906e+04	3.802619e+00	1.459340e+04	1.459454e+04	1.457696e+04	8.285139e+01	8.163280e+01
	550	359	137.500000	0.250000	6.709481e-06	9.624468e+04	1.055851e+03	4.551783e+00	1.458478e+04	1.458818e+04	1.457696e+04	8.308121e+01	8.310795e+01
	1236	360	309.000000	0.000000	2.423325e-05	9.619368e+04	3.782592e+03	6.713681e+00	1.478591e+04	1.478817e+04	1.475634e+04	8.668523e+01	8.413576e+01
	1356	360	339.000000	0.000000	1.579919e-05	1.012427e+05	7.904064e-01	5.156138e+00	1.493182e+04	1.493238e+04	1.492196e+04	8.510888e+01	8.290509e+01
2024	1	2	26	12
	909	189	227.250000	42.750000	1.992078e-04	9.991788e+04	4.808722e+00	1.681861e+01	1.332484e+04	1.336849e+04	1.308992e+04	7.932739e+01	7.783913e+01
	164	247	41.000000	28.250000	1.131089e-04	8.594488e+04	1.237984e+04	7.655365e+00	1.486946e+04	1.487794e+04	1.480155e+04	7.699940e+01	6.641910e+01
	538	299	134.500000	15.250000	7.078960e-05	1.009699e+05	2.236907e+00	1.151579e+01	1.485696e+04	1.486583e+04	1.478980e+04	8.746326e+01	8.337698e+01
	789	301	197.250000	14.750000	1.078339e-04	1.014069e+05	1.212320e+00	1.120859e+01	1.505130e+04	1.505410e+04	1.499805e+04	7.809739e+01	7.707216e+01
	933	326	233.250000	8.500000	3.899427e-04	1.011159e+05	9.716659e-01	1.132282e+01	1.487390e+04	1.487671e+04	1.479255e+04	9.179177e+01	8.811947e+01
	499	333	124.750000	6.750000	9.659841e-05	8.785588e+04	1.381545e+04	7.080167e+00	1.478654e+04	1.478851e+04	1.474267e+04	7.706880e+01	7.352189e+01
	265	335	66.250000	6.250000	2.295168e-04	1.008909e+05	1.855317e+00	6.526372e+00	1.471245e+04	1.471537e+04	1.465042e+04	8.573517e+01	8.523978e+01
	1173	336	293.250000	6.000000	1.005621e-04	8.581988e+04	1.476739e+04	5.025399e+00	1.495262e+04	1.495433e+04	1.489980e+04	7.687679e+01	7.704437e+01
	1137	341	284.250000	4.750000	1.418383e-04	6.739088e+04	3.464610e+04	4.796354e+00	1.490138e+04	1.490024e+04	1.472905e+04	8.985125e+01	8.409918e+01
	863	342	215.750000	4.500000	2.577098e-04	1.010249e+05	1.152015e+00	1.146757e+01	1.477284e+04	1.477278e+04	1.472467e+04	9.200294e+01	8.259408e+01
	1055	343	263.750000	4.250000	3.669574e-05	1.010979e+05	1.795075e+00	7.437258e+00	1.483121e+04	1.483502e+04	1.479380e+04	9.651865e+01	9.278332e+01
	449	344	112.250000	4.000000	5.714013e-05	9.082788e+04	3.652484e+03	5.988518e+00	1.481593e+04	1.481615e+04	1.478380e+04	8.220522e+01	8.382139e+01
	1055	344	263.750000	4.000000	3.547384e-05	1.010979e+05	1.795075e+00	7.330104e+00	1.482848e+04	1.483229e+04	1.479380e+04	9.682478e+01	9.321077e+01
	362	345	90.500000	3.750000	9.141280e-05	1.009229e+05	1.975576e+00	7.245532e+00	1.476002e+04	1.476349e+04	1.470817e+04	8.704025e+01	8.378353e+01
	1242	346	310.500000	3.500000	1.941039e-05	9.918188e+04	5.827714e+02	9.496071e+00	1.496305e+04	1.496458e+04	1.493930e+04	7.508335e+01	7.551837e+01
	428	347	107.000000	3.250000	5.153730e-05	1.002549e+05	4.434648e+02	8.122517e+00	1.480022e+04	1.480289e+04	1.475605e+04	8.390609e+01	8.269801e+01
	672	349	168.000000	2.750000	1.792028e-05	1.009359e+05	8.707657e-01	9.748923e+00	1.478863e+04	1.479141e+04	1.475542e+04	8.858999e+01	7.776577e+01
	737	349	184.250000	2.750000	4.903390e-05	1.009849e+05	8.908540e-01	9.871312e+00	1.479324e+04	1.479476e+04	1.475855e+04	8.381753e+01	8.293921e+01
	1384	352	346.000000	2.000000	1.246645e-05	1.013489e+05	1.272547e+00	5.971684e+00	1.508775e+04	1.509076e+04	1.505167e+04	7.597377e+01	7.717104e+01
	842	353	210.500000	1.750000	4.507019e-05	1.009949e+05	1.192325e+00	7.028115e+00	1.476561e+04	1.476668e+04	1.474567e+04	7.779617e+01	7.179112e+01
	625	354	156.250000	1.500000	1.079752e-05	1.010009e+05	1.694440e+00	7.152999e+00	1.484583e+04	1.484829e+04	1.480930e+04	8.460032e+01	8.248466e+01
	796	355	199.000000	1.250000	2.354772e-04	1.010439e+05	1.212288e+00	7.445178e+00	1.480203e+04	1.480288e+04	1.475155e+04	8.925311e+01	7.978957e+01
	1431	357	357.750000	0.750000	1.219823e-05	1.013179e+05	1.855562e+00	7.773073e+00	1.505150e+04	1.505263e+04	1.503542e+04	8.886025e+01	8.488129e+01
	1270	358	317.500000	0.500000	1.237704e-05	1.012399e+05	1.011424e+00	8.124846e+00	1.497394e+04	1.497411e+04	1.496442e+04	8.582805e+01	8.183383e+01
	57	359	14.250000	0.250000	4.593446e-05	9.317688e+04	6.237948e+03	3.690443e+00	1.496051e+04	1.495903e+04	1.490142e+04	8.427370e+01	7.595210e+01
	292	360	73.000000	0.000000	3.922894e-05	1.009559e+05	1.955620e+00	5.111150e+00	1.475875e+04	1.475937e+04	1.473580e+04	8.926464e+01	8.544697e+01
2024	1	2	33	18
	921	187	230.250000	43.250000	2.826133e-04	9.994938e+04	6.755184e+00	1.597752e+01	1.344317e+04	1.349269e+04	1.300311e+04	8.196712e+01	7.997699e+01
	1166	216	291.500000	36.000000	3.062168e-04	1.005154e+05	1.454990e+00	1.767949e+01	1.382242e+04	1.385823e+04	1.359786e+04	8.099091e+01	6.905106e+01
	1033	234	258.250000	31.500000	1.734772e-04	8.358938e+04	1.441611e+04	8.087317e+00	1.490636e+04	1.491799e+04	1.478273e+04	8.531239e+01	7.058788e+01
	170	245	42.500000	28.750000	1.465359e-04	8.865638e+04	1.165941e+04	5.480186e+00	1.496348e+04	1.496705e+04	1.490136e+04	8.178525e+01	6.917628e+01
	407	256	101.750000	26.000000	3.739982e-05	5.982338e+04	3.028361e+04	5.419679e+00	1.513672e+04	1.514261e+04	1.482873e+04	7.885001e+01	7.831139e+01
	535	297	133.750000	15.750000	7.697730e-05	1.008584e+05	1.915071e+00	1.219419e+01	1.475080e+04	1.475940e+04	1.466798e+04	8.965773e+01	8.560203e+01
	536	298	134.000000	15.500000	7.697730e-05	1.008584e+05	2.236583e+00	1.219419e+01	1.474916e+04	1.475745e+04	1.466798e+04	8.938394e+01	8.553973e+01
	958	323	239.500000	9.250000	6.654649e-05	1.014144e+05	9.713655e-01	8.467629e+00	1.513607e+04	1.513841e+04	1.510498e+04	8.364585e+01	8.548090e+01
	885	334	221.250000	6.500000	1.750865e-04	1.013214e+05	1.292815e+00	1.234543e+01	1.505689e+04	1.505901e+04	1.496586e+04	9.390190e+01	8.787934e+01
	266	335	66.500000	6.250000	2.116242e-04	1.011154e+05	1.855317e+00	7.245592e+00	1.491576e+04	1.492016e+04	1.483936e+04	8.520782e+01	8.565556e+01
	1046	337	261.500000	5.750000	5.216876e-04	1.011624e+05	1.714862e+00	1.104337e+01	1.495770e+04	1.496301e+04	1.485436e+04	9.186451e+01	8.746935e+01
	840	338	210.000000	5.500000	3.366747e-04	1.012234e+05	1.171976e+00	1.357993e+01	1.497309e+04	1.497667e+04	1.490086e+04	8.896492e+01	8.546382e+01
	1284	343	321.000000	4.250000	2.708822e-05	1.009894e+05	1.393162e+00	8.911962e+00	1.475249e+04	1.475450e+04	1.472498e+04	7.550491e+01	6.755631e+01
	451	345	112.750000	3.750000	5.271821e-05	8.788538e+04	6.518455e+03	5.328251e+00	1.477844e+04	1.477965e+04	1.475048e+04	8.495150e+01	8.478850e+01
	361	348	90.250000	3.000000	2.101937e-04	1.010884e+05	2.076263e+00	7.914300e+00	1.486982e+04	1.487351e+04	1.480561e+04	8.761299e+01	8.289416e+01
	1074	349	268.500000	2.750000	1.071373e-04	1.003084e+05	1.117684e+01	7.118126e+00	1.495535e+04	1.495482e+04	1.492048e+04	9.327755e+01	8.827129e+01
	640	350	160.000000	2.500000	3.716140e-05	1.008394e+05	1.473517e+00	8.927660e+00	1.469235e+04	1.469410e+04	1.465398e+04	8.336321e+01	8.188947e+01
	979	354	244.750000	1.500000	5.063205e-05	1.014534e+05	8.908572e-01	6.604194e+00	1.504878e+04	1.505089e+04	1.502248e+04	9.034995e+01	8.253543e+01
	792	355	198.000000	1.250000	3.272572e-04	1.010864e+05	1.192172e+00	8.214255e+00	1.488376e+04	1.488437e+04	1.485061e+04	8.419058e+01	7.792612e+01
	29	356	7.250000	1.000000	1.208463e-04	9.569338e+04	2.287427e+03	6.365356e+00	1.492051e+04	1.492270e+04	1.486386e+04	7.886934e+01	7.962308e+01
	704	356	176.000000	1.000000	1.933961e-05	1.008464e+05	1.373035e+00	8.167969e+00	1.470412e+04	1.470542e+04	1.468111e+04	8.395351e+01	8.204558e+01
	670	357	167.500000	0.750000	2.327352e-05	1.008004e+05	5.350978e+00	7.535241e+00	1.466364e+04	1.466618e+04	1.464111e+04	8.868195e+01	8.156109e+01
	1164	357	291.000000	0.750000	4.878431e-05	9.513338e+04	2.888972e+03	3.636596e+00	1.476909e+04	1.477295e+04	1.465573e+04	8.274214e+01	7.911662e+01
	668	358	167.000000	0.500000	2.327352e-05	1.008004e+05	5.350978e+00	7.535241e+00	1.466259e+04	1.466502e+04	1.464111e+04	8.812949e+01	8.082677e+01
	1332	358	333.000000	0.500000	9.326031e-06	1.010634e+05	1.373240e+00	6.240299e+00	1.482515e+04	1.482587e+04	1.480461e+04	8.295003e+01	8.085441e+01
	517	359	129.250000	0.250000	1.969724e-05	9.617838e+04	5.294975e+03	4.760184e+00	1.465972e+04	1.466137e+04	1.463961e+04	8.258060e+01	8.187111e+01
	518	359	129.500000	0.250000	1.969724e-05	9.413338e+04	5.294975e+03	4.760184e+00	1.465997e+04	1.466145e+04	1.463961e+04	8.315270e+01	8.210479e+01
	591	359	147.750000	0.250000	3.435998e-05	1.001094e+05	3.602958e+00	6.200190e+00	1.466691e+04	1.466857e+04	1.464611e+04	8.539586e+01	8.379016e+01
	748	359	187.000000	0.250000	6.405404e-06	1.009584e+05	1.674424e+00	7.297259e+00	1.477305e+04	1.477402e+04	1.474698e+04	7.765786e+01	7.454944e+01
	1388	359	347.000000	0.250000	3.298908e-05	1.011414e+05	7.302427e-01	6.826791e+00	1.489241e+04	1.489402e+04	1.487748e+04	8.192279e+01	8.202715e+01
	66	360	16.500000	0.000000	5.396991e-05	9.398138e+04	5.168017e+03	2.947278e+00	1.489700e+04	1.489974e+04	1.484686e+04	7.836114e+01	6.610239e+01
	235	360	58.750000	0.000000	3.173738e-05	1.011914e+05	1.875327e+00	5.766601e+00	1.496736e+04	1.496759e+04	1.494486e+04	8.063062e+01	8.235802e+01
	1422	360	355.500000	0.000000	2.289691e-04	1.011624e+05	9.105405e-01	7.444136e+00	1.491580e+04	1.491740e+04	1.487098e+04	8.785706e+01	8.562614e+01
2024	1	3	26	0
	928	180	232.000000	45.000000	2.478231e-04	9.896184e+04	8.868282e+00	1.436955e+01	1.351795e+04	1.355524e+04	1.320139e+04	8.493305e+01	8.255563e+01
	1175	215	293.750000	36.250000	3.006924e-04	1.002388e+05	1.432996e+00	1.616857e+01	1.371057e+04	1.375330e+04	1.340189e+04	8.006294e+01	6.958743e+01
	1053	237	263.250000	30.750000	1.186300e-04	9.399784e+04	5.238903e+03	1.103840e+01	1.477368e+04	1.477812e+04	1.467889e+04	8.403427e+01	6.999975e+01
	529	296	132.250000	16.000000	7.783063e-05	1.010658e+05	1.854943e+00	1.151199e+01	1.493926e+04	1.494735e+04	1.486614e+04	8.579384e+01	8.210751e+01
	1046	338	261.500000	5.500000	6.605852e-04	1.008798e+05	1.714862e+00	1.299047e+01	1.479891e+04	1.480197e+04	1.462214e+04	8.775726e+01	8.523695e+01
	834	339	208.500000	5.250000	4.372466e-04	1.009898e+05	1.212252e+00	1.307615e+01	1.477406e+04	1.477204e+04	1.471314e+04	8.901212e+01	8.601318e+01
	1137	340	284.250000	5.000000	9.159930e-05	6.730284e+04	3.464610e+04	4.715621e+00	1.477872e+04	1.477911e+04	1.457589e+04	8.243951e+01	7.808427e+01
	257	344	64.250000	4.000000	3.503449e-05	1.008648e+05	1.815001e+00	6.883107e+00	1.468233e+04	1.468568e+04	1.464239e+04	8.525044e+01	8.578262e+01
	1138	346	284.500000	3.500000	1.036394e-04	6.730284e+04	3.464610e+04	5.266448e+00	1.474857e+04	1.475167e+04	1.457589e+04	7.748321e+01	7.832149e+01
	359	347	89.750000	3.250000	1.849998e-04	1.008818e+05	1.975576e+00	8.286127e+00	1.474493e+04	1.474613e+04	1.469064e+04	8.358194e+01	8.329202e+01
	1328	347	332.000000	3.250000	2.639368e-06	1.013118e+05	9.111741e-01	6.421159e+00	1.502978e+04	1.503072e+04	1.501289e+04	7.744005e+01	7.711568e+01
	520	348	130.000000	3.000000	8.629635e-06	9.648384e+04	3.445446e+03	4.194509e+00	1.492799e+04	1.492896e+04	1.491339e+04	8.056300e+01	7.883154e+01
	522	348	130.500000	3.000000	1.214631e-05	9.648384e+04	2.729244e+02	4.333466e+00	1.492778e+04	1.492881e+04	1.491339e+04	8.077895e+01	7.899099e+01
	1326	348	331.500000	3.000000	4.904345e-06	1.013048e+05	9.111741e-01	6.481911e+00	1.502653e+04	1.502721e+04	1.501289e+04	7.769915e+01	7.731232e+01
	520	349	130.000000	2.750000	1.214631e-05	9.648384e+04	3.445446e+03	4.194509e+00	1.492758e+04	1.492854e+04	1.491339e+04	8.050515e+01	7.904942e+01
	521	349	130.250000	2.750000	1.378544e-05	9.648384e+04	3.445446e+03	4.194509e+00	1.492750e+04	1.492848e+04	1.491339e+04	8.066677e+01	7.913342e+01
	690	349	172.500000	2.750000	1.196750e-05	1.008608e+05	1.312749e+00	1.003929e+01	1.474264e+04	1.474505e+04	1.469064e+04	8.120036e+01	8.195168e+01
	721	349	180.250000	2.750000	6.146915e-05	1.008498e+05	7.903677e-01	1.180569e+01	1.473477e+04	1.473728e+04	1.471089e+04	8.727151e+01	8.489264e+01
	1325	349	331.250000	2.750000	8.510426e-06	1.012938e+05	9.111741e-01	6.634170e+00	1.502408e+04	1.502458e+04	1.501289e+04	7.785348e+01	7.727761e+01
	763	352	190.750000	2.000000	2.198108e-05	1.008588e+05	1.111916e+00	9.713667e+00	1.469975e+04	1.470119e+04	1.467664e+04	8.046513e+01	7.333452e+01
	573	356	143.250000	1.000000	1.470931e-05	1.010548e+05	2.176562e+00	6.548050e+00	1.491920e+04	1.492070e+04	1.489364e+04	8.149375e+01	8.142132e+01
	1086	356	271.500000	1.000000	1.965649e-05	9.913384e+04	1.504476e+02	6.660509e+00	1.477864e+04	1.478034e+04	1.475264e+04	8.950153e+01	8.703513e+01
	1290	359	322.500000	0.250000	1.476891e-05	1.012168e+05	1.393056e+00	7.956699e+00	1.494929e+04	1.495098e+04	1.492739e+04	7.637975e+01	7.906565e+01
	989	360	247.250000	0.000000	4.367903e-06	1.011478e+05	1.293055e+00	6.809313e+00	1.482539e+04	1.482560e+04	1.481639e+04	8.282601e+01	7.947716e+01
	1269	360	317.250000	0.000000	2.525933e-05	1.007698e+05	1.011411e+00	8.156635e+00	1.494973e+04	1.495063e+04	1.494139e+04	8.686358e+01	8.510427e+01
	1270	360	317.500000	0.000000	2.525933e-05	1.007698e+05	1.011411e+00	8.156635e+00	1.494973e+04	1.495076e+04	1.494139e+04	8.607197e+01	8.482629e+01
2024	1	3	26	6
	541	206	135.250000	38.500000	2.160356e-04	8.405278e+04	9.462556e+02	9.380836e+00	1.385489e+04	1.386557e+04	1.377003e+04	8.022479e+01	7.573101e+01
	1062	247	265.500000	28.250000	6.012605e-04	1.003038e+05	4.403413e+02	1.581467e+01	1.480456e+04	1.481296e+04	1.455953e+04	8.896388e+01	7.974841e+01
	486	263	121.500000	24.250000	1.077936e-04	7.939478e+04	2.355787e+04	1.594889e+01	1.488561e+04	1.488483e+04	1.481441e+04	7.967390e+01	7.303250e+01
	528	293	132.000000	16.750000	6.767968e-05	1.007888e+05	1.854943e+00	9.118157e+00	1.471124e+04	1.471913e+04	1.463341e+04	8.933904e+01	8.623685e+01
	1083	329	270.750000	7.750000	1.150356e-04	1.010868e+05	2.338707e+00	1.254046e+01	1.491379e+04	1.491806e+04	1.487216e+04	7.500235e+01	7.751498e+01
	915	331	228.750000	7.250000	1.260326e-04	1.014128e+05	9.914126e-01	1.243231e+01	1.510710e+04	1.510811e+04	1.507116e+04	9.474622e+01	9.389491e+01
	267	333	66.750000	6.750000	1.670108e-04	1.011728e+05	1.855317e+00	7.425875e+00	1.491773e+04	1.491979e+04	1.487853e+04	8.911504e+01	8.861382e+01
	470	336	117.500000	6.000000	4.067877e-05	8.672978e+04	1.133291e+04	6.431042e+00	1.469443e+04	1.469613e+04	1.463128e+04	8.052346e+01	7.951091e+01
	866	337	216.500000	5.750000	3.475235e-04	1.011558e+05	1.111859e+00	1.373624e+01	1.499814e+04	1.500235e+04	1.485803e+04	9.006265e+01	8.504758e+01
	1046	340	261.500000	5.000000	3.647194e-04	1.010978e+05	1.714862e+00	1.050354e+01	1.495961e+04	1.496182e+04	1.482303e+04	8.815871e+01	8.576098e+01
	1137	341	284.250000	4.750000	9.551505e-05	6.733778e+04	3.464610e+04	4.564728e+00	1.484972e+04	1.484760e+04	1.467341e+04	8.775913e+01	8.277093e+01
	362	344	90.500000	4.000000	1.289831e-04	1.009668e+05	1.975576e+00	9.276619e+00	1.481611e+04	1.481907e+04	1.476028e+04	8.264737e+01	8.225230e+01
	1021	349	255.250000	2.750000	3.256188e-04	1.013208e+05	1.372568e+00	7.155575e+00	1.501394e+04	1.501558e+04	1.497641e+04	9.406422e+01	8.809284e+01
	725	351	181.250000	2.250000	4.282454e-05	1.006928e+05	7.903677e-01	1.228597e+01	1.463611e+04	1.464081e+04	1.457228e+04	8.240633e+01	8.352145e+01
	724	352	181.000000	2.000000	4.598359e-05	1.006928e+05	7.903677e-01	1.210381e+01	1.463489e+04	1.463908e+04	1.457228e+04	8.282999e+01	8.348862e+01
	1402	352	350.500000	2.000000	3.098045e-06	1.009378e+05	1.071599e+00	7.554620e+00	1.494346e+04	1.494504e+04	1.491053e+04	8.247850e+01	8.058455e+01
	510	354	127.500000	1.500000	3.900984e-05	9.603178e+04	5.294975e+03	5.242970e+00	1.463518e+04	1.463695e+04	1.459378e+04	8.155836e+01	8.087121e+01
	671	354	167.750000	1.500000	7.840851e-05	1.007398e+05	1.091769e+00	9.850019e+00	1.461896e+04	1.462075e+04	1.458566e+04	9.165683e+01	8.733482e+01
	441	355	110.250000	1.250000	4.106620e-05	9.424878e+04	6.177788e+03	6.480369e+00	1.468118e+04	1.468279e+04	1.465741e+04	8.113828e+01	8.200169e+01
	983	355	245.750000	1.250000	1.779059e-05	1.014128e+05	9.715036e-01	7.394503e+00	1.505419e+04	1.505549e+04	1.502941e+04	9.311480e+01	8.685832e+01
	778	357	194.500000	0.750000	1.093433e-04	1.009338e+05	9.310761e-01	9.354709e+00	1.475195e+04	1.475266e+04	1.473578e+04	8.044964e+01	7.541316e+01
	959	357	239.750000	0.750000	1.644948e-05	1.014238e+05	1.613883e+00	8.278300e+00	1.504849e+04	1.505054e+04	1.503003e+04	8.083237e+01	7.499653e+01
	317	359	79.250000	0.250000	4.157284e-05	1.011028e+05	1.634118e+00	6.069330e+00	1.489032e+04	1.489051e+04	1.487978e+04	8.375959e+01	8.308392e+01
	484	359	121.000000	0.250000	7.149437e-05	8.426978e+04	1.366159e+04	5.012543e+00	1.464171e+04	1.464404e+04	1.460003e+04	7.869963e+01	7.929560e+01
	532	360	133.000000	0.000000	1.371489e-04	8.266478e+04	1.706906e+04	5.657302e+00	1.463755e+04	1.463869e+04	1.460791e+04	8.253408e+01	8.255732e+01
	1220	360	305.000000	0.000000	4.130462e-05	9.577878e+04	4.826799e+03	5.142568e+00	1.476467e+04	1.476703e+04	1.472053e+04	8.725195e+01	8.265697e+01
2024	1	3	27	12
	1199	207	299.750000	38.250000	2.073706e-04	9.981982e+04	1.273248e+00	1.857054e+01	1.344101e+04	1.349173e+04	1.311307e+04	8.225919e+01	6.913255e+01
	542	209	135.500000	37.750000	2.801479e-04	8.385082e+04	1.071732e+04	1.243853e+01	1.392140e+04	1.393424e+04	1.371407e+04	8.053083e+01	7.711704e+01
	1073	243	268.250000	29.250000	6.837607e-04	1.004778e+05	8.936473e+02	1.687497e+01	1.468917e+04	1.470077e+04	1.445982e+04	8.003504e+01	7.212690e+01
	717	247	179.250000	28.250000	4.879246e-05	1.018678e+05	1.533728e+00	1.021225e+01	1.524076e+04	1.524457e+04	1.516595e+04	9.100800e+01	8.774609e+01
	528	290	132.000000	17.500000	7.475028e-05	1.009818e+05	1.854943e+00	1.061592e+01	1.488144e+04	1.488919e+04	1.479970e+04	9.102187e+01	8.872144e+01
	276	326	69.000000	8.500000	8.980045e-05	1.008198e+05	1.553679e+00	7.234159e+00	1.462247e+04	1.462654e+04	1.458557e+04	8.910200e+01	8.465257e+01
	906	331	226.500000	7.250000	8.714804e-05	1.010698e+05	1.131906e+00	1.324960e+01	1.484267e+04	1.484552e+04	1.478845e+04	9.181866e+01	9.262701e+01
	1085	335	271.250000	6.250000	3.606686e-05	1.010998e+05	5.951065e+01	1.088591e+01	1.487148e+04	1.487512e+04	1.484582e+04	8.414002e+01	8.333025e+01
	859	340	214.750000	5.000000	5.131722e-04	1.010758e+05	1.152015e+00	1.135845e+01	1.482551e+04	1.482851e+04	1.475295e+04	9.193122e+01	8.317975e+01
	931	340	232.750000	5.000000	1.487741e-05	1.010688e+05	1.292632e+00	7.520637e+00	1.480248e+04	1.480547e+04	1.477632e+04	9.410508e+01	8.999596e+01
	1044	340	261.000000	5.000000	4.729093e-04	1.010658e+05	1.714862e+00	1.003972e+01	1.487252e+04	1.487272e+04	1.477245e+04	8.530695e+01	8.569477e+01
	1137	341	284.250000	4.750000	1.408220e-04	6.739782e+04	3.464610e+04	5.795131e+00	1.492890e+04	1.492877e+04	1.474232e+04	8.734917e+01	8.298489e+01
	1023	348	255.750000	3.000000	4.301728e-04	1.011588e+05	1.372568e+00	7.708069e+00	1.487665e+04	1.487775e+04	1.483195e+04	9.487996e+01	8.973921e+01
	1303	348	325.750000	3.000000	1.383433e-05	1.013578e+05	1.393093e+00	7.698775e+00	1.507385e+04	1.507576e+04	1.505582e+04	7.997594e+01	7.960008e+01
	747	349	186.750000	2.750000	7.754657e-06	1.007858e+05	1.252468e+00	1.118647e+01	1.468132e+04	1.468348e+04	1.464957e+04	7.950978e+01	7.556931e+01
	316	350	79.000000	2.500000	2.140412e-05	1.008858e+05	2.578475e+00	7.088540e+00	1.470648e+04	1.470760e+04	1.469320e+04	8.444749e+01	8.354804e+01
	364	350	91.000000	2.500000	6.822357e-05	1.007888e+05	2.076263e+00	7.585718e+00	1.468525e+04	1.469251e+04	1.461045e+04	7.965736e+01	8.074402e+01
	316	351	79.000000	2.250000	2.787123e-05	1.008858e+05	2.578475e+00	6.781888e+00	1.470575e+04	1.470683e+04	1.469320e+04	8.477323e+01	8.393034e+01
	364	351	91.000000	2.250000	6.107101e-05	1.007888e+05	2.076263e+00	6.994766e+00	1.468666e+04	1.469390e+04	1.461045e+04	7.965342e+01	8.107524e+01
	1364	351	341.000000	2.250000	3.880356e-06	1.013888e+05	1.292343e+00	6.935474e+00	1.508210e+04	1.508305e+04	1.505957e+04	8.159541e+01	7.933491e+01
	713	352	178.250000	2.000000	1.653791e-04	1.008308e+05	1.533920e+00	1.211087e+01	1.470122e+04	1.470326e+04	1.466195e+04	8.467860e+01	8.221513e+01
	1068	355	267.000000	1.250000	1.633773e-05	9.895882e+04	1.229952e+03	8.789394e+00	1.486801e+04	1.486890e+04	1.484220e+04	8.719708e+01	8.601889e+01
	1418	356	354.500000	1.000000	2.933154e-05	1.013028e+05	9.510855e-01	7.762305e+00	1.505211e+04	1.505410e+04	1.502632e+04	7.716752e+01	7.711987e+01
	550	357	137.500000	0.750000	1.782784e-05	9.883082e+04	1.670194e+01	4.184815e+00	1.484908e+04	1.485054e+04	1.482507e+04	8.273403e+01	8.096738e+01
	430	358	107.500000	0.500000	5.892524e-05	9.507682e+04	1.087505e+03	8.476042e+00	1.474208e+04	1.474609e+04	1.467257e+04	9.093909e+01	8.750536e+01
	1252	359	313.000000	0.250000	1.356611e-05	1.000888e+05	6.271570e+02	7.932683e+00	1.504847e+04	1.504853e+04	1.502857e+04	8.961420e+01	8.805066e+01
	1331	359	332.750000	0.250000	6.026123e-06	1.013638e+05	1.373240e+00	7.275084e+00	1.508632e+04	1.508690e+04	1.506732e+04	8.011350e+01	7.818167e+01
2024	1	3	24	18
	979	191	244.750000	42.250000	2.867298e-04	7.449356e+04	2.593877e+04	6.241914e+00	1.439547e+04	1.440990e+04	1.420771e+04	7.803551e+01	7.482114e+01
	1207	204	301.750000	39.000000	2.844648e-04	9.951356e+04	1.513001e+00	1.788515e+01	1.323599e+04	1.328524e+04	1.289796e+04	8.453470e+01	7.185837e+01
	573	206	143.250000	38.500000	5.412714e-04	9.263356e+04	8.211578e+03	1.491129e+01	1.368781e+04	1.370425e+04	1.346271e+04	9.273035e+01	8.457267e+01
	1241	224	310.250000	34.000000	5.376653e-04	1.001196e+05	1.534592e+00	1.828165e+01	1.422541e+04	1.423141e+04	1.400921e+04	8.209141e+01	7.533035e+01
	541	276	135.250000	21.000000	2.673583e-04	1.009296e+05	1.634699e+00	1.162287e+01	1.475684e+04	1.476029e+04	1.464859e+04	9.556066e+01	9.094569e+01
	278	323	69.500000	9.250000	9.140535e-05	1.010656e+05	1.593731e+00	7.154862e+00	1.484213e+04	1.484659e+04	1.479846e+04	8.864586e+01	8.475958e+01
	466	335	116.500000	6.250000	1.464800e-04	8.678256e+04	1.275419e+04	8.496616e+00	1.471071e+04	1.471184e+04	1.468796e+04	8.361779e+01	8.295705e+01
	1041	338	260.250000	5.500000	2.381222e-04	1.012836e+05	1.714862e+00	1.097692e+01	1.501820e+04	1.501718e+04	1.498396e+04	8.827151e+01	8.653252e+01
	836	341	209.000000	4.750000	1.886650e-05	1.011646e+05	1.212252e+00	1.206675e+01	1.496064e+04	1.496201e+04	1.494684e+04	8.601773e+01	8.119157e+01
	958	346	239.500000	3.500000	6.488129e-05	1.013766e+05	1.453177e+00	8.233235e+00	1.505105e+04	1.505293e+04	1.501759e+04	9.481017e+01	9.191608e+01
	618	350	154.500000	2.500000	2.291962e-05	1.007966e+05	1.694440e+00	7.675790e+00	1.465965e+04	1.466154e+04	1.462971e+04	8.715904e+01	8.558887e+01
	555	352	138.750000	2.000000	1.147552e-05	1.007816e+05	3.100722e+00	4.986167e+00	1.465570e+04	1.465806e+04	1.462884e+04	8.421127e+01	8.423914e+01
	375	354	93.750000	1.500000	4.631444e-05	1.006966e+05	4.005316e+00	7.222205e+00	1.479199e+04	1.479306e+04	1.474784e+04	8.169370e+01	8.268819e+01
	760	356	190.000000	1.000000	7.811352e-05	1.008176e+05	1.674424e+00	1.126231e+01	1.468951e+04	1.469206e+04	1.463146e+04	9.164545e+01	8.569631e+01
	1027	356	256.750000	1.000000	1.683994e-05	1.013366e+05	9.703523e-01	8.104548e+00	1.501563e+04	1.501591e+04	1.498271e+04	9.046916e+01	8.682918e+01
	1313	356	328.250000	1.000000	4.173955e-06	1.010946e+05	8.904456e-01	7.099210e+00	1.486623e+04	1.486892e+04	1.484634e+04	8.421272e+01	7.987797e+01
	429	357	107.250000	0.750000	1.884715e-04	9.503756e+04	9.830442e+02	8.124184e+00	1.470546e+04	1.470846e+04	1.464284e+04	9.100267e+01	9.073383e+01
	584	357	146.000000	0.750000	5.723676e-06	1.000456e+05	3.602958e+00	5.527712e+00	1.465336e+04	1.465461e+04	1.463109e+04	8.337892e+01	8.306752e+01
	703	357	175.750000	0.750000	7.671281e-05	1.006226e+05	1.272560e+00	1.208122e+01	1.458352e+04	1.458895e+04	1.448534e+04	8.886784e+01	8.834991e+01
	527	358	131.750000	0.500000	1.150533e-05	8.271656e+04	1.122984e+04	4.299299e+00	1.466931e+04	1.467051e+04	1.464909e+04	8.382758e+01	8.353210e+01
	449	359	112.250000	0.250000	5.430146e-05	8.951556e+04	8.814143e+03	4.830507e+00	1.469100e+04	1.469138e+04	1.466509e+04	9.166455e+01	8.917226e+01
	484	359	121.000000	0.250000	4.702969e-05	8.442056e+04	1.366159e+04	5.756003e+00	1.468561e+04	1.468643e+04	1.467371e+04	8.153126e+01	8.023570e+01
	993	359	248.250000	0.250000	2.467795e-05	1.014206e+05	1.293055e+00	7.420360e+00	1.504726e+04	1.504775e+04	1.503184e+04	9.352806e+01	8.969826e+01
	300	360	75.000000	0.000000	1.868769e-05	1.011336e+05	1.814968e+00	4.233586e+00	1.490726e+04	1.490760e+04	1.488634e+04	8.373923e+01	8.175768e+01
2024	1	4	30	0
	1227	200	306.750000	40.000000	1.559530e-04	9.935067e+04	1.755919e+00	1.647058e+01	1.311544e+04	1.317212e+04	1.282960e+04	8.324943e+01	8.121188e+01
	579	205	144.750000	38.750000	6.564532e-04	9.368067e+04	1.215128e+01	2.043656e+01	1.359939e+04	1.363219e+04	1.316810e+04	9.053150e+01	8.247655e+01
	976	205	244.000000	38.750000	1.295183e-04	7.101267e+04	2.359786e+04	6.761646e+00	1.432836e+04	1.434845e+04	1.408435e+04	7.520544e+01	7.359092e+01
	1254	212	313.500000	37.000000	3.645394e-04	9.968367e+04	1.312698e+00	1.754946e+01	1.394438e+04	1.396238e+04	1.371860e+04	8.399953e+01	8.032759e+01
	355	243	88.750000	29.250000	3.242237e-05	5.040267e+04	5.696430e+04	3.555914e+00	1.498469e+04	1.499279e+04	1.470835e+04	7.536427e+01	6.777858e+01
	730	252	182.500000	27.000000	4.124318e-04	1.015967e+05	1.533728e+00	1.303621e+01	1.506677e+04	1.507267e+04	1.493610e+04	8.956422e+01	8.182709e+01
	568	259	142.000000	25.250000	4.955207e-04	1.011477e+05	3.428284e+01	1.346550e+01	1.484608e+04	1.484774e+04	1.468323e+04	8.422494e+01	8.349915e+01
	540	278	135.000000	20.500000	5.072926e-04	1.011497e+05	1.533197e+00	1.523627e+01	1.493676e+04	1.493755e+04	1.483035e+04	8.999068e+01	8.307625e+01
	817	280	204.250000	20.000000	2.036069e-04	7.646967e+04	2.549661e+04	1.358685e+01	1.515979e+04	1.515953e+04	1.509460e+04	8.015813e+01	7.660049e+01
	274	332	68.500000	7.000000	9.402377e-05	1.008677e+05	1.413320e+00	7.581952e+00	1.471175e+04	1.471659e+04	1.466248e+04	8.936592e+01	8.740788e+01
	1044	337	261.000000	5.750000	9.137136e-05	1.010467e+05	1.714862e+00	8.215592e+00	1.483937e+04	1.484198e+04	1.479948e+04	8.294032e+01	8.456888e+01
	943	341	235.750000	4.750000	6.726128e-05	1.010157e+05	1.112122e+00	8.465906e+00	1.476767e+04	1.476930e+04	1.473923e+04	9.109560e+01	8.699093e+01
	460	345	115.000000	3.750000	7.956964e-05	8.691667e+04	1.352554e+04	7.739409e+00	1.484320e+04	1.484516e+04	1.480623e+04	8.314298e+01	8.330863e+01
	434	347	108.500000	3.250000	5.286676e-05	9.521667e+04	1.521403e+03	1.063390e+01	1.482141e+04	1.482378e+04	1.478235e+04	8.671360e+01	8.617770e+01
	222	348	55.500000	3.000000	1.629931e-05	1.009527e+05	1.332788e+00	7.366405e+00	1.476248e+04	1.476637e+04	1.472848e+04	8.174287e+01	7.911191e+01
	1081	348	270.250000	3.000000	2.830965e-05	1.010337e+05	2.559104e+00	5.826221e+00	1.483579e+04	1.483541e+04	1.481685e+04	9.096272e+01	8.675083e+01
	222	349	55.500000	2.750000	1.629931e-05	1.009527e+05	1.332788e+00	7.269145e+00	1.476205e+04	1.476616e+04	1.472848e+04	8.151455e+01	7.917352e+01
	346	349	86.500000	2.750000	6.815535e-05	1.009007e+05	1.473507e+00	6.032027e+00	1.473429e+04	1.473728e+04	1.469873e+04	7.866413e+01	8.052221e+01
	1237	349	309.250000	2.750000	2.166373e-05	9.762767e+04	1.982706e+03	9.080938e+00	1.497550e+04	1.497593e+04	1.496410e+04	9.158672e+01	8.648977e+01
	766	355	191.500000	1.250000	1.981598e-05	1.006337e+05	1.111916e+00	1.193346e+01	1.454887e+04	1.455107e+04	1.449748e+04	8.251248e+01	8.248795e+01
	523	356	130.750000	1.000000	5.183043e-06	8.800867e+04	2.235076e+03	4.895607e+00	1.492738e+04	1.492833e+04	1.490673e+04	8.372870e+01	8.319316e+01
	618	356	154.500000	1.000000	2.583605e-05	1.010327e+05	1.694440e+00	6.965119e+00	1.484757e+04	1.484918e+04	1.482223e+04	8.658823e+01	8.345029e+01
	366	357	91.500000	0.750000	3.799540e-05	1.008727e+05	2.839612e+00	7.181502e+00	1.473777e+04	1.473913e+04	1.469910e+04	8.505132e+01	8.235183e+01
	694	357	173.500000	0.750000	3.241871e-04	1.007567e+05	1.332845e+00	1.099304e+01	1.467495e+04	1.467895e+04	1.456023e+04	9.027103e+01	8.936368e+01
	1364	357	341.000000	0.750000	1.167995e-05	1.013457e+05	1.072042e+00	7.625464e+00	1.506094e+04	1.506345e+04	1.503773e+04	8.334686e+01	7.908387e+01
	1365	357	341.250000	0.750000	1.269323e-05	1.013457e+05	1.072042e+00	7.790461e+00	1.506021e+04	1.506276e+04	1.503773e+04	8.328677e+01	7.895145e+01
	291	358	72.750000	0.500000	-2.561137e-09	1.009217e+05	2.056071e+00	6.643044e+00	1.474998e+04	1.475095e+04	1.472898e+04	8.011250e+01	8.182154e+01
	1365	358	341.250000	0.500000	1.167995e-05	1.013457e+05	1.072042e+00	7.976876e+00	1.505970e+04	1.506236e+04	1.503773e+04	8.271378e+01	7.825828e+01
	257	360	64.250000	0.000000	2.792221e-05	1.009327e+05	1.111762e+00	7.434309e+00	1.476796e+04	1.476714e+04	1.474385e+04	7.667703e+01	8.130263e+01
	989	360	247.250000	0.000000	1.398148e-06	1.010817e+05	1.293055e+00	6.639175e+00	1.477998e+04	1.478219e+04	1.475810e+04	9.103706e+01	8.700067e+01
2024	1	4	27	6
	172	185	43.000000	43.750000	2.506906e-04	7.217586e+04	2.949020e+04	1.136171e+01	1.376270e+04	1.376690e+04	1.345287e+04	7.571573e+01	7.951448e+01
	1236	194	309.000000	41.500000	2.028281e-04	9.884986e+04	1.293828e+00	1.675815e+01	1.282681e+04	1.289589e+04	1.239499e+04	8.318922e+01	7.873798e+01
	593	209	148.250000	37.750000	7.457668e-04	9.941386e+04	2.698550e+00	2.078230e+01	1.330541e+04	1.335850e+04	1.277199e+04	8.955773e+01	8.107627e+01
	996	220	249.000000	35.000000	1.078183e-04	7.456286e+04	2.708984e+04	5.701994e+00	1.422964e+04	1.424967e+04	1.404474e+04	7.733746e+01	6.767361e+01
	740	254	185.000000	26.500000	7.824237e-04	1.014389e+05	1.272366e+00	1.397948e+01	1.500817e+04	1.501568e+04	1.479687e+04	8.150108e+01	7.918985e+01
	582	255	145.500000	26.250000	6.316835e-04	1.010109e+05	1.292169e+00	1.638559e+01	1.461520e+04	1.461204e+04	1.451062e+04	8.247440e+01	8.178459e+01
	547	274	136.750000	21.500000	3.225142e-04	1.010339e+05	1.634699e+00	1.478370e+01	1.478727e+04	1.478695e+04	1.470512e+04	8.660351e+01	8.292712e+01
	281	325	70.250000	8.750000	1.338655e-04	1.011679e+05	1.794435e+00	8.250664e+00	1.493708e+04	1.493977e+04	1.487637e+04	9.078139e+01	8.828962e+01
	1137	340	284.250000	5.000000	8.040015e-05	6.734886e+04	3.464610e+04	7.157605e+00	1.485454e+04	1.485300e+04	1.468449e+04	8.723611e+01	8.080585e+01
	717	343	179.250000	4.250000	2.121273e-05	1.007159e+05	1.332782e+00	1.218158e+01	1.458758e+04	1.459091e+04	1.453224e+04	8.069791e+01	8.268408e+01
	1423	343	355.750000	4.250000	3.802124e-05	9.850486e+04	1.779446e+03	6.298250e+00	1.494472e+04	1.494513e+04	1.492974e+04	7.928452e+01	7.365868e+01
	1423	344	355.750000	4.000000	1.203362e-05	9.854986e+04	1.131602e+03	6.298250e+00	1.494296e+04	1.494340e+04	1.492974e+04	8.020798e+01	7.478181e+01
	319	348	79.750000	3.000000	6.907620e-06	1.009639e+05	2.578475e+00	6.355552e+00	1.492042e+04	1.492083e+04	1.490574e+04	7.594194e+01	7.841365e+01
	392	348	98.000000	3.000000	8.582417e-05	8.260186e+04	2.103244e+04	5.369007e+00	1.483277e+04	1.483350e+04	1.477099e+04	7.965474e+01	7.949464e+01
	319	349	79.750000	2.750000	7.742085e-06	1.009639e+05	2.578475e+00	6.355552e+00	1.491953e+04	1.491984e+04	1.490574e+04	7.635882e+01	7.858589e+01
	458	349	114.500000	2.750000	9.661261e-05	8.669286e+04	1.352554e+04	7.332764e+00	1.466923e+04	1.467317e+04	1.453049e+04	8.084792e+01	8.132954e+01
	677	352	169.250000	2.000000	1.786882e-04	1.007229e+05	8.707657e-01	1.042888e+01	1.463720e+04	1.464090e+04	1.455287e+04	8.998202e+01	8.137668e+01
	752	354	188.000000	1.500000	2.282206e-05	1.006999e+05	1.674424e+00	1.102802e+01	1.459235e+04	1.459508e+04	1.455262e+04	8.942563e+01	8.614133e+01
	1309	355	327.250000	1.250000	6.132759e-06	1.011089e+05	8.904456e-01	7.150587e+00	1.485616e+04	1.485782e+04	1.483699e+04	8.238733e+01	8.158179e+01
	260	356	65.000000	1.000000	1.328532e-05	1.011619e+05	1.232302e+00	6.715733e+00	1.494679e+04	1.494615e+04	1.493587e+04	8.010758e+01	8.296793e+01
	363	356	90.750000	1.000000	9.333435e-05	1.009729e+05	2.076263e+00	7.993131e+00	1.480300e+04	1.480476e+04	1.476887e+04	8.289314e+01	8.423673e+01
	483	356	120.750000	1.000000	9.327475e-05	8.629486e+04	8.318464e+03	5.465766e+00	1.464386e+04	1.464683e+04	1.458024e+04	8.149665e+01	8.133640e+01
	1077	357	269.250000	0.750000	1.382176e-05	9.900886e+04	2.968146e+03	6.436319e+00	1.489460e+04	1.489577e+04	1.487212e+04	8.632667e+01	8.287650e+01
	1247	358	311.750000	0.500000	2.693478e-05	1.001749e+05	3.964949e+02	9.169551e+00	1.479701e+04	1.479836e+04	1.477112e+04	8.891338e+01	8.778985e+01
	1367	359	341.750000	0.250000	4.165806e-06	1.011799e+05	1.072042e+00	7.250595e+00	1.488354e+04	1.488407e+04	1.487362e+04	8.134521e+01	7.816278e+01
	555	360	138.750000	0.000000	1.388136e-05	9.376786e+04	8.223976e+02	4.700653e+00	1.462356e+04	1.462852e+04	1.459999e+04	8.213170e+01	8.266614e+01
	1000	360	250.000000	0.000000	3.772322e-05	1.013459e+05	1.252049e+00	6.876665e+00	1.500749e+04	1.500724e+04	1.499649e+04	9.351859e+01	8.964674e+01
2024	1	4	29	12
	1242	184	310.500000	44.000000	6.989811e-04	9.850953e+04	1.853069e+00	1.749517e+01	1.266801e+04	1.273943e+04	1.203806e+04	8.712421e+01	7.842357e+01
	609	209	152.250000	37.750000	1.000938e-03	9.904353e+04	2.778682e+00	2.465570e+01	1.320022e+04	1.326221e+04	1.245793e+04	8.919947e+01	8.416964e+01
	1145	211	286.250000	37.250000	2.035175e-04	1.005145e+05	1.494399e+02	1.321074e+01	1.400138e+04	1.401356e+04	1.386518e+04	7.850024e+01	7.837892e+01
	1013	221	253.250000	34.750000	7.739407e-05	6.805453e+04	2.921561e+04	7.651707e+00	1.407114e+04	1.409680e+04	1.370693e+04	7.548676e+01	7.662238e+01
	761	245	190.250000	28.750000	4.323695e-04	1.014725e+05	1.574244e+00	1.129817e+01	1.489273e+04	1.490380e+04	1.473206e+04	8.750011e+01	7.769884e+01
	543	283	135.750000	19.250000	1.811956e-04	1.012815e+05	1.533197e+00	1.337182e+01	1.503746e+04	1.503929e+04	1.497693e+04	8.195803e+01	8.042933e+01
	1072	301	268.000000	14.750000	1.000438e-04	7.625153e+04	2.830908e+04	1.190786e+01	1.502417e+04	1.502439e+04	1.496606e+04	7.707906e+01	7.789998e+01
	266	329	66.500000	7.750000	3.587944e-05	1.008375e+05	1.855317e+00	8.973224e+00	1.465321e+04	1.465555e+04	1.462281e+04	8.476918e+01	8.011105e+01
	1074	331	268.500000	7.250000	5.012495e-05	1.011735e+05	2.338707e+00	5.471527e+00	1.490560e+04	1.490959e+04	1.486781e+04	8.710816e+01	8.536092e+01
	1074	332	268.500000	7.000000	4.225713e-05	1.011735e+05	2.338707e+00	5.533827e+00	1.490521e+04	1.490915e+04	1.486781e+04	8.797379e+01	8.556535e+01
	1314	337	328.500000	5.750000	1.212698e-05	1.013625e+05	1.131803e+00	8.753420e+00	1.505854e+04	1.506077e+04	1.503168e+04	7.754266e+01	7.011783e+01
	456	339	114.000000	5.250000	7.122499e-05	8.689653e+04	1.275419e+04	1.021668e+01	1.484302e+04	1.484579e+04	1.479368e+04	8.030136e+01	8.395322e+01
	1137	340	284.250000	5.000000	8.219224e-05	6.742553e+04	3.464610e+04	7.572083e+00	1.497094e+04	1.497051e+04	1.479856e+04	8.672620e+01	8.076791e+01
	942	341	235.500000	4.750000	1.848612e-04	1.010545e+05	1.112122e+00	8.931751e+00	1.480535e+04	1.480716e+04	1.474918e+04	9.191550e+01	8.820057e+01
	330	342	82.500000	4.500000	6.232876e-07	9.045553e+04	7.339721e+00	7.416525e+00	1.473976e+04	1.474065e+04	1.471668e+04	7.552723e+01	7.846638e+01
	531	346	132.750000	3.500000	2.741558e-05	1.009685e+05	2.277088e+00	6.008110e+00	1.488022e+04	1.488221e+04	1.486281e+04	8.211972e+01	8.214306e+01
	533	347	133.250000	3.250000	2.741558e-05	1.009685e+05	2.277088e+00	6.008110e+00	1.487939e+04	1.488158e+04	1.486281e+04	8.242216e+01	8.239977e+01
	1357	347	339.250000	3.250000	3.961148e-06	1.013535e+05	1.393263e+00	6.207216e+00	1.503485e+04	1.503606e+04	1.501931e+04	8.693180e+01	8.395949e+01
	275	349	68.750000	2.750000	2.687913e-05	1.008495e+05	1.393210e+00	7.849217e+00	1.467129e+04	1.467228e+04	1.462793e+04	8.388678e+01	8.551331e+01
	755	349	188.750000	2.750000	2.634269e-05	1.006455e+05	1.111916e+00	1.189413e+01	1.454201e+04	1.454422e+04	1.448043e+04	8.964070e+01	8.380370e+01
	355	353	88.750000	1.750000	7.220847e-05	1.008425e+05	1.975576e+00	6.768363e+00	1.469853e+04	1.470375e+04	1.463706e+04	8.425422e+01	8.306201e+01
	1377	354	344.250000	1.500000	6.530900e-07	1.013275e+05	1.272547e+00	7.640449e+00	1.503707e+04	1.503758e+04	1.501906e+04	8.038744e+01	7.922369e+01
	485	356	121.250000	1.000000	9.727222e-05	8.656553e+04	8.318464e+03	6.307612e+00	1.484153e+04	1.484434e+04	1.481393e+04	8.306962e+01	8.228581e+01
	959	356	239.750000	1.000000	2.732617e-05	1.010925e+05	1.613883e+00	8.093442e+00	1.477925e+04	1.477916e+04	1.476868e+04	9.251765e+01	8.893918e+01
	993	356	248.250000	1.000000	1.516682e-05	1.011135e+05	1.293055e+00	6.915063e+00	1.479108e+04	1.479255e+04	1.477406e+04	9.113177e+01	8.773947e+01
	428	357	107.000000	0.750000	1.012657e-04	9.770753e+04	3.547992e+02	8.604373e+00	1.480598e+04	1.481024e+04	1.474393e+04	8.174792e+01	8.218120e+01
	959	357	239.750000	0.750000	2.732617e-05	1.010925e+05	1.613883e+00	8.093442e+00	1.477750e+04	1.477731e+04	1.476868e+04	9.276689e+01	8.888046e+01
	930	360	232.500000	0.000000	7.477822e-06	1.010635e+05	1.091637e+00	9.088988e+00	1.473508e+04	1.473789e+04	1.469693e+04	7.546510e+01	7.900851e+01
	1272	360	318.000000	0.000000	1.775962e-05	1.008605e+05	7.906966e-01	8.620811e+00	1.499242e+04	1.499477e+04	1.497031e+04	7.841227e+01	7.990937e+01
2024	1	4	29	18
	1244	182	311.000000	44.500000	4.718977e-04	9.842134e+04	1.853069e+00	1.787368e+01	1.248431e+04	1.255022e+04	1.190737e+04	8.125926e+01	7.378880e+01
	634	204	158.500000	39.000000	1.080491e-03	9.855034e+04	1.634340e+00	2.594090e+01	1.273944e+04	1.281324e+04	1.206637e+04	8.861812e+01	8.819578e+01
	1163	205	290.750000	38.750000	3.415125e-04	1.005583e+05	1.596300e+00	1.419474e+01	1.372193e+04	1.374327e+04	1.354637e+04	8.723597e+01	8.261246e+01
	1013	213	253.250000	36.750000	1.340287e-04	6.611934e+04	3.496985e+04	9.967002e+00	1.415882e+04	1.419323e+04	1.382024e+04	7.591893e+01	7.508293e+01
	760	246	190.000000	28.500000	6.921666e-04	1.010793e+05	1.574244e+00	1.473561e+01	1.476179e+04	1.477289e+04	1.442749e+04	8.361735e+01	7.481335e+01
	1104	321	276.000000	9.750000	1.383203e-04	8.238034e+04	2.245480e+04	9.371382e+00	1.501017e+04	1.501200e+04	1.494837e+04	8.175883e+01	8.019958e+01
	284	324	71.000000	9.000000	1.999813e-04	1.011013e+05	1.794435e+00	8.466636e+00	1.488386e+04	1.488825e+04	1.482062e+04	8.447193e+01	8.106412e+01
	1028	335	257.000000	6.250000	7.430487e-05	1.012963e+05	1.553725e+00	7.537369e+00	1.499646e+04	1.499813e+04	1.497387e+04	9.414304e+01	9.263457e+01
	737	336	184.250000	6.000000	2.075010e-05	1.007913e+05	8.305691e-01	1.115696e+01	1.463475e+04	1.464083e+04	1.458349e+04	8.797829e+01	8.466386e+01
	1028	336	257.000000	6.000000	4.825764e-05	1.012963e+05	1.553725e+00	7.537369e+00	1.499513e+04	1.499676e+04	1.497387e+04	9.408900e+01	9.297390e+01
	710	347	177.500000	3.250000	1.782947e-05	1.008363e+05	1.573879e+00	9.387793e+00	1.468402e+04	1.468583e+04	1.463174e+04	8.246713e+01	8.345115e+01
	761	350	190.250000	2.500000	4.849606e-05	1.007373e+05	1.111916e+00	1.177412e+01	1.464002e+04	1.464187e+04	1.458149e+04	8.998609e+01	8.674227e+01
	360	351	90.000000	2.250000	8.452707e-05	1.010203e+05	2.076263e+00	5.943530e+00	1.481650e+04	1.481879e+04	1.478099e+04	9.139862e+01	8.722311e+01
	1235	351	308.750000	2.250000	3.231340e-05	9.680134e+04	3.099471e+03	7.644114e+00	1.480125e+04	1.480184e+04	1.476637e+04	9.080392e+01	8.961160e+01
	226	352	56.500000	2.000000	2.587610e-05	1.012123e+05	1.332788e+00	8.178509e+00	1.496550e+04	1.496646e+04	1.494287e+04	8.237550e+01	8.288873e+01
	290	353	72.500000	1.750000	1.193064e-04	1.011573e+05	2.056071e+00	8.900912e+00	1.493660e+04	1.493679e+04	1.488124e+04	8.807948e+01	8.595129e+01
	581	353	145.250000	1.750000	5.133683e-06	1.008193e+05	2.357404e+00	2.432783e+00	1.466977e+04	1.467117e+04	1.465474e+04	7.861826e+01	8.085214e+01
	629	353	157.250000	1.750000	1.070672e-05	1.008093e+05	1.694440e+00	7.034778e+00	1.466686e+04	1.466768e+04	1.464187e+04	8.055457e+01	8.052207e+01
	973	353	243.250000	1.750000	2.232962e-05	1.013213e+05	1.011285e+00	6.591640e+00	1.498716e+04	1.498873e+04	1.497362e+04	9.088735e+01	8.913615e+01
	1371	353	342.750000	1.750000	-1.065200e-06	1.011433e+05	1.292343e+00	7.121097e+00	1.487247e+04	1.487189e+04	1.485637e+04	8.476519e+01	8.119176e+01
	1425	353	356.250000	1.750000	8.411938e-06	1.010793e+05	1.855562e+00	5.471084e+00	1.487011e+04	1.487084e+04	1.486049e+04	8.406389e+01	7.964666e+01
	1426	353	356.500000	1.750000	9.395415e-06	1.010793e+05	1.855562e+00	5.471084e+00	1.486958e+04	1.487031e+04	1.486049e+04	8.392075e+01	7.957765e+01
	1063	354	265.750000	1.500000	3.088289e-05	1.011253e+05	2.860012e+00	5.779648e+00	1.495605e+04	1.495716e+04	1.492874e+04	7.577211e+01	7.840819e+01
	1279	357	319.750000	0.750000	1.377636e-05	1.009433e+05	1.332847e+00	8.093866e+00	1.474771e+04	1.475090e+04	1.473074e+04	8.387719e+01	8.072012e+01
	1041	358	260.250000	0.500000	1.249486e-05	1.013363e+05	1.453045e+00	6.689266e+00	1.496856e+04	1.496861e+04	1.496349e+04	8.018165e+01	7.684971e+01
	1309	358	327.250000	0.500000	2.098852e-05	1.009803e+05	8.904456e-01	6.896342e+00	1.476886e+04	1.477090e+04	1.474699e+04	7.856203e+01	7.900810e+01
	546	359	136.500000	0.250000	1.684600e-05	8.777634e+04	2.456040e+03	4.691556e+00	1.468292e+04	1.468580e+04	1.466674e+04	8.189185e+01	8.370198e+01
	43	360	10.750000	0.000000	3.237301e-05	9.283034e+04	6.832545e+03	3.579473e+00	1.486808e+04	1.486764e+04	1.486074e+04	7.634041e+01	6.824846e+01
	914	360	228.500000	0.000000	1.964741e-05	1.013473e+05	8.103890e-01	9.313102e+00	1.496682e+04	1.496752e+04	1.496537e+04	7.841059e+01	7.976962e+01
2024	1	5	27	0
	1181	190	295.250000	42.500000	1.039242e-04	9.840079e+04	1.473545e+03	1.501729e+01	1.334396e+04	1.335722e+04	1.324556e+04	8.804671e+01	7.903945e+01
	661	197	165.250000	40.750000	8.086001e-04	9.807879e+04	1.292996e+00	2.435851e+01	1.239881e+04	1.245778e+04	1.175169e+04	9.229301e+01	9.146037e+01
	1017	211	254.250000	37.250000	8.082739e-05	6.607479e+04	3.496985e+04	8.986496e+00	1.408903e+04	1.411653e+04	1.378931e+04	8.652480e+01	7.959392e+01
	656	235	164.000000	31.250000	7.386541e-04	9.978579e+04	1.072175e+00	2.007081e+01	1.402335e+04	1.402104e+04	1.391044e+04	8.487196e+01	7.462104e+01
	258	246	64.500000	28.500000	1.559888e-04	7.900879e+04	2.102703e+04	5.087389e+00	1.475973e+04	1.476530e+04	1.469681e+04	8.128118e+01	7.397475e+01
	409	250	102.250000	27.500000	2.462021e-05	5.919679e+04	4.439527e+04	3.926216e+00	1.494488e+04	1.494937e+04	1.466019e+04	8.352732e+01	8.663329e+01
	764	251	191.000000	27.250000	3.017818e-04	1.009908e+05	1.352793e+00	1.243422e+01	1.463233e+04	1.465383e+04	1.440069e+04	7.520157e+01	7.240090e+01
	935	315	233.750000	11.250000	1.693121e-05	1.010388e+05	1.212027e+00	1.244873e+01	1.482688e+04	1.482798e+04	1.479969e+04	8.971293e+01	8.740952e+01
	753	324	188.250000	9.000000	1.907698e-05	1.007828e+05	1.573711e+00	1.092242e+01	1.461975e+04	1.462238e+04	1.459419e+04	7.600605e+01	7.542977e+01
	285	326	71.250000	8.500000	1.719629e-04	1.009118e+05	1.855410e+00	8.184201e+00	1.472507e+04	1.472870e+04	1.467781e+04	8.202988e+01	7.804510e+01
	1327	340	331.750000	5.000000	8.282415e-05	1.012428e+05	6.900079e-01	9.335082e+00	1.501209e+04	1.501417e+04	1.493544e+04	8.918972e+01	8.085224e+01
	1137	341	284.250000	4.750000	9.382120e-05	6.737379e+04	3.464610e+04	4.873489e+00	1.487411e+04	1.487524e+04	1.467906e+04	7.845076e+01	7.470406e+01
	722	346	180.500000	3.500000	3.794185e-05	1.008688e+05	7.903677e-01	1.177098e+01	1.471480e+04	1.471651e+04	1.466269e+04	9.036968e+01	8.409864e+01
	392	348	98.000000	3.000000	4.554144e-05	8.255079e+04	2.103244e+04	5.505138e+00	1.479826e+04	1.480121e+04	1.474819e+04	8.140434e+01	8.098475e+01
	754	350	188.500000	2.500000	2.903095e-05	1.006778e+05	1.674424e+00	9.508887e+00	1.460455e+04	1.460392e+04	1.455994e+04	8.342023e+01	8.281520e+01
	631	351	157.750000	2.250000	1.934520e-05	1.010418e+05	1.372980e+00	6.491889e+00	1.487046e+04	1.487158e+04	1.484856e+04	8.058945e+01	7.934457e+01
	352	352	88.000000	2.000000	9.578816e-05	1.008958e+05	1.975576e+00	7.017181e+00	1.471211e+04	1.471553e+04	1.466831e+04	8.689466e+01	8.557849e+01
	690	352	172.500000	2.000000	2.413427e-04	1.009038e+05	1.312749e+00	8.033029e+00	1.480973e+04	1.480997e+04	1.471294e+04	8.006054e+01	7.551467e+01
	275	356	68.750000	1.000000	1.386157e-05	1.009578e+05	1.332857e+00	8.137585e+00	1.474614e+04	1.474624e+04	1.471781e+04	8.793347e+01	8.536229e+01
	1232	356	308.000000	1.000000	2.190820e-05	9.591379e+04	4.012635e+03	8.275461e+00	1.495407e+04	1.495585e+04	1.490744e+04	9.212339e+01	9.105928e+01
	1270	356	317.500000	1.000000	1.493446e-05	1.011508e+05	1.172782e+00	8.534479e+00	1.494934e+04	1.495229e+04	1.492344e+04	8.320590e+01	8.146553e+01
	326	357	81.500000	0.750000	1.174561e-05	1.008958e+05	2.578475e+00	6.064540e+00	1.472499e+04	1.472570e+04	1.470794e+04	7.669714e+01	7.727383e+01
	923	357	230.750000	0.750000	2.712361e-05	1.008378e+05	8.103890e-01	7.923377e+00	1.461029e+04	1.461107e+04	1.460406e+04	7.753662e+01	7.941083e+01
	975	357	243.750000	0.750000	1.874915e-05	1.009588e+05	8.908572e-01	5.780854e+00	1.468270e+04	1.468420e+04	1.467169e+04	8.923598e+01	8.708271e+01
	494	358	123.500000	0.500000	5.931011e-05	8.796479e+04	1.010541e+04	5.803542e+00	1.492115e+04	1.492318e+04	1.489781e+04	8.403092e+01	8.277467e+01
	550	359	137.500000	0.250000	1.415960e-05	9.669179e+04	1.055851e+03	4.855952e+00	1.493382e+04	1.493399e+04	1.492544e+04	8.349658e+01	8.229065e+01
	303	360	75.750000	0.000000	2.208864e-06	1.009208e+05	1.814968e+00	6.552373e+00	1.473113e+04	1.473187e+04	1.470006e+04	8.240244e+01	8.189373e+01
2024	1	5	27	6
	15	185	3.750000	43.750000	1.681396e-04	7.621749e+04	1.900968e+04	1.012674e+01	1.358258e+04	1.359056e+04	1.349772e+04	8.781340e+01	8.592970e+01
	539	185	134.750000	43.750000	3.009685e-04	8.923349e+04	8.665004e+03	1.283079e+01	1.340268e+04	1.341355e+04	1.327784e+04	7.601314e+01	7.725121e+01
	684	191	171.000000	42.250000	8.375891e-04	9.756749e+04	1.795608e+00	2.284654e+01	1.195549e+04	1.202769e+04	1.118034e+04	9.251900e+01	9.266139e+01
	1196	196	299.000000	41.000000	6.435164e-04	9.923149e+04	1.513001e+00	2.000036e+01	1.298518e+04	1.302373e+04	1.255372e+04	9.167133e+01	8.121024e+01
	567	200	141.750000	40.000000	1.832494e-04	9.342949e+04	8.211578e+03	1.594399e+01	1.395241e+04	1.395443e+04	1.379822e+04	7.508869e+01	7.363277e+01
	1315	202	328.750000	39.500000	6.960281e-04	9.977749e+04	7.023961e+02	1.754139e+01	1.391979e+04	1.393655e+04	1.366522e+04	7.900121e+01	7.829171e+01
	1030	221	257.500000	34.750000	2.688118e-04	7.071149e+04	1.779844e+04	9.655630e+00	1.412311e+04	1.415749e+04	1.382072e+04	8.166807e+01	7.909941e+01
	267	247	66.750000	28.250000	6.624544e-05	7.610149e+04	2.310577e+04	4.539581e+00	1.498373e+04	1.498723e+04	1.491597e+04	8.092343e+01	6.674444e+01
	1101	334	275.250000	6.500000	2.201879e-05	8.977149e+04	8.520700e+00	3.129426e+00	1.488560e+04	1.488886e+04	1.485797e+04	8.500006e+01	8.354533e+01
	1137	340	284.250000	5.000000	1.090714e-04	6.735549e+04	3.464610e+04	5.138851e+00	1.489408e+04	1.489477e+04	1.472259e+04	8.547732e+01	7.939548e+01
	783	341	195.750000	4.750000	2.161213e-04	1.007235e+05	1.031385e+00	1.324835e+01	1.460742e+04	1.461108e+04	1.453697e+04	9.320909e+01	8.840957e+01
	463	344	115.750000	4.000000	1.110681e-04	8.679049e+04	1.352554e+04	7.142280e+00	1.477039e+04	1.477083e+04	1.472059e+04	8.292032e+01	8.221992e+01
	604	344	151.000000	4.000000	8.779252e-05	1.008115e+05	1.774531e+00	5.585745e+00	1.464214e+04	1.464293e+04	1.461284e+04	8.998431e+01	8.025410e+01
	956	346	239.000000	3.500000	4.495028e-06	1.011095e+05	1.453177e+00	9.024479e+00	1.487488e+04	1.487640e+04	1.485734e+04	8.328978e+01	8.477914e+01
	1015	347	253.750000	3.250000	2.952898e-05	1.011925e+05	1.372568e+00	5.860569e+00	1.489815e+04	1.489921e+04	1.488197e+04	9.221556e+01	9.118589e+01
	350	351	87.500000	2.250000	1.250156e-04	1.010475e+05	1.473507e+00	8.366158e+00	1.484540e+04	1.485061e+04	1.479534e+04	8.890164e+01	8.656342e+01
	395	351	98.750000	2.250000	5.062902e-05	8.256749e+04	1.881755e+04	4.193305e+00	1.481958e+04	1.482102e+04	1.473897e+04	8.135928e+01	8.273385e+01
	1294	351	323.500000	2.250000	9.203795e-06	1.009895e+05	1.594022e+00	9.575057e+00	1.476242e+04	1.476361e+04	1.474822e+04	8.573921e+01	8.522890e+01
	740	353	185.000000	1.750000	5.813921e-05	1.008175e+05	8.908540e-01	9.066153e+00	1.469681e+04	1.469916e+04	1.467009e+04	7.575685e+01	8.136116e+01
	299	355	74.750000	1.250000	-1.138961e-05	1.011795e+05	2.015900e+00	8.651980e+00	1.493895e+04	1.493869e+04	1.491947e+04	8.506796e+01	8.379797e+01
	684	355	171.000000	1.250000	1.046010e-04	1.008615e+05	6.498451e-01	7.097757e+00	1.470356e+04	1.470406e+04	1.466084e+04	7.547920e+01	7.446297e+01
	242	356	60.500000	1.000000	2.571428e-05	1.012365e+05	1.875327e+00	7.603099e+00	1.498459e+04	1.498321e+04	1.495622e+04	8.242413e+01	7.953938e+01
	421	356	105.250000	1.000000	6.207312e-05	9.872349e+04	9.713903e+02	9.500031e+00	1.478528e+04	1.478851e+04	1.475359e+04	9.113927e+01	8.629800e+01
	534	357	133.500000	0.750000	1.742924e-05	8.264549e+04	1.551026e+04	6.089513e+00	1.462308e+04	1.462462e+04	1.459934e+04	8.345203e+01	8.371608e+01
	1208	359	302.000000	0.250000	1.814449e-05	9.572349e+04	5.031323e+03	3.738206e+00	1.482996e+04	1.483046e+04	1.480584e+04	8.688799e+01	8.436365e+01
	1238	359	309.500000	0.250000	1.066411e-05	9.747949e+04	2.224283e+03	7.405906e+00	1.477609e+04	1.477836e+04	1.474759e+04	9.046420e+01	9.063044e+01
	1318	359	329.500000	0.250000	1.328671e-05	1.009775e+05	6.896696e-01	7.824402e+00	1.476307e+04	1.476574e+04	1.473722e+04	7.700986e+01	7.789315e+01
2024	1	5	31	12
	545	180	136.250000	45.000000	2.032078e-04	8.896316e+04	9.998501e+03	1.147532e+01	1.340045e+04	1.341105e+04	1.330219e+04	8.966133e+01	8.402477e+01
	700	184	175.000000	44.000000	7.812537e-04	9.700916e+04	2.237939e+00	2.307680e+01	1.151645e+04	1.159937e+04	1.075894e+04	9.071335e+01	9.196175e+01
	172	185	43.000000	43.750000	2.465106e-04	7.209316e+04	2.949020e+04	1.251708e+01	1.369003e+04	1.369647e+04	1.343757e+04	7.576758e+01	7.668118e+01
	1005	185	251.250000	43.750000	1.353777e-04	6.952416e+04	3.163678e+04	6.621782e+00	1.424238e+04	1.423813e+04	1.410357e+04	8.097461e+01	7.777274e+01
	20	188	5.000000	43.000000	2.819158e-04	7.599216e+04	2.095305e+04	1.161021e+01	1.347474e+04	1.349773e+04	1.328344e+04	9.224981e+01	8.607512e+01
	1208	193	302.000000	41.750000	1.266674e-03	9.809916e+04	1.513001e+00	2.417860e+01	1.254198e+04	1.261107e+04	1.166082e+04	9.232957e+01	8.253555e+01
	1329	203	332.250000	39.250000	6.391562e-04	9.997716e+04	1.868094e+03	1.959751e+01	1.422853e+04	1.423987e+04	1.405032e+04	7.698535e+01	7.652225e+01
	1036	220	259.000000	35.000000	2.519942e-04	7.843216e+04	1.356417e+04	6.768394e+00	1.398163e+04	1.401416e+04	1.373169e+04	8.416067e+01	7.881004e+01
	786	228	196.500000	33.000000	2.552129e-04	1.013972e+05	1.594998e+00	1.152752e+01	1.487031e+04	1.487871e+04	1.475444e+04	7.749064e+01	6.417300e+01
	1057	239	264.250000	30.250000	6.362058e-04	9.453616e+04	3.023979e+03	1.230430e+01	1.427828e+04	1.428883e+04	1.414644e+04	7.743214e+01	7.076556e+01
	297	322	74.250000	9.500000	9.156833e-05	8.748316e+04	3.512028e+01	7.623009e+00	1.473114e+04	1.473592e+04	1.466969e+04	8.527872e+01	8.044702e+01
	921	325	230.250000	8.750000	3.494392e-05	1.007572e+05	9.911466e-01	1.315670e+01	1.461731e+04	1.461920e+04	1.459269e+04	8.668674e+01	8.408125e+01
	881	328	220.250000	8.000000	3.166567e-05	1.006982e+05	1.292815e+00	1.430683e+01	1.458209e+04	1.458413e+04	1.456457e+04	9.110099e+01	8.821842e+01
	793	339	198.250000	5.250000	2.406607e-05	1.006842e+05	1.272653e+00	1.033881e+01	1.459484e+04	1.459863e+04	1.450007e+04	8.759702e+01	8.587461e+01
	1035	339	258.750000	5.250000	6.653438e-05	1.010182e+05	1.614209e+00	5.655801e+00	1.475345e+04	1.475348e+04	1.473332e+04	9.182785e+01	8.819799e+01
	773	341	193.250000	4.750000	6.898500e-04	1.007882e+05	7.702211e-01	1.524850e+01	1.466735e+04	1.466702e+04	1.455769e+04	9.121614e+01	8.721493e+01
	1137	341	284.250000	4.750000	8.271704e-05	6.739416e+04	3.464610e+04	5.504179e+00	1.495127e+04	1.494967e+04	1.478607e+04	8.478968e+01	7.739504e+01
	968	342	242.000000	4.500000	1.593004e-05	1.008152e+05	1.252741e+00	8.111027e+00	1.459302e+04	1.459608e+04	1.455969e+04	8.397723e+01	8.712774e+01
	967	343	241.750000	4.250000	7.615192e-06	1.008122e+05	1.252741e+00	8.099942e+00	1.458943e+04	1.459243e+04	1.455969e+04	8.479491e+01	8.719254e+01
	539	345	134.750000	3.750000	4.187925e-06	1.010192e+05	1.995751e+00	6.173520e+00	1.488052e+04	1.488438e+04	1.484044e+04	7.918698e+01	7.805930e+01
	388	346	97.000000	3.500000	5.452405e-05	8.259416e+04	2.103244e+04	6.438941e+00	1.484117e+04	1.484319e+04	1.479319e+04	8.219482e+01	8.106676e+01
	568	346	142.000000	3.500000	3.586779e-05	1.010812e+05	1.573918e+00	7.621621e+00	1.491873e+04	1.491935e+04	1.490369e+04	8.164228e+01	7.402975e+01
	611	348	152.750000	3.000000	7.346971e-06	1.010752e+05	1.352788e+00	5.769373e+00	1.489622e+04	1.489739e+04	1.486357e+04	8.452939e+01	8.060694e+01
	1332	349	333.000000	2.750000	1.475913e-06	1.011962e+05	9.111741e-01	7.836651e+00	1.493796e+04	1.493958e+04	1.491269e+04	7.558659e+01	7.705122e+01
	425	350	106.250000	2.500000	3.929506e-05	9.878116e+04	3.512205e+02	9.667254e+00	1.481088e+04	1.481800e+04	1.475644e+04	8.380251e+01	8.333813e+01
	1286	350	321.500000	2.500000	2.817879e-05	1.011722e+05	1.594022e+00	9.373199e+00	1.492777e+04	1.493001e+04	1.490394e+04	8.827320e+01	8.203311e+01
	753	351	188.250000	2.250000	2.972852e-05	1.008312e+05	1.674424e+00	5.183711e+00	1.470270e+04	1.470672e+04	1.465582e+04	7.609511e+01	8.112896e+01
	348	352	87.000000	2.000000	3.484346e-04	1.009582e+05	1.473507e+00	8.806011e+00	1.478863e+04	1.479194e+04	1.470307e+04	8.516913e+01	8.290799e+01
	898	356	224.500000	1.000000	3.112922e-05	1.006642e+05	1.232426e+00	9.509204e+00	1.446942e+04	1.447241e+04	1.444994e+04	8.581731e+01	8.527492e+01
	293	357	73.250000	0.750000	2.892385e-05	1.009442e+05	2.056071e+00	9.404099e+00	1.475382e+04	1.475638e+04	1.471732e+04	8.837443e+01	8.236456e+01
	637	360	159.250000	0.000000	1.205574e-05	1.010582e+05	1.634048e+00	5.005067e+00	1.490235e+04	1.490265e+04	1.486944e+04	7.607339e+01	7.563623e+01
2024	1	5	30	18
	602	180	150.500000	45.000000	4.020517e-04	9.910616e+04	2.086011e+03	1.463026e+01	1.314070e+04	1.316941e+04	1.286849e+04	7.546951e+01	7.720048e+01
	546	183	136.500000	44.250000	1.924818e-04	8.962016e+04	9.998501e+03	1.135757e+01	1.345383e+04	1.346613e+04	1.332911e+04	7.595483e+01	7.667631e+01
	32	185	8.000000	43.750000	6.705706e-04	7.445916e+04	2.479905e+04	1.491278e+01	1.339078e+04	1.341848e+04	1.304711e+04	8.976588e+01	8.588434e+01
	1221	192	305.250000	42.000000	1.101453e-03	9.738416e+04	1.432155e+00	2.652805e+01	1.209152e+04	1.218413e+04	1.104311e+04	8.710960e+01	8.326070e+01
	1332	193	333.000000	41.750000	4.107242e-04	9.987916e+04	2.729133e+00	1.624503e+01	1.382281e+04	1.383667e+04	1.367761e+04	8.129202e+01	8.007697e+01
	1333	193	333.250000	41.750000	4.107242e-04	9.991516e+04	2.729133e+00	1.624503e+01	1.384866e+04	1.386164e+04	1.367761e+04	8.163091e+01	7.921413e+01
	1046	214	261.500000	36.500000	1.204198e-04	8.851116e+04	8.816729e+03	8.327760e+00	1.396127e+04	1.398261e+04	1.378761e+04	9.488740e+01	8.070960e+01
	792	219	198.000000	35.250000	4.499441e-04	1.014642e+05	1.594998e+00	1.192114e+01	1.487414e+04	1.488477e+04	1.466011e+04	7.769312e+01	6.832958e+01
	1069	242	267.250000	29.500000	3.451293e-04	9.964716e+04	9.837239e+02	1.533481e+01	1.428248e+04	1.430188e+04	1.401336e+04	8.405865e+01	7.324071e+01
	436	321	109.000000	9.750000	7.141149e-06	8.764716e+04	7.174810e+03	1.384636e+01	1.492642e+04	1.492755e+04	1.488161e+04	8.088885e+01	7.901466e+01
	321	331	80.250000	7.250000	7.634214e-05	8.807816e+04	1.438166e+04	7.278814e+00	1.492959e+04	1.493101e+04	1.490174e+04	8.133875e+01	8.164502e+01
	1008	337	252.000000	5.750000	2.183800e-04	1.011252e+05	1.674245e+00	7.525600e+00	1.485918e+04	1.486092e+04	1.483649e+04	9.171455e+01	8.992123e+01
	1009	337	252.250000	5.750000	2.183800e-04	1.011252e+05	1.674245e+00	7.387985e+00	1.485900e+04	1.486073e+04	1.483649e+04	9.143914e+01	9.017265e+01
	771	338	192.750000	5.500000	1.186912e-04	1.008982e+05	7.702211e-01	1.188617e+01	1.483315e+04	1.483755e+04	1.470174e+04	8.263885e+01	8.661500e+01
	556	346	139.000000	3.500000	3.247312e-05	1.008832e+05	2.498301e+00	8.307058e+00	1.473267e+04	1.473302e+04	1.471649e+04	7.852902e+01	7.253857e+01
	515	349	128.750000	2.750000	4.126481e-05	9.627216e+04	5.294975e+03	7.154609e+00	1.471174e+04	1.471691e+04	1.467424e+04	8.931905e+01	8.810881e+01
	1237	350	309.250000	2.500000	8.572987e-05	9.734916e+04	1.982706e+03	1.134582e+01	1.472977e+04	1.472968e+04	1.467799e+04	9.601965e+01	9.002356e+01
	848	352	212.000000	2.000000	2.383045e-05	1.010182e+05	9.712098e-01	1.052844e+01	1.477490e+04	1.477843e+04	1.473849e+04	7.575053e+01	7.878603e+01
	347	355	86.750000	1.250000	4.048531e-04	1.010862e+05	1.473507e+00	8.479255e+00	1.490462e+04	1.490758e+04	1.481111e+04	8.350466e+01	8.057619e+01
	726	356	181.500000	1.000000	3.995351e-05	1.009752e+05	9.109490e-01	5.286785e+00	1.479506e+04	1.479576e+04	1.477424e+04	8.702123e+01	8.215946e+01
	295	357	73.750000	0.750000	3.211549e-05	1.011282e+05	1.955620e+00	9.388497e+00	1.490622e+04	1.490749e+04	1.489911e+04	8.353730e+01	8.049116e+01
	726	357	181.500000	0.750000	3.995351e-05	1.009722e+05	9.109490e-01	4.941054e+00	1.479429e+04	1.479483e+04	1.477424e+04	8.707652e+01	8.157392e+01
	914	357	228.500000	0.750000	1.003197e-05	1.010572e+05	8.103890e-01	9.083115e+00	1.479301e+04	1.479654e+04	1.476124e+04	8.813892e+01	8.734678e+01
	1284	357	321.000000	0.750000	2.237014e-05	1.008472e+05	1.393162e+00	8.544495e+00	1.468346e+04	1.468600e+04	1.465236e+04	8.034261e+01	7.941953e+01
	66	358	16.500000	0.500000	2.341322e-05	9.393716e+04	5.391765e+03	2.467738e+00	1.487062e+04	1.487117e+04	1.485199e+04	7.864291e+01	7.158991e+01
	580	358	145.000000	0.500000	1.322082e-05	1.006992e+05	2.317262e+00	5.909450e+00	1.469476e+04	1.469641e+04	1.467111e+04	8.025857e+01	7.953083e+01
	889	358	222.250000	0.500000	6.430200e-05	1.010522e+05	1.192116e+00	9.512856e+00	1.479004e+04	1.479190e+04	1.475849e+04	8.085242e+01	8.229066e+01
	1018	358	254.500000	0.500000	2.412847e-05	1.011632e+05	9.511032e-01	7.601615e+00	1.483912e+04	1.483928e+04	1.482711e+04	8.614631e+01	8.118225e+01
	437	360	109.250000	0.000000	2.543977e-05	9.515316e+04	6.177788e+03	5.293571e+00	1.480727e+04	1.480952e+04	1.477949e+04	8.469988e+01	8.477831e+01
	973	360	243.250000	0.000000	5.293405e-06	1.010992e+05	8.908572e-01	9.253595e+00	1.481239e+04	1.481455e+04	1.479249e+04	8.868430e+01	8.329458e+01
2024	1	6	26	0
	35	183	8.750000	44.250000	3.964074e-04	7.433006e+04	2.739524e+04	1.348754e+01	1.331579e+04	1.334166e+04	1.308338e+04	9.197083e+01	8.605954e+01
	1235	189	308.750000	42.750000	7.793375e-04	9.700806e+04	1.732668e+00	2.784709e+01	1.183983e+04	1.193601e+04	1.054888e+04	8.139677e+01	8.098222e+01
	1054	206	263.500000	38.500000	9.927829e-05	9.171806e+04	5.971390e+03	5.611322e+00	1.380194e+04	1.381562e+04	1.367962e+04	9.313331e+01	8.422211e+01
	792	209	198.000000	37.750000	2.433725e-04	1.010811e+05	1.875114e+00	1.216008e+01	1.451667e+04	1.452036e+04	1.434062e+04	7.823016e+01	6.920963e+01
	409	254	102.250000	26.500000	2.068956e-05	5.983207e+04	3.520895e+04	2.827752e+00	1.512454e+04	1.512979e+04	1.494162e+04	8.444109e+01	8.207961e+01
	239	324	59.750000	9.000000	7.770141e-05	1.011811e+05	2.036064e+00	7.503244e+00	1.483000e+04	1.483352e+04	1.479088e+04	7.917469e+01	8.123146e+01
	841	336	210.250000	6.000000	4.286249e-05	1.006841e+05	8.907522e-01	1.166993e+01	1.455408e+04	1.455488e+04	1.452425e+04	9.479539e+01	8.916162e+01
	330	343	82.500000	4.250000	1.991470e-05	9.359706e+04	4.606734e+00	4.856841e+00	1.474056e+04	1.474323e+04	1.470838e+04	7.663496e+01	7.764582e+01
	594	347	148.500000	3.250000	7.522781e-05	1.010901e+05	2.458132e+00	6.891705e+00	1.491604e+04	1.491821e+04	1.487788e+04	8.378469e+01	7.475711e+01
	938	349	234.500000	2.750000	1.088460e-05	1.006871e+05	1.433130e+00	8.654103e+00	1.449673e+04	1.449968e+04	1.447050e+04	9.018732e+01	8.937411e+01
	1335	351	333.750000	2.250000	-1.900597e-06	1.011971e+05	1.212281e+00	7.889847e+00	1.494907e+04	1.495023e+04	1.491950e+04	7.596745e+01	7.663454e+01
	504	354	126.000000	1.500000	7.788022e-05	9.372206e+04	5.999781e+03	8.676133e+00	1.494844e+04	1.494928e+04	1.491112e+04	9.210242e+01	8.912340e+01
	1286	354	321.500000	1.500000	1.189788e-05	1.010301e+05	1.393162e+00	9.104308e+00	1.485265e+04	1.485447e+04	1.482212e+04	7.881625e+01	7.824850e+01
	221	355	55.250000	1.250000	6.047566e-05	1.010991e+05	1.312810e+00	8.143426e+00	1.485856e+04	1.485919e+04	1.483125e+04	7.803358e+01	7.705211e+01
	417	355	104.250000	1.250000	5.612453e-05	9.814906e+04	2.996215e+03	7.602407e+00	1.484437e+04	1.484674e+04	1.481212e+04	8.701614e+01	8.843191e+01
	737	355	184.250000	1.250000	7.773121e-05	1.008921e+05	9.109490e-01	9.097176e+00	1.473664e+04	1.473839e+04	1.470575e+04	8.890233e+01	8.522078e+01
	880	355	220.000000	1.250000	2.918323e-05	1.005741e+05	9.109685e-01	9.736079e+00	1.440511e+04	1.441005e+04	1.436612e+04	7.975911e+01	7.986377e+01
	882	355	220.500000	1.250000	2.918323e-05	1.005741e+05	9.109685e-01	9.736079e+00	1.440551e+04	1.441050e+04	1.436612e+04	8.123526e+01	8.097793e+01
	658	356	164.500000	1.000000	1.162966e-05	1.010011e+05	1.111828e+00	7.600719e+00	1.484025e+04	1.484207e+04	1.481638e+04	7.958968e+01	7.749522e+01
	880	356	220.000000	1.000000	2.918323e-05	1.005741e+05	9.109685e-01	9.736079e+00	1.440585e+04	1.441092e+04	1.436612e+04	7.838222e+01	7.889553e+01
	349	357	87.250000	0.750000	2.025135e-04	1.008631e+05	1.473507e+00	8.516879e+00	1.472927e+04	1.473423e+04	1.466050e+04	7.734280e+01	7.490566e+01
	632	357	158.000000	0.750000	1.228531e-05	1.010621e+05	1.372980e+00	6.459050e+00	1.489184e+04	1.489277e+04	1.487475e+04	7.733065e+01	7.772314e+01
	527	358	131.750000	0.500000	3.031571e-05	8.298406e+04	1.122984e+04	6.109497e+00	1.493751e+04	1.493953e+04	1.490150e+04	8.693537e+01	8.703812e+01
	221	359	55.250000	0.250000	6.047566e-05	1.010991e+05	1.312810e+00	7.295235e+00	1.485551e+04	1.485523e+04	1.483125e+04	7.733798e+01	7.702502e+01
	445	360	111.250000	0.000000	1.916965e-05	9.151206e+04	6.177788e+03	3.002758e+00	1.484809e+04	1.484881e+04	1.482800e+04	8.312515e+01	8.326791e+01
	446	360	111.500000	0.000000	1.916965e-05	9.151206e+04	7.107066e+03	2.643440e+00	1.484986e+04	1.485051e+04	1.482800e+04	8.308068e+01	8.317295e+01
2024	1	6	26	6
	37	183	9.250000	44.250000	3.177058e-04	7.429603e+04	2.341892e+04	1.295836e+01	1.321734e+04	1.324796e+04	1.294285e+04	8.977540e+01	8.592307e+01
	560	183	140.000000	44.250000	1.416933e-04	8.948603e+04	6.316450e+03	1.195857e+01	1.324954e+04	1.326103e+04	1.312023e+04	8.129053e+01	8.015985e+01
	1250	184	312.500000	44.000000	6.317925e-04	9.693203e+04	1.853069e+00	2.736662e+01	1.152317e+04	1.161705e+04	1.043785e+04	8.597488e+01	8.181764e+01
	1061	201	265.250000	39.750000	7.708184e-05	9.398403e+04	4.391344e+03	3.266136e+00	1.365442e+04	1.366700e+04	1.353210e+04	8.899094e+01	8.597491e+01
	1075	219	268.750000	35.250000	1.734924e-04	9.471703e+04	5.467914e+03	5.925944e+00	1.370200e+04	1.372078e+04	1.357473e+04	9.205327e+01	8.858271e+01
	888	302	222.000000	14.500000	5.019829e-06	1.013960e+05	8.908049e-01	1.406765e+01	1.499216e+04	1.499599e+04	1.496223e+04	8.954553e+01	8.705159e+01
	342	306	85.500000	13.500000	1.757275e-04	1.012040e+05	2.999829e+00	8.931359e+00	1.495938e+04	1.496241e+04	1.492060e+04	7.842851e+01	6.227200e+01
	1051	331	262.750000	7.250000	2.552383e-05	1.010340e+05	1.855135e+00	6.568600e+00	1.480487e+04	1.480652e+04	1.478048e+04	7.770101e+01	8.096457e+01
	881	333	220.250000	6.750000	3.300421e-05	1.009360e+05	1.292815e+00	1.391323e+01	1.477385e+04	1.477744e+04	1.469385e+04	8.491151e+01	8.417365e+01
	297	335	74.250000	6.250000	2.513062e-04	1.009950e+05	2.216607e+00	7.689510e+00	1.492966e+04	1.493170e+04	1.486173e+04	8.802230e+01	8.328339e+01
	753	341	188.250000	4.750000	2.759527e-04	1.009390e+05	6.898842e-01	1.069266e+01	1.479683e+04	1.479924e+04	1.473473e+04	9.220201e+01	8.831232e+01
	985	341	246.250000	4.750000	6.367080e-05	1.010210e+05	5.895229e-01	8.112688e+00	1.477908e+04	1.478051e+04	1.474848e+04	9.557954e+01	8.974141e+01
	1137	341	284.250000	4.750000	1.064073e-04	6.735003e+04	3.464610e+04	4.433157e+00	1.484540e+04	1.484632e+04	1.460810e+04	7.865491e+01	7.400217e+01
	1267	346	316.750000	3.500000	1.755785e-04	1.009460e+05	1.513235e+00	1.006735e+01	1.473263e+04	1.473686e+04	1.470048e+04	8.692531e+01	8.243407e+01
	460	349	115.000000	2.750000	7.261150e-05	8.672603e+04	1.352554e+04	5.662196e+00	1.467969e+04	1.468259e+04	1.460110e+04	8.130382e+01	7.878706e+01
	931	349	232.750000	2.750000	3.023259e-05	1.010250e+05	1.131945e+00	8.784623e+00	1.478126e+04	1.478255e+04	1.475798e+04	9.056045e+01	9.046889e+01
	412	350	103.000000	2.500000	5.535595e-05	9.131303e+04	6.361365e+03	6.993946e+00	1.479101e+04	1.479283e+04	1.476685e+04	9.060843e+01	8.976852e+01
	46	352	11.500000	2.000000	3.219955e-05	9.318403e+04	7.027008e+03	5.620980e+00	1.500208e+04	1.500356e+04	1.497110e+04	7.734109e+01	7.127829e+01
	728	353	182.000000	1.750000	1.893751e-05	1.009150e+05	9.109490e-01	9.733244e+00	1.474964e+04	1.475047e+04	1.470760e+04	8.613651e+01	8.235034e+01
	1234	353	308.500000	1.750000	3.463458e-04	9.691003e+04	3.782592e+03	9.744197e+00	1.477013e+04	1.477248e+04	1.469523e+04	9.391616e+01	8.881926e+01
	353	356	88.250000	1.000000	1.332592e-04	1.010300e+05	1.593932e+00	6.997267e+00	1.485050e+04	1.485235e+04	1.480435e+04	8.540624e+01	7.971702e+01
	1002	356	250.500000	1.000000	2.397411e-05	1.010390e+05	1.151924e+00	8.139651e+00	1.476356e+04	1.476498e+04	1.473573e+04	8.389684e+01	7.966435e+01
	485	359	121.250000	0.250000	8.152239e-05	8.429603e+04	1.366159e+04	7.472425e+00	1.464832e+04	1.464988e+04	1.461385e+04	8.281080e+01	8.207854e+01
	293	360	73.250000	0.000000	3.205054e-05	1.011510e+05	1.955620e+00	9.232287e+00	1.492935e+04	1.492959e+04	1.489835e+04	7.722136e+01	7.945395e+01
	515	360	128.750000	0.000000	4.415028e-05	9.617303e+04	5.461909e+03	4.920228e+00	1.463988e+04	1.464058e+04	1.460610e+04	8.870039e+01	8.788622e+01
	1081	360	270.250000	0.000000	2.597086e-05	9.886503e+04	2.968146e+03	5.998511e+00	1.478995e+04	1.479040e+04	1.477785e+04	8.743300e+01	8.578343e+01
2024	1	6	26	12
	661	180	165.250000	45.000000	4.358562e-04	9.987670e+04	2.196176e+00	1.691867e+01	1.280350e+04	1.282346e+04	1.261518e+04	7.741245e+01	7.607922e+01
	600	181	150.000000	44.750000	2.024742e-04	9.943670e+04	2.086011e+03	1.096275e+01	1.315804e+04	1.316524e+04	1.301993e+04	7.774160e+01	7.714331e+01
	562	183	140.500000	44.250000	2.163621e-04	8.943770e+04	1.064095e+04	1.367437e+01	1.323652e+04	1.325214e+04	1.302693e+04	8.710419e+01	8.347381e+01
	1069	198	267.250000	40.500000	1.075836e-04	9.589070e+04	3.987672e+03	3.227098e+00	1.342772e+04	1.344009e+04	1.331555e+04	8.929456e+01	8.751582e+01
	45	202	11.250000	39.500000	2.826424e-04	8.940470e+04	9.375314e+03	1.704900e+01	1.302702e+04	1.307221e+04	1.275980e+04	8.233080e+01	7.703749e+01
	1090	212	272.500000	37.000000	2.085837e-04	9.429670e+04	4.370790e+03	5.515741e+00	1.352291e+04	1.354007e+04	1.339293e+04	9.707877e+01	8.903093e+01
	854	305	213.500000	13.750000	1.334865e-05	1.011777e+05	1.392935e+00	1.247987e+01	1.485580e+04	1.485946e+04	1.482443e+04	8.737461e+01	8.295638e+01
	294	333	73.500000	6.750000	5.327435e-04	1.008847e+05	2.216607e+00	7.154001e+00	1.475232e+04	1.475342e+04	1.466355e+04	8.287171e+01	8.136424e+01
	852	338	213.000000	5.500000	5.850168e-04	1.008577e+05	8.305348e-01	1.588391e+01	1.469180e+04	1.469412e+04	1.458005e+04	8.979832e+01	8.464152e+01
	791	339	197.750000	5.250000	1.494857e-04	1.009427e+05	1.152185e+00	1.005584e+01	1.476839e+04	1.477200e+04	1.471880e+04	8.347153e+01	7.776524e+01
	754	341	188.500000	4.750000	2.206834e-04	1.009007e+05	6.899808e-01	1.040999e+01	1.477781e+04	1.478073e+04	1.469355e+04	8.780479e+01	8.396945e+01
	978	341	244.500000	4.750000	1.775594e-04	1.007147e+05	9.510859e-01	8.574488e+00	1.451720e+04	1.451777e+04	1.447318e+04	9.569070e+01	9.212383e+01
	1137	341	284.250000	4.750000	1.615556e-04	6.737570e+04	3.464610e+04	5.293147e+00	1.488667e+04	1.488730e+04	1.469180e+04	7.555402e+01	7.103982e+01
	1258	346	314.500000	3.500000	5.984027e-05	1.012227e+05	1.514030e+00	1.074783e+01	1.495481e+04	1.495791e+04	1.491093e+04	8.730895e+01	8.123735e+01
	1345	353	336.250000	1.750000	1.695938e-06	1.012107e+05	1.212281e+00	8.038046e+00	1.495084e+04	1.495259e+04	1.492543e+04	7.690919e+01	7.838104e+01
	1375	354	343.750000	1.500000	-4.115514e-06	1.012357e+05	1.272547e+00	6.860406e+00	1.496070e+04	1.496302e+04	1.493805e+04	7.597016e+01	7.706032e+01
	355	355	88.750000	1.250000	1.261504e-04	1.009537e+05	1.774866e+00	6.661567e+00	1.478715e+04	1.478806e+04	1.473455e+04	8.777359e+01	8.138374e+01
	444	355	111.000000	1.250000	2.842862e-05	9.213370e+04	6.177788e+03	6.255126e+00	1.481652e+04	1.481798e+04	1.477755e+04	8.484180e+01	8.442950e+01
	957	355	239.250000	1.250000	7.865019e-06	1.006697e+05	1.955514e+00	9.728170e+00	1.446236e+04	1.446606e+04	1.443068e+04	9.041711e+01	8.833737e+01
	1286	355	321.500000	1.250000	1.084525e-05	1.011707e+05	1.393162e+00	8.012918e+00	1.495296e+04	1.495486e+04	1.492093e+04	7.983660e+01	7.562142e+01
	920	356	230.000000	1.000000	1.325924e-05	1.006387e+05	8.103890e-01	9.157968e+00	1.445734e+04	1.445981e+04	1.442305e+04	9.193416e+01	8.819739e+01
	707	358	176.750000	0.500000	4.404504e-05	1.009357e+05	2.638664e+00	6.447030e+00	1.477954e+04	1.478091e+04	1.476218e+04	7.757360e+01	8.155931e+01
	414	359	103.500000	0.250000	6.776769e-05	8.900470e+04	2.322365e+03	6.451611e+00	1.482572e+04	1.482797e+04	1.477493e+04	8.805080e+01	8.680752e+01
	512	359	128.000000	0.250000	6.651599e-05	9.639070e+04	5.461909e+03	5.795424e+00	1.482183e+04	1.482235e+04	1.479730e+04	8.328656e+01	8.363537e+01
	735	359	183.750000	0.250000	6.699283e-05	1.009207e+05	9.109490e-01	7.122799e+00	1.476422e+04	1.476489e+04	1.472793e+04	8.263995e+01	7.478824e+01
	991	360	247.750000	0.000000	1.635868e-05	1.007747e+05	1.293055e+00	9.391726e+00	1.452074e+04	1.452091e+04	1.451418e+04	8.068486e+01	8.139448e+01
2024	1	6	26	18
	655	180	163.750000	45.000000	3.852658e-04	9.998885e+04	1.916684e+00	1.773660e+01	1.286921e+04	1.287818e+04	1.262519e+04	7.614246e+01	7.438136e+01
	563	183	140.750000	44.250000	3.469996e-04	8.924685e+04	1.064095e+04	1.451112e+01	1.311254e+04	1.313228e+04	1.278507e+04	8.205035e+01	7.973558e+01
	236	184	59.000000	44.000000	1.365654e-04	9.879585e+04	2.258065e+03	7.390162e+00	1.421550e+04	1.422603e+04	1.410757e+04	7.731447e+01	7.166637e+01
	1109	201	277.250000	39.750000	2.631359e-04	8.867485e+04	5.279140e+03	7.913485e+00	1.336728e+04	1.338785e+04	1.315682e+04	9.507623e+01	9.003292e+01
	54	202	13.500000	39.500000	1.930408e-04	8.685185e+04	9.085494e+03	1.824750e+01	1.292822e+04	1.298008e+04	1.265357e+04	8.101333e+01	8.052578e+01
	770	218	192.500000	35.500000	2.198331e-04	1.008169e+05	1.412760e+00	1.439335e+01	1.416095e+04	1.417130e+04	1.405419e+04	7.745511e+01	7.802168e+01
	321	326	80.250000	8.500000	3.514811e-05	8.809485e+04	1.438166e+04	6.941453e+00	1.495378e+04	1.495566e+04	1.491757e+04	8.645803e+01	8.502254e+01
	504	331	126.000000	7.250000	1.230948e-04	8.786285e+04	1.381545e+04	7.532433e+00	1.478649e+04	1.478737e+04	1.474057e+04	8.192442e+01	7.884519e+01
	975	340	243.750000	5.000000	3.588609e-04	1.009079e+05	9.713531e-01	9.124382e+00	1.471781e+04	1.472104e+04	1.465544e+04	9.420755e+01	9.161517e+01
	574	345	143.500000	3.750000	2.501532e-05	1.007139e+05	1.794962e+00	8.082170e+00	1.461000e+04	1.461474e+04	1.457332e+04	7.848476e+01	7.539996e+01
	308	346	77.000000	3.500000	2.191588e-05	1.011829e+05	2.739393e+00	6.346975e+00	1.496103e+04	1.496172e+04	1.492594e+04	8.429087e+01	8.161101e+01
	1040	346	260.000000	3.500000	2.143905e-05	1.009499e+05	1.493493e+00	7.016566e+00	1.471494e+04	1.471632e+04	1.469232e+04	8.107315e+01	8.064048e+01
	1260	347	315.000000	3.250000	2.946071e-04	1.009259e+05	1.514030e+00	1.009107e+01	1.472874e+04	1.472854e+04	1.469869e+04	8.663940e+01	7.860405e+01
	432	350	108.000000	2.500000	1.038127e-04	9.519985e+04	1.521403e+03	8.239120e+00	1.485399e+04	1.485556e+04	1.480444e+04	8.738480e+01	8.660938e+01
	353	352	88.250000	2.000000	1.228265e-04	1.010559e+05	1.975576e+00	7.030454e+00	1.488513e+04	1.488983e+04	1.482632e+04	8.939593e+01	8.439198e+01
	1004	352	251.000000	2.000000	2.415106e-05	1.009639e+05	1.071313e+00	8.937099e+00	1.471422e+04	1.471514e+04	1.470219e+04	8.884507e+01	8.743711e+01
	1005	352	251.250000	2.000000	1.753494e-05	1.009639e+05	1.071313e+00	8.870522e+00	1.471496e+04	1.471589e+04	1.470219e+04	8.875494e+01	8.733530e+01
	482	353	120.500000	1.750000	1.056306e-04	9.215785e+04	8.318464e+03	5.312880e+00	1.475963e+04	1.476116e+04	1.473369e+04	8.600282e+01	8.493498e+01
	1004	353	251.000000	1.750000	2.140924e-05	1.009639e+05	1.071313e+00	8.937099e+00	1.471456e+04	1.471549e+04	1.470219e+04	8.802629e+01	8.714700e+01
	1280	354	320.000000	1.500000	1.392886e-05	1.008789e+05	1.393162e+00	7.781094e+00	1.470983e+04	1.471085e+04	1.469544e+04	7.870726e+01	7.800759e+01
	1389	355	347.250000	1.250000	8.057803e-06	1.010169e+05	1.132180e+00	7.059819e+00	1.480452e+04	1.480710e+04	1.478169e+04	8.125340e+01	8.022311e+01
	648	356	162.000000	1.000000	4.094094e-06	1.007979e+05	1.272465e+00	7.544375e+00	1.467597e+04	1.467679e+04	1.466382e+04	8.035264e+01	7.889303e+01
	917	356	229.250000	1.000000	1.237914e-05	1.009589e+05	8.103890e-01	9.748154e+00	1.472037e+04	1.472298e+04	1.470407e+04	8.973960e+01	8.596116e+01
	918	356	229.500000	1.000000	1.237914e-05	1.009629e+05	8.103890e-01	9.758197e+00	1.472000e+04	1.472249e+04	1.470407e+04	8.984723e+01	8.579497e+01
	600	358	150.000000	0.500000	1.744553e-05	1.004489e+05	1.252338e+02	7.584472e+00	1.462604e+04	1.462629e+04	1.461144e+04	8.286385e+01	8.373347e+01
	546	359	136.500000	0.250000	3.431365e-05	8.780685e+04	2.456040e+03	4.737648e+00	1.467113e+04	1.467362e+04	1.465519e+04	7.917697e+01	7.855853e+01
2024	1	7	25	0
	710	181	177.500000	44.750000	4.339062e-04	9.968203e+04	2.497427e+00	2.026377e+01	1.279975e+04	1.282157e+04	1.251189e+04	7.663280e+01	7.529348e+01
	565	185	141.250000	43.750000	3.669702e-04	8.911703e+04	1.064095e+04	1.539703e+01	1.308513e+04	1.310754e+04	1.278076e+04	7.513353e+01	7.394767e+01
	58	186	14.500000	43.500000	3.628277e-04	8.590903e+04	1.230759e+04	1.524703e+01	1.285286e+04	1.289326e+04	1.256001e+04	8.796745e+01	8.399065e+01
	974	187	243.500000	43.250000	2.582513e-04	7.348703e+04	2.593877e+04	9.006801e+00	1.362325e+04	1.363264e+04	1.343589e+04	7.918241e+01	7.473409e+01
	1117	193	279.250000	41.750000	1.560294e-04	9.072403e+04	6.010640e+03	9.491404e+00	1.328156e+04	1.329635e+04	1.314464e+04	9.465401e+01	9.406527e+01
	406	233	101.500000	31.750000	3.193249e-05	5.693903e+04	4.527846e+04	3.793235e+00	1.501669e+04	1.503436e+04	1.464651e+04	8.009403e+01	8.381338e+01
	859	315	214.750000	11.250000	2.905028e-06	1.010600e+05	1.152353e+00	1.080739e+01	1.474637e+04	1.475013e+04	1.470189e+04	7.882886e+01	7.938647e+01
	245	326	61.250000	8.500000	6.808271e-05	1.011750e+05	2.036064e+00	8.445854e+00	1.480389e+04	1.480552e+04	1.478401e+04	7.575780e+01	7.899300e+01
	918	332	229.500000	7.000000	4.683365e-05	1.006520e+05	1.111816e+00	1.174746e+01	1.450885e+04	1.451038e+04	1.447839e+04	9.408723e+01	9.352515e+01
	972	339	243.000000	5.250000	3.639900e-04	1.005720e+05	1.252741e+00	9.200767e+00	1.443472e+04	1.443605e+04	1.436739e+04	9.321235e+01	9.142981e+01
	222	340	55.500000	5.000000	5.264510e-05	1.011260e+05	1.473439e+00	8.911524e+00	1.481000e+04	1.481189e+04	1.478626e+04	8.302144e+01	7.618031e+01
	673	347	168.250000	3.250000	1.199474e-05	1.010440e+05	8.707657e-01	9.426129e+00	1.485527e+04	1.485736e+04	1.483189e+04	7.918431e+01	8.024432e+01
	455	348	113.750000	3.000000	4.379381e-05	8.702703e+04	1.251611e+04	8.643242e+00	1.494133e+04	1.494261e+04	1.490414e+04	8.557412e+01	8.469061e+01
	1230	349	307.500000	2.750000	2.168049e-05	9.638303e+04	3.099471e+03	8.534709e+00	1.494056e+04	1.494004e+04	1.492489e+04	8.122614e+01	8.159016e+01
	384	352	96.000000	2.000000	5.812873e-05	8.266603e+04	1.118728e+04	5.528397e+00	1.485697e+04	1.485620e+04	1.482351e+04	7.956969e+01	8.090111e+01
	1364	352	341.000000	2.000000	-2.012355e-06	1.011950e+05	1.292343e+00	6.632670e+00	1.493533e+04	1.493724e+04	1.491451e+04	8.164327e+01	8.057475e+01
	651	353	162.750000	1.750000	2.537598e-05	1.010410e+05	1.272465e+00	9.252237e+00	1.485871e+04	1.485917e+04	1.484139e+04	7.676799e+01	7.645985e+01
	1006	354	251.500000	1.500000	1.864065e-05	1.006270e+05	1.071313e+00	7.882918e+00	1.441938e+04	1.442113e+04	1.440351e+04	7.567854e+01	7.795395e+01
	932	355	233.000000	1.250000	9.380747e-07	1.006150e+05	1.433130e+00	9.211995e+00	1.443810e+04	1.444031e+04	1.441389e+04	8.110919e+01	7.956919e+01
	350	356	87.500000	1.000000	1.987063e-04	1.009650e+05	1.473507e+00	7.101388e+00	1.475577e+04	1.475912e+04	1.467789e+04	9.155898e+01	8.633377e+01
	330	358	82.500000	0.500000	2.928008e-05	1.009430e+05	1.553779e+00	6.282305e+00	1.473877e+04	1.474106e+04	1.469176e+04	8.626031e+01	8.649878e+01
	479	359	119.750000	0.250000	8.939137e-05	8.467203e+04	1.348911e+04	4.774500e+00	1.493709e+04	1.493830e+04	1.490339e+04	8.499529e+01	8.318608e+01
	720	359	180.000000	0.250000	1.417031e-05	1.010400e+05	1.151863e+00	8.212382e+00	1.485488e+04	1.485540e+04	1.482564e+04	7.953230e+01	7.903236e+01
	575	360	143.750000	0.000000	3.595580e-05	1.010100e+05	4.185693e+00	6.219045e+00	1.492233e+04	1.492433e+04	1.489701e+04	8.957108e+01	8.501410e+01
	1086	360	271.500000	0.000000	2.394547e-05	9.851203e+04	6.448661e+02	6.695734e+00	1.452797e+04	1.452991e+04	1.450651e+04	8.742075e+01	8.524432e+01
2024	1	7	22	6
	587	184	146.750000	44.000000	2.109183e-04	8.899981e+04	4.094860e+03	1.146826e+01	1.287459e+04	1.289338e+04	1.266297e+04	7.862576e+01	7.643368e+01
	54	185	13.500000	43.750000	3.945006e-04	8.011681e+04	1.230759e+04	1.451392e+01	1.286960e+04	1.290746e+04	1.255109e+04	8.959122e+01	8.575069e+01
	1123	188	280.750000	43.000000	1.395715e-04	9.282581e+04	6.322241e+03	8.803328e+00	1.314313e+04	1.315635e+04	1.300209e+04	9.568390e+01	9.550261e+01
	1326	220	331.500000	35.000000	5.096865e-04	1.009478e+05	2.556393e+00	1.183532e+01	1.438917e+04	1.439893e+04	1.423922e+04	7.986116e+01	7.113477e+01
	436	321	109.000000	9.750000	8.292263e-06	8.762381e+04	7.174810e+03	1.292091e+01	1.493937e+04	1.493946e+04	1.491009e+04	8.245285e+01	8.020197e+01
	911	330	227.750000	7.500000	2.575887e-04	1.010538e+05	1.131906e+00	1.333786e+01	1.484168e+04	1.484838e+04	1.474397e+04	9.414092e+01	9.072202e+01
	1313	331	328.250000	7.250000	1.388860e-04	1.010408e+05	1.131803e+00	1.104236e+01	1.482334e+04	1.482582e+04	1.472959e+04	9.000790e+01	8.424136e+01
	798	333	199.500000	6.750000	2.814061e-05	1.011308e+05	1.152185e+00	8.658732e+00	1.490600e+04	1.490787e+04	1.487247e+04	8.512032e+01	8.269378e+01
	970	338	242.500000	5.500000	3.972424e-04	1.008738e+05	1.252741e+00	9.771871e+00	1.474200e+04	1.474518e+04	1.463672e+04	9.331781e+01	9.123360e+01
	769	341	192.250000	4.750000	6.363518e-05	1.010618e+05	7.702211e-01	9.089433e+00	1.489894e+04	1.490185e+04	1.484622e+04	8.200601e+01	8.058247e+01
	1137	341	284.250000	4.750000	2.462042e-04	6.730381e+04	3.464610e+04	3.159649e+00	1.474047e+04	1.474256e+04	1.447034e+04	7.661444e+01	7.354454e+01
	884	352	221.000000	2.000000	1.931912e-05	1.012278e+05	9.109685e-01	5.409051e+00	1.496510e+04	1.496305e+04	1.494222e+04	8.842750e+01	8.430812e+01
	1047	352	261.750000	2.000000	4.477031e-05	1.009298e+05	1.493493e+00	7.483710e+00	1.467878e+04	1.468011e+04	1.464622e+04	8.985818e+01	8.803282e+01
	419	353	104.750000	1.750000	1.302434e-04	9.828381e+04	2.996215e+03	8.640861e+00	1.487435e+04	1.487459e+04	1.482322e+04	8.776493e+01	8.672666e+01
	1259	353	314.750000	1.750000	1.038385e-04	1.009858e+05	1.493565e+00	8.277561e+00	1.476248e+04	1.476443e+04	1.472872e+04	8.278078e+01	8.382354e+01
	352	354	88.000000	1.500000	4.126204e-04	1.010018e+05	1.473507e+00	7.901067e+00	1.482667e+04	1.483072e+04	1.473684e+04	9.023288e+01	8.651776e+01
	463	354	115.750000	1.500000	6.762869e-05	8.675981e+04	1.174930e+04	4.793525e+00	1.471642e+04	1.471999e+04	1.462497e+04	8.459402e+01	8.585990e+01
	510	358	127.500000	0.500000	4.170067e-05	9.611581e+04	5.294975e+03	4.525229e+00	1.468621e+04	1.468583e+04	1.466947e+04	7.911224e+01	7.647112e+01
	573	358	143.250000	0.500000	4.620082e-05	1.005928e+05	2.176562e+00	5.529304e+00	1.462014e+04	1.462078e+04	1.460722e+04	8.845405e+01	8.528024e+01
	595	358	148.750000	0.500000	7.398194e-06	1.005368e+05	1.252338e+02	6.444781e+00	1.462432e+04	1.462559e+04	1.460222e+04	8.376134e+01	8.411890e+01
	314	359	78.500000	0.250000	4.503853e-05	1.011158e+05	1.634118e+00	9.401349e+00	1.489362e+04	1.489373e+04	1.487934e+04	8.272807e+01	8.391459e+01
	1108	359	277.000000	0.250000	7.666415e-06	9.797881e+04	3.643116e+00	6.592072e+00	1.461941e+04	1.462486e+04	1.459747e+04	8.819310e+01	8.721533e+01
2024	1	7	22	12
	593	184	148.250000	44.000000	2.254539e-04	9.636359e+04	1.743928e+03	1.271809e+01	1.281527e+04	1.283644e+04	1.253883e+04	7.977282e+01	7.680511e+01
	646	190	161.500000	42.500000	4.043274e-04	9.968559e+04	1.595773e+00	1.733232e+01	1.307610e+04	1.310142e+04	1.277720e+04	8.291646e+01	8.382658e+01
	50	193	12.500000	41.750000	2.121322e-04	8.600759e+04	1.230759e+04	1.533028e+01	1.296486e+04	1.300632e+04	1.266583e+04	8.489606e+01	7.954881e+01
	1146	198	286.500000	40.500000	2.946549e-04	9.258759e+04	6.755939e+03	1.416031e+01	1.318119e+04	1.321031e+04	1.292758e+04	8.238245e+01	7.578091e+01
	996	206	249.000000	38.500000	1.006417e-04	6.565859e+04	2.732301e+04	8.711134e+00	1.361691e+04	1.363997e+04	1.336570e+04	7.889731e+01	7.455063e+01
	1341	219	335.250000	35.250000	2.618723e-04	9.987459e+04	2.049482e+02	1.275006e+01	1.473148e+04	1.473781e+04	1.462820e+04	7.829124e+01	6.563062e+01
	922	303	230.500000	14.250000	1.192023e-05	1.011496e+05	1.191994e+00	1.120550e+01	1.475209e+04	1.475614e+04	1.471558e+04	7.561818e+01	7.619614e+01
	1304	330	326.000000	7.500000	2.050095e-04	1.014086e+05	1.131803e+00	1.199953e+01	1.509629e+04	1.509479e+04	1.503558e+04	8.750501e+01	7.900415e+01
	632	331	158.000000	7.250000	1.469185e-05	1.009176e+05	4.042177e+02	1.043003e+01	1.483307e+04	1.483674e+04	1.480408e+04	7.726125e+01	7.117266e+01
	968	336	242.000000	6.000000	5.262487e-04	1.006846e+05	1.252741e+00	1.030166e+01	1.456487e+04	1.456697e+04	1.444408e+04	9.582552e+01	9.475315e+01
	936	337	234.000000	5.750000	2.393716e-04	1.007566e+05	1.292632e+00	1.018969e+01	1.459081e+04	1.459614e+04	1.451208e+04	9.600350e+01	9.255261e+01
	787	339	196.750000	5.250000	5.730917e-05	1.009816e+05	1.031385e+00	8.581333e+00	1.478815e+04	1.479154e+04	1.475145e+04	8.065897e+01	7.971646e+01
	1137	341	284.250000	4.750000	2.344840e-04	6.739459e+04	3.464610e+04	3.376082e+00	1.485433e+04	1.485835e+04	1.455808e+04	7.790414e+01	7.574386e+01
	304	342	76.000000	4.500000	1.101487e-04	1.008576e+05	2.739393e+00	7.305985e+00	1.469558e+04	1.469775e+04	1.465895e+04	7.892951e+01	7.948435e+01
	388	344	97.000000	4.000000	1.355105e-04	8.257759e+04	2.103244e+04	8.913805e+00	1.481674e+04	1.481921e+04	1.476570e+04	8.008481e+01	7.977457e+01
	349	352	87.250000	2.000000	2.196722e-04	1.008776e+05	1.473507e+00	8.332965e+00	1.472427e+04	1.472835e+04	1.465033e+04	8.794682e+01	8.434177e+01
	482	355	120.500000	1.250000	1.103573e-04	8.712159e+04	8.318464e+03	7.004689e+00	1.482929e+04	1.483147e+04	1.478808e+04	8.579189e+01	8.144501e+01
	1034	356	258.500000	1.000000	1.522829e-05	1.008116e+05	9.916025e-01	6.598294e+00	1.456299e+04	1.456495e+04	1.453895e+04	7.916033e+01	8.559958e+01
	1388	356	347.000000	1.000000	1.686742e-05	1.011496e+05	1.132180e+00	7.535711e+00	1.491677e+04	1.491985e+04	1.488395e+04	7.639600e+01	7.691850e+01
	429	358	107.250000	0.500000	1.733296e-04	9.520059e+04	5.082435e+02	6.456494e+00	1.483080e+04	1.483356e+04	1.478170e+04	7.833002e+01	8.117982e+01
	1090	359	272.500000	0.250000	3.230502e-05	9.995159e+04	7.337324e+00	6.602805e+00	1.462595e+04	1.462751e+04	1.460733e+04	9.401855e+01	9.153281e+01
	1363	359	340.750000	0.250000	3.664987e-06	1.011916e+05	1.072042e+00	7.337371e+00	1.492991e+04	1.493343e+04	1.489508e+04	7.520725e+01	7.850869e+01
2024	1	7	27	18
	95	181	23.750000	44.750000	2.678083e-04	8.304132e+04	1.547921e+04	7.388968e+00	1.312876e+04	1.315303e+04	1.297428e+04	8.968832e+01	8.996716e+01
	96	181	24.000000	44.750000	2.678083e-04	8.304132e+04	1.547921e+04	7.388968e+00	1.313309e+04	1.315795e+04	1.297428e+04	8.971043e+01	8.981802e+01
	601	183	150.250000	44.250000	2.692388e-04	9.886132e+04	2.086011e+03	1.210904e+01	1.267563e+04	1.269652e+04	1.244828e+04	7.643837e+01	7.425909e+01
	25	186	6.250000	43.500000	5.134987e-04	7.470232e+04	2.269275e+04	2.107310e+01	1.361755e+04	1.365627e+04	1.325503e+04	7.977665e+01	8.100510e+01
	663	186	165.750000	43.500000	2.980875e-04	9.967032e+04	1.534610e+00	1.764802e+01	1.293807e+04	1.295963e+04	1.270053e+04	8.779211e+01	8.463094e+01
	50	194	12.500000	41.500000	2.974318e-04	8.620332e+04	1.230759e+04	1.618892e+01	1.313125e+04	1.317335e+04	1.279815e+04	8.886272e+01	8.071069e+01
	1156	197	289.000000	40.750000	3.736662e-04	9.259932e+04	3.138466e+03	1.738363e+01	1.289694e+04	1.294249e+04	1.242990e+04	9.068030e+01	8.178864e+01
	271	220	67.750000	35.000000	3.850926e-05	5.887032e+04	3.923507e+04	7.335346e+00	1.507723e+04	1.508091e+04	1.487990e+04	7.918187e+01	7.156754e+01
	775	246	193.750000	28.500000	2.731429e-04	1.009583e+05	1.573504e+00	1.636995e+01	1.451778e+04	1.454025e+04	1.431753e+04	8.619883e+01	7.476177e+01
	519	297	129.750000	15.750000	1.504170e-04	1.011283e+05	1.895646e+00	1.392315e+01	1.497212e+04	1.497269e+04	1.492178e+04	9.234415e+01	8.498457e+01
	269	302	67.250000	14.500000	5.895365e-05	1.012283e+05	2.016677e+00	7.932306e+00	1.483519e+04	1.484198e+04	1.479440e+04	7.924570e+01	6.811530e+01
	270	302	67.500000	14.500000	2.897251e-05	1.012283e+05	2.016677e+00	7.932306e+00	1.483499e+04	1.484192e+04	1.479440e+04	7.979844e+01	6.822283e+01
	1006	326	251.500000	8.500000	1.122402e-04	1.010333e+05	1.534594e+00	8.362542e+00	1.484570e+04	1.484846e+04	1.478240e+04	9.047340e+01	8.877004e+01
	928	333	232.000000	6.750000	2.652872e-05	1.011183e+05	1.292632e+00	1.138687e+01	1.487182e+04	1.487472e+04	1.481315e+04	9.025740e+01	8.723215e+01
	966	336	241.500000	6.000000	3.700005e-04	1.010043e+05	1.252741e+00	1.072438e+01	1.482914e+04	1.483092e+04	1.474415e+04	9.493433e+01	9.325034e+01
	374	344	93.500000	4.000000	9.310711e-05	9.145732e+04	2.752683e+01	8.987916e+00	1.487639e+04	1.487740e+04	1.484203e+04	7.887398e+01	8.075733e+01
	1248	352	312.000000	2.000000	4.145969e-05	1.005653e+05	8.981312e+00	7.291231e+00	1.484347e+04	1.484447e+04	1.483303e+04	8.022833e+01	8.303208e+01
	677	353	169.250000	1.750000	1.454819e-05	1.009043e+05	8.707657e-01	8.459131e+00	1.474826e+04	1.474970e+04	1.472515e+04	7.710146e+01	7.695435e+01
	611	354	152.750000	1.500000	1.118053e-05	1.008063e+05	1.352788e+00	9.693049e+00	1.465041e+04	1.465326e+04	1.460978e+04	8.178185e+01	7.977814e+01
	716	354	179.000000	1.500000	5.722512e-05	1.008963e+05	8.306096e-01	6.204266e+00	1.477352e+04	1.477592e+04	1.475603e+04	7.968005e+01	7.810580e+01
	345	356	86.250000	1.000000	2.683746e-04	1.009843e+05	1.292679e+00	9.295204e+00	1.483691e+04	1.484151e+04	1.474040e+04	8.854012e+01	8.701411e+01
	1208	356	302.000000	1.000000	2.456177e-05	9.569532e+04	5.031323e+03	4.048124e+00	1.486412e+04	1.486453e+04	1.484315e+04	8.272223e+01	8.095641e+01
	1208	357	302.000000	0.750000	2.456177e-05	9.569532e+04	5.031323e+03	3.905217e+00	1.486053e+04	1.486119e+04	1.484315e+04	8.346245e+01	8.117310e+01
	637	358	159.250000	0.500000	1.684297e-05	1.008463e+05	1.634048e+00	8.144978e+00	1.469263e+04	1.469381e+04	1.467453e+04	8.059768e+01	8.230310e+01
	1385	359	346.250000	0.250000	2.250541e-05	1.009793e+05	1.272547e+00	7.305335e+00	1.478655e+04	1.478877e+04	1.476853e+04	8.508146e+01	8.140523e+01
	582	360	145.500000	0.000000	1.910795e-05	1.001073e+05	4.185693e+00	6.999089e+00	1.465093e+04	1.465210e+04	1.462703e+04	8.895074e+01	8.798634e+01
	1177	360	294.250000	0.000000	3.359187e-05	9.351032e+04	8.238647e+03	3.720725e+00	1.480824e+04	1.481249e+04	1.477178e+04	7.706415e+01	7.541411e+01
2024	1	8	25	0
	113	182	28.250000	44.500000	1.410991e-04	8.730042e+04	1.152020e+04	1.079039e+01	1.333989e+04	1.336778e+04	1.313109e+04	9.159154e+01	8.872025e+01
	23	188	5.750000	43.000000	4.911572e-04	7.610042e+04	2.181453e+04	2.067980e+01	1.373668e+04	1.376916e+04	1.337034e+04	8.316620e+01	7.982642e+01
	846	192	211.500000	42.000000	4.383475e-04	1.012154e+05	2.616680e+00	1.404786e+01	1.443955e+04	1.445493e+04	1.421259e+04	7.559724e+01	5.977377e+01
	1172	194	293.000000	41.500000	6.075650e-04	9.846842e+04	3.461222e+00	1.994175e+01	1.266301e+04	1.273192e+04	1.198897e+04	8.909748e+01	8.379974e+01
	52	196	13.000000	41.000000	2.916604e-04	8.641442e+04	1.230759e+04	1.569334e+01	1.328103e+04	1.332350e+04	1.294622e+04	8.664296e+01	8.127587e+01
	798	248	199.500000	28.000000	8.602887e-04	1.005414e+05	1.513629e+00	1.797821e+01	1.440804e+04	1.442491e+04	1.406722e+04	8.371526e+01	8.337068e+01
	409	254	102.250000	26.500000	1.753867e-05	5.983042e+04	3.520895e+04	2.752730e+00	1.497478e+04	1.498371e+04	1.477422e+04	8.484266e+01	8.469646e+01
	309	323	77.250000	9.250000	6.572902e-05	8.623042e+04	1.462617e+04	8.696328e+00	1.481334e+04	1.481422e+04	1.476284e+04	8.689596e+01	8.394483e+01
	251	329	62.750000	7.750000	6.125867e-05	1.010914e+05	1.734706e+00	6.643823e+00	1.475041e+04	1.475320e+04	1.471972e+04	8.376617e+01	8.333253e+01
	251	330	62.750000	7.500000	6.125867e-05	1.010824e+05	1.734706e+00	6.598250e+00	1.475038e+04	1.475307e+04	1.471972e+04	8.368763e+01	8.344582e+01
	504	331	126.000000	7.250000	1.484305e-04	8.804142e+04	1.381545e+04	8.866269e+00	1.496305e+04	1.496371e+04	1.491847e+04	8.136447e+01	7.847926e+01
	964	336	241.000000	6.000000	3.075749e-04	1.007814e+05	1.252741e+00	1.004101e+01	1.458494e+04	1.458378e+04	1.452247e+04	9.605614e+01	9.235995e+01
	325	343	81.250000	4.250000	3.845990e-05	8.795342e+04	3.179740e+02	6.625600e+00	1.476527e+04	1.476732e+04	1.473322e+04	9.105666e+01	8.776409e+01
	873	348	218.250000	3.000000	2.445281e-05	1.007754e+05	1.152064e+00	5.988361e+00	1.459038e+04	1.459242e+04	1.455484e+04	8.357032e+01	8.262160e+01
	1379	351	344.750000	2.250000	2.212822e-05	1.012574e+05	1.272547e+00	5.168115e+00	1.501574e+04	1.501684e+04	1.500047e+04	8.292279e+01	8.298357e+01
	344	354	86.000000	1.500000	4.595369e-04	1.008894e+05	1.312922e+00	8.643422e+00	1.476523e+04	1.476666e+04	1.466184e+04	8.604238e+01	8.595551e+01
	482	355	120.500000	1.250000	9.714067e-05	8.723142e+04	8.318464e+03	6.806810e+00	1.492337e+04	1.492475e+04	1.490409e+04	8.383059e+01	8.284071e+01
	510	355	127.500000	1.250000	5.535781e-05	9.636842e+04	5.294975e+03	5.721397e+00	1.490889e+04	1.490916e+04	1.490209e+04	7.508175e+01	7.771468e+01
	1079	355	269.750000	1.250000	1.858175e-05	9.856242e+04	2.968146e+03	5.753175e+00	1.457212e+04	1.457199e+04	1.456397e+04	9.005306e+01	8.639103e+01
	403	356	100.750000	1.000000	5.547702e-05	8.693042e+04	1.304338e+04	4.006583e+00	1.480920e+04	1.481410e+04	1.476309e+04	8.704922e+01	8.390733e+01
	1050	356	262.500000	1.000000	8.270144e-06	1.007974e+05	1.493493e+00	6.622151e+00	1.456303e+04	1.456261e+04	1.455184e+04	9.472191e+01	9.155897e+01
	966	357	241.500000	0.750000	4.486740e-05	1.007864e+05	1.011285e+00	7.504157e+00	1.454292e+04	1.454496e+04	1.451347e+04	8.247791e+01	8.308069e+01
	609	359	152.250000	0.250000	2.281368e-05	1.009774e+05	3.221499e+00	9.797820e+00	1.486987e+04	1.487177e+04	1.484222e+04	8.477278e+01	7.921004e+01
	905	360	226.250000	0.000000	3.501773e-06	1.008284e+05	1.031411e+00	6.777855e+00	1.459725e+04	1.459819e+04	1.458172e+04	7.815415e+01	7.268246e+01
	1009	360	252.250000	0.000000	3.461540e-05	1.007804e+05	1.212319e+00	7.144046e+00	1.454355e+04	1.454434e+04	1.453472e+04	8.170814e+01	8.226911e+01
2024	1	8	23	6
	117	180	29.250000	45.000000	1.884662e-04	8.862595e+04	7.691980e+03	1.195415e+01	1.343527e+04	1.346413e+04	1.318943e+04	9.543169e+01	9.229009e+01
	1190	193	297.500000	41.750000	6.256960e-04	9.824095e+04	1.652222e+00	2.264862e+01	1.230128e+04	1.237612e+04	1.160231e+04	8.368585e+01	7.137155e+01
	52	197	13.000000	40.750000	3.811978e-04	8.659395e+04	1.230759e+04	1.523164e+01	1.334595e+04	1.338847e+04	1.298581e+04	8.809874e+01	8.106831e+01
	52	198	13.000000	40.500000	3.811978e-04	8.659395e+04	1.230759e+04	1.564786e+01	1.335446e+04	1.339682e+04	1.298581e+04	8.819912e+01	8.052830e+01
	805	241	201.250000	29.750000	7.732771e-04	1.006950e+05	1.452625e+00	1.683370e+01	1.443321e+04	1.446248e+04	1.414681e+04	8.404165e+01	8.171948e+01
	783	252	195.750000	27.000000	1.736842e-04	1.007370e+05	1.332906e+00	1.709520e+01	1.439668e+04	1.442342e+04	1.418231e+04	8.600752e+01	8.010738e+01
	903	308	225.750000	13.000000	2.920255e-05	1.013650e+05	1.152278e+00	1.093184e+01	1.495044e+04	1.495348e+04	1.490556e+04	8.288950e+01	8.673290e+01
	969	320	242.250000	10.000000	1.240633e-04	1.010870e+05	1.392850e+00	1.184305e+01	1.484408e+04	1.484654e+04	1.476831e+04	9.583554e+01	9.189268e+01
	433	328	108.250000	8.000000	1.763925e-05	9.994495e+04	6.559803e+01	1.143087e+01	1.489011e+04	1.489034e+04	1.486018e+04	8.589979e+01	8.393000e+01
	994	330	248.500000	7.500000	5.083047e-04	1.009370e+05	1.332880e+00	9.558619e+00	1.478400e+04	1.479071e+04	1.469068e+04	9.037179e+01	8.858908e+01
	919	336	229.750000	6.000000	2.718531e-04	1.012140e+05	1.151974e+00	1.077173e+01	1.493467e+04	1.493342e+04	1.487731e+04	8.424260e+01	8.423415e+01
	1137	341	284.250000	4.750000	2.558790e-04	6.724095e+04	3.464610e+04	5.578685e+00	1.467102e+04	1.467298e+04	1.443906e+04	7.800648e+01	7.433981e+01
	1345	344	336.250000	4.000000	1.207851e-04	1.010920e+05	1.131927e+00	6.902648e+00	1.485602e+04	1.485696e+04	1.478556e+04	9.233103e+01	8.543922e+01
	766	346	191.500000	3.500000	9.499490e-07	1.009510e+05	1.031448e+00	6.570916e+00	1.477177e+04	1.477272e+04	1.474968e+04	8.233073e+01	8.201448e+01
	658	347	164.500000	3.250000	4.734844e-06	1.007630e+05	1.111828e+00	8.888315e+00	1.466329e+04	1.466395e+04	1.464481e+04	8.209429e+01	8.201939e+01
	660	347	165.000000	3.250000	6.999820e-06	1.007630e+05	1.111828e+00	8.996034e+00	1.466308e+04	1.466381e+04	1.464481e+04	8.093611e+01	8.133911e+01
	342	352	85.500000	2.000000	3.494583e-04	1.010660e+05	1.473417e+00	8.622652e+00	1.490887e+04	1.491137e+04	1.484818e+04	8.366718e+01	8.504371e+01
	1054	354	263.500000	1.500000	2.699718e-05	1.009780e+05	1.413172e+00	6.834981e+00	1.473330e+04	1.473517e+04	1.470068e+04	9.754905e+01	9.497870e+01
	1424	355	356.000000	1.250000	3.024563e-05	1.010160e+05	1.855562e+00	6.991678e+00	1.481923e+04	1.482055e+04	1.480468e+04	7.581537e+01	7.479826e+01
	1390	357	347.500000	0.750000	2.899393e-05	1.010500e+05	6.698610e-01	6.080052e+00	1.480632e+04	1.480880e+04	1.477906e+04	8.255606e+01	8.319600e+01
	1390	358	347.500000	0.500000	2.899393e-05	1.010500e+05	6.698610e-01	6.141346e+00	1.480576e+04	1.480815e+04	1.477906e+04	8.256448e+01	8.320560e+01
	984	359	246.000000	0.250000	2.267584e-05	1.011380e+05	9.715036e-01	7.085378e+00	1.482208e+04	1.482211e+04	1.480543e+04	7.752843e+01	7.855349e+01
	597	360	149.250000	0.000000	5.051121e-05	1.002530e+05	2.565132e+02	8.692842e+00	1.462297e+04	1.462612e+04	1.458843e+04	8.653028e+01	8.275536e+01
2024	1	8	30	12
	1232	191	308.000000	42.250000	4.675598e-04	9.783874e+04	1.392088e+00	2.005983e+01	1.187446e+04	1.192688e+04	1.135573e+04	8.207044e+01	7.970986e+01
	689	194	172.250000	41.500000	5.933256e-04	9.897574e+04	1.795608e+00	2.102645e+01	1.290898e+04	1.293375e+04	1.264773e+04	8.870995e+01	8.424995e+01
	50	200	12.500000	40.000000	3.112168e-04	8.689874e+04	1.072312e+04	1.659587e+01	1.353513e+04	1.357423e+04	1.309486e+04	8.313911e+01	7.874294e+01
	650	202	162.500000	39.500000	1.148900e-03	9.836874e+04	1.434975e+00	2.613268e+01	1.259578e+04	1.263769e+04	1.180386e+04	7.544496e+01	7.366643e+01
	1030	216	257.500000	36.000000	3.312142e-04	6.965974e+04	2.215808e+04	1.241219e+01	1.316293e+04	1.321431e+04	1.264548e+04	7.531316e+01	7.929789e+01
	801	243	200.250000	29.250000	2.305121e-04	1.005167e+05	1.513629e+00	1.992989e+01	1.420670e+04	1.424705e+04	1.395211e+04	8.591260e+01	7.841750e+01
	992	330	248.000000	7.500000	4.988522e-04	1.008317e+05	1.332880e+00	6.774479e+00	1.462829e+04	1.463051e+04	1.456961e+04	9.059856e+01	8.951704e+01
	1013	332	253.250000	7.000000	6.734440e-05	1.007917e+05	1.674245e+00	6.494567e+00	1.460773e+04	1.460942e+04	1.456936e+04	8.430759e+01	8.732085e+01
	958	334	239.500000	6.500000	2.703578e-04	1.008977e+05	1.111887e+00	1.036138e+01	1.469391e+04	1.469367e+04	1.463661e+04	8.999782e+01	8.709421e+01
	919	337	229.750000	5.750000	2.210052e-04	1.009297e+05	1.151974e+00	9.720687e+00	1.468783e+04	1.468838e+04	1.464861e+04	7.956861e+01	8.130457e+01
	886	338	221.500000	5.500000	6.957958e-05	1.008417e+05	1.292815e+00	9.571806e+00	1.463009e+04	1.463341e+04	1.459536e+04	9.133130e+01	8.803057e+01
	1044	338	261.000000	5.500000	1.749308e-04	1.008107e+05	1.714862e+00	7.490977e+00	1.460953e+04	1.461116e+04	1.458573e+04	9.297810e+01	8.571301e+01
	426	340	106.500000	5.000000	2.034614e-05	1.007137e+05	3.512205e+02	1.046495e+01	1.485246e+04	1.485654e+04	1.477898e+04	8.241821e+01	8.236192e+01
	705	340	176.250000	5.000000	3.500888e-05	1.009757e+05	1.533920e+00	9.827641e+00	1.480138e+04	1.480375e+04	1.477423e+04	7.785784e+01	7.686023e+01
	706	340	176.500000	5.000000	3.834674e-05	1.009757e+05	1.573879e+00	9.827641e+00	1.480141e+04	1.480387e+04	1.477423e+04	7.802682e+01	7.698769e+01
	791	341	197.750000	4.750000	1.328299e-05	1.009127e+05	1.272653e+00	7.014106e+00	1.469861e+04	1.470104e+04	1.466736e+04	8.311009e+01	7.888145e+01
	1137	341	284.250000	4.750000	2.438338e-04	6.728274e+04	3.464610e+04	6.789402e+00	1.476160e+04	1.476442e+04	1.451561e+04	7.867107e+01	7.633717e+01
	1226	347	306.500000	3.250000	3.435323e-05	9.619574e+04	4.348211e+03	8.611141e+00	1.489770e+04	1.490036e+04	1.487236e+04	9.161404e+01	8.661021e+01
	764	348	191.000000	3.000000	-7.697847e-06	1.009257e+05	1.111916e+00	7.023905e+00	1.474876e+04	1.475060e+04	1.472661e+04	8.469452e+01	8.330258e+01
	1327	348	331.750000	3.000000	1.432607e-05	1.012677e+05	9.111741e-01	5.933568e+00	1.498158e+04	1.498356e+04	1.494486e+04	8.918875e+01	8.398923e+01
	243	350	60.750000	2.500000	1.146505e-05	1.009107e+05	1.132024e+00	8.208457e+00	1.468194e+04	1.468435e+04	1.465986e+04	7.740254e+01	7.941910e+01
	339	352	84.750000	2.000000	2.893717e-04	1.009047e+05	1.473417e+00	8.767241e+00	1.474413e+04	1.474762e+04	1.467973e+04	8.400963e+01	8.234859e+01
	1065	353	266.250000	1.750000	1.253793e-05	9.993374e+04	1.117684e+01	7.280430e+00	1.461512e+04	1.461675e+04	1.459548e+04	9.686343e+01	9.066444e+01
	1356	353	339.000000	1.750000	9.617303e-06	1.012107e+05	9.712143e-01	6.240734e+00	1.495114e+04	1.495484e+04	1.488786e+04	9.279693e+01	8.597182e+01
	471	354	117.750000	1.500000	3.018091e-05	8.794974e+04	1.174930e+04	4.675810e+00	1.486349e+04	1.486445e+04	1.483286e+04	8.071569e+01	8.200803e+01
	391	357	97.750000	0.750000	8.001039e-05	8.397074e+04	1.419478e+04	6.205750e+00	1.480315e+04	1.480340e+04	1.475561e+04	8.886790e+01	8.718882e+01
	627	358	156.750000	0.500000	1.077959e-05	1.009777e+05	1.312912e+00	5.440533e+00	1.483304e+04	1.483513e+04	1.480936e+04	7.563763e+01	7.853792e+01
	627	359	156.750000	0.250000	1.203129e-05	1.009777e+05	1.312912e+00	5.173480e+00	1.483143e+04	1.483336e+04	1.480936e+04	7.533214e+01	7.804671e+01
	1163	359	290.750000	0.250000	3.092596e-05	9.821774e+04	2.888972e+03	2.349190e+00	1.484446e+04	1.484651e+04	1.481636e+04	8.444530e+01	7.913365e+01
	1423	359	355.750000	0.250000	2.299855e-05	1.011087e+05	1.855562e+00	7.743155e+00	1.489453e+04	1.489564e+04	1.489148e+04	8.324551e+01	8.007431e+01
2024	1	8	30	18
	1400	183	350.000000	44.250000	1.073794e-04	8.768291e+04	5.090856e+03	1.075903e+01	1.456574e+04	1.457698e+04	1.447612e+04	8.657843e+01	7.754305e+01
	171	185	42.750000	43.750000	9.527965e-05	7.248391e+04	2.949020e+04	9.486008e+00	1.401006e+04	1.401132e+04	1.385938e+04	7.542838e+01	7.617464e+01
	670	187	167.500000	43.250000	5.507783e-04	9.776991e+04	1.554601e+00	2.926029e+01	1.189645e+04	1.196483e+04	1.125800e+04	8.600376e+01	7.741735e+01
	1253	187	313.250000	43.250000	8.720474e-04	9.712591e+04	1.732668e+00	2.145744e+01	1.143283e+04	1.149345e+04	1.083550e+04	7.902757e+01	8.330018e+01
	23	190	5.750000	42.500000	2.612190e-04	7.661991e+04	1.968816e+04	1.565476e+01	1.416235e+04	1.417493e+04	1.398375e+04	8.185100e+01	7.542055e+01
	517	195	129.250000	41.250000	2.293603e-04	8.288691e+04	1.738335e+04	1.414399e+01	1.384612e+04	1.385188e+04	1.373325e+04	8.232883e+01	7.970496e+01
	53	204	13.250000	39.000000	2.606825e-04	8.807791e+04	1.065728e+04	1.833339e+01	1.375480e+04	1.379106e+04	1.339600e+04	8.440096e+01	8.068006e+01
	1036	214	259.000000	36.500000	7.927136e-04	7.636791e+04	1.612324e+04	1.605727e+01	1.323266e+04	1.329123e+04	1.262862e+04	7.575216e+01	7.045742e+01
	799	238	199.750000	30.500000	4.856901e-04	1.002549e+05	1.513344e+00	2.365849e+01	1.414015e+04	1.419427e+04	1.369088e+04	8.901427e+01	7.586395e+01
	504	331	126.000000	7.250000	1.367645e-04	8.782691e+04	1.381545e+04	7.935943e+00	1.475802e+04	1.476009e+04	1.471650e+04	8.544738e+01	7.863527e+01
	858	334	214.500000	6.500000	1.170950e-04	1.011519e+05	8.105127e-01	1.074523e+01	1.488782e+04	1.488924e+04	1.484462e+04	8.750027e+01	8.265097e+01
	617	335	154.250000	6.250000	9.101792e-05	1.008549e+05	1.393022e+00	9.973002e+00	1.472016e+04	1.472160e+04	1.470300e+04	8.887357e+01	8.599673e+01
	618	335	154.500000	6.250000	1.032965e-04	1.008639e+05	1.393022e+00	9.973002e+00	1.472069e+04	1.472206e+04	1.470300e+04	8.921265e+01	8.594173e+01
	957	335	239.250000	6.250000	3.130154e-04	1.012849e+05	1.111887e+00	1.100816e+01	1.502087e+04	1.501963e+04	1.494850e+04	8.647809e+01	8.430333e+01
	751	339	187.750000	5.250000	2.074854e-04	1.009239e+05	8.105052e-01	9.191526e+00	1.476590e+04	1.477152e+04	1.470462e+04	8.851649e+01	8.418291e+01
	786	339	196.500000	5.250000	9.402796e-05	1.010559e+05	1.031385e+00	8.058617e+00	1.481988e+04	1.482115e+04	1.477938e+04	8.760954e+01	7.935543e+01
	441	346	110.250000	3.500000	6.610318e-05	9.515091e+04	1.521403e+03	9.119432e+00	1.479819e+04	1.480081e+04	1.476425e+04	8.104039e+01	8.277097e+01
	756	346	189.000000	3.500000	3.716513e-05	1.009239e+05	1.031448e+00	9.191526e+00	1.477921e+04	1.478434e+04	1.470462e+04	8.382711e+01	8.311536e+01
	927	349	231.750000	2.750000	3.796979e-05	1.012639e+05	9.715179e-01	7.864856e+00	1.494379e+04	1.494593e+04	1.492988e+04	8.309254e+01	8.175716e+01
	339	351	84.750000	2.250000	2.685206e-04	1.010459e+05	1.473417e+00	8.615368e+00	1.486787e+04	1.487182e+04	1.481125e+04	8.371420e+01	8.306588e+01
	1349	351	337.250000	2.250000	7.799431e-05	1.010279e+05	1.152477e+00	7.679415e+00	1.479812e+04	1.480168e+04	1.472700e+04	8.986655e+01	8.190275e+01
	699	354	174.750000	1.500000	3.874465e-05	1.008539e+05	1.373035e+00	8.700954e+00	1.470101e+04	1.470327e+04	1.467825e+04	8.392534e+01	8.307056e+01
	1236	356	309.000000	1.000000	3.993674e-05	9.671991e+04	3.782592e+03	7.525401e+00	1.472208e+04	1.472475e+04	1.467862e+04	8.768884e+01	8.621275e+01
	896	358	224.000000	0.500000	1.925393e-05	1.012159e+05	1.232426e+00	7.728059e+00	1.490439e+04	1.490487e+04	1.489562e+04	8.098168e+01	7.616225e+01
	237	359	59.250000	0.250000	2.423092e-05	1.011209e+05	1.875327e+00	7.575122e+00	1.487676e+04	1.487721e+04	1.486738e+04	7.836205e+01	8.185954e+01
	380	359	95.000000	0.250000	9.538373e-06	9.977391e+04	8.062435e+00	7.460878e+00	1.484132e+04	1.484246e+04	1.481962e+04	8.526929e+01	8.558685e+01
	630	359	157.500000	0.250000	1.534983e-05	1.007569e+05	1.372980e+00	7.395478e+00	1.463801e+04	1.464120e+04	1.461612e+04	8.365158e+01	8.283378e+01
	576	360	144.000000	0.000000	2.423092e-05	1.007499e+05	4.185693e+00	9.733142e+00	1.463410e+04	1.463561e+04	1.461750e+04	8.450293e+01	8.317370e+01
	1170	360	292.500000	0.000000	4.244014e-05	9.339891e+04	8.238647e+03	3.708961e+00	1.474340e+04	1.474580e+04	1.471225e+04	8.012600e+01	7.776816e+01
	1415	360	353.750000	0.000000	1.746579e-05	1.009379e+05	9.712011e-01	8.025638e+00	1.473551e+04	1.473692e+04	1.471362e+04	8.414454e+01	8.085128e+01
2024	1	9	23	0
	681	180	170.250000	45.000000	7.251815e-04	9.672389e+04	1.631523e+00	2.576142e+01	1.160585e+04	1.171516e+04	1.034900e+04	9.136133e+01	7.625671e+01
	1268	181	317.000000	44.750000	7.576661e-04	9.687189e+04	1.835652e+00	2.040513e+01	1.124724e+04	1.131189e+04	1.060475e+04	8.285587e+01	8.634332e+01
	52	192	13.000000	42.000000	1.766102e-04	8.751289e+04	1.230759e+04	1.359523e+01	1.408365e+04	1.409753e+04	1.393950e+04	7.719915e+01	8.086912e+01
	75	204	18.750000	39.000000	1.882629e-04	8.732489e+04	1.268403e+04	1.309722e+01	1.383043e+04	1.386208e+04	1.361188e+04	8.542729e+01	8.387683e+01
	796	238	199.000000	30.500000	4.568116e-04	9.982489e+04	1.513344e+00	2.284752e+01	1.383761e+04	1.390505e+04	1.332700e+04	8.987586e+01	8.053102e+01
	811	256	202.750000	26.000000	4.784481e-04	9.995589e+04	3.081021e+00	1.832087e+01	1.399110e+04	1.401199e+04	1.389538e+04	8.267447e+01	8.088249e+01
	414	257	103.500000	25.750000	7.215305e-05	6.999989e+04	2.667763e+04	3.306524e+00	1.490813e+04	1.491710e+04	1.477638e+04	8.792725e+01	8.624853e+01
	485	268	121.250000	23.000000	1.547949e-04	7.958489e+04	2.355787e+04	1.084175e+01	1.502768e+04	1.502715e+04	1.495200e+04	9.059768e+01	8.606428e+01
	308	324	77.000000	9.000000	7.891818e-05	8.616189e+04	1.462617e+04	8.892314e+00	1.476607e+04	1.476704e+04	1.471400e+04	8.847881e+01	8.698714e+01
	704	332	176.000000	7.000000	7.754727e-05	1.009449e+05	1.312910e+00	9.418677e+00	1.477214e+04	1.477331e+04	1.473012e+04	8.440705e+01	7.267044e+01
	1003	332	250.750000	7.000000	1.943128e-04	1.009179e+05	1.534594e+00	5.906895e+00	1.471016e+04	1.471235e+04	1.466612e+04	8.555960e+01	8.806995e+01
	1037	341	259.250000	4.750000	5.972548e-05	1.008539e+05	1.614209e+00	7.663253e+00	1.464995e+04	1.465260e+04	1.461500e+04	9.570542e+01	9.044855e+01
	541	344	135.250000	4.000000	2.330705e-05	1.010369e+05	1.995751e+00	9.433882e+00	1.487635e+04	1.487718e+04	1.485975e+04	7.809643e+01	7.516637e+01
	308	348	77.000000	3.000000	1.190023e-04	1.009109e+05	2.739393e+00	7.940452e+00	1.472046e+04	1.472157e+04	1.468488e+04	8.147055e+01	8.192799e+01
	235	353	58.750000	1.750000	4.917546e-05	1.008579e+05	1.875327e+00	8.091907e+00	1.462955e+04	1.463218e+04	1.459088e+04	7.787126e+01	8.038332e+01
	1232	353	308.000000	1.750000	3.418489e-05	9.678589e+04	4.012635e+03	8.065958e+00	1.488560e+04	1.488645e+04	1.486025e+04	8.862806e+01	8.541394e+01
	651	354	162.750000	1.500000	2.864166e-05	1.009679e+05	1.252460e+00	9.686806e+00	1.479614e+04	1.479810e+04	1.476238e+04	8.336383e+01	8.360919e+01
	1379	354	344.750000	1.500000	1.469417e-05	1.013019e+05	1.272547e+00	7.111206e+00	1.500324e+04	1.500314e+04	1.498238e+04	9.079490e+01	8.641882e+01
	909	355	227.250000	1.250000	5.515059e-06	1.008629e+05	1.031411e+00	7.451534e+00	1.462725e+04	1.462774e+04	1.460025e+04	8.249475e+01	7.899655e+01
	485	356	121.250000	1.000000	8.136197e-05	8.660489e+04	8.318464e+03	5.393622e+00	1.486611e+04	1.486619e+04	1.484538e+04	7.673709e+01	7.779948e+01
	338	357	84.500000	0.750000	6.693765e-05	1.008679e+05	1.172245e+00	9.276126e+00	1.468829e+04	1.469213e+04	1.464788e+04	8.110966e+01	8.227810e+01
	435	360	108.750000	0.000000	2.676412e-05	9.514889e+04	6.177788e+03	5.394923e+00	1.479853e+04	1.480203e+04	1.475688e+04	8.206964e+01	8.323650e+01
	621	360	155.250000	0.000000	2.533360e-05	1.009699e+05	1.292790e+00	7.440415e+00	1.480158e+04	1.480316e+04	1.477712e+04	8.466838e+01	8.295599e+01
2024	1	9	28	6
	81	210	20.250000	37.500000	1.645584e-04	8.750606e+04	1.097083e+04	1.451195e+01	1.389177e+04	1.392220e+04	1.367529e+04	8.259816e+01	8.169957e+01
	1057	210	264.250000	37.500000	3.044803e-04	9.229006e+04	4.981335e+03	1.379108e+01	1.284826e+04	1.291328e+04	1.247766e+04	8.919991e+01	8.717428e+01
	135	211	33.750000	37.250000	1.863439e-04	7.826506e+04	2.353409e+04	8.045846e+00	1.442800e+04	1.443199e+04	1.434291e+04	8.112651e+01	7.618381e+01
	791	241	197.750000	29.750000	3.041227e-04	9.950806e+04	1.513344e+00	2.356796e+01	1.362051e+04	1.368781e+04	1.308254e+04	8.391019e+01	8.156673e+01
	817	249	204.250000	27.750000	5.701084e-04	9.990506e+04	1.292274e+00	1.967629e+01	1.410995e+04	1.413166e+04	1.385954e+04	7.937380e+01	7.946416e+01
	947	308	236.750000	13.000000	3.944826e-05	1.014021e+05	1.111899e+00	1.059449e+01	1.500490e+04	1.500686e+04	1.497479e+04	8.698065e+01	8.632990e+01
	302	319	75.500000	10.250000	3.436704e-04	8.643806e+04	1.462617e+04	9.113072e+00	1.502193e+04	1.502146e+04	1.495354e+04	8.602666e+01	8.173362e+01
	256	330	64.000000	7.500000	4.323316e-05	1.011781e+05	1.855317e+00	8.578484e+00	1.488478e+04	1.488704e+04	1.485129e+04	7.907667e+01	7.757122e+01
	1026	333	256.500000	6.750000	3.353257e-04	1.010891e+05	1.553725e+00	7.110929e+00	1.488394e+04	1.488715e+04	1.479566e+04	9.294579e+01	8.780169e+01
	496	334	124.000000	6.500000	8.248282e-05	8.776306e+04	1.381545e+04	8.678896e+00	1.467687e+04	1.467689e+04	1.464279e+04	8.131106e+01	7.873428e+01
	586	338	146.500000	5.500000	3.351760e-05	1.006611e+05	2.176709e+00	1.059679e+01	1.455709e+04	1.456014e+04	1.451966e+04	8.962332e+01	8.292543e+01
	843	338	210.750000	5.500000	1.655419e-04	1.011051e+05	8.305348e-01	8.616052e+00	1.485589e+04	1.485650e+04	1.483479e+04	8.682545e+01	8.339450e+01
	951	341	237.750000	4.750000	1.661975e-04	1.012281e+05	1.091777e+00	7.784656e+00	1.496833e+04	1.496978e+04	1.491891e+04	7.755161e+01	8.045463e+01
	1137	341	284.250000	4.750000	2.282460e-04	6.731106e+04	3.464610e+04	4.237659e+00	1.477776e+04	1.477950e+04	1.452416e+04	7.752061e+01	7.402944e+01
	660	344	165.000000	4.000000	9.824755e-06	1.007461e+05	1.393022e+00	1.014423e+01	1.460553e+04	1.460711e+04	1.456716e+04	8.454179e+01	7.611153e+01
	1380	345	345.000000	3.750000	2.158482e-04	1.010661e+05	8.508266e-01	6.493458e+00	1.482775e+04	1.483067e+04	1.476366e+04	8.792830e+01	7.954870e+01
	331	347	82.750000	3.250000	1.196165e-04	1.009621e+05	1.553779e+00	1.006049e+01	1.485948e+04	1.486458e+04	1.479591e+04	8.891769e+01	8.598695e+01
	694	347	173.500000	3.250000	4.609418e-05	1.007241e+05	1.292698e+00	9.645904e+00	1.461593e+04	1.461968e+04	1.455616e+04	8.639142e+01	8.407668e+01
	1219	348	304.750000	3.000000	1.839597e-04	9.596406e+04	4.960025e+03	4.222535e+00	1.478984e+04	1.479442e+04	1.474029e+04	9.130550e+01	8.844517e+01
	1351	349	337.750000	2.750000	2.864499e-04	1.011651e+05	9.511790e-01	8.128211e+00	1.485077e+04	1.485224e+04	1.480166e+04	8.338909e+01	8.067002e+01
	544	350	136.000000	2.500000	1.986814e-05	1.004401e+05	3.100722e+00	7.679779e+00	1.453037e+04	1.453283e+04	1.450591e+04	8.439161e+01	8.299841e+01
	1291	353	322.750000	1.750000	8.602859e-06	1.010741e+05	1.594022e+00	8.419623e+00	1.479436e+04	1.479701e+04	1.476579e+04	8.883055e+01	8.150220e+01
	1291	354	322.750000	1.500000	8.722069e-06	1.010741e+05	1.594022e+00	8.351248e+00	1.479415e+04	1.479686e+04	1.476579e+04	8.852556e+01	8.112402e+01
	408	356	102.000000	1.000000	1.776714e-04	8.729606e+04	8.934910e+03	7.506747e+00	1.475208e+04	1.475458e+04	1.471041e+04	8.821506e+01	8.816977e+01
	616	357	154.000000	0.750000	1.790118e-05	1.006621e+05	1.433083e+00	8.075665e+00	1.455259e+04	1.455328e+04	1.452529e+04	8.948624e+01	8.791738e+01
	873	357	218.250000	0.750000	5.294802e-06	1.011671e+05	1.111865e+00	7.715420e+00	1.488043e+04	1.488084e+04	1.487416e+04	7.988976e+01	7.837016e+01
	616	358	154.000000	0.500000	2.004695e-05	1.006631e+05	1.754545e+00	7.836587e+00	1.455332e+04	1.455370e+04	1.452529e+04	8.944666e+01	8.775594e+01
	926	359	231.500000	0.250000	1.307321e-05	1.012521e+05	6.899517e-01	7.536953e+00	1.494309e+04	1.494303e+04	1.492254e+04	8.262553e+01	7.974483e+01
2024	1	9	33	12
	71	190	17.750000	42.500000	2.219973e-04	8.591388e+04	1.495569e+04	1.100588e+01	1.445782e+04	1.446832e+04	1.429848e+04	8.048159e+01	8.264131e+01
	187	190	46.750000	42.500000	2.950428e-04	7.198088e+04	2.829298e+04	1.114305e+01	1.390343e+04	1.390547e+04	1.373948e+04	7.521459e+01	7.184129e+01
	1075	205	268.750000	38.750000	1.977680e-04	9.392688e+04	4.430824e+03	7.600988e+00	1.239268e+04	1.245608e+04	1.205161e+04	9.509660e+01	9.586586e+01
	98	206	24.500000	38.500000	3.103910e-04	8.861988e+04	1.097083e+04	1.936446e+01	1.400218e+04	1.402778e+04	1.374423e+04	8.649962e+01	8.498282e+01
	1106	217	276.500000	35.750000	2.325771e-04	8.824288e+04	1.097695e+04	9.709678e+00	1.347819e+04	1.349132e+04	1.325998e+04	9.656055e+01	9.514198e+01
	791	242	197.750000	29.500000	2.211926e-04	9.941788e+04	1.513344e+00	1.914197e+01	1.342678e+04	1.348647e+04	1.297898e+04	8.354556e+01	8.487972e+01
	814	276	203.500000	21.000000	1.059172e-04	7.598788e+04	2.549661e+04	1.486459e+01	1.446729e+04	1.446866e+04	1.438986e+04	8.300672e+01	7.862323e+01
	934	299	233.500000	15.250000	5.236245e-05	1.012589e+05	1.373608e+00	1.048458e+01	1.483991e+04	1.484397e+04	1.480561e+04	8.579632e+01	8.304393e+01
	935	299	233.750000	15.250000	4.863716e-05	1.012589e+05	1.373608e+00	1.048458e+01	1.483847e+04	1.484245e+04	1.480561e+04	8.624356e+01	8.322066e+01
	497	328	124.250000	8.000000	9.745336e-05	8.789888e+04	1.381545e+04	8.670864e+00	1.485808e+04	1.486144e+04	1.480323e+04	8.047641e+01	7.631963e+01
	750	341	187.500000	4.750000	1.527367e-04	1.008829e+05	8.105052e-01	6.824169e+00	1.470746e+04	1.471083e+04	1.463873e+04	7.711061e+01	7.512683e+01
	1137	341	284.250000	4.750000	2.738235e-04	6.734388e+04	3.464610e+04	6.625169e+00	1.485243e+04	1.485369e+04	1.462598e+04	8.081623e+01	7.494994e+01
	219	342	54.750000	4.500000	1.704670e-05	1.009169e+05	1.473439e+00	1.034560e+01	1.463882e+04	1.464019e+04	1.462573e+04	7.569280e+01	7.635475e+01
	460	342	115.000000	4.500000	9.638048e-05	8.684288e+04	1.352554e+04	7.872691e+00	1.479598e+04	1.479904e+04	1.474948e+04	7.571553e+01	7.661253e+01
	682	343	170.500000	4.250000	-9.241048e-07	1.009139e+05	6.297144e-01	9.950583e+00	1.473026e+04	1.473262e+04	1.469073e+04	8.396116e+01	7.801447e+01
	940	343	235.000000	4.250000	4.476286e-05	1.009229e+05	1.131945e+00	8.052369e+00	1.468266e+04	1.468543e+04	1.463836e+04	7.755708e+01	8.098583e+01
	1017	343	254.250000	4.250000	2.989150e-05	1.009749e+05	1.372568e+00	8.865603e+00	1.472612e+04	1.472685e+04	1.467511e+04	9.643566e+01	9.391766e+01
	1042	347	260.500000	3.250000	1.150346e-05	1.009529e+05	1.493493e+00	7.808500e+00	1.470251e+04	1.470430e+04	1.467611e+04	9.391951e+01	9.217053e+01
	547	348	136.750000	3.000000	2.801395e-05	1.009179e+05	3.100722e+00	8.027256e+00	1.477302e+04	1.477570e+04	1.473386e+04	8.794407e+01	8.242683e+01
	325	349	81.250000	2.750000	2.702770e-04	1.006529e+05	2.578475e+00	1.130869e+01	1.465028e+04	1.465667e+04	1.458073e+04	9.259251e+01	8.708536e+01
	326	349	81.500000	2.750000	2.702770e-04	1.006529e+05	2.578475e+00	1.130869e+01	1.465225e+04	1.465864e+04	1.458073e+04	9.240096e+01	8.700882e+01
	376	350	94.000000	2.500000	1.107452e-04	9.660388e+04	3.071698e+02	8.889189e+00	1.477771e+04	1.477800e+04	1.475773e+04	8.241295e+01	8.275025e+01
	1290	350	322.500000	2.500000	1.502014e-05	1.013279e+05	1.594022e+00	9.004981e+00	1.502912e+04	1.503057e+04	1.499998e+04	8.707471e+01	7.911617e+01
	621	351	155.250000	2.250000	2.533174e-05	1.008679e+05	1.694440e+00	1.149075e+01	1.473491e+04	1.473910e+04	1.468961e+04	8.762215e+01	8.404807e+01
	420	355	105.000000	1.250000	5.906797e-05	9.868088e+04	1.154640e+03	7.762370e+00	1.474929e+04	1.475181e+04	1.470823e+04	8.388760e+01	8.369914e+01
	1316	356	329.000000	1.000000	6.019836e-06	1.013199e+05	6.896696e-01	6.970688e+00	1.502729e+04	1.502946e+04	1.500523e+04	7.860006e+01	7.741121e+01
	514	357	128.500000	0.750000	6.088591e-05	9.633688e+04	5.294975e+03	6.249947e+00	1.481216e+04	1.481080e+04	1.479461e+04	7.518122e+01	7.858738e+01
	239	358	59.750000	0.500000	5.617714e-05	1.008389e+05	1.875327e+00	6.812738e+00	1.462683e+04	1.462925e+04	1.458198e+04	7.589268e+01	8.095033e+01
	900	359	225.000000	0.250000	1.674867e-05	1.009389e+05	1.232426e+00	7.291351e+00	1.467813e+04	1.467967e+04	1.466261e+04	8.859824e+01	8.292890e+01
	1059	359	264.750000	0.250000	4.470116e-06	1.009639e+05	1.494453e+00	8.268106e+00	1.470558e+04	1.470833e+04	1.467461e+04	8.793225e+01	8.959902e+01
	6	360	1.500000	0.000000	8.761650e-06	1.010769e+05	1.614064e+00	6.964033e+00	1.487195e+04	1.487339e+04	1.486111e+04	7.509606e+01	7.454524e+01
	1234	360	308.500000	0.000000	1.969910e-05	9.607788e+04	3.782592e+03	8.442700e+00	1.499937e+04	1.499972e+04	1.498236e+04	8.016119e+01	8.093987e+01
	1363	360	340.750000	0.000000	1.460081e-06	1.013719e+05	1.071425e+00	7.171996e+00	1.504687e+04	1.504707e+04	1.502873e+04	8.175020e+01	8.168835e+01
2024	1	9	29	18
	605	184	151.250000	44.000000	3.913264e-04	9.890823e+04	3.342383e+02	1.541641e+01	1.305338e+04	1.307388e+04	1.280023e+04	8.263238e+01	8.453967e+01
	1081	199	270.250000	40.250000	2.256851e-04	9.470723e+04	2.591151e+03	1.177402e+01	1.192517e+04	1.199695e+04	1.145236e+04	9.647520e+01	9.627031e+01
	127	204	31.750000	39.000000	3.096978e-04	7.796923e+04	1.619727e+04	1.431603e+01	1.417657e+04	1.420163e+04	1.395373e+04	9.067630e+01	8.682601e+01
	1109	206	277.250000	38.500000	2.129297e-04	8.819823e+04	1.009281e+04	1.085174e+01	1.251772e+04	1.255482e+04	1.221936e+04	9.546577e+01	9.623032e+01
	793	241	198.250000	29.750000	1.778225e-04	9.947423e+04	1.513344e+00	1.672777e+01	1.341100e+04	1.346390e+04	1.303186e+04	8.116488e+01	8.171551e+01
	562	262	140.500000	24.500000	2.193372e-04	1.012122e+05	1.712036e+01	1.138764e+01	1.484305e+04	1.484177e+04	1.472048e+04	9.201112e+01	8.826220e+01
	532	265	133.000000	23.750000	2.939920e-04	1.010392e+05	1.393034e+00	1.139726e+01	1.468713e+04	1.469129e+04	1.451823e+04	9.174054e+01	8.820934e+01
	243	325	60.750000	8.750000	5.423231e-05	1.012722e+05	2.036064e+00	9.750456e+00	1.493735e+04	1.493927e+04	1.490286e+04	8.387660e+01	8.047880e+01
	504	331	126.000000	7.250000	1.580338e-04	8.775423e+04	1.381545e+04	7.506791e+00	1.467469e+04	1.467496e+04	1.463948e+04	8.207322e+01	7.653458e+01
	466	335	116.500000	6.250000	9.792252e-05	8.681123e+04	1.275419e+04	7.756577e+00	1.474836e+04	1.474954e+04	1.471736e+04	8.189525e+01	7.810167e+01
	972	340	243.000000	5.000000	1.280708e-05	1.012652e+05	1.252741e+00	5.649760e+00	1.494376e+04	1.494416e+04	1.492148e+04	7.970196e+01	8.089305e+01
	1069	341	267.250000	4.750000	1.051049e-04	1.010702e+05	1.836228e+00	8.461642e+00	1.483963e+04	1.483945e+04	1.479086e+04	9.246458e+01	8.583722e+01
	588	343	147.000000	4.250000	9.449525e-05	1.006962e+05	2.458132e+00	1.093633e+01	1.456223e+04	1.456399e+04	1.451011e+04	9.177950e+01	8.566098e+01
	938	345	234.500000	3.750000	5.354686e-05	1.012332e+05	1.131945e+00	7.601099e+00	1.493350e+04	1.493497e+04	1.491336e+04	8.328450e+01	8.030303e+01
	324	346	81.000000	3.500000	2.622823e-04	9.889023e+04	4.164174e+00	1.201595e+01	1.481827e+04	1.482343e+04	1.473223e+04	9.218538e+01	8.789507e+01
	864	346	216.000000	3.500000	3.331108e-05	1.012012e+05	1.152015e+00	8.105709e+00	1.492204e+04	1.492370e+04	1.490186e+04	8.863227e+01	8.604506e+01
	1227	346	306.750000	3.500000	8.692546e-05	9.592123e+04	3.946275e+03	7.417380e+00	1.478194e+04	1.478376e+04	1.470298e+04	8.327708e+01	8.290545e+01
	1334	350	333.500000	2.500000	1.088302e-04	1.010702e+05	1.212281e+00	6.430806e+00	1.481478e+04	1.481648e+04	1.478686e+04	8.069561e+01	8.051545e+01
	1386	350	346.500000	2.500000	6.639166e-05	1.011512e+05	1.272547e+00	5.773515e+00	1.488383e+04	1.488411e+04	1.486986e+04	7.537785e+01	7.811217e+01
	441	355	110.250000	1.250000	5.464954e-05	9.439823e+04	6.177788e+03	7.150962e+00	1.473732e+04	1.473767e+04	1.471798e+04	8.619808e+01	8.427008e+01
	1288	355	322.000000	1.250000	1.000566e-05	1.010052e+05	1.393162e+00	6.762021e+00	1.478913e+04	1.478998e+04	1.477236e+04	8.539846e+01	7.994238e+01
	1355	355	338.750000	1.250000	1.154374e-06	1.011312e+05	9.309898e-01	6.250702e+00	1.486272e+04	1.486271e+04	1.485011e+04	8.351840e+01	8.157882e+01
	563	356	140.750000	1.000000	1.361175e-05	1.005682e+05	1.875340e+00	8.072989e+00	1.454478e+04	1.454624e+04	1.452361e+04	8.371593e+01	8.416226e+01
	1355	356	338.750000	1.000000	1.810025e-06	1.011332e+05	9.309898e-01	6.315647e+00	1.486233e+04	1.486231e+04	1.485011e+04	8.342927e+01	8.195897e+01
	371	357	92.750000	0.750000	2.854271e-05	1.009652e+05	2.839612e+00	8.371391e+00	1.479438e+04	1.479403e+04	1.477098e+04	7.957607e+01	8.191583e+01
	1083	357	270.750000	0.750000	1.551909e-05	9.883023e+04	1.134032e+03	7.722641e+00	1.481520e+04	1.481665e+04	1.478998e+04	8.751481e+01	8.505579e+01
	612	358	153.000000	0.500000	2.255659e-04	1.006802e+05	1.754545e+00	9.053180e+00	1.454224e+04	1.454395e+04	1.452186e+04	9.128791e+01	8.745418e+01
	239	359	59.750000	0.250000	7.253094e-05	1.012092e+05	1.875327e+00	7.312747e+00	1.493179e+04	1.493086e+04	1.492111e+04	7.638016e+01	8.061416e+01
	4	360	1.000000	0.000000	2.416177e-05	1.010212e+05	1.614064e+00	7.245997e+00	1.481214e+04	1.481276e+04	1.480361e+04	7.942973e+01	7.648238e+01
2024	1	10	28	0
	1402	180	350.500000	45.000000	1.315144e-04	8.880712e+04	4.780209e+03	1.518667e+01	1.452955e+04	1.454536e+04	1.437909e+04	7.966969e+01	7.261914e+01
	1100	189	275.000000	42.750000	2.724794e-04	9.377412e+04	3.927597e+03	1.676840e+01	1.161458e+04	1.167851e+04	1.123996e+04	9.707533e+01	9.594714e+01
	131	203	32.750000	39.250000	2.616909e-04	7.792812e+04	1.619727e+04	1.629909e+01	1.423080e+04	1.425240e+04	1.399909e+04	8.974596e+01	8.029128e+01
	798	235	199.500000	31.250000	1.801816e-04	9.937012e+04	1.513344e+00	1.454420e+01	1.327869e+04	1.332386e+04	1.296446e+04	7.619220e+01	7.924570e+01
	390	237	97.500000	30.750000	4.809769e-05	5.473412e+04	5.160266e+04	3.455472e+00	1.492323e+04	1.492828e+04	1.447834e+04	7.816488e+01	7.498277e+01
	819	281	204.750000	19.750000	5.561379e-04	7.586712e+04	2.549661e+04	1.303603e+01	1.457322e+04	1.457140e+04	1.449534e+04	8.308152e+01	7.858681e+01
	1106	327	276.500000	8.250000	5.477341e-05	8.215212e+04	2.245480e+04	6.503595e+00	1.474381e+04	1.474495e+04	1.471534e+04	7.872866e+01	7.790936e+01
	1107	327	276.750000	8.250000	5.477341e-05	8.215212e+04	2.245480e+04	6.503595e+00	1.474402e+04	1.474521e+04	1.471534e+04	7.859367e+01	7.793012e+01
	911	329	227.750000	7.750000	1.725229e-05	1.009221e+05	1.131906e+00	9.208721e+00	1.468352e+04	1.468488e+04	1.465484e+04	8.485520e+01	8.037473e+01
	635	340	158.750000	5.000000	4.142197e-05	1.008391e+05	2.880061e+02	1.220438e+01	1.474793e+04	1.475069e+04	1.470296e+04	8.467584e+01	8.312067e+01
	545	341	136.250000	4.750000	7.447321e-06	1.008961e+05	1.995751e+00	9.577854e+00	1.475256e+04	1.475513e+04	1.472996e+04	7.686081e+01	7.785078e+01
	449	345	112.250000	3.750000	4.356774e-05	9.065312e+04	3.652484e+03	8.827157e+00	1.477976e+04	1.478192e+04	1.472296e+04	7.979334e+01	8.107474e+01
	570	345	142.500000	3.750000	3.382238e-05	1.008771e+05	1.754831e+00	1.023161e+01	1.475155e+04	1.475462e+04	1.470571e+04	8.700491e+01	8.370293e+01
	314	347	78.500000	3.250000	3.325609e-04	1.007691e+05	2.739393e+00	1.251976e+01	1.465234e+04	1.465927e+04	1.456209e+04	9.051624e+01	8.634843e+01
	1051	348	262.750000	3.000000	6.255228e-06	1.009461e+05	1.493493e+00	8.000001e+00	1.471492e+04	1.471502e+04	1.467846e+04	9.044792e+01	8.681787e+01
	1339	350	334.750000	2.500000	2.506049e-05	1.012841e+05	1.212281e+00	6.923926e+00	1.500014e+04	1.500198e+04	1.497534e+04	8.452864e+01	8.130929e+01
	429	351	107.250000	2.250000	5.212100e-05	9.769012e+04	3.512205e+02	7.538591e+00	1.478258e+04	1.478465e+04	1.474259e+04	8.544353e+01	8.244584e+01
	735	351	183.750000	2.250000	3.543217e-06	1.007681e+05	9.109490e-01	6.862285e+00	1.464316e+04	1.464307e+04	1.462496e+04	8.343433e+01	7.879672e+01
	1244	351	311.000000	2.250000	7.417519e-06	9.901712e+04	3.873541e+02	9.424946e+00	1.490824e+04	1.490943e+04	1.489809e+04	8.184385e+01	8.029107e+01
	1081	352	270.250000	2.000000	1.686485e-05	9.870612e+04	9.415852e+01	7.653776e+00	1.469907e+04	1.469970e+04	1.467071e+04	8.892877e+01	8.641412e+01
	1375	352	343.750000	2.000000	-4.324596e-06	1.013061e+05	1.272547e+00	5.102117e+00	1.502444e+04	1.502622e+04	1.499109e+04	7.684489e+01	7.732174e+01
	925	353	231.250000	1.750000	2.598437e-05	1.008611e+05	5.093026e-01	6.816067e+00	1.462868e+04	1.463105e+04	1.460271e+04	8.185809e+01	8.220614e+01
	679	356	169.750000	1.000000	8.701952e-05	1.008071e+05	2.176599e+00	8.396339e+00	1.468669e+04	1.468814e+04	1.464646e+04	8.358261e+01	8.495490e+01
	618	357	154.500000	0.750000	2.073916e-05	1.009261e+05	1.694440e+00	8.719183e+00	1.476351e+04	1.476465e+04	1.473396e+04	8.645122e+01	8.326773e+01
	389	358	97.250000	0.500000	1.105932e-04	8.684812e+04	2.283846e+03	8.923251e+00	1.472802e+04	1.473011e+04	1.468446e+04	8.592485e+01	8.479221e+01
	853	359	213.250000	0.250000	6.672461e-06	1.008461e+05	1.573924e+00	7.851159e+00	1.463032e+04	1.463170e+04	1.461484e+04	7.630077e+01	7.409143e+01
	16	360	4.000000	0.000000	2.056034e-05	1.004401e+05	6.154302e+00	5.971460e+00	1.492388e+04	1.492408e+04	1.491971e+04	7.929392e+01	7.386530e+01
	887	360	221.750000	0.000000	1.677545e-05	1.008731e+05	1.192116e+00	7.504823e+00	1.465064e+04	1.465244e+04	1.462734e+04	7.725354e+01	7.477238e+01
2024	1	10	26	6
	1148	180	287.000000	45.000000	2.679343e-04	9.020577e+04	7.065133e+03	1.918797e+01	1.244187e+04	1.246828e+04	1.213298e+04	9.595887e+01	9.236425e+01
	1110	183	277.500000	44.250000	3.613050e-04	9.207477e+04	4.718779e+03	1.413492e+01	1.133596e+04	1.140241e+04	1.076611e+04	9.746107e+01	9.663578e+01
	1422	183	355.500000	44.250000	1.299197e-04	8.581677e+04	1.451774e+04	1.052745e+01	1.439299e+04	1.441105e+04	1.429173e+04	8.621210e+01	7.937785e+01
	1149	202	287.250000	39.500000	2.540464e-04	9.120477e+04	1.791429e+03	2.618849e+01	1.283046e+04	1.286594e+04	1.244411e+04	9.306866e+01	9.124344e+01
	117	214	29.250000	36.500000	9.251782e-05	8.124677e+04	1.632326e+04	1.492032e+01	1.428188e+04	1.431504e+04	1.407448e+04	8.250397e+01	8.244795e+01
	788	216	197.000000	36.000000	3.625567e-04	9.953277e+04	1.875114e+00	1.533644e+01	1.323860e+04	1.327509e+04	1.301123e+04	8.593041e+01	7.612592e+01
	1297	224	324.250000	34.000000	2.853686e-04	1.001508e+05	1.193224e+00	1.599797e+01	1.358731e+04	1.361986e+04	1.336061e+04	8.076719e+01	7.656418e+01
	832	239	208.000000	30.250000	7.202441e-04	1.003378e+05	1.633933e+00	2.074009e+01	1.441371e+04	1.442160e+04	1.419548e+04	8.086605e+01	7.898988e+01
	575	262	143.750000	24.500000	6.690735e-04	1.008788e+05	1.292169e+00	1.419946e+01	1.456266e+04	1.456414e+04	1.436936e+04	8.259525e+01	8.154969e+01
	819	281	204.750000	19.750000	3.861899e-04	7.608877e+04	2.549661e+04	1.137380e+01	1.476886e+04	1.476694e+04	1.469098e+04	8.520200e+01	8.087097e+01
	972	326	243.000000	8.500000	1.650865e-04	1.012648e+05	1.031486e+00	1.015590e+01	1.496885e+04	1.496974e+04	1.493173e+04	9.301448e+01	9.274224e+01
	994	328	248.500000	8.000000	2.653548e-05	1.012188e+05	1.332880e+00	5.585543e+00	1.495265e+04	1.495373e+04	1.492723e+04	8.825102e+01	8.980286e+01
	681	338	170.250000	5.500000	2.850243e-05	1.006958e+05	7.502871e-01	1.003195e+01	1.457060e+04	1.457172e+04	1.453798e+04	7.990555e+01	7.574833e+01
	920	340	230.000000	5.000000	1.503178e-05	1.012628e+05	1.151974e+00	9.763725e+00	1.496146e+04	1.496263e+04	1.494511e+04	9.199613e+01	8.717077e+01
	1137	341	284.250000	4.750000	2.435560e-04	6.736477e+04	3.464610e+04	5.544583e+00	1.484464e+04	1.484583e+04	1.460686e+04	7.800063e+01	7.488895e+01
	853	347	213.250000	3.250000	1.637288e-05	1.010748e+05	9.109924e-01	7.507619e+00	1.487398e+04	1.487406e+04	1.486161e+04	8.536826e+01	8.453297e+01
	309	350	77.250000	2.500000	3.768916e-04	1.009628e+05	2.739393e+00	1.098586e+01	1.482172e+04	1.482662e+04	1.472698e+04	8.824156e+01	8.490919e+01
	458	354	114.500000	1.500000	3.628084e-05	8.728677e+04	1.174930e+04	5.041803e+00	1.464419e+04	1.464463e+04	1.459248e+04	8.228108e+01	8.037288e+01
	528	354	132.000000	1.500000	4.790374e-05	8.691577e+04	1.041259e+03	4.797898e+00	1.448547e+04	1.448627e+04	1.446911e+04	8.217616e+01	8.179491e+01
	1194	357	298.500000	0.750000	1.868124e-04	9.125877e+04	5.625173e+03	4.598858e+00	1.480800e+04	1.480953e+04	1.478148e+04	8.370795e+01	8.567136e+01
	1353	358	338.250000	0.500000	3.826106e-06	1.010838e+05	1.152477e+00	6.933074e+00	1.480907e+04	1.481077e+04	1.478511e+04	8.011453e+01	8.072239e+01
	1404	358	351.000000	0.500000	1.434633e-05	1.012088e+05	8.107274e-01	5.419536e+00	1.489512e+04	1.489541e+04	1.488936e+04	8.602831e+01	8.399960e+01
	550	359	137.500000	0.250000	3.043958e-05	9.615977e+04	1.055851e+03	6.019083e+00	1.446882e+04	1.447233e+04	1.445598e+04	8.762675e+01	8.544701e+01
	598	360	149.500000	0.000000	9.210058e-05	9.997577e+04	2.565132e+02	6.737516e+00	1.444894e+04	1.445165e+04	1.441636e+04	8.454462e+01	8.506982e+01
	914	360	228.500000	0.000000	2.066442e-05	1.012198e+05	8.103890e-01	7.925076e+00	1.494125e+04	1.494130e+04	1.493636e+04	8.123869e+01	8.098421e+01
	1286	360	321.500000	0.000000	7.862691e-07	1.009298e+05	1.332847e+00	7.274765e+00	1.473934e+04	1.474152e+04	1.472223e+04	7.730898e+01	7.667099e+01
2024	1	10	32	12
	1439	187	359.750000	43.250000	1.438153e-04	8.117475e+04	1.970498e+04	9.938766e+00	1.448999e+04	1.450622e+04	1.437853e+04	8.629222e+01	8.207686e+01
	789	198	197.250000	40.500000	4.694355e-04	9.911675e+04	1.493051e+00	1.740300e+01	1.291478e+04	1.295875e+04	1.254415e+04	8.674123e+01	8.395846e+01
	126	215	31.500000	36.250000	2.658558e-04	7.795475e+04	1.861567e+04	1.247692e+01	1.426691e+04	1.429964e+04	1.399240e+04	7.848261e+01	8.036243e+01
	805	215	201.250000	36.250000	4.940224e-04	9.923475e+04	1.050962e+00	1.542116e+01	1.308179e+04	1.312434e+04	1.276990e+04	8.551275e+01	8.549557e+01
	1113	216	278.250000	36.000000	9.446265e-05	8.770375e+04	1.097695e+04	7.647790e+00	1.307083e+04	1.307259e+04	1.297803e+04	8.050024e+01	7.210978e+01
	1319	216	329.750000	36.000000	9.965193e-04	9.933675e+04	9.689945e+00	2.025047e+01	1.344898e+04	1.349364e+04	1.294665e+04	7.965987e+01	7.657922e+01
	538	235	134.500000	31.250000	1.857174e-04	9.291875e+04	3.624507e+02	1.414825e+01	1.402001e+04	1.404037e+04	1.384653e+04	8.208544e+01	7.581088e+01
	819	281	204.750000	19.750000	3.379178e-04	7.600675e+04	2.549661e+04	1.348241e+01	1.468916e+04	1.468754e+04	1.461865e+04	7.753926e+01	7.704704e+01
	969	325	242.250000	8.750000	4.502428e-04	1.010398e+05	9.913448e-01	9.858901e+00	1.476159e+04	1.476338e+04	1.469790e+04	9.554169e+01	9.479152e+01
	910	334	227.500000	6.500000	8.868100e-05	1.009238e+05	9.511649e-01	1.036363e+01	1.471113e+04	1.471413e+04	1.465865e+04	8.654485e+01	8.198344e+01
	1031	334	257.750000	6.500000	1.039994e-04	1.010628e+05	1.553725e+00	5.370866e+00	1.480122e+04	1.480274e+04	1.477278e+04	8.496843e+01	8.288150e+01
	320	341	80.000000	4.750000	7.580640e-05	8.787875e+04	4.156139e+03	9.707542e+00	1.469648e+04	1.469787e+04	1.467878e+04	8.380844e+01	8.463153e+01
	1137	341	284.250000	4.750000	8.099200e-05	6.742775e+04	3.464610e+04	8.096497e+00	1.493126e+04	1.493033e+04	1.470690e+04	8.267094e+01	7.836056e+01
	376	342	94.000000	4.500000	8.573057e-05	8.572275e+04	9.615041e+03	9.141433e+00	1.471681e+04	1.471951e+04	1.467440e+04	8.039645e+01	7.631541e+01
	563	342	140.750000	4.500000	4.898431e-05	1.008838e+05	1.774505e+00	7.101416e+00	1.475110e+04	1.475330e+04	1.470865e+04	7.669632e+01	7.598989e+01
	376	343	94.000000	4.250000	8.450868e-05	8.572275e+04	9.615041e+03	9.141433e+00	1.471482e+04	1.471747e+04	1.467440e+04	8.052814e+01	7.692827e+01
	609	345	152.250000	3.750000	2.189400e-05	1.007978e+05	1.393022e+00	1.009555e+01	1.466915e+04	1.467098e+04	1.465240e+04	8.041467e+01	7.372484e+01
	1359	346	339.750000	3.500000	4.459638e-06	1.012888e+05	1.393263e+00	6.120656e+00	1.499801e+04	1.499907e+04	1.497528e+04	8.083591e+01	7.450329e+01
	848	347	212.000000	3.250000	2.523186e-05	1.008588e+05	8.505943e-01	8.364461e+00	1.466058e+04	1.466293e+04	1.463665e+04	8.342254e+01	8.456558e+01
	1269	351	317.250000	2.250000	7.261056e-06	1.012378e+05	1.513235e+00	9.936965e+00	1.497843e+04	1.498015e+04	1.496128e+04	8.725109e+01	8.004332e+01
	720	352	180.000000	2.000000	5.472917e-06	1.008598e+05	7.903677e-01	9.772157e+00	1.469524e+04	1.469795e+04	1.464490e+04	9.150290e+01	8.516705e+01
	415	353	103.750000	1.750000	4.236819e-05	9.532375e+04	2.996215e+03	6.729159e+00	1.471957e+04	1.472044e+04	1.469090e+04	8.287491e+01	8.340813e+01
	304	354	76.000000	1.500000	1.959694e-04	1.007718e+05	2.739393e+00	8.321189e+00	1.463086e+04	1.463598e+04	1.456790e+04	8.182747e+01	8.149112e+01
	677	354	169.250000	1.500000	1.995685e-05	1.007578e+05	8.707657e-01	9.393691e+00	1.464679e+04	1.465088e+04	1.460665e+04	8.118332e+01	8.466450e+01
	931	354	232.750000	1.500000	7.112045e-06	1.009888e+05	9.107434e-01	8.656171e+00	1.471680e+04	1.471812e+04	1.469065e+04	7.860016e+01	8.146712e+01
	1377	355	344.250000	1.250000	1.389999e-06	1.012778e+05	1.272547e+00	6.990661e+00	1.499405e+04	1.499546e+04	1.496978e+04	8.250478e+01	8.054520e+01
	444	357	111.000000	0.750000	1.449478e-04	9.205175e+04	6.177788e+03	7.244156e+00	1.470450e+04	1.470398e+04	1.465328e+04	8.653719e+01	8.273828e+01
	1247	357	311.750000	0.750000	9.824056e-06	1.005458e+05	3.119417e+02	8.871620e+00	1.496389e+04	1.496591e+04	1.494365e+04	8.346327e+01	7.704575e+01
	1075	358	268.750000	0.500000	2.517225e-05	9.890875e+04	2.968146e+03	7.122367e+00	1.479667e+04	1.479704e+04	1.478028e+04	8.678025e+01	8.608343e+01
	1036	359	259.000000	0.250000	2.552290e-06	1.011198e+05	9.703523e-01	6.199222e+00	1.479479e+04	1.479439e+04	1.478203e+04	9.275550e+01	8.888895e+01
	58	360	14.500000	0.000000	1.760246e-05	9.289875e+04	6.237948e+03	3.169071e+00	1.486213e+04	1.486276e+04	1.484403e+04	8.146678e+01	7.650507e+01
	1306	360	326.500000	0.000000	1.122477e-05	1.012518e+05	8.904456e-01	7.102880e+00	1.497564e+04	1.497737e+04	1.495128e+04	8.123504e+01	7.632627e+01
2024	1	10	27	18
	1176	182	294.000000	44.500000	7.892549e-04	9.289700e+04	2.502739e+03	2.132024e+01	1.224614e+04	1.230476e+04	1.188665e+04	8.860012e+01	8.605173e+01
	791	184	197.750000	44.000000	4.830956e-04	9.872700e+04	1.974125e+00	1.993466e+01	1.256919e+04	1.262832e+04	1.211353e+04	9.412644e+01	8.779138e+01
	2	192	0.500000	42.000000	1.842082e-04	8.111400e+04	1.970498e+04	1.150571e+01	1.447391e+04	1.449014e+04	1.434715e+04	9.046951e+01	8.900720e+01
	129	217	32.250000	35.750000	2.197027e-04	7.801800e+04	1.966843e+04	1.279246e+01	1.438870e+04	1.441731e+04	1.411703e+04	8.019771e+01	8.087880e+01
	1315	221	328.750000	34.750000	4.838109e-04	9.885600e+04	1.715729e+00	2.206773e+01	1.293010e+04	1.300183e+04	1.236490e+04	7.802460e+01	7.715628e+01
	563	236	140.750000	31.000000	6.105602e-04	1.000010e+05	1.039589e+01	1.750889e+01	1.370424e+04	1.373145e+04	1.341065e+04	9.235481e+01	8.823540e+01
	406	240	101.500000	30.000000	2.974272e-05	5.706100e+04	4.722730e+04	3.145154e+00	1.495861e+04	1.496246e+04	1.459028e+04	7.521619e+01	7.533347e+01
	595	250	148.750000	27.500000	2.022386e-04	1.004420e+05	1.251230e+00	1.576332e+01	1.422679e+04	1.423782e+04	1.416653e+04	8.422357e+01	8.382113e+01
	482	288	120.500000	18.000000	2.386570e-04	8.567100e+04	1.529694e+04	1.508511e+01	1.483900e+04	1.484132e+04	1.476915e+04	7.754211e+01	7.356732e+01
	934	303	233.500000	14.250000	5.808473e-05	1.014310e+05	1.373608e+00	9.557572e+00	1.498482e+04	1.498733e+04	1.495290e+04	7.775147e+01	7.809061e+01
	308	325	77.000000	8.750000	2.762675e-05	8.646200e+04	1.462617e+04	1.150207e+01	1.499124e+04	1.499108e+04	1.493065e+04	8.081200e+01	7.679589e+01
	929	343	232.250000	4.250000	1.736581e-04	1.012550e+05	1.292632e+00	8.630203e+00	1.495113e+04	1.495255e+04	1.492528e+04	8.800938e+01	8.256199e+01
	733	347	183.250000	3.250000	3.355742e-05	1.008560e+05	8.305691e-01	9.198809e+00	1.466717e+04	1.466535e+04	1.463215e+04	8.581191e+01	8.056100e+01
	734	348	183.500000	3.000000	3.355742e-05	1.008560e+05	8.908540e-01	9.198809e+00	1.467164e+04	1.466983e+04	1.463215e+04	8.425558e+01	8.150028e+01
	1264	349	316.000000	2.750000	1.126528e-05	1.009940e+05	1.514030e+00	9.051314e+00	1.476036e+04	1.476169e+04	1.474065e+04	9.017860e+01	8.143149e+01
	377	350	94.250000	2.500000	7.081032e-05	9.365400e+04	5.391902e+02	8.578171e+00	1.483010e+04	1.483322e+04	1.479090e+04	7.774844e+01	7.695000e+01
	1264	350	316.000000	2.500000	1.126528e-05	1.009890e+05	1.514030e+00	9.032995e+00	1.475953e+04	1.476083e+04	1.474065e+04	9.029011e+01	8.163412e+01
	306	354	76.500000	1.500000	1.566112e-04	1.010850e+05	2.739393e+00	8.961291e+00	1.488469e+04	1.488754e+04	1.483203e+04	8.493488e+01	8.394708e+01
	1321	354	330.250000	1.500000	2.235174e-06	1.010220e+05	6.896696e-01	6.144815e+00	1.477224e+04	1.477404e+04	1.475665e+04	8.737432e+01	8.693506e+01
	466	355	116.500000	1.250000	3.045797e-05	8.735700e+04	1.174930e+04	6.277135e+00	1.466847e+04	1.466854e+04	1.465015e+04	8.421654e+01	8.226693e+01
	544	355	136.000000	1.250000	2.363324e-05	9.967300e+04	5.709496e+02	4.832006e+00	1.455475e+04	1.455624e+04	1.452465e+04	8.241714e+01	8.291901e+01
	681	355	170.250000	1.250000	1.049042e-05	1.005840e+05	8.707657e-01	9.087055e+00	1.447678e+04	1.447885e+04	1.444840e+04	8.479692e+01	8.555653e+01
	621	356	155.250000	1.000000	2.607703e-05	1.005720e+05	1.694440e+00	7.860021e+00	1.446521e+04	1.446729e+04	1.444353e+04	8.873460e+01	8.666946e+01
	589	357	147.250000	0.750000	5.978346e-05	9.990600e+04	3.602958e+00	5.454834e+00	1.447872e+04	1.448108e+04	1.445978e+04	8.268388e+01	8.409949e+01
	681	357	170.250000	0.750000	1.069903e-05	1.005820e+05	2.176599e+00	7.982328e+00	1.447641e+04	1.447859e+04	1.444840e+04	8.459373e+01	8.491218e+01
	1194	358	298.500000	0.500000	6.157160e-05	9.233000e+04	5.625173e+03	4.716484e+00	1.480781e+04	1.481001e+04	1.475090e+04	8.581803e+01	8.305177e+01
	657	359	164.250000	0.250000	2.712011e-05	1.005410e+05	9.712926e-01	8.302879e+00	1.445127e+04	1.445390e+04	1.441715e+04	8.465101e+01	8.541314e+01
2024	1	11	37	0
	515	182	128.750000	44.500000	1.307859e-04	8.351111e+04	1.069174e+04	6.402716e+00	1.301217e+04	1.303225e+04	1.285431e+04	9.024830e+01	8.390394e+01
	1005	184	251.250000	44.000000	6.611482e-05	6.810611e+04	3.163678e+04	7.761317e+00	1.300992e+04	1.302220e+04	1.271281e+04	7.512680e+01	7.549728e+01
	299	187	74.750000	43.250000	1.613630e-04	6.260511e+04	3.672497e+04	5.833965e+00	1.401120e+04	1.401933e+04	1.386606e+04	7.760947e+01	6.226267e+01
	1064	187	266.000000	43.250000	1.418127e-04	9.318711e+04	5.311234e+03	6.966928e+00	1.257411e+04	1.259960e+04	1.231894e+04	7.512920e+01	7.026979e+01
	5	194	1.250000	41.500000	1.471473e-04	8.114411e+04	1.970498e+04	1.239133e+01	1.449381e+04	1.451203e+04	1.434681e+04	8.740466e+01	8.569699e+01
	33	206	8.250000	38.500000	1.522435e-04	9.075611e+04	9.375314e+03	9.519940e+00	1.459979e+04	1.461807e+04	1.445544e+04	8.616534e+01	8.263199e+01
	1316	214	329.000000	36.500000	8.831753e-04	9.797511e+04	9.689945e+00	2.345375e+01	1.267225e+04	1.276411e+04	1.162356e+04	8.185987e+01	7.967200e+01
	139	216	34.750000	36.000000	2.573563e-04	7.803511e+04	2.353409e+04	1.090982e+01	1.436779e+04	1.439185e+04	1.413056e+04	8.382575e+01	8.023683e+01
	785	232	196.250000	32.000000	2.930297e-04	1.005791e+05	1.251696e+00	1.797542e+01	1.387845e+04	1.388481e+04	1.377744e+04	7.659751e+01	6.915702e+01
	566	238	141.500000	30.500000	5.223586e-04	9.983111e+04	1.039589e+01	2.046235e+01	1.362278e+04	1.366546e+04	1.326181e+04	8.065753e+01	8.219835e+01
	408	254	102.000000	26.500000	2.302066e-05	5.952611e+04	3.520895e+04	2.557062e+00	1.495048e+04	1.495323e+04	1.477206e+04	8.972031e+01	8.702446e+01
	819	282	204.750000	19.500000	3.086163e-04	7.588211e+04	2.549661e+04	1.123139e+01	1.456993e+04	1.456785e+04	1.448806e+04	8.286718e+01	8.249256e+01
	953	297	238.250000	15.750000	1.496805e-04	1.011361e+05	1.614180e+00	8.078515e+00	1.473946e+04	1.474269e+04	1.470194e+04	8.678774e+01	8.136118e+01
	1024	337	256.000000	5.750000	6.188289e-05	1.009241e+05	1.553725e+00	4.918800e+00	1.471152e+04	1.471239e+04	1.468231e+04	8.232613e+01	8.438571e+01
	1116	339	279.000000	5.250000	3.756420e-05	9.720611e+04	1.513802e+02	5.226596e+00	1.475434e+04	1.475655e+04	1.471144e+04	8.537608e+01	8.527516e+01
	1190	339	297.500000	5.250000	1.476242e-04	8.569511e+04	1.456782e+04	7.336096e+00	1.485598e+04	1.485761e+04	1.478294e+04	8.574874e+01	8.396465e+01
	1137	340	284.250000	5.000000	1.093580e-04	6.734411e+04	3.464610e+04	3.263063e+00	1.478895e+04	1.479028e+04	1.456906e+04	7.727736e+01	7.357516e+01
	929	342	232.250000	4.500000	-2.251472e-07	1.008691e+05	1.292632e+00	8.399494e+00	1.463364e+04	1.463504e+04	1.459769e+04	8.060825e+01	8.126918e+01
	297	345	74.250000	3.750000	6.060139e-05	1.008871e+05	2.015900e+00	1.078933e+01	1.471701e+04	1.472163e+04	1.467669e+04	8.905212e+01	8.385262e+01
	447	345	111.750000	3.750000	3.899471e-05	9.357611e+04	2.732467e+03	1.002322e+01	1.477999e+04	1.478167e+04	1.473944e+04	8.007613e+01	8.135509e+01
	1347	347	336.750000	3.250000	2.337852e-06	1.012561e+05	9.510966e-01	5.796609e+00	1.495878e+04	1.496100e+04	1.492781e+04	8.383720e+01	7.560590e+01
	633	348	158.250000	3.000000	2.528564e-05	1.008141e+05	1.413195e+00	7.331353e+00	1.466851e+04	1.467074e+04	1.463881e+04	8.430066e+01	8.434609e+01
	411	349	102.750000	2.750000	3.669993e-05	9.065511e+04	9.047731e+03	7.577718e+00	1.479380e+04	1.479398e+04	1.476269e+04	8.508612e+01	8.350384e+01
	378	351	94.500000	2.250000	7.985369e-05	8.968811e+04	5.391902e+02	7.811653e+00	1.475841e+04	1.476384e+04	1.469706e+04	7.950476e+01	7.798863e+01
	708	352	177.000000	2.000000	1.214282e-05	1.006871e+05	1.573879e+00	1.018275e+01	1.459487e+04	1.459764e+04	1.455431e+04	8.099374e+01	7.736425e+01
	609	353	152.250000	1.750000	2.993480e-05	1.008241e+05	1.352788e+00	6.936518e+00	1.468457e+04	1.468712e+04	1.464319e+04	8.735534e+01	8.403861e+01
	834	353	208.500000	1.750000	2.114312e-05	1.007121e+05	1.192234e+00	8.045782e+00	1.454836e+04	1.455112e+04	1.452806e+04	8.341476e+01	8.453999e+01
	1374	353	343.500000	1.750000	1.774565e-05	1.012461e+05	1.272547e+00	6.521162e+00	1.496249e+04	1.496486e+04	1.492606e+04	8.524356e+01	8.170285e+01
	834	354	208.500000	1.500000	2.117292e-05	1.007121e+05	1.192234e+00	8.133269e+00	1.454745e+04	1.455025e+04	1.452806e+04	8.340909e+01	8.415114e+01
	835	354	208.750000	1.500000	2.114312e-05	1.007121e+05	1.192234e+00	8.209849e+00	1.454674e+04	1.454955e+04	1.452806e+04	8.342628e+01	8.425404e+01
	835	355	208.750000	1.250000	1.816289e-05	1.007121e+05	1.192234e+00	8.342525e+00	1.454599e+04	1.454885e+04	1.452806e+04	8.341558e+01	8.385294e+01
	1263	356	315.750000	1.000000	1.658336e-05	1.007941e+05	1.051937e+00	8.945900e+00	1.487236e+04	1.487414e+04	1.485194e+04	8.172903e+01	7.950638e+01
	670	358	167.500000	0.500000	1.288787e-05	1.007731e+05	5.350978e+00	5.992462e+00	1.465727e+04	1.465825e+04	1.464431e+04	8.020084e+01	8.438628e+01
	1172	359	293.000000	0.250000	7.997290e-05	9.352511e+04	8.238647e+03	2.443364e+00	1.478238e+04	1.478342e+04	1.476169e+04	7.874482e+01	7.707072e+01
	1108	360	277.000000	0.000000	2.668635e-05	9.769311e+04	3.643116e+00	6.191627e+00	1.472377e+04	1.472899e+04	1.469444e+04	8.349318e+01	8.619420e+01
	1172	360	293.000000	0.000000	4.754798e-05	9.352511e+04	8.238647e+03	2.583991e+00	1.478100e+04	1.478195e+04	1.476169e+04	7.872656e+01	7.714687e+01
	1220	360	305.000000	0.000000	3.267662e-05	9.582211e+04	4.826799e+03	3.310707e+00	1.481786e+04	1.481833e+04	1.480756e+04	8.914387e+01	8.679790e+01
2024	1	11	27	6
	1072	188	268.000000	43.000000	2.018958e-04	9.427125e+04	3.938721e+03	7.431635e+00	1.271669e+04	1.274508e+04	1.246766e+04	8.418368e+01	7.781676e+01
	1013	189	253.250000	42.750000	1.139790e-04	6.812425e+04	2.994065e+04	7.238315e+00	1.310382e+04	1.311672e+04	1.283516e+04	7.811779e+01	7.762223e+01
	45	203	11.250000	39.250000	1.281053e-04	9.277625e+04	9.375314e+03	1.284028e+01	1.454118e+04	1.456192e+04	1.435291e+04	9.005081e+01	8.359760e+01
	1319	211	329.750000	37.250000	4.820675e-04	9.757725e+04	1.476318e+03	2.514809e+01	1.247973e+04	1.258077e+04	1.130103e+04	8.240109e+01	7.980682e+01
	142	217	35.500000	35.750000	2.561361e-04	7.805625e+04	2.353409e+04	8.946450e+00	1.435858e+04	1.437796e+04	1.415791e+04	8.599749e+01	8.193419e+01
	617	228	154.250000	33.000000	7.073432e-04	9.954025e+04	1.554010e+00	1.917007e+01	1.335829e+04	1.338170e+04	1.309841e+04	9.492213e+01	8.998737e+01
	589	234	147.250000	31.500000	8.528382e-04	9.927825e+04	2.417249e+00	1.906125e+01	1.327500e+04	1.330802e+04	1.286041e+04	8.537755e+01	8.357128e+01
	794	235	198.500000	31.250000	2.973229e-04	1.008212e+05	1.513344e+00	1.744120e+01	1.408116e+04	1.409020e+04	1.398653e+04	7.579891e+01	7.062989e+01
	497	328	124.250000	8.000000	1.454204e-04	8.767125e+04	1.381545e+04	8.089772e+00	1.465145e+04	1.465209e+04	1.460366e+04	7.719083e+01	7.851820e+01
	995	328	248.750000	8.000000	1.017749e-05	1.011222e+05	1.915496e+00	8.318026e+00	1.490270e+04	1.490551e+04	1.484616e+04	8.879213e+01	9.162734e+01
	1083	331	270.750000	7.250000	3.643334e-05	1.010622e+05	2.378101e+00	8.437183e+00	1.485101e+04	1.485309e+04	1.481566e+04	7.547113e+01	7.562939e+01
	693	341	173.250000	4.750000	3.795326e-05	1.006932e+05	1.292698e+00	9.979221e+00	1.458120e+04	1.458456e+04	1.453491e+04	8.016919e+01	7.888610e+01
	694	341	173.500000	4.750000	3.589690e-05	1.006932e+05	1.292698e+00	9.979221e+00	1.458195e+04	1.458542e+04	1.453491e+04	7.946777e+01	7.885760e+01
	1137	341	284.250000	4.750000	1.005381e-04	6.735425e+04	3.464610e+04	4.265315e+00	1.485978e+04	1.486038e+04	1.462866e+04	8.383969e+01	7.863046e+01
	724	345	181.000000	3.750000	1.738966e-05	1.006972e+05	7.903677e-01	1.014445e+01	1.459947e+04	1.460309e+04	1.456778e+04	8.293407e+01	7.798188e+01
	1183	346	295.750000	3.500000	4.528463e-05	8.570025e+04	1.418651e+04	3.356245e+00	1.481614e+04	1.481866e+04	1.475803e+04	8.871122e+01	8.705480e+01
	1277	347	319.250000	3.250000	1.616776e-05	1.009312e+05	1.513235e+00	9.605814e+00	1.470106e+04	1.470404e+04	1.466516e+04	8.774975e+01	8.346594e+01
	302	348	75.500000	3.000000	8.611381e-05	1.010852e+05	2.739393e+00	9.807975e+00	1.489704e+04	1.489888e+04	1.485478e+04	8.729980e+01	8.461517e+01
	670	350	167.500000	2.500000	1.026690e-05	1.006682e+05	1.091769e+00	9.346993e+00	1.455857e+04	1.456038e+04	1.452291e+04	8.908631e+01	8.952009e+01
	996	350	249.000000	2.500000	2.007186e-05	1.011662e+05	5.896644e-01	6.826650e+00	1.487865e+04	1.488000e+04	1.485103e+04	7.924729e+01	7.266892e+01
	1398	355	349.500000	1.250000	6.362796e-06	1.010622e+05	7.701809e-01	7.160955e+00	1.480832e+04	1.480947e+04	1.479078e+04	7.680415e+01	7.728008e+01
	533	357	133.250000	0.750000	2.716482e-05	8.247525e+04	1.551026e+04	4.386257e+00	1.451054e+04	1.451096e+04	1.450278e+04	8.341310e+01	8.170729e+01
	398	358	99.500000	0.500000	7.034838e-05	8.687725e+04	1.323839e+04	5.159498e+00	1.480090e+04	1.480096e+04	1.472791e+04	8.153027e+01	8.066270e+01
	462	358	115.500000	0.500000	6.277859e-05	8.878025e+04	1.174930e+04	5.122214e+00	1.465479e+04	1.465766e+04	1.457766e+04	8.151395e+01	8.007076e+01
	591	359	147.750000	0.250000	1.220405e-05	9.990025e+04	3.602958e+00	4.553081e+00	1.447769e+04	1.447771e+04	1.446128e+04	8.453088e+01	8.504686e+01
	840	359	210.000000	0.250000	5.736947e-06	1.009442e+05	1.573924e+00	8.966744e+00	1.474259e+04	1.474433e+04	1.472266e+04	8.617936e+01	8.634776e+01
	612	360	153.000000	0.000000	1.086295e-05	1.004762e+05	3.221499e+00	5.666652e+00	1.447580e+04	1.447804e+04	1.444953e+04	8.538831e+01	8.603049e+01
2024	1	11	31	12
	1089	184	272.250000	44.000000	1.355484e-04	9.417559e+04	5.004114e+03	9.619693e+00	1.287705e+04	1.289583e+04	1.272819e+04	9.390320e+01	8.326039e+01
	44	201	11.000000	39.750000	2.058819e-04	8.969059e+04	9.375314e+03	1.284789e+01	1.444939e+04	1.447214e+04	1.417869e+04	8.804425e+01	8.177065e+01
	677	206	169.250000	38.500000	1.027681e-03	9.976759e+04	1.252411e+00	2.149787e+01	1.331474e+04	1.331730e+04	1.309656e+04	9.009939e+01	9.025272e+01
	1316	207	329.000000	38.250000	4.874840e-04	9.766259e+04	1.476318e+03	2.417152e+01	1.259825e+04	1.270959e+04	1.139281e+04	8.427727e+01	8.026355e+01
	158	211	39.500000	37.250000	2.315417e-04	7.582359e+04	1.785901e+04	7.563052e+00	1.418959e+04	1.420909e+04	1.399594e+04	8.585470e+01	7.994979e+01
	656	223	164.000000	34.250000	8.756593e-04	9.887659e+04	1.594333e+00	2.372631e+01	1.333673e+04	1.336635e+04	1.267831e+04	9.223492e+01	9.186286e+01
	600	231	150.000000	32.250000	1.006879e-03	9.950659e+04	1.774914e+00	1.988198e+01	1.330082e+04	1.333390e+04	1.293381e+04	8.486649e+01	8.497563e+01
	805	233	201.250000	31.750000	1.964644e-04	1.007986e+05	1.495057e+00	1.465671e+01	1.405143e+04	1.406357e+04	1.392081e+04	8.331031e+01	7.921817e+01
	1292	335	323.000000	6.250000	2.060086e-05	1.011636e+05	1.393613e+00	8.370559e+00	1.488051e+04	1.488379e+04	1.485869e+04	8.589453e+01	7.881094e+01
	1044	338	261.000000	5.500000	5.234033e-05	1.010806e+05	1.714862e+00	4.946442e+00	1.482448e+04	1.482511e+04	1.479431e+04	8.372926e+01	8.030824e+01
	1083	339	270.750000	5.250000	2.101436e-04	1.010856e+05	2.378101e+00	8.313882e+00	1.484172e+04	1.484248e+04	1.480219e+04	7.987117e+01	7.935587e+01
	1105	341	276.250000	4.750000	2.730861e-04	1.010656e+05	4.425692e+00	8.310471e+00	1.485575e+04	1.485820e+04	1.479681e+04	9.125237e+01	8.950316e+01
	1137	341	284.250000	4.750000	7.910281e-05	6.741859e+04	3.464610e+04	4.514740e+00	1.495232e+04	1.495243e+04	1.474819e+04	8.606174e+01	8.206316e+01
	1330	342	332.500000	4.500000	3.889948e-05	1.011386e+05	8.106903e-01	7.050221e+00	1.488642e+04	1.489029e+04	1.481919e+04	7.906928e+01	6.985444e+01
	593	343	148.250000	4.250000	4.718453e-05	1.008516e+05	2.458132e+00	7.378193e+00	1.471080e+04	1.471210e+04	1.465344e+04	8.167090e+01	7.855064e+01
	715	345	178.750000	3.750000	1.544505e-05	1.007586e+05	1.011340e+00	1.152709e+01	1.467162e+04	1.467711e+04	1.460281e+04	9.288469e+01	7.941778e+01
	641	348	160.250000	3.000000	5.785376e-05	1.008426e+05	1.473517e+00	9.095047e+00	1.468810e+04	1.469077e+04	1.466369e+04	9.302943e+01	8.901140e+01
	513	349	128.250000	2.750000	3.612787e-05	9.627359e+04	5.294975e+03	9.034324e+00	1.473708e+04	1.473815e+04	1.472131e+04	8.351925e+01	7.959852e+01
	676	349	169.000000	2.750000	9.961426e-06	1.008166e+05	8.707657e-01	1.184533e+01	1.468824e+04	1.469350e+04	1.465194e+04	9.000937e+01	8.554312e+01
	616	351	154.000000	2.250000	1.118332e-05	1.008366e+05	1.694440e+00	7.042887e+00	1.468044e+04	1.468339e+04	1.464181e+04	8.881941e+01	8.205102e+01
	288	352	72.000000	2.000000	7.510930e-05	1.007306e+05	2.056071e+00	9.621783e+00	1.462808e+04	1.463352e+04	1.456519e+04	8.762299e+01	8.333129e+01
	841	352	210.250000	2.000000	1.002103e-05	1.008406e+05	1.192325e+00	8.386462e+00	1.464970e+04	1.465179e+04	1.463019e+04	8.713219e+01	8.630675e+01
	443	353	110.750000	1.750000	6.718189e-05	9.278959e+04	6.177788e+03	7.891554e+00	1.474078e+04	1.474334e+04	1.470631e+04	8.887805e+01	8.505239e+01
	1377	353	344.250000	1.750000	1.080334e-06	1.011416e+05	1.272547e+00	7.261014e+00	1.486460e+04	1.486633e+04	1.484206e+04	8.430924e+01	8.252690e+01
	871	357	217.750000	0.750000	3.076345e-05	1.008516e+05	1.111865e+00	8.879820e+00	1.462606e+04	1.462871e+04	1.460556e+04	7.892361e+01	8.295533e+01
	1223	357	305.750000	0.750000	3.058463e-05	9.601959e+04	4.826799e+03	4.338854e+00	1.495377e+04	1.495673e+04	1.492069e+04	8.644092e+01	8.620102e+01
	371	358	92.750000	0.500000	7.323176e-05	1.008516e+05	2.839612e+00	8.012718e+00	1.473817e+04	1.473932e+04	1.469844e+04	8.006982e+01	7.691271e+01
	534	359	133.500000	0.250000	3.577024e-05	8.272059e+04	1.706906e+04	5.662811e+00	1.470382e+04	1.470620e+04	1.467981e+04	8.261489e+01	8.081113e+01
	571	360	142.750000	0.000000	4.792958e-05	9.985059e+04	3.181108e+00	5.616733e+00	1.470850e+04	1.471059e+04	1.467769e+04	7.517960e+01	8.045097e+01
	1170	360	292.500000	0.000000	3.085285e-05	9.376359e+04	8.238647e+03	2.288882e+00	1.495798e+04	1.495958e+04	1.494219e+04	8.269598e+01	8.196111e+01
	1249	360	312.250000	0.000000	9.424984e-06	9.977559e+04	6.271570e+02	7.025836e+00	1.492556e+04	1.492732e+04	1.490344e+04	7.781076e+01	8.169372e+01
2024	1	11	26	18
	1002	181	250.500000	44.750000	1.130183e-04	6.862573e+04	3.163678e+04	7.156071e+00	1.371416e+04	1.371084e+04	1.356133e+04	8.101437e+01	8.340808e+01
	539	185	134.750000	43.750000	9.311037e-05	8.880973e+04	8.665004e+03	1.348087e+01	1.293962e+04	1.295047e+04	1.280833e+04	8.176577e+01	8.469860e+01
	46	201	11.500000	39.750000	2.186378e-04	8.888173e+04	9.375314e+03	1.369769e+01	1.440783e+04	1.443081e+04	1.416170e+04	8.816658e+01	7.931141e+01
	1313	208	328.250000	38.000000	4.495759e-04	9.765973e+04	7.023961e+02	2.179850e+01	1.256723e+04	1.268195e+04	1.138770e+04	8.464708e+01	7.797765e+01
	160	209	40.000000	37.750000	2.789577e-04	7.357873e+04	2.215633e+04	4.331430e+00	1.416194e+04	1.417439e+04	1.399283e+04	8.972775e+01	8.496115e+01
	677	214	169.250000	36.500000	9.165187e-04	9.823173e+04	1.433399e+00	2.440902e+01	1.287951e+04	1.292362e+04	1.206520e+04	9.302567e+01	9.126713e+01
	605	234	151.250000	31.500000	6.735404e-04	9.950873e+04	1.735442e+00	1.856895e+01	1.341899e+04	1.344970e+04	1.301158e+04	8.456699e+01	8.664909e+01
	604	235	151.000000	31.250000	6.735404e-04	9.950873e+04	1.735442e+00	1.856895e+01	1.343859e+04	1.346964e+04	1.301158e+04	8.406172e+01	8.582276e+01
	809	239	202.250000	30.250000	4.007299e-04	1.008527e+05	1.372015e+00	1.775036e+01	1.415666e+04	1.417333e+04	1.398845e+04	8.185503e+01	7.770329e+01
	407	256	101.750000	26.000000	3.058510e-05	5.986374e+04	3.028361e+04	2.615212e+00	1.487102e+04	1.488031e+04	1.467133e+04	7.600470e+01	7.886459e+01
	921	327	230.250000	8.250000	2.272208e-04	1.012557e+05	1.111816e+00	1.174714e+01	1.498375e+04	1.498407e+04	1.494520e+04	8.736505e+01	8.186283e+01
	967	329	241.750000	7.750000	2.885656e-05	1.013127e+05	1.111887e+00	8.734473e+00	1.500849e+04	1.500863e+04	1.498420e+04	9.508605e+01	9.375103e+01
	1087	339	271.750000	5.250000	1.995047e-04	1.011947e+05	5.951065e+01	7.958069e+00	1.496352e+04	1.496296e+04	1.491795e+04	8.431333e+01	8.219035e+01
	462	343	115.500000	4.250000	1.198133e-04	8.673873e+04	1.352554e+04	9.615609e+00	1.470180e+04	1.470416e+04	1.465570e+04	8.665694e+01	8.504940e+01
	706	343	176.500000	4.250000	2.049883e-04	1.006207e+05	1.573879e+00	1.388732e+01	1.456322e+04	1.457320e+04	1.444883e+04	7.831831e+01	7.803648e+01
	707	343	176.750000	4.250000	2.232869e-04	1.006207e+05	1.573879e+00	1.388732e+01	1.456558e+04	1.457582e+04	1.444883e+04	7.844411e+01	7.803310e+01
	676	344	169.000000	4.000000	1.433869e-04	1.006887e+05	7.502871e-01	1.272789e+01	1.455100e+04	1.455410e+04	1.449695e+04	8.155065e+01	8.219972e+01
	1309	349	327.250000	2.750000	4.239846e-06	1.009567e+05	8.707059e-01	6.657481e+00	1.472563e+04	1.472712e+04	1.469908e+04	8.900183e+01	8.515347e+01
	288	350	72.000000	2.500000	1.649638e-04	1.010197e+05	2.056071e+00	9.123062e+00	1.486075e+04	1.486483e+04	1.480208e+04	8.981338e+01	8.606860e+01
	375	351	93.750000	2.250000	6.518560e-05	1.005267e+05	4.005316e+00	9.592842e+00	1.484700e+04	1.484935e+04	1.482558e+04	7.699006e+01	7.705480e+01
	643	353	160.750000	1.750000	3.305869e-05	1.005557e+05	1.473517e+00	9.690519e+00	1.448849e+04	1.449300e+04	1.441058e+04	8.840234e+01	8.953901e+01
	1237	353	309.250000	1.750000	4.152255e-05	9.724673e+04	1.982706e+03	6.779072e+00	1.477408e+04	1.477643e+04	1.472683e+04	8.461581e+01	8.241024e+01
	1153	357	288.250000	0.750000	7.356005e-05	9.724973e+04	3.272289e+03	4.948638e+00	1.489180e+04	1.489434e+04	1.474420e+04	8.209825e+01	7.992929e+01
	1207	357	301.750000	0.750000	2.787309e-05	9.564473e+04	5.031323e+03	3.760599e+00	1.483021e+04	1.483142e+04	1.477920e+04	8.816604e+01	8.647358e+01
	550	359	137.500000	0.250000	4.074769e-05	9.626773e+04	1.055851e+03	5.808917e+00	1.452263e+04	1.452517e+04	1.451195e+04	8.372775e+01	8.420393e+01
	591	359	147.750000	0.250000	8.769799e-06	9.992273e+04	3.602958e+00	6.232746e+00	1.448553e+04	1.448784e+04	1.444745e+04	8.640347e+01	8.621954e+01
2024	1	12	28	0
	545	180	136.250000	45.000000	1.292431e-04	8.837716e+04	9.998501e+03	1.527516e+01	1.287079e+04	1.288123e+04	1.276197e+04	8.619186e+01	7.992325e+01
	1003	183	250.750000	44.250000	1.200044e-04	6.859416e+04	3.163678e+04	7.575267e+00	1.367872e+04	1.369322e+04	1.338447e+04	7.974226e+01	8.068141e+01
	46	203	11.500000	39.250000	2.238953e-04	9.237316e+04	9.375314e+03	1.240426e+01	1.440429e+04	1.442850e+04	1.418135e+04	8.388736e+01	7.526877e+01
	700	203	175.000000	39.250000	8.520090e-04	9.791916e+04	1.796151e+00	2.446331e+01	1.244431e+04	1.250429e+04	1.170272e+04	8.998419e+01	9.033016e+01
	1312	209	328.000000	37.750000	4.326606e-04	9.812016e+04	7.023961e+02	1.825006e+01	1.277223e+04	1.287397e+04	1.174197e+04	8.714206e+01	7.865329e+01
	615	235	153.750000	31.250000	4.404092e-04	9.997016e+04	1.554010e+00	1.873377e+01	1.370829e+04	1.373394e+04	1.344322e+04	8.242984e+01	8.410905e+01
	815	256	203.750000	26.000000	5.537176e-04	1.004192e+05	2.378768e+00	1.799772e+01	1.401135e+04	1.403740e+04	1.375810e+04	7.733743e+01	7.561958e+01
	1301	332	325.250000	7.000000	3.512739e-05	1.012572e+05	1.051246e+00	8.811234e+00	1.492172e+04	1.492404e+04	1.489322e+04	8.484865e+01	7.311764e+01
	1347	339	336.750000	5.250000	1.164316e-05	1.012562e+05	1.653883e+00	7.165736e+00	1.496840e+04	1.497014e+04	1.494272e+04	7.917106e+01	6.885748e+01
	1044	340	261.000000	5.000000	8.543371e-05	1.010002e+05	1.714862e+00	4.490781e+00	1.477268e+04	1.477296e+04	1.474497e+04	8.020043e+01	7.633195e+01
	1137	340	284.250000	5.000000	7.884740e-05	6.732116e+04	3.464610e+04	6.749324e+00	1.477785e+04	1.477937e+04	1.455485e+04	7.789796e+01	7.626520e+01
	838	343	209.500000	4.250000	4.967442e-06	1.007052e+05	1.212252e+00	8.684950e+00	1.454353e+04	1.454710e+04	1.450672e+04	9.059409e+01	8.314125e+01
	837	344	209.250000	4.000000	5.652895e-06	1.007022e+05	1.212252e+00	8.684950e+00	1.454152e+04	1.454530e+04	1.450672e+04	8.998819e+01	8.332626e+01
	954	345	238.500000	3.750000	2.016663e-05	1.009152e+05	1.453177e+00	6.625946e+00	1.467073e+04	1.467161e+04	1.464410e+04	8.064088e+01	7.650507e+01
	213	348	53.250000	3.000000	3.345846e-05	1.009842e+05	1.493658e+00	6.510450e+00	1.474056e+04	1.474221e+04	1.471522e+04	7.879816e+01	7.619319e+01
	1258	348	314.500000	3.000000	1.581549e-05	1.011142e+05	1.514030e+00	9.433272e+00	1.488102e+04	1.488249e+04	1.486160e+04	8.758549e+01	8.601023e+01
	281	349	70.250000	2.750000	3.532076e-04	1.008702e+05	2.056071e+00	9.763068e+00	1.470221e+04	1.470583e+04	1.464410e+04	8.727089e+01	8.399176e+01
	454	349	113.500000	2.750000	8.617877e-05	8.681416e+04	1.164235e+04	7.982159e+00	1.474016e+04	1.474206e+04	1.467822e+04	8.451469e+01	8.395471e+01
	1260	349	315.000000	2.750000	7.351628e-06	1.011102e+05	1.514030e+00	9.413957e+00	1.487846e+04	1.487978e+04	1.486160e+04	8.596886e+01	8.579832e+01
	730	353	182.500000	1.750000	1.718639e-05	1.007162e+05	9.109490e-01	1.016979e+01	1.462179e+04	1.462206e+04	1.460747e+04	7.828276e+01	7.914427e+01
	733	354	183.250000	1.500000	1.137494e-05	1.007162e+05	9.109490e-01	9.825347e+00	1.461906e+04	1.461970e+04	1.460747e+04	7.744476e+01	7.844678e+01
	1066	355	266.500000	1.250000	1.223921e-05	9.882116e+04	1.117684e+01	5.711716e+00	1.476589e+04	1.476765e+04	1.473872e+04	8.922227e+01	8.761620e+01
	693	357	173.250000	0.750000	1.632213e-05	1.006272e+05	1.332845e+00	1.488463e+01	1.462457e+04	1.462662e+04	1.457185e+04	8.509010e+01	7.923156e+01
	398	358	99.500000	0.500000	9.342073e-05	8.685516e+04	1.323839e+04	4.277750e+00	1.473654e+04	1.474129e+04	1.466760e+04	8.294435e+01	8.134412e+01
	1226	358	306.500000	0.500000	1.727580e-05	9.587016e+04	4.826799e+03	5.334038e+00	1.487826e+04	1.487791e+04	1.484572e+04	8.960793e+01	8.705737e+01
	636	359	159.000000	0.250000	2.255081e-05	1.007192e+05	1.634048e+00	7.157113e+00	1.461664e+04	1.462016e+04	1.458122e+04	8.227757e+01	8.473618e+01
	1193	360	298.250000	0.000000	3.086566e-05	9.311916e+04	5.625173e+03	2.536420e+00	1.480386e+04	1.480885e+04	1.474485e+04	7.996289e+01	8.021132e+01
	1297	360	324.250000	0.000000	7.530442e-06	1.010902e+05	1.494047e+00	7.517456e+00	1.489767e+04	1.489911e+04	1.487735e+04	7.707800e+01	7.679903e+01
2024	1	12	29	6
	968	180	242.000000	45.000000	3.248909e-04	7.326975e+04	2.207017e+04	1.314868e+01	1.361756e+04	1.367333e+04	1.331000e+04	8.192241e+01	8.373593e+01
	726	192	181.500000	42.000000	1.247273e-03	9.710275e+04	1.375058e+00	2.540158e+01	1.196460e+04	1.204346e+04	1.094687e+04	9.103551e+01	8.963447e+01
	852	205	213.000000	38.750000	6.638560e-05	1.010308e+05	2.616680e+00	1.125058e+01	1.425450e+04	1.426423e+04	1.417537e+04	8.817169e+01	8.515404e+01
	1057	207	264.250000	38.250000	1.802901e-04	9.261875e+04	5.202634e+03	1.010459e+01	1.310733e+04	1.315760e+04	1.278250e+04	8.852827e+01	8.622304e+01
	59	211	14.750000	37.250000	1.300434e-04	8.900275e+04	1.065728e+04	1.165750e+01	1.429382e+04	1.430885e+04	1.420062e+04	8.518092e+01	7.852267e+01
	1312	211	328.000000	37.250000	3.343085e-04	9.823275e+04	4.961097e+00	1.782642e+01	1.279240e+04	1.289029e+04	1.184637e+04	8.297038e+01	7.700716e+01
	651	227	162.750000	33.250000	4.739026e-04	9.992675e+04	1.132024e+00	1.477720e+01	1.349623e+04	1.351463e+04	1.329950e+04	8.848682e+01	8.991975e+01
	623	231	155.750000	32.250000	1.638988e-04	1.000958e+05	1.554010e+00	1.592045e+01	1.372616e+04	1.374023e+04	1.364637e+04	8.598833e+01	8.480216e+01
	832	235	208.000000	31.250000	6.048540e-04	1.003998e+05	1.755743e+00	1.712603e+01	1.409199e+04	1.411583e+04	1.376762e+04	8.960325e+01	8.609682e+01
	822	255	205.500000	26.250000	6.306032e-04	1.002838e+05	1.654579e+00	1.728421e+01	1.401001e+04	1.404132e+04	1.367700e+04	7.784615e+01	7.995858e+01
	819	281	204.750000	19.750000	6.294111e-04	7.582475e+04	2.549661e+04	1.388814e+01	1.451964e+04	1.452427e+04	1.435650e+04	8.056805e+01	7.339079e+01
	1255	336	313.750000	6.000000	3.527198e-05	1.009438e+05	1.393351e+00	1.118316e+01	1.472525e+04	1.473124e+04	1.466900e+04	8.797501e+01	8.203064e+01
	1178	338	294.500000	5.500000	1.868466e-04	8.566875e+04	1.476739e+04	4.863932e+00	1.482138e+04	1.482425e+04	1.477500e+04	8.549094e+01	7.965921e+01
	1137	340	284.250000	5.000000	8.182321e-05	6.734075e+04	3.464610e+04	6.337368e+00	1.484377e+04	1.484460e+04	1.464687e+04	8.435497e+01	8.203555e+01
	1340	340	335.000000	5.000000	8.498225e-05	1.009498e+05	1.392976e+00	9.103607e+00	1.475176e+04	1.475332e+04	1.465250e+04	8.216232e+01	7.216605e+01
	308	348	77.000000	3.000000	2.100328e-04	1.011088e+05	2.739393e+00	1.103287e+01	1.488925e+04	1.488990e+04	1.484687e+04	8.417326e+01	7.742022e+01
	598	348	149.500000	3.000000	5.321298e-05	1.005098e+05	2.458132e+00	9.195598e+00	1.442039e+04	1.442377e+04	1.437562e+04	8.533309e+01	8.130483e+01
	751	348	187.750000	3.000000	1.898268e-04	1.007478e+05	8.908575e-01	1.164355e+01	1.461800e+04	1.462002e+04	1.457062e+04	8.421762e+01	7.827726e+01
	282	349	70.500000	2.750000	2.324441e-04	1.010438e+05	2.056071e+00	1.109893e+01	1.489936e+04	1.490145e+04	1.480737e+04	8.750731e+01	8.425749e+01
	997	352	249.250000	2.000000	4.308019e-05	1.012108e+05	8.306496e-01	5.226117e+00	1.491223e+04	1.491291e+04	1.489550e+04	8.454008e+01	7.677139e+01
	337	353	84.250000	1.750000	3.366265e-05	1.010388e+05	1.473417e+00	8.010792e+00	1.485650e+04	1.485816e+04	1.481650e+04	7.965341e+01	7.973737e+01
	396	354	99.000000	1.500000	8.659158e-05	8.257475e+04	1.419478e+04	4.236661e+00	1.482099e+04	1.482190e+04	1.478325e+04	8.337782e+01	7.890009e+01
	367	357	91.750000	0.750000	6.519351e-05	1.009818e+05	2.839612e+00	7.442702e+00	1.483978e+04	1.484010e+04	1.481512e+04	7.832801e+01	7.702942e+01
	1411	357	352.750000	0.750000	3.086124e-05	1.010808e+05	9.712011e-01	5.846274e+00	1.482083e+04	1.482087e+04	1.481475e+04	7.989395e+01	7.501215e+01
	657	358	164.250000	0.500000	1.584087e-05	1.005628e+05	9.712926e-01	1.022847e+01	1.448265e+04	1.448369e+04	1.445825e+04	8.675911e+01	8.367443e+01
	1439	358	359.750000	0.500000	3.372226e-05	1.010278e+05	1.614064e+00	5.572586e+00	1.481088e+04	1.481301e+04	1.479687e+04	7.648142e+01	6.899189e+01
	398	359	99.500000	0.250000	8.659158e-05	8.692875e+04	1.304338e+04	4.236661e+00	1.481302e+04	1.481404e+04	1.478325e+04	8.629852e+01	8.158802e+01
	550	359	137.500000	0.250000	3.294740e-05	9.612775e+04	1.055851e+03	6.921488e+00	1.443341e+04	1.443590e+04	1.440937e+04	8.633585e+01	8.146246e+01
	1320	360	330.000000	0.000000	5.350448e-06	1.009168e+05	6.896696e-01	7.478017e+00	1.468703e+04	1.468820e+04	1.467150e+04	7.917038e+01	7.918036e+01
2024	1	12	28	12
	1000	180	250.000000	45.000000	1.684190e-04	6.825968e+04	3.163678e+04	1.247838e+01	1.364874e+04	1.366849e+04	1.297904e+04	8.870897e+01	8.779988e+01
	747	181	186.750000	44.750000	5.976320e-04	9.685368e+04	1.853577e+00	2.405153e+01	1.165214e+04	1.174024e+04	1.063216e+04	9.308180e+01	9.190005e+01
	1064	201	266.000000	39.750000	2.049566e-04	9.437968e+04	4.114334e+03	1.216737e+01	1.282016e+04	1.287459e+04	1.252104e+04	9.355380e+01	8.732710e+01
	1359	202	339.750000	39.500000	7.278384e-04	1.003857e+05	1.754960e+00	1.977901e+01	1.399350e+04	1.401928e+04	1.363954e+04	8.147187e+01	7.965704e+01
	1312	213	328.000000	36.750000	3.491403e-04	9.861668e+04	2.856403e+00	1.667983e+01	1.302853e+04	1.311217e+04	1.218979e+04	8.497581e+01	7.950901e+01
	659	228	164.750000	33.000000	3.727437e-04	1.002127e+05	1.413362e+00	1.457173e+01	1.374003e+04	1.375864e+04	1.353966e+04	8.728777e+01	8.751204e+01
	826	245	206.500000	28.750000	7.813633e-04	1.001957e+05	1.633933e+00	1.901011e+01	1.395860e+04	1.398756e+04	1.358854e+04	7.888304e+01	8.179097e+01
	820	281	205.000000	19.750000	5.709589e-04	7.562668e+04	2.549661e+04	1.588395e+01	1.438766e+04	1.439540e+04	1.418091e+04	7.777354e+01	7.092426e+01
	815	332	203.750000	7.000000	1.979480e-05	1.008557e+05	1.011581e+00	7.937447e+00	1.467392e+04	1.467447e+04	1.464941e+04	8.625638e+01	8.238238e+01
	1137	341	284.250000	4.750000	6.405124e-05	6.732768e+04	3.464610e+04	6.509246e+00	1.486625e+04	1.486675e+04	1.472191e+04	8.830465e+01	8.469836e+01
	769	342	192.250000	4.500000	2.810964e-05	1.008347e+05	9.913462e-01	1.127659e+01	1.467734e+04	1.467895e+04	1.464391e+04	9.093645e+01	8.706361e+01
	279	343	69.750000	4.250000	2.133907e-04	1.008387e+05	1.333048e+00	1.185859e+01	1.471455e+04	1.472028e+04	1.461504e+04	8.908054e+01	8.335178e+01
	865	343	216.250000	4.250000	8.499715e-06	1.008197e+05	1.152015e+00	8.070085e+00	1.461797e+04	1.461970e+04	1.459679e+04	8.916384e+01	8.471410e+01
	839	344	209.750000	4.000000	1.311908e-05	1.008037e+05	1.212252e+00	7.824720e+00	1.461727e+04	1.461933e+04	1.457441e+04	9.020483e+01	8.534227e+01
	839	345	209.750000	3.750000	1.311908e-05	1.008037e+05	1.212252e+00	7.824720e+00	1.461716e+04	1.461935e+04	1.457441e+04	8.941936e+01	8.549075e+01
	507	348	126.750000	3.000000	2.197037e-05	9.614968e+04	3.445446e+03	9.659663e+00	1.470756e+04	1.471169e+04	1.465229e+04	8.939952e+01	8.450994e+01
	507	349	126.750000	2.750000	2.027163e-05	9.614968e+04	3.445446e+03	9.659663e+00	1.470629e+04	1.471028e+04	1.465229e+04	8.999248e+01	8.451388e+01
	627	352	156.750000	2.000000	3.287802e-05	1.008497e+05	1.694440e+00	9.901053e+00	1.470721e+04	1.471015e+04	1.465754e+04	9.052067e+01	8.482016e+01
	750	352	187.500000	2.000000	3.478536e-05	1.007677e+05	1.674424e+00	1.046797e+01	1.465651e+04	1.465607e+04	1.464241e+04	7.750907e+01	7.676012e+01
	442	353	110.500000	1.750000	2.399147e-04	9.440668e+04	6.177788e+03	9.390234e+00	1.476479e+04	1.476566e+04	1.473216e+04	8.852393e+01	8.599898e+01
	466	355	116.500000	1.250000	6.372342e-05	8.744068e+04	1.174930e+04	4.618040e+00	1.477296e+04	1.477191e+04	1.475629e+04	8.232892e+01	8.269044e+01
	1380	355	345.000000	1.250000	1.335749e-05	1.010817e+05	1.272547e+00	7.352145e+00	1.483564e+04	1.483842e+04	1.480591e+04	7.693836e+01	8.078951e+01
	352	356	88.000000	1.000000	3.937492e-05	1.007877e+05	1.473507e+00	7.625337e+00	1.468268e+04	1.468636e+04	1.464454e+04	7.506763e+01	7.553723e+01
	352	357	88.000000	0.750000	3.937492e-05	1.007877e+05	1.593932e+00	7.596179e+00	1.468204e+04	1.468550e+04	1.464454e+04	7.558965e+01	7.608627e+01
	353	357	88.250000	0.750000	3.937492e-05	1.007877e+05	1.593932e+00	7.596179e+00	1.468316e+04	1.468677e+04	1.464454e+04	7.552542e+01	7.590749e+01
	1009	357	252.250000	0.750000	4.372606e-05	1.009777e+05	1.071313e+00	6.348429e+00	1.469972e+04	1.470044e+04	1.468416e+04	9.405972e+01	8.690604e+01
	1240	360	310.000000	0.000000	2.754340e-05	9.766068e+04	1.365357e+03	6.545393e+00	1.491224e+04	1.491419e+04	1.488766e+04	8.922493e+01	8.976559e+01
	1283	360	320.750000	0.000000	1.153955e-05	1.010517e+05	1.513152e+00	7.228980e+00	1.488778e+04	1.488974e+04	1.486879e+04	7.740012e+01	7.862971e+01
2024	1	12	35	18
	1002	186	250.500000	43.500000	1.488121e-04	6.822147e+04	3.163678e+04	1.266910e+01	1.375304e+04	1.378537e+04	1.303690e+04	7.916474e+01	7.719524e+01
	1080	197	270.000000	40.750000	3.065558e-04	9.547247e+04	3.051340e+03	1.398914e+01	1.233701e+04	1.239902e+04	1.191653e+04	1.000564e+02	9.489006e+01
	1354	199	338.500000	40.250000	5.961449e-04	1.000745e+05	2.216175e+00	1.878965e+01	1.374495e+04	1.377116e+04	1.338778e+04	8.076678e+01	7.783543e+01
	1311	215	327.750000	36.250000	2.861710e-04	9.867647e+04	1.874305e+00	1.771318e+01	1.299271e+04	1.306951e+04	1.224978e+04	8.286097e+01	7.870631e+01
	845	220	211.250000	35.000000	1.450868e-04	1.007225e+05	1.896078e+00	1.504897e+01	1.435290e+04	1.436242e+04	1.426365e+04	9.092183e+01	8.065874e+01
	674	223	168.500000	34.250000	9.704544e-05	1.004165e+05	1.614352e+00	1.300721e+01	1.378985e+04	1.380205e+04	1.371453e+04	9.440403e+01	8.957948e+01
	722	231	180.500000	32.250000	4.030557e-04	1.001415e+05	1.353749e+00	1.887471e+01	1.412761e+04	1.413293e+04	1.401115e+04	9.237568e+01	8.798885e+01
	826	249	206.500000	27.750000	3.920884e-04	1.000305e+05	1.231861e+00	1.836299e+01	1.395657e+04	1.399465e+04	1.350465e+04	8.377665e+01	8.225990e+01
	841	266	210.250000	23.500000	6.007345e-04	1.004915e+05	1.111777e+00	1.741958e+01	1.422487e+04	1.423733e+04	1.405090e+04	7.880593e+01	7.855433e+01
	718	317	179.500000	10.750000	2.906634e-05	1.009805e+05	1.714512e+00	1.224453e+01	1.474670e+04	1.474947e+04	1.472528e+04	8.022649e+01	8.256027e+01
	1092	323	273.000000	9.250000	1.520826e-05	8.854447e+04	2.605917e+03	5.206750e+00	1.491333e+04	1.491581e+04	1.488390e+04	8.399351e+01	8.083688e+01
	980	335	245.000000	6.250000	1.428439e-05	1.011595e+05	1.031486e+00	9.265174e+00	1.491155e+04	1.491274e+04	1.488228e+04	9.363998e+01	9.106022e+01
	243	336	60.750000	6.000000	1.276447e-05	1.011925e+05	1.634143e+00	6.575775e+00	1.496012e+04	1.496152e+04	1.493828e+04	8.113062e+01	7.841608e+01
	1330	337	332.500000	5.750000	3.842427e-05	1.010235e+05	9.511742e-01	6.323106e+00	1.476586e+04	1.476719e+04	1.472953e+04	8.307201e+01	7.317578e+01
	1375	337	343.750000	5.750000	2.194359e-05	1.009875e+05	1.152040e+00	5.783125e+00	1.477699e+04	1.477808e+04	1.475603e+04	8.701734e+01	7.805992e+01
	1284	339	321.000000	5.250000	1.992674e-04	1.009315e+05	1.292412e+00	1.107561e+01	1.472256e+04	1.472713e+04	1.465628e+04	8.665446e+01	7.868411e+01
	275	342	68.750000	4.500000	2.637298e-04	1.010655e+05	1.091555e+00	1.120625e+01	1.494346e+04	1.495092e+04	1.482303e+04	8.789152e+01	8.192085e+01
	870	343	217.500000	4.250000	1.502945e-05	1.011175e+05	1.152064e+00	8.477758e+00	1.487913e+04	1.487898e+04	1.485890e+04	8.909701e+01	8.728246e+01
	931	345	232.750000	3.750000	1.428439e-05	1.012315e+05	1.131945e+00	7.329604e+00	1.492834e+04	1.492913e+04	1.490853e+04	7.728967e+01	7.254526e+01
	765	346	191.250000	3.500000	1.605244e-04	1.007965e+05	1.031448e+00	1.087420e+01	1.470510e+04	1.470827e+04	1.460578e+04	9.019219e+01	8.548036e+01
	789	346	197.250000	3.500000	6.608083e-05	1.009145e+05	1.192172e+00	9.166791e+00	1.474423e+04	1.474630e+04	1.468840e+04	8.660085e+01	8.421112e+01
	1	350	0.250000	2.500000	2.441718e-05	1.006485e+05	1.754308e+00	5.703192e+00	1.472746e+04	1.472899e+04	1.471303e+04	7.750536e+01	7.209956e+01
	706	350	176.500000	2.500000	1.139357e-05	1.006875e+05	1.573879e+00	1.072807e+01	1.460180e+04	1.460271e+04	1.458715e+04	8.411739e+01	8.277013e+01
	1407	351	351.750000	2.250000	6.953022e-06	9.929647e+04	2.035621e+00	6.968255e+00	1.472374e+04	1.472599e+04	1.470228e+04	7.758997e+01	7.492336e+01
	473	352	118.250000	2.000000	2.993061e-05	8.769947e+04	8.986085e+03	5.167110e+00	1.461861e+04	1.462148e+04	1.457365e+04	7.795858e+01	8.298113e+01
	1236	353	309.000000	1.750000	3.747060e-05	9.676647e+04	3.070978e+03	7.993466e+00	1.474762e+04	1.474748e+04	1.472490e+04	8.983144e+01	8.806548e+01
	1307	353	326.750000	1.750000	2.065441e-06	1.009585e+05	8.904456e-01	7.326385e+00	1.473256e+04	1.473396e+04	1.471240e+04	7.999817e+01	7.906770e+01
	586	354	146.500000	1.500000	4.226877e-05	1.005505e+05	2.357404e+00	8.254837e+00	1.449613e+04	1.450007e+04	1.445615e+04	8.123978e+01	7.963939e+01
	1068	354	267.000000	1.500000	2.483441e-05	9.895747e+04	8.222925e+01	7.020001e+00	1.489948e+04	1.490019e+04	1.488165e+04	9.074059e+01	9.035246e+01
	1236	354	309.000000	1.500000	3.747060e-05	9.676647e+04	3.782592e+03	7.993466e+00	1.474432e+04	1.474416e+04	1.472490e+04	8.980400e+01	8.858288e+01
	1007	358	251.750000	0.500000	4.277541e-05	1.012235e+05	1.071313e+00	7.207821e+00	1.489964e+04	1.490086e+04	1.488390e+04	9.042189e+01	8.653046e+01
	675	359	168.750000	0.250000	3.368570e-05	1.006535e+05	5.350978e+00	8.502524e+00	1.454721e+04	1.454831e+04	1.453378e+04	7.769902e+01	7.738239e+01
	1007	359	251.750000	0.250000	2.566888e-05	1.012235e+05	1.212319e+00	7.207821e+00	1.489936e+04	1.490068e+04	1.488390e+04	8.939594e+01	8.553447e+01
	1165	359	291.250000	0.250000	6.098463e-05	9.450747e+04	2.415806e+03	2.576624e+00	1.481350e+04	1.481714e+04	1.473840e+04	8.210146e+01	8.121095e+01
	1198	359	299.500000	0.250000	2.718880e-05	9.506447e+04	4.364453e+03	3.358234e+00	1.477668e+04	1.477791e+04	1.474028e+04	8.467501e+01	8.229112e+01
2024	1	13	25	0
	188	191	47.000000	42.250000	3.402405e-04	7.091606e+04	2.829298e+04	1.327226e+01	1.321885e+04	1.322541e+04	1.312725e+04	8.496783e+01	7.546036e+01
	1088	192	272.000000	42.000000	3.678077e-04	9.445406e+04	3.184189e+03	1.923042e+01	1.202468e+04	1.210543e+04	1.142225e+04	9.721164e+01	9.706122e+01
	1350	197	337.500000	40.750000	5.146437e-04	1.001691e+05	2.216175e+00	1.685958e+01	1.374360e+04	1.376178e+04	1.346562e+04	7.989619e+01	7.765245e+01
	81	199	20.250000	40.250000	1.647943e-04	8.591706e+04	1.571282e+04	1.164837e+01	1.437764e+04	1.437940e+04	1.428175e+04	7.533190e+01	7.536669e+01
	861	205	215.250000	38.750000	1.008981e-04	1.010371e+05	2.136091e+00	1.224574e+01	1.433892e+04	1.434934e+04	1.427875e+04	7.860864e+01	6.720767e+01
	1117	205	279.250000	38.750000	2.599829e-04	8.831406e+04	1.021991e+04	1.343680e+01	1.290554e+04	1.292591e+04	1.275638e+04	9.383484e+01	9.192025e+01
	141	211	35.250000	37.250000	2.777749e-04	7.763106e+04	2.353409e+04	1.044538e+01	1.395193e+04	1.396096e+04	1.373012e+04	7.652236e+01	7.989883e+01
	559	212	139.750000	37.000000	2.088421e-04	8.368806e+04	1.606337e+04	1.354815e+01	1.371946e+04	1.372674e+04	1.362762e+04	7.505029e+01	7.237469e+01
	1315	217	328.750000	35.750000	2.575689e-04	9.904206e+04	2.556393e+00	1.632156e+01	1.317023e+04	1.323345e+04	1.256050e+04	8.467252e+01	8.037157e+01
	746	230	186.500000	32.500000	3.739172e-04	1.002211e+05	1.151703e+00	1.923742e+01	1.425271e+04	1.425512e+04	1.411200e+04	8.753580e+01	7.816091e+01
	827	254	206.750000	26.500000	4.410916e-04	9.972006e+04	1.353289e+00	1.960290e+01	1.373081e+04	1.377272e+04	1.323875e+04	8.345426e+01	8.110400e+01
	985	328	246.250000	8.000000	3.947550e-05	1.009071e+05	1.232978e+00	8.855017e+00	1.470170e+04	1.470225e+04	1.466362e+04	9.315723e+01	8.808020e+01
	460	336	115.000000	6.000000	1.025968e-04	8.686306e+04	1.352554e+04	1.038558e+01	1.477434e+04	1.477627e+04	1.472800e+04	8.472294e+01	8.560461e+01
	1395	336	348.750000	6.000000	1.101429e-05	9.483906e+04	3.934192e+03	5.557651e+00	1.499268e+04	1.499476e+04	1.496212e+04	7.674515e+01	6.887495e+01
	270	338	67.500000	5.500000	2.131634e-04	1.008361e+05	1.473085e+00	9.975698e+00	1.471117e+04	1.472083e+04	1.462725e+04	8.671087e+01	8.087309e+01
	1364	338	341.000000	5.500000	2.745860e-04	1.012961e+05	1.453455e+00	6.112077e+00	1.502740e+04	1.502827e+04	1.497750e+04	8.535001e+01	7.435432e+01
	485	341	121.250000	4.750000	6.987387e-05	9.865306e+04	1.969202e+03	9.239719e+00	1.478921e+04	1.479061e+04	1.475488e+04	8.448927e+01	8.233461e+01
	938	345	234.500000	3.750000	6.484333e-06	1.008931e+05	1.131945e+00	6.846932e+00	1.465315e+04	1.465350e+04	1.463975e+04	7.578745e+01	7.278590e+01
	1140	346	285.000000	3.500000	1.738244e-04	6.733706e+04	3.464610e+04	4.521432e+00	1.481847e+04	1.481694e+04	1.462988e+04	7.848334e+01	7.753175e+01
	322	348	80.500000	3.000000	2.034241e-05	1.008771e+05	2.578475e+00	9.259272e+00	1.477506e+04	1.477748e+04	1.474500e+04	8.233958e+01	8.111635e+01
	1277	355	319.250000	1.250000	1.113350e-05	1.011811e+05	1.293035e+00	9.317826e+00	1.494942e+04	1.495041e+04	1.491888e+04	8.320192e+01	8.170770e+01
	1109	356	277.250000	1.000000	4.338566e-06	9.895006e+04	3.643116e+00	4.908139e+00	1.477702e+04	1.477991e+04	1.476312e+04	7.958677e+01	8.054778e+01
	627	360	156.750000	0.000000	4.725996e-06	1.008861e+05	1.312912e+00	5.254482e+00	1.472875e+04	1.472871e+04	1.470550e+04	8.201179e+01	8.351653e+01
	1242	360	310.500000	0.000000	3.303820e-05	9.892606e+04	5.749417e+02	8.501728e+00	1.490519e+04	1.490565e+04	1.487125e+04	9.005296e+01	8.898134e+01
	1313	360	328.250000	0.000000	1.110369e-05	1.012801e+05	6.896696e-01	7.832423e+00	1.498583e+04	1.498599e+04	1.497638e+04	7.841914e+01	7.549512e+01
2024	1	13	33	6
	1108	182	277.000000	44.500000	4.628776e-04	9.298402e+04	4.680469e+03	1.801464e+01	1.186154e+04	1.194389e+04	1.125473e+04	9.842964e+01	9.517812e+01
	1372	188	343.000000	43.000000	3.577052e-04	1.003020e+05	2.337615e+00	1.651011e+01	1.389615e+04	1.393068e+04	1.355023e+04	7.885678e+01	7.993437e+01
	1346	195	336.500000	41.250000	4.360555e-04	9.980402e+04	2.216175e+00	1.667190e+01	1.359377e+04	1.360839e+04	1.340123e+04	8.262958e+01	8.043440e+01
	1016	196	254.000000	41.000000	1.446782e-04	6.542102e+04	3.325284e+04	1.096969e+01	1.376712e+04	1.378702e+04	1.313636e+04	8.107999e+01	7.873868e+01
	1273	196	318.250000	41.000000	5.896669e-05	1.004110e+05	1.231734e+00	1.184802e+01	1.378076e+04	1.379180e+04	1.372073e+04	8.351826e+01	8.243824e+01
	1140	207	285.000000	38.250000	3.284691e-04	9.382602e+04	1.958416e+03	1.970659e+01	1.337533e+04	1.339568e+04	1.312286e+04	9.697287e+01	9.353577e+01
	1323	216	330.750000	36.000000	2.380786e-04	9.873202e+04	1.368967e+01	1.613815e+01	1.311057e+04	1.317284e+04	1.253886e+04	8.264723e+01	7.872610e+01
	558	217	139.500000	35.750000	3.607748e-04	8.354502e+04	1.606337e+04	1.685407e+01	1.378697e+04	1.380584e+04	1.349561e+04	7.817567e+01	7.046956e+01
	702	226	175.500000	33.500000	1.397608e-04	1.008410e+05	1.292764e+00	1.162127e+01	1.416996e+04	1.418018e+04	1.409398e+04	9.209570e+01	8.997018e+01
	837	256	209.250000	26.000000	4.567979e-04	9.980202e+04	1.353289e+00	1.694607e+01	1.377426e+04	1.381981e+04	1.328661e+04	7.536864e+01	7.679096e+01
	968	321	242.000000	9.750000	-6.210990e-06	1.011230e+05	1.253156e+00	1.046905e+01	1.487549e+04	1.487718e+04	1.481923e+04	7.610213e+01	8.144960e+01
	929	329	232.250000	7.750000	1.453636e-04	1.010840e+05	1.151803e+00	1.176550e+01	1.489092e+04	1.489208e+04	1.482436e+04	9.467826e+01	9.158154e+01
	1362	337	340.500000	5.750000	4.359065e-04	1.011820e+05	1.653883e+00	7.384624e+00	1.492966e+04	1.493046e+04	1.487486e+04	7.825854e+01	7.145990e+01
	269	338	67.250000	5.500000	1.593409e-04	1.010670e+05	1.473085e+00	9.711996e+00	1.494100e+04	1.494893e+04	1.483911e+04	8.955626e+01	8.360296e+01
	1137	340	284.250000	5.000000	8.176547e-05	6.736202e+04	3.464610e+04	3.608488e+00	1.490783e+04	1.490587e+04	1.470748e+04	8.520160e+01	8.151230e+01
	961	341	240.250000	4.750000	1.417380e-05	1.010970e+05	1.252741e+00	9.646402e+00	1.484511e+04	1.484748e+04	1.480398e+04	8.926604e+01	8.431387e+01
	1409	345	352.250000	3.750000	1.336914e-05	9.802402e+04	2.479201e+03	6.131238e+00	1.486579e+04	1.486740e+04	1.484448e+04	7.545515e+01	7.238432e+01
	463	348	115.750000	3.000000	2.245884e-05	8.671602e+04	1.352554e+04	5.155143e+00	1.461517e+04	1.461921e+04	1.445711e+04	8.373734e+01	8.436230e+01
	1438	348	359.500000	3.000000	4.233699e-05	9.941902e+04	2.035131e+00	6.200150e+00	1.486406e+04	1.486557e+04	1.484448e+04	7.727551e+01	7.235163e+01
	429	350	107.250000	2.500000	1.648245e-04	9.749802e+04	4.434648e+02	1.017650e+01	1.473464e+04	1.473631e+04	1.465598e+04	8.899448e+01	8.335485e+01
	608	351	152.000000	2.250000	7.652026e-05	1.005550e+05	1.352788e+00	8.498907e+00	1.446493e+04	1.446667e+04	1.442611e+04	7.934122e+01	8.226576e+01
	749	351	187.250000	2.250000	3.762823e-05	1.005000e+05	1.674424e+00	1.292384e+01	1.446165e+04	1.446446e+04	1.441023e+04	8.113565e+01	7.708109e+01
	1278	351	319.500000	2.250000	3.250223e-05	1.010780e+05	1.332847e+00	9.768632e+00	1.481849e+04	1.481913e+04	1.480711e+04	8.069418e+01	8.021239e+01
	1248	352	312.000000	2.000000	7.736497e-06	1.005860e+05	8.981312e+00	8.568322e+00	1.479565e+04	1.479787e+04	1.477186e+04	8.881139e+01	8.792912e+01
	1250	353	312.500000	1.750000	1.676660e-05	1.007470e+05	1.453344e+00	8.797729e+00	1.479463e+04	1.479655e+04	1.477186e+04	8.828050e+01	8.786087e+01
	1050	354	262.500000	1.500000	6.376486e-05	1.010890e+05	1.493493e+00	7.712286e+00	1.482390e+04	1.482515e+04	1.480148e+04	9.368322e+01	9.150010e+01
	1321	354	330.250000	1.500000	-4.542060e-06	1.011470e+05	6.896696e-01	6.381163e+00	1.486614e+04	1.486740e+04	1.484361e+04	7.837925e+01	7.816127e+01
	48	355	12.000000	1.250000	3.339630e-05	9.309902e+04	6.940101e+03	4.838830e+00	1.487707e+04	1.487968e+04	1.483523e+04	7.833218e+01	6.964625e+01
	710	355	177.500000	1.250000	4.424434e-05	1.004580e+05	1.252400e+00	1.029459e+01	1.440513e+04	1.440866e+04	1.436573e+04	8.501086e+01	8.202159e+01
	397	356	99.250000	1.000000	1.022397e-04	8.676302e+04	1.419478e+04	5.071881e+00	1.477807e+04	1.477940e+04	1.473411e+04	7.523051e+01	7.681965e+01
	571	357	142.750000	0.750000	3.193598e-05	1.003950e+05	2.176562e+00	6.733687e+00	1.442123e+04	1.442306e+04	1.441411e+04	8.209224e+01	8.074402e+01
	627	359	156.750000	0.250000	1.342874e-05	1.004850e+05	1.312912e+00	5.405018e+00	1.444035e+04	1.444224e+04	1.442111e+04	8.334954e+01	8.272450e+01
	1079	360	269.750000	0.000000	5.650334e-06	9.892202e+04	2.968146e+03	6.386894e+00	1.484710e+04	1.484701e+04	1.483973e+04	8.460960e+01	8.431141e+01
2024	1	13	25	12
	911	181	227.750000	44.750000	3.009066e-04	9.989615e+04	5.509129e+00	1.588742e+01	1.349612e+04	1.353850e+04	1.311467e+04	9.794621e+01	8.747221e+01
	1148	182	287.000000	44.500000	2.836511e-04	9.125615e+04	7.065133e+03	1.648642e+01	1.261316e+04	1.264488e+04	1.218755e+04	8.861036e+01	7.865828e+01
	1374	183	343.500000	44.250000	2.396628e-04	1.006521e+05	2.239162e+00	1.323294e+01	1.412636e+04	1.415322e+04	1.383705e+04	8.082377e+01	8.050787e+01
	1267	200	316.750000	40.000000	3.248975e-04	1.003941e+05	1.231734e+00	1.762790e+01	1.377965e+04	1.380245e+04	1.360905e+04	8.595771e+01	8.115153e+01
	1017	203	254.250000	39.250000	9.446591e-05	6.548615e+04	3.459789e+04	1.014671e+01	1.397829e+04	1.399443e+04	1.325830e+04	7.682424e+01	7.484105e+01
	1331	211	332.750000	37.250000	2.608225e-04	9.832915e+04	1.868094e+03	1.749754e+01	1.333256e+04	1.338586e+04	1.279055e+04	8.207596e+01	7.928732e+01
	606	216	151.500000	36.000000	1.815185e-04	1.003791e+05	2.778682e+00	1.410626e+01	1.347689e+04	1.349283e+04	1.332880e+04	8.195702e+01	7.491669e+01
	578	221	144.500000	34.750000	4.046783e-04	1.006231e+05	3.482003e+00	1.913689e+01	1.372961e+04	1.375649e+04	1.348792e+04	7.763336e+01	6.833179e+01
	843	251	210.750000	27.250000	3.724620e-04	9.969615e+04	1.212344e+00	1.598866e+01	1.366887e+04	1.371770e+04	1.320692e+04	8.282678e+01	7.985721e+01
	963	332	240.750000	7.000000	2.901480e-04	1.009041e+05	1.111887e+00	1.184917e+01	1.469329e+04	1.468970e+04	1.464667e+04	8.711516e+01	8.523307e+01
	263	338	65.750000	5.500000	1.508817e-04	1.008261e+05	1.855317e+00	1.010816e+01	1.469676e+04	1.470392e+04	1.459217e+04	9.081633e+01	8.388089e+01
	1310	339	327.500000	5.250000	4.097074e-05	1.013531e+05	1.051246e+00	7.311405e+00	1.504994e+04	1.505053e+04	1.502405e+04	7.841400e+01	7.449694e+01
	1137	340	284.250000	5.000000	6.937236e-05	6.735215e+04	3.464610e+04	3.840453e+00	1.492659e+04	1.492406e+04	1.480442e+04	8.404575e+01	8.031473e+01
	1436	347	359.000000	3.250000	2.595037e-05	9.845915e+04	3.096957e+02	6.324583e+00	1.496450e+04	1.496574e+04	1.494217e+04	7.726926e+01	7.378030e+01
	764	350	191.000000	2.500000	1.003593e-05	1.005441e+05	1.111916e+00	1.144520e+01	1.447824e+04	1.448204e+04	1.443180e+04	7.708328e+01	7.981670e+01
	431	351	107.750000	2.250000	3.991351e-04	9.512415e+04	9.022812e+02	9.079626e+00	1.477667e+04	1.477865e+04	1.471767e+04	8.757784e+01	8.274675e+01
	431	352	107.750000	2.000000	3.991351e-04	9.512415e+04	9.830442e+02	9.079626e+00	1.477683e+04	1.477842e+04	1.471767e+04	8.724902e+01	8.315987e+01
	568	353	142.000000	1.750000	3.250688e-05	1.007801e+05	1.795066e+00	7.906015e+00	1.466098e+04	1.466343e+04	1.463817e+04	8.566372e+01	8.053093e+01
	733	353	183.250000	1.750000	2.311692e-04	1.005421e+05	9.109490e-01	1.214485e+01	1.448151e+04	1.448419e+04	1.443342e+04	8.026894e+01	7.616359e+01
	607	354	151.750000	1.500000	5.226582e-05	1.007411e+05	1.593992e+00	8.820233e+00	1.465235e+04	1.465493e+04	1.461842e+04	7.531055e+01	7.792236e+01
	1173	355	293.250000	1.250000	1.130030e-04	9.063115e+04	8.238647e+03	1.947950e+00	1.493927e+04	1.493975e+04	1.489755e+04	8.972477e+01	8.300197e+01
	1401	355	350.250000	1.250000	2.380461e-05	1.012401e+05	8.107274e-01	5.704444e+00	1.498242e+04	1.498535e+04	1.495192e+04	7.687621e+01	7.597580e+01
	636	357	159.000000	0.750000	2.368540e-05	1.007021e+05	1.634048e+00	6.755796e+00	1.459844e+04	1.460225e+04	1.456067e+04	8.567627e+01	8.457176e+01
	1000	357	250.000000	0.750000	2.568215e-05	1.008631e+05	1.151924e+00	7.794724e+00	1.459800e+04	1.460144e+04	1.456467e+04	9.249428e+01	8.925416e+01
	339	360	84.750000	0.000000	2.922863e-05	1.009501e+05	1.353012e+00	9.431953e+00	1.477598e+04	1.477696e+04	1.476392e+04	8.399963e+01	8.193899e+01
2024	1	13	26	18
	924	180	231.000000	45.000000	4.507517e-04	9.909683e+04	6.755184e+00	1.905745e+01	1.327474e+04	1.333751e+04	1.246529e+04	9.538484e+01	7.932315e+01
	1152	180	288.000000	45.000000	2.332842e-04	8.921783e+04	7.065133e+03	2.069164e+01	1.205233e+04	1.210652e+04	1.159216e+04	9.264313e+01	8.926367e+01
	801	186	200.250000	43.500000	3.121709e-04	1.000708e+05	1.653934e+00	1.527099e+01	1.335432e+04	1.337841e+04	1.312054e+04	8.311682e+01	7.426255e+01
	959	189	239.750000	42.750000	1.300788e-04	8.059783e+04	1.889802e+04	7.556178e+00	1.404595e+04	1.405026e+04	1.385441e+04	9.068066e+01	8.285782e+01
	1339	205	334.750000	38.750000	2.681529e-04	9.794483e+04	1.472268e+03	1.715866e+01	1.322800e+04	1.329042e+04	1.266666e+04	8.128755e+01	8.177045e+01
	172	206	43.000000	38.500000	6.835815e-05	7.325983e+04	2.695555e+04	6.671978e+00	1.396755e+04	1.398892e+04	1.374141e+04	8.683193e+01	8.302794e+01
	142	216	35.500000	36.000000	1.871204e-04	7.768083e+04	2.353409e+04	1.179139e+01	1.398219e+04	1.399918e+04	1.382891e+04	7.904666e+01	7.294009e+01
	142	217	35.500000	35.750000	1.975810e-04	7.768083e+04	2.353409e+04	1.179139e+01	1.398678e+04	1.400369e+04	1.382891e+04	7.941438e+01	7.205755e+01
	1271	219	317.750000	35.250000	2.123332e-04	1.001208e+05	1.373159e+00	1.862249e+01	1.369999e+04	1.373756e+04	1.335654e+04	8.134213e+01	7.681022e+01
	847	246	211.750000	28.500000	3.064489e-04	9.982483e+04	1.513018e+00	1.560664e+01	1.373804e+04	1.377737e+04	1.332716e+04	8.323608e+01	8.136280e+01
	877	334	219.250000	6.500000	-3.465451e-06	1.009978e+05	1.292815e+00	9.950135e+00	1.480690e+04	1.480794e+04	1.478716e+04	8.509515e+01	8.407072e+01
	258	337	64.500000	5.750000	1.587784e-04	1.011238e+05	1.855317e+00	9.900700e+00	1.495241e+04	1.495911e+04	1.484891e+04	9.183929e+01	8.497641e+01
	742	349	185.500000	2.750000	1.118993e-04	1.005268e+05	8.908540e-01	1.251898e+01	1.446748e+04	1.447234e+04	1.440279e+04	8.919387e+01	8.520613e+01
	1234	352	308.500000	2.000000	2.049562e-05	9.679583e+04	3.782592e+03	6.894228e+00	1.480382e+04	1.480606e+04	1.472066e+04	8.929175e+01	8.848366e+01
	434	353	108.500000	1.750000	5.513048e-04	9.514883e+04	6.177788e+03	1.002361e+01	1.478431e+04	1.478449e+04	1.469479e+04	8.785864e+01	8.563982e+01
	690	353	172.500000	1.750000	2.911603e-04	1.004308e+05	1.332845e+00	1.300492e+01	1.440921e+04	1.441888e+04	1.429916e+04	9.031593e+01	8.665485e+01
	965	354	241.250000	1.500000	3.223773e-05	1.011208e+05	1.011285e+00	6.535956e+00	1.481766e+04	1.482044e+04	1.479991e+04	8.100908e+01	8.259569e+01
	966	355	241.500000	1.250000	3.223773e-05	1.011208e+05	1.011285e+00	6.663605e+00	1.481574e+04	1.481856e+04	1.479991e+04	8.153670e+01	8.283728e+01
	639	356	159.750000	1.000000	2.767798e-05	1.006108e+05	1.634048e+00	7.865423e+00	1.448684e+04	1.448706e+04	1.447279e+04	8.351648e+01	8.454527e+01
	1332	356	333.000000	1.000000	1.116749e-05	1.011128e+05	1.212281e+00	5.988847e+00	1.484689e+04	1.484794e+04	1.483254e+04	7.893382e+01	7.694788e+01
	1013	357	253.250000	0.750000	1.411792e-05	1.010798e+05	1.071313e+00	7.212065e+00	1.482336e+04	1.482509e+04	1.479266e+04	9.248475e+01	8.420580e+01
	33	359	8.250000	0.250000	1.408812e-05	9.347083e+04	2.287427e+03	4.768951e+00	1.482738e+04	1.482762e+04	1.481754e+04	7.500756e+01	6.980620e+01
	594	359	148.500000	0.250000	2.425071e-05	9.989883e+04	1.252338e+02	6.759003e+00	1.447501e+04	1.447710e+04	1.445041e+04	7.921141e+01	8.118306e+01
	1063	359	265.750000	0.250000	2.314802e-05	9.992483e+04	6.654262e+00	7.296875e+00	1.478437e+04	1.478687e+04	1.476229e+04	8.375805e+01	8.659435e+01
	1163	359	290.750000	0.250000	1.229998e-05	9.820183e+04	2.888972e+03	3.422050e+00	1.484086e+04	1.484321e+04	1.473941e+04	8.494276e+01	8.287580e+01
	1385	360	346.250000	0.000000	1.057144e-05	1.010718e+05	1.272547e+00	6.019168e+00	1.481138e+04	1.481373e+04	1.479279e+04	7.789454e+01	7.967201e+01
2024	1	14	28	0
	515	182	128.750000	44.500000	1.365060e-04	8.413512e+04	1.069174e+04	7.479113e+00	1.359323e+04	1.360416e+04	1.346031e+04	9.228485e+01	8.425045e+01
	939	182	234.750000	44.500000	3.592784e-04	8.243612e+04	7.033786e+03	1.847703e+01	1.334697e+04	1.340191e+04	1.264143e+04	9.146161e+01	7.167935e+01
	801	198	200.250000	40.500000	4.871304e-04	9.960012e+04	1.653934e+00	1.837834e+01	1.316847e+04	1.320648e+04	1.282056e+04	9.020679e+01	7.846253e+01
	1345	198	336.250000	40.500000	2.192671e-04	9.870912e+04	6.177902e+00	1.671741e+01	1.340984e+04	1.346666e+04	1.290556e+04	8.530999e+01	8.255840e+01
	187	208	46.750000	38.000000	2.263600e-04	7.320412e+04	2.764312e+04	1.222029e+01	1.404382e+04	1.406351e+04	1.361981e+04	9.155872e+01	8.626172e+01
	646	209	161.500000	37.750000	1.498575e-04	9.982312e+04	1.856104e+00	1.553615e+01	1.315036e+04	1.317408e+04	1.300031e+04	8.638750e+01	8.013739e+01
	145	217	36.250000	35.750000	1.684243e-04	7.770912e+04	1.849215e+04	9.171657e+00	1.401405e+04	1.403088e+04	1.385968e+04	8.092126e+01	7.614246e+01
	840	223	210.000000	34.250000	1.264031e-04	9.983812e+04	1.976209e+00	1.215378e+01	1.356438e+04	1.357845e+04	1.342856e+04	8.535857e+01	7.742390e+01
	1278	225	319.500000	33.750000	2.784247e-04	1.001201e+05	1.233462e+00	1.874295e+01	1.377453e+04	1.381943e+04	1.327918e+04	7.714411e+01	7.687843e+01
	850	242	212.500000	29.500000	2.303834e-04	9.968412e+04	1.513220e+00	1.456874e+01	1.357382e+04	1.361327e+04	1.327093e+04	7.930359e+01	7.846252e+01
	643	333	160.750000	6.750000	4.316517e-05	1.006801e+05	2.679116e+00	1.221609e+01	1.465603e+04	1.465774e+04	1.461268e+04	8.632439e+01	7.695979e+01
	958	333	239.500000	6.750000	6.328174e-05	1.007641e+05	1.111887e+00	8.849793e+00	1.461372e+04	1.461779e+04	1.455106e+04	9.008523e+01	8.476350e+01
	254	340	63.500000	5.000000	2.064521e-04	1.008201e+05	1.815001e+00	1.033786e+01	1.469659e+04	1.470521e+04	1.458556e+04	9.317264e+01	8.436872e+01
	740	341	185.000000	4.750000	6.036111e-05	1.004801e+05	8.908540e-01	1.354909e+01	1.440662e+04	1.440908e+04	1.435368e+04	9.404977e+01	8.368135e+01
	582	349	145.500000	2.750000	4.876801e-05	1.008541e+05	2.317262e+00	1.031623e+01	1.473394e+04	1.473543e+04	1.469518e+04	8.818142e+01	8.553480e+01
	509	350	127.250000	2.500000	4.709477e-04	9.624412e+04	5.294975e+03	1.012306e+01	1.481112e+04	1.481232e+04	1.475281e+04	8.013766e+01	7.765768e+01
	438	352	109.500000	2.000000	3.003294e-04	9.521912e+04	6.177788e+03	1.093644e+01	1.483508e+04	1.483531e+04	1.479431e+04	8.322743e+01	8.589584e+01
	1352	352	338.000000	2.000000	-9.525334e-06	1.013451e+05	1.152477e+00	3.718481e+00	1.503664e+04	1.503923e+04	1.501281e+04	8.340839e+01	8.042179e+01
	688	353	172.000000	1.750000	4.555101e-04	1.006241e+05	1.312749e+00	1.287244e+01	1.451426e+04	1.451734e+04	1.445081e+04	9.325509e+01	8.920368e+01
	1171	354	292.750000	1.500000	8.697459e-05	9.132812e+04	8.238647e+03	2.176811e+00	1.480463e+04	1.480694e+04	1.477093e+04	7.705276e+01	7.566260e+01
	1403	354	350.750000	1.500000	2.191612e-05	1.012421e+05	1.071599e+00	5.442855e+00	1.496607e+04	1.496636e+04	1.495056e+04	8.892715e+01	8.162637e+01
	1022	355	255.500000	1.250000	8.058036e-06	1.008461e+05	9.308511e-01	7.099709e+00	1.466005e+04	1.466153e+04	1.462493e+04	9.262025e+01	8.866929e+01
	357	359	89.250000	0.250000	5.316222e-06	1.009401e+05	1.634127e+00	8.974947e+00	1.476210e+04	1.476318e+04	1.473881e+04	7.674753e+01	7.906950e+01
	357	360	89.250000	0.000000	6.120885e-06	1.009401e+05	1.593932e+00	8.974947e+00	1.476121e+04	1.476231e+04	1.473881e+04	7.759457e+01	7.961494e+01
	632	360	158.000000	0.000000	9.548152e-06	1.007581e+05	1.372980e+00	6.309845e+00	1.463214e+04	1.463418e+04	1.460793e+04	8.425620e+01	8.475967e+01
	977	360	244.250000	0.000000	1.589605e-05	1.008811e+05	8.908572e-01	6.850315e+00	1.463010e+04	1.462925e+04	1.461493e+04	8.796791e+01	8.237874e+01
	1113	360	278.250000	0.000000	6.951042e-05	7.535612e+04	3.535961e+03	4.641610e+00	1.471418e+04	1.471435e+04	1.469018e+04	8.289201e+01	8.244830e+01
	1231	360	307.750000	0.000000	9.905780e-06	9.595012e+04	4.826799e+03	5.738978e+00	1.495046e+04	1.495222e+04	1.493381e+04	9.143234e+01	8.898797e+01
2024	1	14	25	6
	946	181	236.500000	44.750000	3.398927e-04	8.178362e+04	1.729808e+04	1.234415e+01	1.372781e+04	1.375070e+04	1.344002e+04	7.560336e+01	6.378348e+01
	669	192	167.250000	42.000000	3.297301e-04	9.912062e+04	1.534610e+00	1.782693e+01	1.267558e+04	1.270441e+04	1.241602e+04	8.699519e+01	7.777655e+01
	1349	193	337.250000	41.750000	1.865895e-04	9.960762e+04	2.216175e+00	1.562365e+01	1.344531e+04	1.349798e+04	1.305864e+04	8.300057e+01	8.133244e+01
	805	196	201.250000	41.000000	4.965635e-04	9.925162e+04	2.377246e+00	2.009617e+01	1.297666e+04	1.302988e+04	1.250314e+04	8.918738e+01	8.307109e+01
	998	196	249.500000	41.000000	7.861573e-05	6.837562e+04	3.257148e+04	7.668042e+00	1.381284e+04	1.385727e+04	1.335714e+04	8.639503e+01	8.019617e+01
	187	209	46.750000	37.750000	1.645060e-04	7.347662e+04	2.764312e+04	1.105068e+01	1.427591e+04	1.428509e+04	1.398127e+04	9.009805e+01	8.471149e+01
	839	214	209.750000	36.500000	1.084777e-04	9.992162e+04	1.896078e+00	1.138578e+01	1.347797e+04	1.348355e+04	1.341789e+04	8.446851e+01	8.201841e+01
	1285	228	321.250000	33.000000	2.882453e-04	9.995162e+04	1.272329e+00	1.784392e+01	1.368953e+04	1.373538e+04	1.318152e+04	7.628236e+01	7.699415e+01
	734	237	183.500000	30.750000	1.557143e-04	1.010046e+05	1.332737e+00	1.251591e+01	1.441352e+04	1.441890e+04	1.435789e+04	8.784101e+01	8.675171e+01
	856	238	214.000000	30.500000	2.012523e-04	9.994762e+04	1.052052e+00	1.482084e+01	1.371951e+04	1.375308e+04	1.348339e+04	7.972476e+01	7.924031e+01
	496	334	124.000000	6.500000	1.006396e-04	8.771662e+04	1.381545e+04	1.185462e+01	1.464981e+04	1.465052e+04	1.459777e+04	8.024466e+01	8.131910e+01
	251	338	62.750000	5.500000	3.643902e-04	1.010236e+05	1.815001e+00	1.239974e+01	1.493810e+04	1.494671e+04	1.478689e+04	9.108852e+01	8.447184e+01
	967	339	241.750000	5.250000	1.436146e-04	1.010416e+05	1.252741e+00	8.654008e+00	1.482724e+04	1.482779e+04	1.478339e+04	9.669241e+01	9.505230e+01
	726	341	181.500000	4.750000	6.270129e-05	1.005116e+05	7.903677e-01	1.169431e+01	1.441362e+04	1.441449e+04	1.436889e+04	8.966628e+01	8.244873e+01
	1137	341	284.250000	4.750000	1.176270e-04	6.738962e+04	3.464610e+04	3.385366e+00	1.490102e+04	1.490098e+04	1.469002e+04	8.089851e+01	7.719850e+01
	1036	344	259.000000	4.000000	1.337202e-04	1.010826e+05	1.252563e+00	7.458131e+00	1.484622e+04	1.484768e+04	1.481652e+04	9.519495e+01	8.791784e+01
	935	351	233.750000	2.250000	7.954426e-06	1.010806e+05	1.433130e+00	7.522312e+00	1.481269e+04	1.481407e+04	1.478939e+04	8.160489e+01	8.031536e+01
	902	352	225.500000	2.000000	2.219994e-05	1.010056e+05	1.232426e+00	8.813964e+00	1.475981e+04	1.476274e+04	1.472652e+04	7.776111e+01	7.863231e+01
	1332	352	333.000000	2.000000	3.215857e-06	1.012756e+05	1.212281e+00	5.043997e+00	1.496317e+04	1.496462e+04	1.494202e+04	8.069832e+01	8.081775e+01
	1065	353	266.250000	1.750000	1.716334e-05	1.001396e+05	1.117684e+01	7.011449e+00	1.482744e+04	1.482906e+04	1.480227e+04	8.895680e+01	8.628959e+01
	466	354	116.500000	1.500000	4.937965e-05	8.671962e+04	1.174930e+04	4.398708e+00	1.462604e+04	1.462872e+04	1.453889e+04	8.513539e+01	8.505640e+01
	549	354	137.250000	1.500000	1.625093e-04	9.961262e+04	6.396922e+00	6.683178e+00	1.441680e+04	1.441750e+04	1.440027e+04	8.947382e+01	8.682838e+01
	584	354	146.000000	1.500000	4.327018e-05	1.004346e+05	2.357404e+00	9.003294e+00	1.439958e+04	1.439984e+04	1.438602e+04	8.722018e+01	8.613402e+01
	398	359	99.500000	0.250000	9.327848e-05	8.689062e+04	1.304338e+04	5.982219e+00	1.477127e+04	1.477337e+04	1.472589e+04	8.506421e+01	8.148278e+01
	1231	359	307.750000	0.250000	6.344635e-05	9.598262e+04	4.826799e+03	3.968674e+00	1.490997e+04	1.491198e+04	1.488652e+04	8.990005e+01	8.765239e+01
2024	1	14	26	12
	684	180	171.000000	45.000000	5.705880e-04	9.880172e+04	1.631523e+00	1.956165e+01	1.239256e+04	1.242638e+04	1.201461e+04	8.700610e+01	8.369106e+01
	566	188	141.500000	43.000000	5.065727e-04	8.889172e+04	1.064095e+04	1.758123e+01	1.291144e+04	1.294171e+04	1.270824e+04	9.056144e+01	8.675879e+01
	1354	188	338.500000	43.000000	1.385438e-04	1.000637e+05	1.853760e+00	1.494014e+01	1.373132e+04	1.377159e+04	1.342086e+04	8.369466e+01	8.125275e+01
	808	198	202.000000	40.500000	4.238116e-04	9.864572e+04	2.377246e+00	2.143546e+01	1.263517e+04	1.270233e+04	1.200861e+04	9.198304e+01	8.455439e+01
	1016	198	254.000000	40.500000	8.486980e-05	6.568172e+04	3.400401e+04	6.401155e+00	1.394235e+04	1.395457e+04	1.320799e+04	8.256745e+01	7.502116e+01
	177	207	44.250000	38.250000	6.549829e-05	7.360772e+04	2.695555e+04	9.822522e+00	1.431069e+04	1.431547e+04	1.401661e+04	7.768182e+01	7.542063e+01
	1291	231	322.750000	32.250000	2.776014e-04	1.001857e+05	1.272329e+00	1.564857e+01	1.388790e+04	1.393390e+04	1.342374e+04	7.547684e+01	7.424895e+01
	863	232	215.750000	32.000000	1.351463e-04	9.996572e+04	1.694936e+00	1.197658e+01	1.366501e+04	1.368944e+04	1.349811e+04	7.521436e+01	7.766827e+01
	812	334	203.000000	6.500000	1.161569e-05	1.005427e+05	9.107286e-01	9.500314e+00	1.443554e+04	1.443496e+04	1.440749e+04	8.251575e+01	8.523822e+01
	1314	334	328.500000	6.500000	8.307630e-06	1.015107e+05	1.131803e+00	8.199573e+00	1.516765e+04	1.516988e+04	1.514299e+04	7.526174e+01	7.231068e+01
	246	335	61.500000	6.250000	2.730417e-04	1.007877e+05	1.734706e+00	1.161595e+01	1.471673e+04	1.472417e+04	1.458974e+04	9.020845e+01	8.228276e+01
	1137	341	284.250000	4.750000	1.325833e-04	6.743572e+04	3.464610e+04	2.849474e+00	1.496804e+04	1.496846e+04	1.474661e+04	8.260056e+01	7.768611e+01
	730	346	182.500000	3.500000	8.659833e-05	1.005447e+05	7.903677e-01	1.336594e+01	1.447939e+04	1.448102e+04	1.441974e+04	8.213564e+01	8.038417e+01
	507	347	126.750000	3.250000	1.510906e-04	9.618172e+04	2.858016e+03	1.126828e+01	1.474442e+04	1.474811e+04	1.469049e+04	8.274077e+01	7.959468e+01
	635	348	158.750000	3.000000	1.999014e-05	1.006407e+05	1.473517e+00	1.181166e+01	1.455152e+04	1.455440e+04	1.449161e+04	8.340582e+01	7.864117e+01
	443	349	110.750000	2.750000	1.950192e-04	9.444272e+04	6.177788e+03	9.095830e+00	1.476719e+04	1.477082e+04	1.470636e+04	8.566703e+01	8.556462e+01
	888	350	222.000000	2.500000	1.668208e-05	1.006667e+05	1.131940e+00	9.511265e+00	1.448917e+04	1.449181e+04	1.445361e+04	7.873618e+01	7.961369e+01
	959	350	239.750000	2.500000	1.191371e-05	1.007677e+05	1.453177e+00	8.018375e+00	1.451894e+04	1.452180e+04	1.448911e+04	9.587239e+01	9.217223e+01
	888	351	222.000000	2.250000	1.668208e-05	1.006667e+05	1.131940e+00	9.505694e+00	1.448910e+04	1.449161e+04	1.445361e+04	7.742250e+01	7.878122e+01
	1395	351	348.750000	2.250000	1.265877e-05	1.013567e+05	1.071599e+00	5.551198e+00	1.507002e+04	1.507173e+04	1.505124e+04	8.752675e+01	8.303125e+01
	918	353	229.500000	1.750000	1.587742e-05	1.007447e+05	8.103890e-01	8.329048e+00	1.452369e+04	1.452672e+04	1.448261e+04	7.961104e+01	7.930305e+01
	572	354	143.000000	1.500000	1.195597e-04	1.007357e+05	1.795066e+00	1.043051e+01	1.464396e+04	1.464563e+04	1.461111e+04	8.572208e+01	8.456721e+01
	466	355	116.500000	1.250000	1.136588e-04	8.750372e+04	1.174930e+04	6.042994e+00	1.479517e+04	1.479369e+04	1.476536e+04	8.553384e+01	8.531744e+01
	1236	356	309.000000	1.000000	4.040473e-05	9.725072e+04	3.782592e+03	7.407861e+00	1.507631e+04	1.507831e+04	1.505711e+04	8.052248e+01	8.025607e+01
	384	357	96.000000	0.750000	3.012293e-05	9.120372e+04	1.927246e+03	3.607762e+00	1.472966e+04	1.473328e+04	1.470311e+04	7.762652e+01	7.752953e+01
	54	360	13.500000	0.000000	3.933185e-05	9.286072e+04	7.002868e+03	2.718102e+00	1.492291e+04	1.492228e+04	1.489574e+04	8.063190e+01	7.619296e+01
2024	1	14	23	18
	546	180	136.500000	45.000000	3.807624e-04	8.824814e+04	9.998501e+03	1.794918e+01	1.276296e+04	1.278457e+04	1.244450e+04	9.195490e+01	9.005826e+01
	581	182	145.250000	44.500000	5.200882e-04	8.840014e+04	1.064095e+04	1.500141e+01	1.240249e+04	1.244597e+04	1.198237e+04	8.621909e+01	8.669638e+01
	1357	184	339.250000	44.000000	1.237472e-04	1.000961e+05	1.896577e+00	1.473867e+01	1.370269e+04	1.374097e+04	1.343300e+04	8.370624e+01	8.071707e+01
	684	202	171.000000	39.500000	4.056473e-04	9.878814e+04	1.875852e+00	2.082600e+01	1.257447e+04	1.261463e+04	1.226162e+04	9.240478e+01	8.376664e+01
	806	203	201.500000	39.250000	7.098098e-04	9.803814e+04	1.535010e+00	2.374623e+01	1.246381e+04	1.254124e+04	1.144887e+04	8.156017e+01	7.939016e+01
	655	328	163.750000	8.000000	5.183415e-05	1.005971e+05	1.433385e+00	9.313899e+00	1.441406e+04	1.441912e+04	1.435250e+04	8.795151e+01	8.505545e+01
	240	332	60.000000	7.000000	2.612253e-04	1.011121e+05	2.036064e+00	1.237054e+01	1.504447e+04	1.505132e+04	1.489362e+04	8.897713e+01	8.133025e+01
	703	332	175.750000	7.000000	2.560811e-05	1.006211e+05	1.312910e+00	9.855394e+00	1.445588e+04	1.445715e+04	1.442250e+04	8.007238e+01	8.421603e+01
	953	336	238.250000	6.000000	3.398438e-04	1.009361e+05	1.392942e+00	1.093452e+01	1.472515e+04	1.472990e+04	1.468550e+04	9.489301e+01	9.014458e+01
	750	339	187.500000	5.250000	1.777788e-04	1.005021e+05	8.105052e-01	1.129066e+01	1.445778e+04	1.446436e+04	1.439137e+04	9.269016e+01	8.392928e+01
	679	343	169.750000	4.250000	1.532631e-05	1.005231e+05	7.502871e-01	9.325949e+00	1.441612e+04	1.441846e+04	1.437562e+04	9.044302e+01	8.802929e+01
	1050	343	262.500000	4.250000	2.578278e-04	1.010601e+05	1.112125e+00	7.906852e+00	1.482552e+04	1.482769e+04	1.478812e+04	9.281080e+01	8.661249e+01
	1354	348	338.500000	3.000000	1.341780e-04	1.012991e+05	1.393263e+00	5.325640e+00	1.500035e+04	1.500183e+04	1.496587e+04	8.621681e+01	8.022529e+01
	447	350	111.750000	2.500000	1.842161e-04	9.075214e+04	5.497522e+03	9.711954e+00	1.471113e+04	1.471376e+04	1.467812e+04	9.104815e+01	8.940575e+01
	504	350	126.000000	2.500000	2.387841e-04	9.497914e+04	5.662840e+03	1.153890e+01	1.455088e+04	1.455466e+04	1.449187e+04	8.678041e+01	8.141265e+01
	574	351	143.500000	2.250000	3.833370e-05	1.004711e+05	2.317262e+00	1.085305e+01	1.438951e+04	1.439241e+04	1.435625e+04	8.873379e+01	8.155305e+01
	1227	353	306.750000	1.750000	3.708201e-05	9.591914e+04	4.348211e+03	4.935669e+00	1.493202e+04	1.493438e+04	1.483200e+04	8.767282e+01	8.663911e+01
	977	355	244.250000	1.250000	4.950957e-05	1.010131e+05	8.908572e-01	9.135762e+00	1.475243e+04	1.475253e+04	1.473012e+04	9.280437e+01	8.767073e+01
	1204	356	301.000000	1.000000	1.625018e-05	9.576014e+04	5.031323e+03	4.779061e+00	1.493359e+04	1.493448e+04	1.489887e+04	8.936593e+01	8.531594e+01
	1204	357	301.000000	0.750000	1.258450e-05	9.576014e+04	5.031323e+03	4.640378e+00	1.493262e+04	1.493332e+04	1.489887e+04	8.983492e+01	8.547695e+01
	1256	358	314.000000	0.500000	2.486305e-05	1.001551e+05	4.398277e+02	8.289734e+00	1.493099e+04	1.493291e+04	1.490375e+04	8.417146e+01	8.394658e+01
	614	359	153.500000	0.250000	2.507167e-05	1.004361e+05	2.116419e+00	8.013542e+00	1.437408e+04	1.437595e+04	1.433975e+04	8.485773e+01	8.649163e+01
	1174	359	293.500000	0.250000	8.244114e-05	9.363114e+04	8.238647e+03	3.114772e+00	1.491677e+04	1.491969e+04	1.489225e+04	8.262403e+01	7.955806e+01
2024	1	15	19	0
	1362	180	340.500000	45.000000	1.715426e-04	1.002847e+05	1.552446e+00	1.476857e+01	1.379529e+04	1.382812e+04	1.355814e+04	8.403212e+01	7.762701e+01
	1002	186	250.500000	43.500000	5.233334e-05	6.876370e+04	3.163678e+04	9.431443e+00	1.412481e+04	1.414654e+04	1.358652e+04	8.130303e+01	7.821333e+01
	698	187	174.500000	43.250000	1.332224e-03	9.866570e+04	1.533922e+00	2.126124e+01	1.255168e+04	1.259236e+04	1.204627e+04	9.370766e+01	8.684184e+01
	1334	190	333.500000	42.500000	1.713042e-04	1.004457e+05	2.097924e+00	1.305742e+01	1.385085e+04	1.387386e+04	1.367489e+04	7.750661e+01	7.469129e+01
	1439	198	359.750000	40.500000	1.328592e-04	8.102370e+04	1.531359e+04	1.102625e+01	1.452264e+04	1.452512e+04	1.442489e+04	7.759230e+01	6.927831e+01
	813	205	203.250000	38.750000	5.173092e-04	9.761770e+04	1.715270e+00	2.379817e+01	1.214116e+04	1.223034e+04	1.106014e+04	8.050355e+01	8.089695e+01
	709	236	177.250000	31.000000	7.563238e-04	9.931870e+04	1.353749e+00	1.975848e+01	1.350391e+04	1.352326e+04	1.328964e+04	8.732789e+01	8.642765e+01
	234	331	58.500000	7.250000	6.492143e-04	1.008787e+05	2.036064e+00	1.233787e+01	1.482738e+04	1.483482e+04	1.464714e+04	8.307963e+01	7.747995e+01
	499	333	124.750000	6.750000	1.550321e-04	8.793070e+04	1.381545e+04	1.135985e+01	1.484150e+04	1.484284e+04	1.476577e+04	8.686144e+01	8.142018e+01
	667	336	166.750000	6.000000	3.129290e-05	1.007237e+05	1.031554e+00	8.315308e+00	1.457466e+04	1.457541e+04	1.455489e+04	8.658820e+01	8.768174e+01
	1026	339	256.500000	5.250000	7.671164e-05	1.007227e+05	1.553725e+00	7.401147e+00	1.458196e+04	1.458610e+04	1.452614e+04	8.601434e+01	8.194106e+01
	444	344	111.000000	4.000000	9.179162e-05	9.639770e+04	5.330605e+02	8.939837e+00	1.481326e+04	1.481650e+04	1.475689e+04	8.649854e+01	8.475457e+01
	1301	347	325.250000	3.250000	-5.913898e-08	1.014207e+05	1.393093e+00	6.886743e+00	1.511772e+04	1.511866e+04	1.509752e+04	7.893048e+01	7.897573e+01
	420	349	105.000000	2.750000	4.589604e-05	9.671270e+04	2.996215e+03	9.676088e+00	1.480809e+04	1.480656e+04	1.475814e+04	8.281243e+01	8.428835e+01
	858	352	214.500000	2.000000	1.734542e-05	1.003927e+05	1.152015e+00	1.083625e+01	1.427473e+04	1.427992e+04	1.423289e+04	7.567573e+01	7.489809e+01
	389	356	97.250000	1.000000	1.877593e-05	8.255970e+04	1.419478e+04	4.020679e+00	1.477505e+04	1.477615e+04	1.474039e+04	8.061668e+01	8.078899e+01
	494	358	123.500000	0.500000	1.868014e-04	8.786070e+04	1.010541e+04	8.791304e+00	1.479666e+04	1.479746e+04	1.474764e+04	8.504960e+01	8.053094e+01
	1084	360	271.000000	0.000000	1.186179e-05	9.861570e+04	1.134032e+03	6.896387e+00	1.462948e+04	1.463107e+04	1.461764e+04	7.920239e+01	8.058307e+01
	1223	360	305.750000	0.000000	4.547881e-05	9.602770e+04	4.826799e+03	3.004514e+00	1.499033e+04	1.499075e+04	1.495777e+04	9.031758e+01	8.915179e+01
2024	1	15	22	6
	1324	187	331.000000	43.250000	2.731618e-04	1.003501e+05	2.097924e+00	1.203430e+01	1.375752e+04	1.378229e+04	1.353226e+04	8.898725e+01	8.022583e+01
	1325	187	331.250000	43.250000	2.731618e-04	1.003501e+05	2.097924e+00	1.203430e+01	1.374917e+04	1.377428e+04	1.353226e+04	8.889896e+01	8.015231e+01
	1018	202	254.500000	39.500000	8.862582e-05	6.602212e+04	3.400401e+04	1.092425e+01	1.413942e+04	1.416952e+04	1.354776e+04	7.965552e+01	7.301497e+01
	818	206	204.500000	38.500000	4.484591e-04	9.747112e+04	1.715270e+00	2.215640e+01	1.202396e+04	1.211744e+04	1.096714e+04	8.134442e+01	7.981442e+01
	707	207	176.750000	38.250000	2.015704e-03	9.817912e+04	1.593337e+00	2.665373e+01	1.264288e+04	1.271230e+04	1.181114e+04	8.890807e+01	8.181615e+01
	435	323	108.750000	9.250000	2.115336e-05	8.753212e+04	1.146815e+03	1.424533e+01	1.483735e+04	1.483752e+04	1.478476e+04	8.392280e+01	8.234951e+01
	228	329	57.000000	7.750000	5.049643e-04	1.012911e+05	1.855464e+00	1.287435e+01	1.514606e+04	1.514813e+04	1.504126e+04	8.304470e+01	7.808771e+01
	660	337	165.000000	5.750000	4.690257e-05	1.005141e+05	2.578190e+00	7.748473e+00	1.437215e+04	1.437378e+04	1.434826e+04	8.466838e+01	8.179439e+01
	1137	341	284.250000	4.750000	1.047191e-04	6.735212e+04	3.464610e+04	2.912390e+00	1.479817e+04	1.480022e+04	1.452451e+04	7.760759e+01	7.327499e+01
	463	342	115.750000	4.500000	8.695689e-05	8.667612e+04	1.352554e+04	8.728971e+00	1.466800e+04	1.466887e+04	1.461114e+04	8.708547e+01	8.367922e+01
	610	345	152.500000	3.750000	3.825990e-05	1.004441e+05	1.393022e+00	1.018007e+01	1.435158e+04	1.435289e+04	1.433151e+04	7.557739e+01	7.651326e+01
	1012	350	253.000000	2.500000	1.972285e-05	1.009571e+05	1.111929e+00	8.884008e+00	1.475030e+04	1.475197e+04	1.471601e+04	9.158375e+01	8.891590e+01
	712	352	178.000000	2.000000	2.860394e-05	1.004571e+05	1.573879e+00	8.542888e+00	1.440807e+04	1.441067e+04	1.437764e+04	8.074776e+01	7.990446e+01
	1248	353	312.000000	1.750000	1.119939e-05	1.007011e+05	7.575311e+01	8.651289e+00	1.490313e+04	1.490614e+04	1.487289e+04	8.852691e+01	8.608444e+01
	19	354	4.750000	1.500000	2.073613e-05	1.005891e+05	1.853993e+01	5.971492e+00	1.498619e+04	1.498620e+04	1.497426e+04	7.876931e+01	7.385664e+01
	1214	356	303.500000	1.000000	3.820029e-05	9.585612e+04	5.031323e+03	2.990328e+00	1.490397e+04	1.490631e+04	1.487876e+04	9.305201e+01	9.149763e+01
	1419	357	354.750000	0.750000	1.501408e-05	1.012951e+05	9.105405e-01	6.361311e+00	1.498873e+04	1.498963e+04	1.497764e+04	8.699311e+01	8.311895e+01
	668	359	167.000000	0.250000	3.700820e-05	1.004021e+05	5.350978e+00	6.242852e+00	1.436244e+04	1.436431e+04	1.433189e+04	7.992797e+01	8.201366e+01
	1046	359	261.500000	0.250000	2.246466e-05	1.010161e+05	1.453045e+00	7.431837e+00	1.474390e+04	1.474596e+04	1.472301e+04	7.827793e+01	8.235817e+01
	1179	359	294.750000	0.250000	7.825461e-05	8.942812e+04	8.238647e+03	2.012730e+00	1.486979e+04	1.487279e+04	1.483276e+04	7.568911e+01	7.495275e+01
	400	360	100.000000	0.000000	7.116166e-05	8.703812e+04	1.304338e+04	5.373091e+00	1.478218e+04	1.478315e+04	1.475564e+04	8.464153e+01	8.413515e+01
	559	360	139.750000	0.000000	5.357829e-05	9.361912e+04	2.425382e+01	8.200054e+00	1.435874e+04	1.436354e+04	1.433839e+04	9.018972e+01	8.790761e+01
2024	1	15	28	12
	1351	180	337.750000	45.000000	9.292248e-05	1.004297e+05	1.896577e+00	1.464421e+01	1.376575e+04	1.378249e+04	1.363542e+04	7.900044e+01	7.706824e+01
	589	185	147.250000	43.750000	4.997838e-04	9.015673e+04	4.024260e+03	1.999050e+01	1.216583e+04	1.220977e+04	1.154917e+04	7.605468e+01	7.147675e+01
	1320	188	330.000000	43.000000	4.168141e-04	1.002097e+05	1.633883e+00	1.578779e+01	1.376079e+04	1.378663e+04	1.340230e+04	8.663701e+01	7.981339e+01
	307	190	76.750000	42.500000	6.735208e-05	5.779073e+04	4.055830e+04	5.327549e+00	1.477444e+04	1.477525e+04	1.437567e+04	7.681617e+01	6.875642e+01
	58	192	14.500000	42.000000	2.014625e-04	8.667573e+04	1.230759e+04	1.219516e+01	1.340137e+04	1.341293e+04	1.329055e+04	7.938525e+01	7.611438e+01
	1017	203	254.250000	39.250000	5.376223e-05	6.592273e+04	3.459789e+04	8.192675e+00	1.427104e+04	1.429693e+04	1.357442e+04	8.435232e+01	8.105442e+01
	823	205	205.750000	38.750000	3.666270e-04	9.757973e+04	1.715270e+00	1.886046e+01	1.192863e+04	1.201172e+04	1.103080e+04	8.857280e+01	8.219052e+01
	721	216	180.250000	36.000000	1.105844e-03	9.816273e+04	1.432735e+00	2.590215e+01	1.277939e+04	1.284584e+04	1.178380e+04	8.700363e+01	8.244427e+01
	431	315	107.750000	11.250000	1.376260e-04	8.758773e+04	1.446354e+04	1.394012e+01	1.490959e+04	1.491062e+04	1.488192e+04	8.037501e+01	7.959532e+01
	223	331	55.750000	7.250000	1.155126e-04	1.009287e+05	1.855464e+00	1.189312e+01	1.481355e+04	1.482046e+04	1.473930e+04	8.467232e+01	7.831568e+01
	504	331	126.000000	7.250000	3.146518e-04	8.789673e+04	1.381545e+04	1.159496e+01	1.482674e+04	1.482799e+04	1.475117e+04	8.522036e+01	8.073907e+01
	734	334	183.500000	6.500000	1.536000e-04	1.005887e+05	8.305880e-01	1.122008e+01	1.453223e+04	1.453277e+04	1.447367e+04	7.788379e+01	7.502469e+01
	834	337	208.500000	5.750000	2.061713e-04	1.004767e+05	1.212252e+00	1.102986e+01	1.437271e+04	1.437758e+04	1.431267e+04	9.088871e+01	8.400317e+01
	659	338	164.750000	5.500000	2.115848e-05	1.006477e+05	1.225988e+02	9.102127e+00	1.451635e+04	1.451773e+04	1.449755e+04	8.607379e+01	8.028663e+01
	660	338	165.000000	5.500000	1.937035e-05	1.006477e+05	3.528169e+01	9.102127e+00	1.451683e+04	1.451815e+04	1.449755e+04	8.625687e+01	8.070551e+01
	440	341	110.000000	4.750000	2.843025e-05	1.003267e+05	4.434648e+02	1.106738e+01	1.473206e+04	1.473663e+04	1.468105e+04	7.917185e+01	8.206922e+01
	1137	341	284.250000	4.750000	2.301920e-04	6.740973e+04	3.464610e+04	4.683551e+00	1.487182e+04	1.487384e+04	1.462080e+04	7.775710e+01	7.380173e+01
	405	342	101.250000	4.500000	1.493681e-04	9.059673e+04	1.057952e+04	9.108522e+00	1.475914e+04	1.476093e+04	1.469942e+04	8.752756e+01	8.591452e+01
	706	345	176.500000	3.750000	5.316618e-05	1.005637e+05	1.573879e+00	9.980744e+00	1.449898e+04	1.450142e+04	1.447030e+04	8.303316e+01	8.256754e+01
	1235	349	308.750000	2.750000	3.200653e-05	9.782173e+04	2.384286e+03	9.172262e+00	1.510680e+04	1.510892e+04	1.507330e+04	9.290678e+01	8.749910e+01
	1414	349	353.500000	2.750000	2.175453e-05	9.891473e+04	1.752340e+02	6.023084e+00	1.508691e+04	1.508757e+04	1.507217e+04	8.162358e+01	7.772882e+01
	1325	352	331.250000	2.000000	4.111556e-06	1.014517e+05	9.111741e-01	6.681551e+00	1.513418e+04	1.513539e+04	1.511842e+04	7.741790e+01	7.724628e+01
	952	354	238.000000	1.500000	7.330207e-06	1.006937e+05	1.955514e+00	8.558337e+00	1.445615e+04	1.445741e+04	1.444205e+04	8.159423e+01	8.318305e+01
	1000	356	250.000000	1.000000	3.098277e-06	1.007807e+05	1.151924e+00	8.306630e+00	1.455168e+04	1.455239e+04	1.454180e+04	8.554182e+01	8.305656e+01
	494	359	123.500000	0.250000	1.022208e-04	8.780773e+04	1.010541e+04	8.635906e+00	1.474661e+04	1.474755e+04	1.470642e+04	7.883922e+01	7.851660e+01
	550	359	137.500000	0.250000	3.456953e-05	9.647573e+04	1.055851e+03	7.513948e+00	1.467648e+04	1.467947e+04	1.465330e+04	8.842809e+01	8.361408e+01
	1031	359	257.750000	0.250000	4.756730e-07	1.008267e+05	9.703523e-01	8.579392e+00	1.458156e+04	1.458364e+04	1.456142e+04	8.443217e+01	8.257402e+01
	47	360	11.750000	0.000000	4.434469e-05	9.296473e+04	7.714550e+03	3.727753e+00	1.498063e+04	1.497982e+04	1.494430e+04	8.446454e+01	7.728192e+01
2024	1	15	26	18
	307	190	76.750000	42.500000	1.074797e-04	5.770238e+04	4.055830e+04	4.939735e+00	1.475255e+04	1.475861e+04	1.439259e+04	8.013235e+01	6.938144e+01
	1318	191	329.500000	42.250000	4.729158e-04	9.982138e+04	1.514054e+00	1.735021e+01	1.350880e+04	1.354012e+04	1.308696e+04	8.598037e+01	8.100771e+01
	1348	197	337.000000	40.750000	3.886349e-04	9.991438e+04	2.216175e+00	1.086727e+01	1.347502e+04	1.349092e+04	1.330021e+04	7.977763e+01	7.907151e+01
	828	202	207.000000	39.500000	3.256924e-04	9.777238e+04	2.157191e+00	1.700176e+01	1.197114e+04	1.203920e+04	1.122021e+04	8.275744e+01	7.956794e+01
	721	213	180.250000	36.750000	6.011850e-04	9.803838e+04	1.432735e+00	2.481720e+01	1.277595e+04	1.285943e+04	1.166009e+04	8.723329e+01	8.247397e+01
	1086	224	271.500000	34.000000	9.627407e-05	9.601938e+04	2.805209e+03	5.034860e+00	1.439642e+04	1.440427e+04	1.430721e+04	8.316032e+01	7.175953e+01
	433	313	108.250000	11.750000	1.452691e-04	8.753738e+04	1.446354e+04	1.409931e+01	1.487583e+04	1.487664e+04	1.483734e+04	7.838993e+01	7.392577e+01
	710	327	177.500000	8.250000	4.840549e-06	1.005924e+05	1.312910e+00	9.227677e+00	1.446762e+04	1.446968e+04	1.444734e+04	9.164581e+01	8.684018e+01
	740	327	185.000000	8.250000	6.331271e-05	1.006434e+05	7.101202e-01	1.012501e+01	1.449734e+04	1.449857e+04	1.445221e+04	8.032631e+01	7.865601e+01
	219	334	54.750000	6.500000	1.208908e-04	1.012634e+05	1.855464e+00	1.037987e+01	1.505073e+04	1.505488e+04	1.500071e+04	8.417737e+01	7.835328e+01
	826	336	206.500000	6.000000	3.078706e-04	1.007024e+05	1.171976e+00	1.192317e+01	1.459380e+04	1.459820e+04	1.451871e+04	9.296304e+01	8.531345e+01
	461	342	115.250000	4.500000	1.917011e-04	8.671838e+04	1.352554e+04	1.129181e+01	1.466136e+04	1.466408e+04	1.459959e+04	9.007541e+01	8.605822e+01
	600	345	150.000000	3.750000	2.158945e-05	1.004584e+05	1.774531e+00	8.882565e+00	1.437343e+04	1.437533e+04	1.435109e+04	8.241134e+01	8.112412e+01
	1271	348	317.750000	3.000000	6.211456e-06	1.012104e+05	1.513235e+00	7.434496e+00	1.495385e+04	1.495529e+04	1.493809e+04	8.190639e+01	8.279115e+01
	1271	349	317.750000	2.750000	6.211456e-06	1.012044e+05	1.513235e+00	7.564738e+00	1.495314e+04	1.495458e+04	1.493809e+04	8.084866e+01	8.233826e+01
	1207	351	301.750000	2.250000	7.135933e-05	9.328338e+04	5.031323e+03	5.887140e+00	1.492638e+04	1.492775e+04	1.485109e+04	8.867448e+01	8.453312e+01
	1429	351	357.250000	2.250000	1.437729e-05	1.006554e+05	1.855562e+00	5.807853e+00	1.498820e+04	1.498960e+04	1.497521e+04	7.587682e+01	7.548079e+01
	1431	351	357.750000	2.250000	1.640385e-05	1.006554e+05	1.855562e+00	5.807853e+00	1.498882e+04	1.498993e+04	1.497521e+04	7.557818e+01	7.546634e+01
	1431	352	357.750000	2.000000	1.699990e-05	1.008634e+05	1.855562e+00	5.807853e+00	1.498656e+04	1.498753e+04	1.497521e+04	7.587638e+01	7.596246e+01
	961	354	240.250000	1.500000	6.211456e-06	1.009344e+05	1.613883e+00	9.524256e+00	1.468434e+04	1.468594e+04	1.465259e+04	8.741796e+01	8.280840e+01
	1086	354	271.500000	1.500000	1.699990e-05	1.000074e+05	9.791121e+00	6.152846e+00	1.475065e+04	1.475171e+04	1.473246e+04	8.266870e+01	8.275501e+01
	1175	356	293.750000	1.000000	6.945198e-05	8.940738e+04	8.238647e+03	3.691851e+00	1.489463e+04	1.489701e+04	1.485309e+04	7.935281e+01	7.743163e+01
	441	357	110.250000	0.750000	1.675612e-04	9.457438e+04	6.177788e+03	7.325477e+00	1.466148e+04	1.466308e+04	1.462159e+04	8.580405e+01	8.573213e+01
	1231	358	307.750000	0.500000	5.687540e-05	9.587338e+04	4.012635e+03	8.079282e+00	1.492082e+04	1.492260e+04	1.482796e+04	8.792536e+01	8.563787e+01
	374	360	93.500000	0.000000	5.770987e-05	1.009834e+05	2.839612e+00	5.192532e+00	1.480248e+04	1.480253e+04	1.479259e+04	7.798267e+01	7.856604e+01
	651	360	162.750000	0.000000	5.931919e-05	1.004954e+05	1.252460e+00	7.544487e+00	1.437286e+04	1.437361e+04	1.435446e+04	9.000197e+01	8.868938e+01
2024	1	16	21	0
	95	187	23.750000	43.250000	1.537905e-04	8.334305e+04	1.600965e+04	6.019881e+00	1.322822e+04	1.324006e+04	1.308248e+04	8.281022e+01	8.309640e+01
	1351	191	337.750000	42.250000	3.497705e-04	9.956205e+04	2.216175e+00	1.058564e+01	1.322613e+04	1.325376e+04	1.300235e+04	8.369875e+01	8.301385e+01
	829	196	207.250000	41.000000	2.572343e-04	9.802205e+04	2.958807e+00	1.512049e+01	1.197993e+04	1.203348e+04	1.145710e+04	7.937939e+01	7.490089e+01
	1320	196	330.000000	41.000000	3.861294e-04	9.942605e+04	7.023961e+02	1.687587e+01	1.344080e+04	1.347006e+04	1.299410e+04	8.222729e+01	7.895163e+01
	878	204	219.500000	39.000000	5.487308e-04	9.967605e+04	2.559859e+00	1.428364e+01	1.330924e+04	1.332808e+04	1.309848e+04	8.011809e+01	7.889744e+01
	721	218	180.250000	35.500000	5.255744e-04	9.857605e+04	1.432735e+00	2.462376e+01	1.297792e+04	1.304922e+04	1.211523e+04	8.768459e+01	8.109535e+01
	408	238	102.000000	30.500000	3.732299e-05	5.684805e+04	4.527846e+04	3.422994e+00	1.477358e+04	1.479201e+04	1.442723e+04	8.040891e+01	8.415395e+01
	815	335	203.750000	6.250000	3.815398e-04	1.003610e+05	1.011581e+00	1.218360e+01	1.430158e+04	1.430332e+04	1.422410e+04	9.121235e+01	8.272253e+01
	563	339	140.750000	5.250000	2.930616e-05	1.008250e+05	1.774505e+00	1.041468e+01	1.469501e+04	1.469806e+04	1.466198e+04	8.439430e+01	7.701419e+01
	453	345	113.250000	3.750000	1.079247e-04	8.683605e+04	9.578227e+03	9.406296e+00	1.473606e+04	1.473876e+04	1.467335e+04	8.462933e+01	8.499643e+01
	877	348	219.250000	3.000000	2.134894e-05	1.004620e+05	1.152064e+00	1.009906e+01	1.430587e+04	1.430582e+04	1.428410e+04	7.741272e+01	7.755231e+01
	1070	352	267.500000	2.000000	1.234864e-05	9.850705e+04	2.075416e+01	6.544009e+00	1.457331e+04	1.457400e+04	1.455898e+04	8.070984e+01	7.907844e+01
	383	353	95.750000	1.750000	1.580571e-05	8.249505e+04	1.055250e+03	4.830048e+00	1.469674e+04	1.469922e+04	1.466523e+04	8.356705e+01	8.207220e+01
	383	354	95.750000	1.500000	1.085852e-05	8.249505e+04	1.055250e+03	4.830048e+00	1.469467e+04	1.469711e+04	1.466523e+04	8.343172e+01	8.213172e+01
	984	358	246.000000	0.500000	2.829288e-05	1.006080e+05	9.715036e-01	8.008808e+00	1.440267e+04	1.440427e+04	1.439798e+04	8.576425e+01	8.110426e+01
	1029	358	257.250000	0.500000	2.704118e-05	1.006420e+05	9.703523e-01	7.819505e+00	1.447136e+04	1.447340e+04	1.445285e+04	8.255308e+01	8.430949e+01
	1362	358	340.500000	0.500000	7.008202e-08	1.015100e+05	1.072042e+00	5.682604e+00	1.516189e+04	1.516255e+04	1.515173e+04	8.273572e+01	8.096977e+01
	532	359	133.000000	0.250000	6.801938e-05	8.265905e+04	1.706906e+04	6.322036e+00	1.466356e+04	1.466760e+04	1.463198e+04	7.602921e+01	7.579237e+01
	1362	359	340.500000	0.250000	3.383029e-07	1.015100e+05	1.072042e+00	5.794015e+00	1.516105e+04	1.516170e+04	1.515173e+04	8.267170e+01	8.120037e+01
	351	360	87.750000	0.000000	4.301523e-05	1.008290e+05	1.594068e+00	7.170079e+00	1.467464e+04	1.467642e+04	1.466210e+04	7.973412e+01	7.901764e+01
	352	360	88.000000	0.000000	4.837965e-05	1.008290e+05	1.594068e+00	7.166073e+00	1.467340e+04	1.467531e+04	1.466210e+04	7.983845e+01	7.939452e+01
2024	1	16	22	6
	874	188	218.500000	43.000000	2.731474e-04	9.979809e+04	3.203531e+00	1.322671e+01	1.335758e+04	1.337517e+04	1.319961e+04	8.640841e+01	8.469285e+01
	1355	188	338.750000	43.000000	3.239901e-04	9.901009e+04	1.853760e+00	1.178775e+01	1.281728e+04	1.285301e+04	1.250661e+04	8.617222e+01	8.611331e+01
	824	190	206.000000	42.500000	2.222152e-04	9.830909e+04	2.958807e+00	1.439507e+01	1.208165e+04	1.213123e+04	1.167461e+04	8.178693e+01	7.671895e+01
	797	195	199.250000	41.250000	1.839192e-04	9.842509e+04	1.653934e+00	1.248151e+01	1.198703e+04	1.202343e+04	1.171748e+04	8.488203e+01	7.945011e+01
	1326	203	331.500000	39.250000	3.594847e-04	9.855709e+04	1.868094e+03	1.755814e+01	1.329743e+04	1.332358e+04	1.289398e+04	7.793870e+01	7.637369e+01
	723	226	180.750000	33.500000	4.617365e-04	9.915509e+04	1.232344e+00	2.211241e+01	1.328851e+04	1.333954e+04	1.259023e+04	8.646246e+01	7.663462e+01
	761	230	190.250000	32.500000	4.990788e-04	9.938409e+04	1.151703e+00	1.552328e+01	1.287449e+04	1.288998e+04	1.267411e+04	8.134010e+01	7.335410e+01
	788	234	197.000000	31.500000	5.564780e-04	9.897909e+04	1.513344e+00	1.694037e+01	1.277431e+04	1.280233e+04	1.249373e+04	8.269509e+01	8.119852e+01
	940	330	235.000000	7.500000	3.787370e-04	1.008721e+05	1.312772e+00	1.296962e+01	1.470349e+04	1.470586e+04	1.462398e+04	9.490170e+01	9.101732e+01
	805	333	201.250000	6.750000	3.805251e-04	1.006391e+05	9.713106e-01	1.199806e+01	1.454439e+04	1.454404e+04	1.448336e+04	8.653887e+01	7.873774e+01
	997	338	249.250000	5.500000	5.931570e-05	1.009301e+05	1.011500e+00	7.303021e+00	1.471465e+04	1.471579e+04	1.469248e+04	9.289794e+01	8.666183e+01
	1137	341	284.250000	4.750000	2.577098e-04	6.728309e+04	3.464610e+04	4.440578e+00	1.468541e+04	1.468991e+04	1.438348e+04	7.644170e+01	7.450185e+01
	566	345	141.500000	3.750000	1.262219e-04	1.004981e+05	1.573918e+00	9.020229e+00	1.442478e+04	1.442673e+04	1.436936e+04	9.037212e+01	8.465785e+01
	638	346	159.500000	3.500000	3.049686e-05	1.003911e+05	1.473517e+00	1.027001e+01	1.432189e+04	1.432467e+04	1.428111e+04	8.525156e+01	7.986002e+01
	441	352	110.250000	2.000000	2.051385e-04	9.495809e+04	6.177788e+03	9.308539e+00	1.467846e+04	1.468115e+04	1.461536e+04	8.786721e+01	8.491631e+01
	1086	354	271.500000	1.500000	1.866533e-05	9.984809e+04	9.791121e+00	5.292726e+00	1.459701e+04	1.459975e+04	1.457148e+04	8.411286e+01	7.911962e+01
	1350	354	337.500000	1.500000	1.878943e-07	1.013321e+05	1.152477e+00	4.822603e+00	1.501370e+04	1.501396e+04	1.500511e+04	8.371383e+01	8.187204e+01
	984	356	246.000000	1.000000	-2.613524e-06	1.009091e+05	9.715036e-01	8.108855e+00	1.467387e+04	1.467576e+04	1.465311e+04	8.978163e+01	8.704039e+01
	398	359	99.500000	0.250000	1.001449e-04	8.689309e+04	1.304338e+04	4.846211e+00	1.473928e+04	1.473948e+04	1.471111e+04	8.466096e+01	8.379793e+01
	702	360	175.500000	0.000000	7.906696e-06	1.004271e+05	2.638664e+00	6.204259e+00	1.436780e+04	1.436931e+04	1.434811e+04	8.158643e+01	7.761523e+01
	1235	360	308.750000	0.000000	2.012565e-05	9.591209e+04	3.782592e+03	7.144009e+00	1.483862e+04	1.484120e+04	1.481723e+04	8.853751e+01	8.570358e+01
	1435	360	358.750000	0.000000	2.060249e-05	1.013401e+05	1.855562e+00	5.447570e+00	1.502926e+04	1.502963e+04	1.501936e+04	8.609161e+01	7.918649e+01
2024	1	16	20	12
	876	182	219.000000	44.500000	2.371264e-04	1.001085e+05	3.203531e+00	1.287654e+01	1.347778e+04	1.349368e+04	1.332007e+04	8.756441e+01	8.250817e+01
	1361	187	340.250000	43.250000	2.245200e-04	9.877945e+04	2.337615e+00	1.183336e+01	1.261488e+04	1.265666e+04	1.228920e+04	8.804591e+01	8.728131e+01
	793	196	198.250000	41.000000	1.531434e-04	9.834045e+04	1.512707e+00	1.175534e+01	1.184822e+04	1.188240e+04	1.161132e+04	8.773895e+01	8.030445e+01
	1338	209	334.500000	37.750000	2.992344e-04	9.851645e+04	1.472268e+03	1.716616e+01	1.345000e+04	1.347034e+04	1.312820e+04	7.930509e+01	7.787328e+01
	622	220	155.500000	35.000000	1.088274e-04	1.001365e+05	1.553466e+00	1.499397e+01	1.326561e+04	1.328432e+04	1.310857e+04	7.768796e+01	7.210905e+01
	808	228	202.000000	33.000000	4.834724e-04	9.857145e+04	1.453641e+00	1.995746e+01	1.253294e+04	1.256602e+04	1.213832e+04	8.407460e+01	8.143579e+01
	729	235	182.250000	31.250000	3.286791e-04	9.977845e+04	1.252679e+00	1.973886e+01	1.352598e+04	1.355215e+04	1.313145e+04	8.312249e+01	7.369514e+01
	495	328	123.750000	8.000000	2.697301e-04	8.795445e+04	1.381545e+04	1.168230e+01	1.489662e+04	1.489940e+04	1.482320e+04	8.179581e+01	7.587251e+01
	997	335	249.250000	6.250000	3.342750e-05	1.007165e+05	1.011500e+00	7.932506e+00	1.452659e+04	1.452804e+04	1.448907e+04	9.162674e+01	8.382304e+01
	1137	341	284.250000	4.750000	3.420305e-04	6.731645e+04	3.464610e+04	6.802107e+00	1.475421e+04	1.475716e+04	1.448095e+04	7.673521e+01	7.563329e+01
	384	342	96.000000	4.500000	1.435769e-04	8.248645e+04	2.103244e+04	8.934463e+00	1.471417e+04	1.471687e+04	1.466082e+04	7.825011e+01	7.887673e+01
	831	342	207.750000	4.500000	3.494741e-05	1.005295e+05	1.212252e+00	1.031099e+01	1.439983e+04	1.440210e+04	1.437820e+04	7.788120e+01	6.538277e+01
	1280	346	320.000000	3.500000	3.974559e-05	1.013975e+05	1.393162e+00	9.699993e+00	1.509642e+04	1.509792e+04	1.506645e+04	8.491547e+01	7.861297e+01
	1312	348	328.000000	3.000000	3.923196e-06	1.014185e+05	8.707059e-01	6.371060e+00	1.510619e+04	1.510729e+04	1.508457e+04	8.161510e+01	7.903008e+01
	442	355	110.500000	1.250000	1.609516e-04	9.278645e+04	6.177788e+03	8.781315e+00	1.473362e+04	1.473635e+04	1.467945e+04	8.721290e+01	8.478277e+01
	1022	357	255.500000	0.750000	2.237083e-05	1.007045e+05	9.308511e-01	7.149981e+00	1.449384e+04	1.449575e+04	1.447495e+04	8.286134e+01	8.688980e+01
	1367	358	341.750000	0.500000	3.505964e-06	1.014525e+05	1.072042e+00	5.151999e+00	1.510981e+04	1.510989e+04	1.510420e+04	7.970389e+01	8.152897e+01
	1167	359	291.750000	0.250000	4.293444e-05	9.369545e+04	2.110203e+03	2.966985e+00	1.489675e+04	1.489961e+04	1.484957e+04	8.234350e+01	7.888612e+01
	583	360	145.750000	0.000000	4.955055e-05	1.000985e+05	5.371206e+00	6.722069e+00	1.466140e+04	1.466115e+04	1.464670e+04	8.616318e+01	8.505740e+01
	1165	360	291.250000	0.000000	4.293444e-05	9.464545e+04	2.163010e+03	2.858714e+00	1.489554e+04	1.489843e+04	1.484957e+04	8.213913e+01	7.900934e+01
2024	1	16	26	18
	1140	180	285.000000	45.000000	8.782651e-05	9.271644e+04	7.031919e+03	9.408623e+00	1.311165e+04	1.312170e+04	1.305611e+04	9.744125e+01	9.604002e+01
	1360	182	340.000000	44.500000	3.846576e-04	9.839344e+04	1.896577e+00	1.445811e+01	1.235635e+04	1.240688e+04	1.196548e+04	9.011958e+01	8.931260e+01
	906	185	226.500000	43.750000	2.745977e-04	9.992844e+04	5.509129e+00	1.470161e+01	1.359922e+04	1.364114e+04	1.322248e+04	9.159300e+01	7.815481e+01
	307	190	76.750000	42.500000	1.093140e-04	5.749244e+04	4.055830e+04	4.861501e+00	1.472187e+04	1.472731e+04	1.441323e+04	8.281569e+01	7.149712e+01
	786	198	196.500000	40.500000	1.575639e-04	9.829644e+04	1.493051e+00	1.105023e+01	1.182703e+04	1.185957e+04	1.157573e+04	8.491843e+01	8.081507e+01
	786	199	196.500000	40.250000	1.575639e-04	9.829644e+04	1.493051e+00	1.105023e+01	1.182904e+04	1.186239e+04	1.157573e+04	8.512878e+01	8.046957e+01
	1120	211	280.000000	37.250000	1.730910e-04	8.899344e+04	1.021991e+04	8.582144e+00	1.368336e+04	1.369506e+04	1.350273e+04	8.746202e+01	7.976781e+01
	823	216	205.750000	36.000000	7.511070e-04	9.836544e+04	1.512815e+00	2.008767e+01	1.252012e+04	1.256406e+04	1.198773e+04	8.952777e+01	8.292973e+01
	634	226	158.500000	33.500000	6.463816e-04	9.932744e+04	1.393576e+00	2.148755e+01	1.304045e+04	1.308135e+04	1.261411e+04	8.470334e+01	7.430070e+01
	1133	232	283.250000	32.000000	6.970158e-04	1.005164e+05	2.498154e+00	1.758661e+01	1.441380e+04	1.440983e+04	1.422473e+04	8.510298e+01	8.014475e+01
	694	331	173.500000	7.250000	1.352932e-05	1.006114e+05	1.011437e+00	8.955148e+00	1.448352e+04	1.448517e+04	1.445686e+04	8.042303e+01	7.790910e+01
	498	336	124.500000	6.000000	9.399559e-05	8.782144e+04	1.381545e+04	1.092525e+01	1.469265e+04	1.469493e+04	1.465711e+04	8.192976e+01	7.899006e+01
	405	343	101.250000	4.250000	1.769951e-04	8.851944e+04	1.057952e+04	9.613675e+00	1.479024e+04	1.479024e+04	1.471473e+04	8.627024e+01	8.553925e+01
	578	347	144.500000	3.250000	9.128358e-05	1.005024e+05	2.317262e+00	1.017239e+01	1.443911e+04	1.444498e+04	1.437511e+04	8.637876e+01	8.312449e+01
	983	347	245.750000	3.250000	1.305249e-05	1.008974e+05	7.502371e-01	8.229769e+00	1.469767e+04	1.470064e+04	1.467123e+04	9.619239e+01	9.174350e+01
	1411	347	352.750000	3.250000	1.653936e-05	9.842544e+04	1.652767e+03	5.889139e+00	1.500125e+04	1.500218e+04	1.499173e+04	7.785130e+01	7.582069e+01
	635	350	158.750000	2.500000	1.056781e-04	1.005024e+05	1.473517e+00	9.442888e+00	1.440416e+04	1.440508e+04	1.434461e+04	7.853867e+01	7.614903e+01
	1274	350	318.500000	2.500000	4.887488e-05	1.011654e+05	1.513235e+00	9.020018e+00	1.490716e+04	1.490769e+04	1.487698e+04	7.971629e+01	7.806895e+01
	1310	352	327.500000	2.000000	2.770685e-06	1.011734e+05	8.904456e-01	5.556202e+00	1.490695e+04	1.490831e+04	1.489261e+04	8.082635e+01	7.966858e+01
	1052	355	263.000000	1.250000	4.139449e-05	1.009594e+05	1.493493e+00	7.335496e+00	1.470534e+04	1.470646e+04	1.468948e+04	9.308356e+01	9.003799e+01
	442	356	110.500000	1.000000	2.114167e-04	9.310744e+04	6.177788e+03	9.953476e+00	1.470745e+04	1.470821e+04	1.466673e+04	8.683966e+01	8.532525e+01
	1179	356	294.750000	1.000000	1.092246e-04	8.930744e+04	1.013471e+04	4.582801e+00	1.476929e+04	1.477152e+04	1.473936e+04	8.080379e+01	8.063704e+01
	941	357	235.250000	0.750000	3.427174e-05	1.009614e+05	1.935542e+00	9.517513e+00	1.470319e+04	1.470445e+04	1.469198e+04	8.189893e+01	8.420763e+01
	1335	359	333.750000	0.250000	1.787208e-06	1.011804e+05	1.373240e+00	6.014821e+00	1.490234e+04	1.490416e+04	1.488386e+04	7.815718e+01	7.812485e+01
	391	360	97.750000	0.000000	8.737948e-05	8.691544e+04	8.000069e+03	7.804911e+00	1.475548e+04	1.475525e+04	1.473411e+04	8.787770e+01	8.653202e+01
	1335	360	333.750000	0.000000	3.307126e-06	1.011804e+05	1.373240e+00	6.077561e+00	1.490135e+04	1.490334e+04	1.488386e+04	7.781712e+01	7.755556e+01
2024	1	17	24	0
	1161	183	290.250000	44.250000	3.009760e-04	9.229056e+04	7.065133e+03	1.406928e+01	1.297203e+04	1.301218e+04	1.258827e+04	9.467264e+01	9.341563e+01
	918	184	229.500000	44.000000	3.788196e-04	9.958356e+04	6.755184e+00	1.670729e+01	1.337541e+04	1.342672e+04	1.289802e+04	8.875413e+01	7.513244e+01
	781	200	195.250000	40.000000	1.442754e-04	9.828656e+04	1.775948e+00	9.657880e+00	1.179387e+04	1.182686e+04	1.158015e+04	8.583927e+01	8.433349e+01
	826	204	206.500000	39.000000	9.904229e-04	9.766856e+04	1.715270e+00	1.700922e+01	1.233812e+04	1.239537e+04	1.136865e+04	8.587261e+01	8.142162e+01
	648	224	162.000000	34.000000	5.489909e-04	9.865956e+04	1.895207e+00	2.328411e+01	1.278019e+04	1.284151e+04	1.210577e+04	8.501751e+01	7.994135e+01
	1150	224	287.500000	34.000000	6.067478e-04	1.006466e+05	2.136769e+00	1.895507e+01	1.432419e+04	1.432317e+04	1.418152e+04	8.573072e+01	8.497263e+01
	354	243	88.500000	29.250000	3.466243e-05	5.011656e+04	5.696430e+04	3.832099e+00	1.452083e+04	1.453812e+04	1.413977e+04	8.288776e+01	7.947105e+01
	408	248	102.000000	28.000000	2.625817e-05	5.672456e+04	4.439527e+04	5.900154e+00	1.481583e+04	1.481865e+04	1.455677e+04	8.577294e+01	8.990508e+01
	504	331	126.000000	7.250000	1.861774e-04	8.793856e+04	1.381545e+04	1.304500e+01	1.484247e+04	1.484143e+04	1.478340e+04	8.340465e+01	8.032452e+01
	794	333	198.500000	6.750000	1.842105e-04	1.005636e+05	9.712045e-01	9.429492e+00	1.444449e+04	1.444442e+04	1.441190e+04	8.400214e+01	7.053633e+01
	376	341	94.000000	4.750000	1.201355e-04	8.570756e+04	9.615041e+03	8.207109e+00	1.470710e+04	1.470890e+04	1.466177e+04	8.102652e+01	8.060384e+01
	941	349	235.250000	2.750000	1.183385e-05	1.006026e+05	1.433130e+00	7.948777e+00	1.442557e+04	1.442616e+04	1.440502e+04	8.808050e+01	8.682845e+01
	942	349	235.500000	2.750000	1.183385e-05	1.006026e+05	1.935542e+00	7.835299e+00	1.442597e+04	1.442665e+04	1.440502e+04	8.815527e+01	8.695015e+01
	940	350	235.000000	2.500000	1.165504e-05	1.006026e+05	1.433130e+00	8.068346e+00	1.442198e+04	1.442258e+04	1.440502e+04	8.719275e+01	8.589420e+01
	426	354	106.500000	1.500000	5.129213e-05	9.983256e+04	3.512205e+02	1.051108e+01	1.471871e+04	1.472268e+04	1.468027e+04	8.087940e+01	8.318329e+01
	1391	354	347.750000	1.500000	7.303897e-06	1.014626e+05	1.132180e+00	4.833990e+00	1.512444e+04	1.512461e+04	1.511552e+04	8.502140e+01	8.284007e+01
	655	357	163.750000	0.750000	2.572173e-05	1.006436e+05	1.172084e+00	8.287226e+00	1.453534e+04	1.453830e+04	1.450315e+04	9.350244e+01	8.725694e+01
	539	358	134.750000	0.500000	4.723901e-05	8.271756e+04	1.612800e+04	8.146994e+00	1.468808e+04	1.469016e+04	1.466702e+04	8.624269e+01	8.322910e+01
	1011	358	252.750000	0.500000	1.475448e-05	1.006996e+05	1.071313e+00	7.804488e+00	1.449731e+04	1.449809e+04	1.448115e+04	8.067991e+01	8.437665e+01
	1353	358	338.250000	0.500000	1.045410e-06	1.014636e+05	1.152477e+00	6.055737e+00	1.512749e+04	1.512823e+04	1.511527e+04	8.384409e+01	8.351981e+01
	679	359	169.750000	0.250000	1.797313e-05	1.005746e+05	2.176599e+00	6.565336e+00	1.449713e+04	1.449871e+04	1.448402e+04	7.781541e+01	7.972893e+01
	1011	359	252.750000	0.250000	1.636380e-05	1.006996e+05	1.031206e+00	7.873879e+00	1.449605e+04	1.449695e+04	1.448115e+04	7.996842e+01	8.394836e+01
	1081	360	270.250000	0.000000	2.506608e-05	9.851756e+04	2.968146e+03	5.946590e+00	1.456253e+04	1.456487e+04	1.455065e+04	8.801979e+01	8.665428e+01
	1172	360	293.000000	0.000000	5.397433e-05	9.356456e+04	8.238647e+03	3.344991e+00	1.481026e+04	1.481331e+04	1.477515e+04	7.855235e+01	7.782808e+01
2024	1	17	25	6
	1371	180	342.750000	45.000000	3.068577e-04	9.814077e+04	2.239162e+00	1.687946e+01	1.218039e+04	1.223657e+04	1.170605e+04	9.435344e+01	9.157803e+01
	1372	180	343.000000	45.000000	2.825987e-04	9.814077e+04	2.239162e+00	1.687946e+01	1.216201e+04	1.221906e+04	1.170605e+04	9.441891e+01	9.158121e+01
	931	182	232.750000	44.500000	3.933441e-04	9.395877e+04	4.530775e+01	1.658457e+01	1.333380e+04	1.338055e+04	1.288580e+04	9.129430e+01	8.504716e+01
	1422	187	355.500000	43.250000	3.861915e-04	8.410377e+04	1.451774e+04	1.497572e+01	1.283775e+04	1.283404e+04	1.270505e+04	8.719870e+01	8.485410e+01
	828	196	207.000000	41.000000	5.675685e-04	9.789977e+04	2.958807e+00	1.845519e+01	1.244417e+04	1.250823e+04	1.148805e+04	8.900142e+01	8.338651e+01
	779	203	194.750000	39.250000	1.266133e-04	9.856977e+04	2.356878e+00	1.039993e+01	1.200758e+04	1.203627e+04	1.182505e+04	8.470400e+01	8.396282e+01
	657	219	164.250000	35.250000	9.871256e-04	9.759877e+04	1.594333e+00	2.767042e+01	1.213281e+04	1.222449e+04	1.123705e+04	8.070366e+01	7.466042e+01
	850	223	212.500000	34.250000	4.424583e-04	9.948177e+04	1.754868e+00	1.675304e+01	1.348303e+04	1.349187e+04	1.331568e+04	8.025961e+01	7.556389e+01
	433	322	108.250000	9.500000	8.596107e-06	8.745777e+04	7.174810e+03	1.236609e+01	1.478163e+04	1.478173e+04	1.474918e+04	7.679703e+01	7.725208e+01
	1104	323	276.000000	9.250000	1.592170e-04	8.222677e+04	2.245480e+04	1.078982e+01	1.479492e+04	1.479852e+04	1.471480e+04	7.664771e+01	7.578849e+01
	498	337	124.500000	5.750000	1.480114e-04	8.772177e+04	1.053566e+04	1.198663e+01	1.460997e+04	1.461105e+04	1.457918e+04	8.448641e+01	8.273543e+01
	870	338	217.500000	5.500000	1.517069e-04	1.007628e+05	1.111859e+00	1.206406e+01	1.462427e+04	1.462765e+04	1.457768e+04	9.223940e+01	8.353209e+01
	353	342	88.250000	4.500000	1.998059e-05	1.010418e+05	1.975576e+00	5.358083e+00	1.483504e+04	1.483619e+04	1.481130e+04	7.817470e+01	7.613830e+01
	353	343	88.250000	4.250000	1.956336e-05	1.010418e+05	1.975576e+00	5.287035e+00	1.483354e+04	1.483462e+04	1.481130e+04	7.806023e+01	7.575961e+01
	1379	348	344.750000	3.000000	1.360290e-05	1.013298e+05	1.272547e+00	4.124041e+00	1.503932e+04	1.504110e+04	1.501818e+04	7.667236e+01	7.699850e+01
	637	351	159.250000	2.250000	4.644506e-05	1.004218e+05	1.473517e+00	8.109465e+00	1.432409e+04	1.432652e+04	1.428968e+04	7.692413e+01	7.882973e+01
	443	353	110.750000	1.750000	1.329910e-04	9.252277e+04	6.177788e+03	9.688224e+00	1.457803e+04	1.458552e+04	1.450193e+04	8.119698e+01	8.057546e+01
	1334	353	333.500000	1.750000	3.231689e-06	1.012978e+05	1.212281e+00	5.765799e+00	1.498731e+04	1.498795e+04	1.497655e+04	8.436726e+01	8.457625e+01
	584	355	146.000000	1.250000	3.166925e-04	1.004278e+05	2.357404e+00	8.981220e+00	1.436766e+04	1.436862e+04	1.432905e+04	8.306541e+01	7.813953e+01
	686	356	171.500000	1.000000	1.503341e-05	1.003948e+05	1.312749e+00	7.180950e+00	1.433415e+04	1.433505e+04	1.432130e+04	8.082737e+01	7.836768e+01
	411	357	102.750000	0.750000	3.833883e-05	8.737577e+04	2.996215e+03	8.961841e+00	1.471135e+04	1.471244e+04	1.466455e+04	8.734812e+01	8.717588e+01
	970	357	242.500000	0.750000	1.580827e-05	1.009058e+05	1.011285e+00	8.365385e+00	1.469094e+04	1.469274e+04	1.466505e+04	9.097015e+01	8.619994e+01
	550	359	137.500000	0.250000	4.817359e-05	9.602377e+04	1.055851e+03	8.141323e+00	1.437214e+04	1.437656e+04	1.434080e+04	8.908913e+01	8.662820e+01
	1095	359	273.750000	0.250000	2.814643e-05	1.009058e+05	2.516047e+00	4.559101e+00	1.469677e+04	1.469848e+04	1.467443e+04	8.841882e+01	8.442406e+01
	1191	359	297.750000	0.250000	3.327243e-05	9.126677e+04	6.152961e+03	3.951346e+00	1.482906e+04	1.483026e+04	1.480030e+04	8.484188e+01	8.307452e+01
2024	1	17	22	12
	1004	184	251.000000	44.000000	1.421082e-04	6.909381e+04	3.163678e+04	1.201509e+01	1.366707e+04	1.366518e+04	1.332221e+04	7.561810e+01	7.882150e+01
	13	187	3.250000	43.250000	3.742087e-04	7.653081e+04	1.900968e+04	1.541817e+01	1.318361e+04	1.318852e+04	1.294171e+04	7.552709e+01	7.588848e+01
	823	189	205.750000	42.750000	4.643905e-04	9.811781e+04	2.958807e+00	1.790466e+01	1.241345e+04	1.247634e+04	1.163371e+04	8.829279e+01	8.103364e+01
	1191	202	297.750000	39.500000	9.420621e-04	9.960881e+04	1.213233e+00	2.580531e+01	1.352186e+04	1.354030e+04	1.327834e+04	9.004527e+01	8.443504e+01
	796	213	199.000000	36.750000	1.998651e-04	9.875081e+04	1.875114e+00	1.384444e+01	1.224178e+04	1.226421e+04	1.201796e+04	8.076182e+01	7.803537e+01
	671	217	167.750000	35.750000	3.944742e-04	9.689981e+04	1.614352e+00	2.644185e+01	1.175869e+04	1.186910e+04	1.064946e+04	8.278350e+01	7.871704e+01
	694	227	173.500000	33.250000	6.969082e-04	9.831081e+04	1.914963e+00	1.932570e+01	1.274050e+04	1.273997e+04	1.253796e+04	7.832382e+01	7.342613e+01
	860	232	215.000000	32.000000	6.646025e-04	9.956281e+04	1.694936e+00	2.025105e+01	1.380238e+04	1.380771e+04	1.362009e+04	8.448733e+01	7.962391e+01
	680	330	170.000000	7.500000	1.413701e-05	1.005578e+05	1.352929e+00	7.938143e+00	1.445254e+04	1.445428e+04	1.441709e+04	8.362753e+01	7.593056e+01
	504	331	126.000000	7.250000	1.430023e-04	8.792181e+04	1.381545e+04	1.127895e+01	1.481039e+04	1.481053e+04	1.476171e+04	9.182595e+01	8.748572e+01
	867	340	216.750000	5.000000	4.650233e-05	1.005298e+05	1.152015e+00	1.248594e+01	1.440370e+04	1.440741e+04	1.433334e+04	9.247283e+01	8.235813e+01
	405	343	101.250000	4.250000	1.670825e-04	8.851181e+04	1.057952e+04	8.476421e+00	1.477850e+04	1.477665e+04	1.472171e+04	8.862228e+01	8.394774e+01
	911	351	227.750000	2.250000	4.036305e-05	1.005488e+05	9.109956e-01	8.574791e+00	1.438717e+04	1.439041e+04	1.434921e+04	9.259492e+01	8.709001e+01
	652	354	163.000000	1.500000	4.465459e-05	1.005808e+05	1.252460e+00	8.404592e+00	1.447691e+04	1.447961e+04	1.445096e+04	8.900548e+01	8.683215e+01
	1295	356	323.750000	1.000000	1.073955e-05	1.013728e+05	1.393056e+00	7.604377e+00	1.507917e+04	1.508155e+04	1.505771e+04	7.644902e+01	7.791942e+01
	433	357	108.250000	0.750000	1.135576e-04	9.497181e+04	6.177788e+03	8.951583e+00	1.467721e+04	1.468368e+04	1.461796e+04	8.574245e+01	8.455970e+01
	934	358	233.500000	0.500000	3.683381e-07	1.006208e+05	1.433130e+00	9.747079e+00	1.441725e+04	1.442158e+04	1.438084e+04	8.321219e+01	8.214828e+01
	512	359	128.000000	0.250000	9.263633e-05	9.622981e+04	5.461909e+03	8.215348e+00	1.468601e+04	1.468704e+04	1.468084e+04	8.013486e+01	7.764310e+01
	984	359	246.000000	0.250000	7.580500e-06	1.006978e+05	9.715036e-01	8.879993e+00	1.449899e+04	1.450258e+04	1.446884e+04	8.515543e+01	8.896474e+01
	1043	359	260.750000	0.250000	6.388407e-06	1.008358e+05	1.453045e+00	7.395651e+00	1.460561e+04	1.460651e+04	1.459621e+04	9.014840e+01	9.001585e+01
	1224	360	306.000000	0.000000	2.683280e-05	9.611481e+04	4.826799e+03	5.259586e+00	1.504548e+04	1.504958e+04	1.500234e+04	8.045481e+01	8.312753e+01
	1344	360	336.000000	0.000000	6.448012e-06	1.014228e+05	1.212281e+00	6.922771e+00	1.509785e+04	1.509908e+04	1.508846e+04	7.594664e+01	7.711372e+01
2024	1	17	26	18
	810	186	202.500000	43.500000	4.489149e-04	9.814402e+04	2.419683e+00	1.961544e+01	1.234402e+04	1.241077e+04	1.160816e+04	8.962702e+01	8.543034e+01
	510	202	127.500000	39.500000	1.906182e-04	8.355902e+04	1.738335e+04	1.009513e+01	1.453771e+04	1.454839e+04	1.444154e+04	7.992257e+01	7.357027e+01
	802	210	200.500000	37.500000	1.964595e-04	9.882102e+04	1.210713e+00	1.257110e+01	1.229098e+04	1.230923e+04	1.209754e+04	8.204370e+01	8.019409e+01
	674	211	168.500000	37.250000	4.000987e-04	9.640702e+04	1.433399e+00	2.712850e+01	1.133392e+04	1.145822e+04	1.024666e+04	8.154974e+01	7.588517e+01
	475	216	118.750000	36.000000	4.413980e-05	9.762902e+04	4.326423e+03	1.038928e+01	1.480683e+04	1.481430e+04	1.475616e+04	7.835078e+01	7.729818e+01
	405	230	101.250000	32.500000	3.215927e-05	5.661502e+04	4.490238e+04	4.028271e+00	1.447171e+04	1.450006e+04	1.405154e+04	7.528467e+01	7.815244e+01
	466	335	116.500000	6.250000	1.692798e-04	8.676802e+04	1.275419e+04	1.063866e+01	1.470464e+04	1.470644e+04	1.463929e+04	8.182449e+01	7.884069e+01
	825	337	206.250000	5.750000	1.219171e-05	1.008340e+05	1.171976e+00	9.251121e+00	1.465979e+04	1.466015e+04	1.463479e+04	8.599260e+01	8.181001e+01
	859	339	214.750000	5.250000	2.247351e-05	1.008630e+05	1.152015e+00	1.239681e+01	1.467284e+04	1.467537e+04	1.462066e+04	8.929234e+01	7.822194e+01
	367	343	91.750000	4.250000	8.002180e-05	1.010380e+05	1.895441e+00	7.465240e+00	1.488078e+04	1.488292e+04	1.484579e+04	7.709637e+01	7.709599e+01
	1291	347	322.750000	3.250000	6.476301e-05	1.011180e+05	1.594022e+00	9.421498e+00	1.488136e+04	1.488360e+04	1.482754e+04	8.793049e+01	7.866342e+01
	1294	348	323.500000	3.000000	6.476301e-05	1.011180e+05	1.594022e+00	9.168116e+00	1.487777e+04	1.488010e+04	1.482754e+04	8.831892e+01	7.961581e+01
	920	349	230.000000	2.750000	2.229470e-05	1.009280e+05	5.093026e-01	1.015084e+01	1.471382e+04	1.471565e+04	1.467891e+04	9.180764e+01	9.164180e+01
	440	350	110.000000	2.500000	2.637233e-04	9.499002e+04	6.177788e+03	1.005932e+01	1.468788e+04	1.469326e+04	1.458929e+04	8.708228e+01	8.376027e+01
	1228	350	307.000000	2.500000	5.036849e-05	9.606202e+04	4.348211e+03	7.758605e+00	1.491900e+04	1.492139e+04	1.487579e+04	8.355476e+01	8.296139e+01
	1054	355	263.500000	1.250000	1.206424e-04	1.010040e+05	1.413172e+00	6.853106e+00	1.477579e+04	1.477749e+04	1.474491e+04	9.290699e+01	8.829298e+01
	1321	355	330.250000	1.250000	7.774215e-07	1.011070e+05	6.896696e-01	6.427110e+00	1.486160e+04	1.486339e+04	1.483554e+04	8.390382e+01	8.553140e+01
	408	356	102.000000	1.000000	5.418318e-05	8.746302e+04	8.934910e+03	7.035158e+00	1.480618e+04	1.480631e+04	1.479066e+04	9.166520e+01	8.965668e+01
	523	356	130.750000	1.000000	7.114070e-05	8.753602e+04	2.235076e+03	7.765030e+00	1.449865e+04	1.450041e+04	1.445091e+04	8.489859e+01	8.178162e+01
	1320	356	330.000000	1.000000	-3.848691e-07	1.011070e+05	6.896696e-01	6.643019e+00	1.486161e+04	1.486341e+04	1.483554e+04	8.339985e+01	8.524258e+01
	523	357	130.750000	0.750000	8.738297e-05	8.753602e+04	5.019812e+03	7.765030e+00	1.449806e+04	1.449966e+04	1.445091e+04	8.574547e+01	8.190123e+01
	1174	357	293.500000	0.750000	1.052346e-04	9.133702e+04	8.238647e+03	4.621088e+00	1.485614e+04	1.485863e+04	1.482429e+04	8.448758e+01	8.171652e+01
	659	358	164.750000	0.500000	1.999992e-05	1.004740e+05	1.111828e+00	6.998600e+00	1.437142e+04	1.437228e+04	1.436504e+04	8.872216e+01	8.709582e+01
	964	359	241.000000	0.250000	2.980488e-05	1.010210e+05	1.613883e+00	9.548221e+00	1.476409e+04	1.476504e+04	1.473304e+04	8.755502e+01	8.717233e+01
	1093	359	273.250000	0.250000	6.127614e-05	1.007760e+05	2.516047e+00	5.897346e+00	1.475974e+04	1.476040e+04	1.474429e+04	9.546223e+01	9.120065e+01
	604	360	151.000000	0.000000	4.917639e-05	9.994602e+04	2.483135e+02	6.945108e+00	1.442969e+04	1.443079e+04	1.440704e+04	7.658724e+01	7.385700e+01
2024	1	18	25	0
	35	180	8.750000	45.000000	3.880071e-04	7.376205e+04	2.739524e+04	1.441196e+01	1.290960e+04	1.290845e+04	1.274481e+04	8.569375e+01	7.998782e+01
	1004	180	251.000000	45.000000	2.086568e-04	6.917705e+04	3.163678e+04	8.832877e+00	1.355622e+04	1.356208e+04	1.331931e+04	8.340823e+01	8.682903e+01
	1405	180	351.250000	45.000000	3.099251e-04	8.594105e+04	4.780209e+03	1.713553e+01	1.290393e+04	1.293753e+04	1.263881e+04	9.265621e+01	8.462875e+01
	967	182	241.750000	44.500000	3.478336e-04	7.380805e+04	2.130377e+04	1.314582e+01	1.356494e+04	1.357934e+04	1.351181e+04	8.823609e+01	8.666382e+01
	796	187	199.000000	43.250000	3.840732e-04	9.834205e+04	1.653934e+00	1.974246e+01	1.236936e+04	1.242936e+04	1.171256e+04	9.230182e+01	8.731650e+01
	859	193	214.750000	41.750000	4.883814e-04	9.851105e+04	2.880405e+00	1.587624e+01	1.247032e+04	1.251479e+04	1.208631e+04	8.572650e+01	8.108393e+01
	810	208	202.500000	38.000000	1.916396e-04	9.888905e+04	1.535010e+00	1.269862e+01	1.235148e+04	1.236901e+04	1.217506e+04	8.149744e+01	7.796957e+01
	671	209	167.750000	37.750000	3.547180e-04	9.637605e+04	1.433399e+00	2.663702e+01	1.129324e+04	1.141943e+04	1.023056e+04	8.441038e+01	7.596226e+01
	842	211	210.500000	37.250000	2.890038e-04	9.897205e+04	1.673337e+00	1.430386e+01	1.259854e+04	1.261261e+04	1.236081e+04	7.542448e+01	7.091515e+01
	486	222	121.500000	34.500000	9.904383e-05	9.920905e+04	1.139632e+03	1.055528e+01	1.489139e+04	1.489834e+04	1.484156e+04	9.166904e+01	8.056937e+01
	406	229	101.500000	32.750000	4.024385e-05	5.677005e+04	4.474136e+04	3.246187e+00	1.455791e+04	1.458383e+04	1.410969e+04	8.535250e+01	8.689886e+01
	355	243	88.750000	29.250000	3.484963e-05	5.016605e+04	5.696430e+04	2.678924e+00	1.478579e+04	1.479616e+04	1.439194e+04	8.512054e+01	8.319033e+01
	570	343	142.500000	4.250000	8.777855e-05	1.007680e+05	1.754831e+00	1.241978e+01	1.468708e+04	1.468969e+04	1.464356e+04	7.782751e+01	7.578975e+01
	388	346	97.000000	3.500000	8.953689e-05	8.254805e+04	2.103244e+04	8.459340e+00	1.478237e+04	1.478503e+04	1.473669e+04	8.094779e+01	8.036434e+01
	1021	348	255.250000	3.000000	1.520989e-05	1.007290e+05	1.372568e+00	7.867659e+00	1.455407e+04	1.455661e+04	1.452731e+04	8.871745e+01	9.048901e+01
	655	349	163.750000	2.750000	1.768349e-05	1.006410e+05	1.111851e+00	7.842118e+00	1.455808e+04	1.455890e+04	1.453794e+04	9.102975e+01	8.896614e+01
	542	351	135.500000	2.250000	2.614735e-05	1.005960e+05	3.241281e+00	1.045317e+01	1.470660e+04	1.470848e+04	1.466169e+04	9.168396e+01	8.614459e+01
	434	353	108.500000	1.750000	5.571353e-04	9.511805e+04	6.177788e+03	1.044322e+01	1.475252e+04	1.475684e+04	1.462144e+04	8.760092e+01	8.356792e+01
	1366	353	341.500000	1.750000	2.394896e-06	1.013070e+05	1.292343e+00	5.650878e+00	1.501831e+04	1.502007e+04	1.500094e+04	7.812908e+01	7.667960e+01
	900	354	225.000000	1.500000	1.431582e-05	1.005990e+05	1.232426e+00	9.457546e+00	1.442117e+04	1.442178e+04	1.440694e+04	8.350188e+01	8.602914e+01
	927	355	231.750000	1.250000	1.011370e-05	1.006120e+05	5.895541e-01	1.016383e+01	1.442812e+04	1.443102e+04	1.439256e+04	9.375175e+01	9.070870e+01
	1239	355	309.750000	1.250000	2.006767e-05	9.759505e+04	1.982706e+03	8.632937e+00	1.499334e+04	1.499514e+04	1.495544e+04	8.290746e+01	8.318563e+01
	961	358	240.250000	0.500000	7.491093e-06	1.006850e+05	1.613883e+00	9.293850e+00	1.448344e+04	1.448424e+04	1.446881e+04	8.904836e+01	8.539452e+01
	47	360	11.750000	0.000000	1.047133e-05	9.301005e+04	7.714550e+03	4.467625e+00	1.500071e+04	1.500135e+04	1.497394e+04	7.533913e+01	7.232976e+01
	1170	360	292.500000	0.000000	7.916568e-05	9.354405e+04	8.238647e+03	2.615448e+00	1.484947e+04	1.485108e+04	1.482106e+04	8.097143e+01	7.838655e+01
2024	1	18	28	6
	1333	181	333.250000	44.750000	2.280844e-04	1.009763e+05	2.097924e+00	1.216332e+01	1.398104e+04	1.398763e+04	1.388662e+04	7.570389e+01	7.726110e+01
	1012	182	253.000000	44.500000	2.558900e-04	6.917530e+04	3.015447e+04	1.442245e+01	1.361351e+04	1.364101e+04	1.316450e+04	8.579916e+01	8.768322e+01
	1414	182	353.500000	44.500000	5.563868e-04	8.539230e+04	1.451774e+04	1.595642e+01	1.322223e+04	1.324946e+04	1.288838e+04	9.199503e+01	8.369619e+01
	588	187	147.000000	43.250000	1.685990e-04	9.032630e+04	4.024260e+03	1.179484e+01	1.396048e+04	1.396859e+04	1.387950e+04	7.603555e+01	7.954881e+01
	862	189	215.500000	42.750000	3.924442e-04	9.806830e+04	2.880405e+00	1.726848e+01	1.213949e+04	1.219200e+04	1.165538e+04	8.813073e+01	8.282845e+01
	787	190	196.750000	42.500000	3.311408e-04	9.903130e+04	1.976276e+00	1.657945e+01	1.274251e+04	1.278862e+04	1.227300e+04	9.453828e+01	8.924419e+01
	1366	193	341.500000	41.750000	9.600050e-05	1.007263e+05	2.337615e+00	8.654417e+00	1.377247e+04	1.378260e+04	1.369438e+04	8.181054e+01	7.881620e+01
	1251	199	312.750000	40.250000	7.365120e-04	9.988730e+04	1.433500e+00	2.289227e+01	1.383179e+04	1.383668e+04	1.368150e+04	8.591622e+01	7.478185e+01
	827	207	206.750000	38.250000	1.876426e-04	9.909630e+04	1.715270e+00	1.192901e+01	1.253432e+04	1.254923e+04	1.236638e+04	7.921235e+01	7.650642e+01
	716	209	179.000000	37.750000	6.817055e-04	9.810130e+04	1.432735e+00	1.640110e+01	1.211519e+04	1.214328e+04	1.188438e+04	8.104236e+01	8.164764e+01
	552	213	138.000000	36.750000	3.833843e-04	8.463030e+04	1.606337e+04	1.388723e+01	1.459730e+04	1.460082e+04	1.451300e+04	8.468021e+01	7.629746e+01
	672	213	168.000000	36.750000	3.196371e-04	9.639530e+04	1.614352e+00	2.604336e+01	1.127986e+04	1.139971e+04	1.024862e+04	8.188744e+01	7.930466e+01
	453	235	113.250000	31.250000	9.445078e-05	8.438930e+04	1.274397e+04	6.527789e+00	1.470054e+04	1.470560e+04	1.462550e+04	9.403528e+01	9.284042e+01
	264	318	66.000000	10.500000	1.666916e-04	1.013193e+05	1.875196e+00	6.482277e+00	1.493958e+04	1.494145e+04	1.491200e+04	8.497592e+01	8.462579e+01
	1137	341	284.250000	4.750000	2.312434e-04	6.744530e+04	3.464610e+04	3.741419e+00	1.485987e+04	1.486221e+04	1.456625e+04	7.846629e+01	7.649142e+01
	643	349	160.750000	2.750000	6.479747e-05	1.004673e+05	1.473517e+00	8.516095e+00	1.435837e+04	1.436048e+04	1.432388e+04	9.177915e+01	8.547558e+01
	1083	349	270.750000	2.750000	1.654101e-04	1.009463e+05	2.559104e+00	7.034179e+00	1.477317e+04	1.477525e+04	1.473450e+04	9.165852e+01	8.627871e+01
	397	352	99.250000	2.000000	5.344278e-05	8.257630e+04	1.419478e+04	5.055450e+00	1.476818e+04	1.476795e+04	1.471700e+04	8.520061e+01	8.350683e+01
	866	352	216.500000	2.000000	2.337224e-05	1.009643e+05	1.152064e+00	7.974451e+00	1.473972e+04	1.474056e+04	1.473225e+04	7.693080e+01	8.003061e+01
	950	352	237.500000	2.000000	4.029996e-05	1.010083e+05	1.955514e+00	9.063408e+00	1.478353e+04	1.478666e+04	1.475275e+04	9.433856e+01	9.231684e+01
	432	353	108.000000	1.750000	3.011299e-04	9.494630e+04	2.742021e+03	1.103310e+01	1.465635e+04	1.465975e+04	1.453038e+04	8.682199e+01	8.255708e+01
	997	353	249.250000	1.750000	1.800782e-05	1.010593e+05	8.306496e-01	7.903008e+00	1.480759e+04	1.480896e+04	1.479425e+04	9.642906e+01	9.387194e+01
	453	356	113.250000	1.000000	7.051951e-05	8.871730e+04	1.030939e+04	7.474770e+00	1.462436e+04	1.462526e+04	1.456775e+04	8.600416e+01	8.386148e+01
	889	356	222.250000	1.000000	5.759066e-06	1.009793e+05	1.131940e+00	9.347990e+00	1.474827e+04	1.475046e+04	1.472488e+04	7.826441e+01	8.206488e+01
	1229	358	307.250000	0.500000	1.657731e-05	9.589330e+04	4.826799e+03	7.470809e+00	1.485722e+04	1.485967e+04	1.483638e+04	8.860188e+01	8.731860e+01
	1346	358	336.500000	0.500000	8.232659e-06	1.011683e+05	1.172229e+00	5.218973e+00	1.486962e+04	1.487104e+04	1.485638e+04	8.400999e+01	8.460051e+01
	151	360	37.750000	0.000000	1.129580e-04	7.506930e+04	2.732028e+04	4.909170e+00	1.512029e+04	1.511867e+04	1.506512e+04	7.662571e+01	7.590553e+01
	1388	360	347.000000	0.000000	2.468354e-05	1.011763e+05	7.302427e-01	6.483902e+00	1.486050e+04	1.486227e+04	1.484950e+04	8.186612e+01	7.871102e+01
2024	1	18	26	12
	29	180	7.250000	45.000000	4.819678e-04	7.391280e+04	2.739524e+04	1.538898e+01	1.309142e+04	1.310245e+04	1.284584e+04	7.863676e+01	7.515328e+01
	865	182	216.250000	44.500000	3.827857e-04	9.753480e+04	3.203531e+00	1.725297e+01	1.169337e+04	1.176241e+04	1.114209e+04	9.043761e+01	8.837569e+01
	592	188	148.000000	43.000000	1.567351e-04	9.722880e+04	1.411229e+03	1.245086e+01	1.407987e+04	1.408480e+04	1.398109e+04	7.631457e+01	7.824183e+01
	779	193	194.750000	41.750000	2.089785e-04	9.953380e+04	1.976276e+00	1.416701e+01	1.297179e+04	1.299791e+04	1.267271e+04	9.256763e+01	8.357656e+01
	1368	196	342.000000	41.000000	9.856094e-05	1.009588e+05	2.337615e+00	6.833385e+00	1.401646e+04	1.402864e+04	1.391734e+04	7.731758e+01	7.689568e+01
	726	209	181.500000	37.750000	6.012069e-04	9.830980e+04	1.432735e+00	1.766091e+01	1.219519e+04	1.222250e+04	1.200059e+04	8.139388e+01	8.236922e+01
	677	218	169.250000	35.500000	3.102170e-04	9.690780e+04	1.433399e+00	2.392786e+01	1.147869e+04	1.158293e+04	1.065709e+04	8.408006e+01	8.120532e+01
	844	218	211.000000	35.500000	4.658746e-04	9.900480e+04	1.896078e+00	1.630151e+01	1.269552e+04	1.271970e+04	1.245221e+04	8.266551e+01	7.611578e+01
	789	334	197.250000	6.500000	2.912628e-04	1.006018e+05	1.031385e+00	1.379203e+01	1.451453e+04	1.451910e+04	1.445046e+04	8.978947e+01	7.621442e+01
	1137	341	284.250000	4.750000	2.983855e-04	6.744180e+04	3.464610e+04	6.548684e+00	1.489525e+04	1.489885e+04	1.459659e+04	7.900491e+01	7.708253e+01
	1174	342	293.500000	4.500000	9.894837e-05	8.589280e+04	1.476739e+04	5.326898e+00	1.504162e+04	1.504602e+04	1.499184e+04	8.040598e+01	7.744823e+01
	365	343	91.250000	4.250000	5.370844e-05	1.008028e+05	1.895441e+00	8.024552e+00	1.469484e+04	1.469924e+04	1.465546e+04	7.521431e+01	7.210783e+01
	843	347	210.750000	3.250000	2.786983e-05	1.007248e+05	8.505943e-01	9.143695e+00	1.453470e+04	1.453627e+04	1.451021e+04	7.503520e+01	7.583217e+01
	561	349	140.250000	2.750000	5.919207e-05	1.007178e+05	2.176662e+00	1.074082e+01	1.461951e+04	1.462184e+04	1.458159e+04	8.121387e+01	7.967384e+01
	1081	349	270.250000	2.750000	2.022730e-04	1.008228e+05	2.559104e+00	7.005857e+00	1.470729e+04	1.470799e+04	1.467834e+04	9.187283e+01	8.491749e+01
	918	350	229.500000	2.500000	1.416076e-05	1.007218e+05	5.895747e-01	9.685628e+00	1.455715e+04	1.455927e+04	1.449959e+04	9.554549e+01	9.436739e+01
	674	351	168.500000	2.250000	1.183618e-05	1.006218e+05	8.707657e-01	5.108372e+00	1.452101e+04	1.452208e+04	1.449234e+04	7.620964e+01	7.948901e+01
	1010	351	252.500000	2.250000	2.727378e-05	1.008528e+05	1.071313e+00	7.708484e+00	1.465569e+04	1.465751e+04	1.463921e+04	8.790295e+01	9.106330e+01
	1257	352	314.250000	2.000000	1.740921e-05	1.012898e+05	1.514030e+00	1.137280e+01	1.505130e+04	1.505310e+04	1.503059e+04	8.322121e+01	7.368823e+01
	1228	353	307.000000	1.750000	1.476156e-04	9.610980e+04	4.012635e+03	8.677130e+00	1.504906e+04	1.505090e+04	1.501059e+04	8.966792e+01	8.283061e+01
	1257	353	314.250000	1.750000	1.794565e-05	1.011438e+05	1.493565e+00	1.108546e+01	1.505153e+04	1.505327e+04	1.503059e+04	8.372247e+01	7.406063e+01
	430	354	107.500000	1.500000	2.064751e-04	9.503480e+04	9.830442e+02	1.119277e+01	1.470785e+04	1.471372e+04	1.459946e+04	8.043825e+01	8.038921e+01
	882	354	220.500000	1.500000	2.895482e-06	1.007178e+05	9.109685e-01	8.997676e+00	1.453703e+04	1.453977e+04	1.450109e+04	7.989057e+01	8.179816e+01
	1366	355	341.500000	1.250000	-8.596107e-07	1.013188e+05	1.292343e+00	5.534167e+00	1.501386e+04	1.501550e+04	1.499234e+04	8.512520e+01	8.412542e+01
	1366	356	341.500000	1.000000	-8.596107e-07	1.013188e+05	1.292343e+00	5.534167e+00	1.501285e+04	1.501442e+04	1.499234e+04	8.499728e+01	8.466013e+01
	1052	358	263.000000	0.500000	1.192559e-05	1.009298e+05	1.453045e+00	6.814981e+00	1.469630e+04	1.469815e+04	1.467846e+04	8.731985e+01	8.567224e+01
2024	1	18	19	18
	32	180	8.000000	45.000000	2.863223e-04	7.409444e+04	2.739524e+04	1.668844e+01	1.334151e+04	1.336236e+04	1.301565e+04	8.170584e+01	7.830051e+01
	722	204	180.500000	39.000000	5.119557e-04	9.822444e+04	1.232450e+00	1.845852e+01	1.201989e+04	1.204476e+04	1.175240e+04	8.230270e+01	8.217122e+01
	1391	211	347.750000	37.250000	6.350393e-04	9.900944e+04	3.861686e+00	1.418288e+01	1.400039e+04	1.401999e+04	1.377890e+04	8.279919e+01	7.935313e+01
	860	215	215.000000	36.250000	4.188830e-04	9.872944e+04	2.237293e+00	1.764418e+01	1.254082e+04	1.257625e+04	1.216890e+04	8.087286e+01	7.742061e+01
	687	223	171.750000	34.250000	2.790506e-04	9.698444e+04	1.914963e+00	2.302850e+01	1.151791e+04	1.160240e+04	1.074840e+04	8.157814e+01	7.688186e+01
	537	318	134.250000	10.500000	2.650567e-05	1.007524e+05	1.433149e+00	1.265616e+01	1.462275e+04	1.462571e+04	1.460802e+04	8.403596e+01	8.292921e+01
	321	332	80.250000	7.000000	7.031509e-05	8.803544e+04	1.438166e+04	7.714050e+00	1.489598e+04	1.489960e+04	1.485715e+04	8.096800e+01	7.336516e+01
	651	335	162.750000	6.250000	3.499934e-05	1.005484e+05	1.225988e+02	1.061775e+01	1.443468e+04	1.443848e+04	1.438427e+04	8.229784e+01	8.166300e+01
	752	339	188.000000	5.250000	-5.054986e-06	1.007044e+05	8.105052e-01	8.065434e+00	1.457477e+04	1.457617e+04	1.455015e+04	8.540840e+01	8.155903e+01
	952	345	238.000000	3.750000	3.112503e-05	1.010184e+05	1.453177e+00	9.711917e+00	1.484481e+04	1.484716e+04	1.477227e+04	9.540327e+01	9.321758e+01
	990	347	247.500000	3.250000	9.305426e-05	1.011034e+05	6.095728e-01	7.797331e+00	1.485572e+04	1.485667e+04	1.481777e+04	9.438507e+01	9.199392e+01
	434	350	108.500000	2.500000	2.168233e-04	9.500544e+04	2.742021e+03	9.728177e+00	1.467499e+04	1.467992e+04	1.459902e+04	8.389828e+01	8.177293e+01
	484	351	121.000000	2.250000	1.387412e-04	9.188544e+04	8.318464e+03	1.137910e+01	1.456846e+04	1.457362e+04	1.449215e+04	8.735316e+01	8.498746e+01
	1235	351	308.750000	2.250000	1.160451e-05	9.687444e+04	3.099471e+03	1.017706e+01	1.484655e+04	1.485000e+04	1.478277e+04	8.360391e+01	8.059791e+01
	1373	354	343.250000	1.500000	5.256617e-06	1.011364e+05	1.292343e+00	5.290447e+00	1.487356e+04	1.487526e+04	1.485227e+04	8.116621e+01	8.254184e+01
	683	355	170.750000	1.250000	1.404830e-05	1.005294e+05	6.498451e-01	6.145813e+00	1.443338e+04	1.443537e+04	1.441327e+04	7.667165e+01	7.451866e+01
	1025	355	256.250000	1.250000	7.883855e-05	1.011054e+05	9.308511e-01	7.406983e+00	1.485207e+04	1.485378e+04	1.483140e+04	9.251390e+01	8.956929e+01
	684	356	171.000000	1.000000	1.404830e-05	1.005294e+05	1.312749e+00	6.447430e+00	1.443341e+04	1.443549e+04	1.441327e+04	7.514634e+01	7.395995e+01
	1175	357	293.750000	0.750000	1.059885e-04	9.046844e+04	8.238647e+03	4.127400e+00	1.490835e+04	1.491100e+04	1.485615e+04	8.422120e+01	8.229208e+01
2024	1	19	30	0
	32	180	8.000000	45.000000	4.482460e-04	7.421509e+04	2.739524e+04	1.692291e+01	1.360361e+04	1.363194e+04	1.310071e+04	8.077468e+01	7.835928e+01
	430	199	107.500000	40.250000	2.308083e-04	8.191009e+04	2.090122e+04	7.861182e+00	1.482415e+04	1.484560e+04	1.459159e+04	9.475185e+01	9.042274e+01
	714	202	178.500000	39.500000	4.692269e-04	9.808409e+04	1.111112e+00	1.891228e+01	1.198665e+04	1.200389e+04	1.176684e+04	8.300206e+01	8.446070e+01
	876	208	219.000000	38.000000	2.444875e-04	9.861609e+04	2.158655e+00	1.748378e+01	1.236561e+04	1.239802e+04	1.207221e+04	8.307130e+01	7.884741e+01
	1398	209	349.500000	37.750000	5.240631e-04	9.469209e+04	2.852002e+03	1.238320e+01	1.397181e+04	1.400175e+04	1.368909e+04	8.539440e+01	8.039195e+01
	409	218	102.250000	35.500000	4.990818e-05	5.721309e+04	4.129424e+04	4.619998e+00	1.481348e+04	1.483186e+04	1.446759e+04	8.033208e+01	8.362489e+01
	699	222	174.750000	34.500000	3.104997e-04	9.713209e+04	1.452312e+00	2.034328e+01	1.165710e+04	1.172893e+04	1.090021e+04	7.924014e+01	7.459876e+01
	408	248	102.000000	28.000000	2.758624e-05	5.671509e+04	4.439527e+04	4.600341e+00	1.476908e+04	1.477870e+04	1.441334e+04	8.265652e+01	8.857066e+01
	251	322	62.750000	9.500000	3.655674e-05	1.009831e+05	1.734706e+00	8.229373e+00	1.462240e+04	1.462744e+04	1.458934e+04	7.968133e+01	6.066955e+01
	612	323	153.000000	9.250000	6.665010e-06	1.008811e+05	1.092158e+00	1.315670e+01	1.470777e+04	1.471022e+04	1.467421e+04	8.674789e+01	8.404113e+01
	329	331	82.250000	7.250000	4.052045e-05	8.795609e+04	1.438166e+04	6.505861e+00	1.480694e+04	1.480910e+04	1.478321e+04	8.111966e+01	7.457655e+01
	499	333	124.750000	6.750000	1.392555e-04	8.790509e+04	1.381545e+04	9.336543e+00	1.480615e+04	1.480689e+04	1.476171e+04	8.362051e+01	8.008372e+01
	767	334	191.750000	6.500000	3.059399e-04	1.006081e+05	7.702211e-01	9.519292e+00	1.451428e+04	1.451348e+04	1.446634e+04	8.161153e+01	7.464624e+01
	1001	338	250.250000	5.500000	2.347352e-05	1.007851e+05	1.372986e+00	7.642591e+00	1.463364e+04	1.463316e+04	1.459584e+04	8.927115e+01	8.708492e+01
	1276	347	319.000000	3.250000	4.579546e-05	1.014051e+05	1.513235e+00	1.050254e+01	1.509023e+04	1.509132e+04	1.506121e+04	8.159219e+01	7.828201e+01
	1349	349	337.250000	2.750000	1.515867e-05	1.014141e+05	9.510966e-01	6.129500e+00	1.509713e+04	1.509905e+04	1.506446e+04	9.113291e+01	8.276205e+01
	434	350	108.500000	2.500000	1.790714e-04	9.508309e+04	2.742021e+03	9.504934e+00	1.475121e+04	1.475733e+04	1.469509e+04	8.853931e+01	8.496687e+01
	1070	352	267.500000	2.000000	2.144696e-05	9.860009e+04	2.075416e+01	6.661640e+00	1.463520e+04	1.463671e+04	1.461034e+04	8.903376e+01	8.679264e+01
	370	355	92.500000	1.250000	4.150392e-05	1.009131e+05	2.839612e+00	7.575857e+00	1.475792e+04	1.475902e+04	1.472959e+04	8.004618e+01	7.524529e+01
	370	356	92.500000	1.000000	4.150392e-05	1.009131e+05	2.839612e+00	7.394582e+00	1.475664e+04	1.475761e+04	1.472959e+04	7.970560e+01	7.483062e+01
	391	357	97.750000	0.750000	3.995420e-05	8.393509e+04	1.419478e+04	3.737214e+00	1.476329e+04	1.476562e+04	1.471621e+04	8.185896e+01	8.097948e+01
	1020	358	255.000000	0.500000	1.185061e-05	1.007811e+05	9.308511e-01	7.859780e+00	1.456546e+04	1.456657e+04	1.455284e+04	8.979814e+01	8.845033e+01
	1186	358	296.500000	0.500000	2.645375e-05	8.935309e+04	8.296981e+03	2.804882e+00	1.482984e+04	1.483311e+04	1.478684e+04	7.702441e+01	7.947002e+01
	551	359	137.750000	0.250000	3.739120e-05	9.413809e+04	3.440768e+02	5.808394e+00	1.463269e+04	1.463579e+04	1.461896e+04	7.975951e+01	7.926850e+01
	602	359	150.500000	0.250000	4.931213e-05	1.002491e+05	2.483135e+02	9.954823e+00	1.460554e+04	1.460809e+04	1.456121e+04	7.501582e+01	6.934721e+01
	887	359	221.750000	0.250000	1.816871e-05	1.005971e+05	1.192116e+00	1.021023e+01	1.442759e+04	1.443091e+04	1.439184e+04	8.448883e+01	8.198642e+01
	1399	359	349.750000	0.250000	1.235725e-05	1.013431e+05	6.899577e-01	6.326963e+00	1.503289e+04	1.503421e+04	1.501696e+04	7.878867e+01	7.790393e+01
	912	360	228.000000	0.000000	2.939720e-06	1.006281e+05	1.031411e+00	9.373477e+00	1.445462e+04	1.445673e+04	1.444446e+04	8.469698e+01	8.529525e+01
	959	360	239.750000	0.000000	1.113536e-05	1.006561e+05	1.613883e+00	8.540096e+00	1.447476e+04	1.447834e+04	1.444309e+04	8.982053e+01	9.049597e+01
	984	360	246.000000	0.000000	1.801969e-05	1.006841e+05	9.715036e-01	9.108328e+00	1.451804e+04	1.451997e+04	1.450771e+04	8.817728e+01	9.091330e+01
2024	1	19	32	6
	64	182	16.000000	44.500000	4.879553e-04	8.388459e+04	1.206724e+04	8.876384e+00	1.358459e+04	1.360227e+04	1.344800e+04	8.138597e+01	7.742515e+01
	439	193	109.750000	41.750000	1.903791e-04	8.174259e+04	1.875802e+04	8.252661e+00	1.476395e+04	1.479538e+04	1.451688e+04	8.860223e+01	8.461870e+01
	1116	196	279.000000	41.000000	8.875318e-05	8.907459e+04	7.188517e+03	6.848912e+00	1.361344e+04	1.362372e+04	1.354600e+04	8.940629e+01	8.732497e+01
	601	197	150.250000	40.750000	1.973528e-04	1.014626e+05	2.579128e+00	1.440519e+01	1.416607e+04	1.417818e+04	1.398925e+04	8.614263e+01	8.381223e+01
	1017	202	254.250000	39.500000	4.780479e-05	6.725959e+04	3.400401e+04	6.997845e+00	1.526733e+04	1.525859e+04	1.488775e+04	8.107700e+01	7.699628e+01
	728	203	182.000000	39.250000	3.002901e-04	9.804259e+04	1.090837e+00	1.584910e+01	1.197960e+04	1.200183e+04	1.177713e+04	8.215856e+01	8.347195e+01
	1404	206	351.000000	38.500000	3.859717e-04	9.155359e+04	7.205814e+03	1.577583e+01	1.382726e+04	1.387351e+04	1.343313e+04	8.439905e+01	7.877406e+01
	780	207	195.000000	38.250000	6.633420e-04	9.852959e+04	2.356878e+00	1.680265e+01	1.249918e+04	1.252859e+04	1.207163e+04	8.047481e+01	7.941064e+01
	889	207	222.250000	38.250000	2.555270e-04	9.876859e+04	2.657880e+00	1.671755e+01	1.264135e+04	1.268492e+04	1.223825e+04	8.254967e+01	8.064854e+01
	707	221	176.750000	34.750000	3.895182e-04	9.714559e+04	1.292764e+00	1.981613e+01	1.167277e+04	1.174218e+04	1.092525e+04	8.139950e+01	7.679238e+01
	272	332	68.000000	7.000000	9.668060e-05	1.011126e+05	1.473085e+00	9.029588e+00	1.489236e+04	1.489362e+04	1.485725e+04	7.679555e+01	6.473635e+01
	910	333	227.500000	6.750000	7.131882e-05	1.009046e+05	1.131906e+00	1.232412e+01	1.479593e+04	1.480067e+04	1.471538e+04	9.220526e+01	8.640540e+01
	496	334	124.000000	6.500000	8.365698e-05	8.763959e+04	1.381545e+04	9.759728e+00	1.459279e+04	1.459489e+04	1.455163e+04	8.115572e+01	8.035320e+01
	763	335	190.750000	6.250000	4.837103e-05	1.006336e+05	6.899436e-01	9.379004e+00	1.454041e+04	1.454192e+04	1.452688e+04	8.604704e+01	7.887628e+01
	1137	341	284.250000	4.750000	2.365429e-04	6.737059e+04	3.464610e+04	4.720558e+00	1.476889e+04	1.477166e+04	1.449700e+04	7.976842e+01	7.703519e+01
	1171	341	292.750000	4.750000	1.165587e-04	8.572259e+04	1.150831e+04	4.229191e+00	1.485681e+04	1.485954e+04	1.481363e+04	7.927254e+01	7.847118e+01
	385	342	96.250000	4.500000	1.917202e-04	8.254359e+04	2.103244e+04	9.618482e+00	1.482109e+04	1.482245e+04	1.473375e+04	8.105538e+01	7.923516e+01
	1257	345	314.250000	3.750000	3.555603e-05	1.010836e+05	1.514030e+00	1.149391e+01	1.482162e+04	1.482438e+04	1.479363e+04	8.162984e+01	8.059198e+01
	1258	345	314.500000	3.750000	3.555603e-05	1.010836e+05	1.514030e+00	1.156438e+01	1.482137e+04	1.482405e+04	1.479363e+04	8.197974e+01	8.084162e+01
	1362	347	340.500000	3.250000	1.273174e-04	1.011846e+05	1.393263e+00	5.464183e+00	1.490818e+04	1.491016e+04	1.484750e+04	8.710596e+01	7.933199e+01
	845	351	211.250000	2.250000	4.025176e-06	1.008036e+05	9.712098e-01	9.607224e+00	1.462476e+04	1.462682e+04	1.461113e+04	8.238934e+01	8.115873e+01
	846	351	211.500000	2.250000	2.684072e-06	1.008046e+05	9.712098e-01	9.534173e+00	1.462677e+04	1.462881e+04	1.461113e+04	8.273418e+01	8.163909e+01
	844	352	211.000000	2.000000	7.184222e-06	1.007966e+05	1.192325e+00	9.721333e+00	1.462133e+04	1.462338e+04	1.461113e+04	8.036395e+01	8.031033e+01
	963	352	240.750000	2.000000	9.121373e-06	1.010426e+05	1.453177e+00	7.743139e+00	1.481433e+04	1.481545e+04	1.479475e+04	9.564803e+01	9.490874e+01
	932	353	233.000000	1.750000	-3.306195e-06	1.010296e+05	1.433130e+00	8.787815e+00	1.480220e+04	1.480399e+04	1.477663e+04	9.317023e+01	9.151782e+01
	436	356	109.000000	1.000000	5.856343e-05	9.489059e+04	6.177788e+03	8.048031e+00	1.463587e+04	1.464212e+04	1.455488e+04	9.056760e+01	8.778117e+01
	650	357	162.500000	0.750000	1.144595e-05	1.004746e+05	1.252460e+00	7.971592e+00	1.440676e+04	1.440708e+04	1.438088e+04	8.694923e+01	8.610476e+01
	11	359	2.750000	0.250000	1.296587e-05	1.012066e+05	1.614064e+00	4.506951e+00	1.493094e+04	1.493198e+04	1.492475e+04	8.565594e+01	7.817148e+01
	484	359	121.000000	0.250000	1.997072e-04	8.430559e+04	1.366159e+04	8.806859e+00	1.457712e+04	1.457580e+04	1.454563e+04	8.059692e+01	8.235775e+01
	1200	359	300.000000	0.250000	6.379560e-06	9.578359e+04	4.364453e+03	4.294590e+00	1.484359e+04	1.484545e+04	1.480000e+04	9.191124e+01	8.771954e+01
	817	360	204.250000	0.000000	5.567260e-05	1.007076e+05	6.499004e-01	9.780162e+00	1.456226e+04	1.456382e+04	1.455150e+04	8.035098e+01	7.772104e+01
	1408	360	352.000000	0.000000	4.092045e-05	1.012536e+05	1.191976e+00	6.345325e+00	1.493262e+04	1.493329e+04	1.492263e+04	8.029856e+01	7.901819e+01
2024	1	19	31	12
	58	180	14.500000	45.000000	4.366371e-04	7.782295e+04	1.331070e+04	1.571476e+01	1.388432e+04	1.389362e+04	1.362519e+04	7.827736e+01	7.124876e+01
	453	187	113.250000	43.250000	2.700719e-04	8.177895e+04	1.734605e+04	9.380562e+00	1.489508e+04	1.492650e+04	1.455844e+04	9.193270e+01	8.173025e+01
	612	200	153.000000	40.000000	1.840326e-04	1.015780e+05	2.256470e+00	1.465154e+01	1.417533e+04	1.418453e+04	1.409094e+04	8.793241e+01	8.894057e+01
	1127	201	281.750000	39.750000	1.267823e-04	8.876195e+04	1.021991e+04	6.834574e+00	1.343412e+04	1.345767e+04	1.328669e+04	9.533488e+01	9.201662e+01
	1419	201	354.750000	39.750000	4.502269e-04	8.471195e+04	1.418117e+04	1.255248e+01	1.391096e+04	1.396179e+04	1.345531e+04	8.870182e+01	7.307015e+01
	1017	202	254.250000	39.500000	9.900657e-05	6.725195e+04	3.400401e+04	3.891304e+00	1.525249e+04	1.524655e+04	1.492294e+04	8.290131e+01	7.770337e+01
	791	204	197.750000	39.000000	7.889899e-04	9.800095e+04	1.875114e+00	1.821982e+01	1.217228e+04	1.221029e+04	1.160431e+04	8.321473e+01	7.965935e+01
	896	205	224.000000	38.750000	2.445909e-04	9.888295e+04	2.900689e+00	1.674029e+01	1.274195e+04	1.279260e+04	1.229469e+04	8.297181e+01	8.178988e+01
	718	221	179.500000	34.750000	2.821120e-04	9.731595e+04	1.232344e+00	2.294831e+01	1.172333e+04	1.179184e+04	1.105444e+04	7.921561e+01	7.650105e+01
	1144	221	286.000000	34.750000	7.781121e-04	1.003770e+05	5.874454e+01	1.831446e+01	1.402181e+04	1.403444e+04	1.378356e+04	8.758259e+01	8.753975e+01
	678	325	169.500000	8.750000	1.437101e-04	1.007900e+05	1.734715e+00	1.138805e+01	1.462999e+04	1.463230e+04	1.458544e+04	9.035210e+01	8.794709e+01
	743	330	185.750000	7.500000	1.955358e-05	1.007400e+05	7.101202e-01	7.701545e+00	1.462571e+04	1.462732e+04	1.460306e+04	7.828207e+01	7.674256e+01
	541	336	135.250000	6.000000	3.102748e-05	1.007840e+05	1.959272e+02	1.250706e+01	1.465912e+04	1.466440e+04	1.461669e+04	8.636987e+01	8.203098e+01
	1173	336	293.250000	6.000000	1.460942e-04	8.585095e+04	1.476739e+04	5.242696e+00	1.499760e+04	1.500098e+04	1.493469e+04	7.978381e+01	7.753053e+01
	658	338	164.500000	5.500000	3.806083e-05	1.007700e+05	1.225988e+02	1.123442e+01	1.463160e+04	1.463426e+04	1.459444e+04	9.285249e+01	8.940067e+01
	979	341	244.750000	4.750000	2.318947e-05	1.007430e+05	8.911253e-01	9.354330e+00	1.461483e+04	1.461813e+04	1.454719e+04	8.435220e+01	8.656182e+01
	1137	341	284.250000	4.750000	2.680155e-04	6.737795e+04	3.464610e+04	8.530706e+00	1.484642e+04	1.484944e+04	1.455694e+04	8.157709e+01	8.005730e+01
	460	343	115.000000	4.250000	1.062783e-04	8.679495e+04	1.352554e+04	8.217509e+00	1.475471e+04	1.475748e+04	1.470594e+04	7.861382e+01	8.099561e+01
	1278	346	319.500000	3.500000	7.385341e-05	1.013280e+05	1.232435e+00	1.069444e+01	1.504921e+04	1.505254e+04	1.501731e+04	9.020078e+01	8.282106e+01
	359	349	89.750000	2.750000	4.402129e-05	1.008920e+05	2.076263e+00	8.346061e+00	1.474997e+04	1.475236e+04	1.472031e+04	7.811170e+01	7.224583e+01
	1058	349	264.500000	2.750000	1.016585e-05	1.008930e+05	1.413172e+00	6.670257e+00	1.467923e+04	1.468090e+04	1.465981e+04	8.891640e+01	9.008255e+01
	1307	353	326.750000	1.750000	9.480398e-06	1.013510e+05	8.904456e-01	7.096739e+00	1.504400e+04	1.504519e+04	1.501831e+04	8.671773e+01	8.539089e+01
	425	354	106.250000	1.500000	9.987084e-05	9.993695e+04	3.512205e+02	8.614141e+00	1.476914e+04	1.477354e+04	1.471469e+04	9.280383e+01	8.545476e+01
	909	354	227.250000	1.500000	1.445739e-05	1.006220e+05	9.109956e-01	9.458142e+00	1.448553e+04	1.448979e+04	1.443156e+04	8.818825e+01	9.012724e+01
	1022	354	255.500000	1.500000	9.987038e-06	1.008840e+05	9.308511e-01	7.565534e+00	1.466032e+04	1.466145e+04	1.463806e+04	9.381481e+01	9.081158e+01
	848	355	212.000000	1.250000	2.289144e-05	1.006260e+05	1.573924e+00	9.627350e+00	1.446738e+04	1.446968e+04	1.443894e+04	9.288493e+01	9.035750e+01
	621	356	155.250000	1.000000	9.867828e-06	1.007810e+05	1.694440e+00	8.443375e+00	1.466115e+04	1.466241e+04	1.463794e+04	7.664449e+01	7.537077e+01
	1376	357	344.000000	0.750000	2.032844e-05	1.013150e+05	1.272547e+00	6.011744e+00	1.503182e+04	1.503372e+04	1.500819e+04	7.525952e+01	7.765685e+01
	481	358	120.250000	0.500000	1.602205e-04	8.448895e+04	1.299458e+04	7.104514e+00	1.474784e+04	1.474868e+04	1.470494e+04	8.066174e+01	8.126645e+01
	557	359	139.250000	0.250000	3.934233e-05	9.416295e+04	2.345140e+01	8.082423e+00	1.464333e+04	1.464722e+04	1.462994e+04	7.729586e+01	7.755689e+01
	1338	360	334.500000	0.000000	3.907364e-06	1.013560e+05	1.212281e+00	5.935622e+00	1.503993e+04	1.504124e+04	1.501506e+04	8.123602e+01	8.285827e+01
2024	1	19	32	18
	92	180	23.000000	45.000000	3.230106e-04	8.600417e+04	1.547921e+04	7.999172e+00	1.395776e+04	1.397049e+04	1.375101e+04	8.623515e+01	7.588714e+01
	455	184	113.750000	44.000000	4.186761e-04	8.175017e+04	1.477938e+04	9.843442e+00	1.484381e+04	1.488156e+04	1.437539e+04	9.457664e+01	8.705531e+01
	906	200	226.500000	40.000000	1.694392e-04	9.912717e+04	5.729153e+00	1.727811e+01	1.289999e+04	1.295486e+04	1.251389e+04	8.678970e+01	8.600214e+01
	1425	200	356.250000	40.000000	4.728567e-04	8.473117e+04	1.531359e+04	1.205603e+01	1.404109e+04	1.408371e+04	1.366339e+04	8.387201e+01	6.802614e+01
	906	201	226.500000	39.750000	1.694392e-04	9.912717e+04	5.729153e+00	1.730403e+01	1.290916e+04	1.296451e+04	1.251389e+04	8.670911e+01	8.555756e+01
	804	202	201.000000	39.500000	6.535780e-04	9.785117e+04	1.535010e+00	1.855448e+01	1.211314e+04	1.214679e+04	1.147026e+04	8.133230e+01	7.631582e+01
	1159	204	289.750000	39.000000	2.471339e-04	9.936917e+04	1.794843e+00	1.256775e+01	1.306108e+04	1.308952e+04	1.287701e+04	9.360434e+01	8.877214e+01
	1113	216	278.250000	36.000000	5.645864e-05	8.889117e+04	1.097695e+04	8.482682e+00	1.388223e+04	1.389496e+04	1.375089e+04	8.528208e+01	7.328739e+01
	734	218	183.500000	35.500000	2.745520e-04	9.732117e+04	1.011243e+00	2.174654e+01	1.164264e+04	1.171252e+04	1.107026e+04	7.684252e+01	7.535152e+01
	486	227	121.500000	33.250000	2.083313e-04	1.008282e+05	9.136786e+01	1.489207e+01	1.482085e+04	1.483105e+04	1.474514e+04	9.870115e+01	9.387855e+01
	247	311	61.750000	12.250000	6.089918e-05	1.012932e+05	2.277126e+00	7.535410e+00	1.492608e+04	1.492834e+04	1.489439e+04	8.903049e+01	8.510357e+01
	308	325	77.000000	8.750000	3.327243e-05	8.632217e+04	1.462617e+04	8.600944e+00	1.491187e+04	1.491347e+04	1.487126e+04	7.901987e+01	6.906075e+01
	504	331	126.000000	7.250000	1.167189e-04	8.766517e+04	1.381545e+04	8.996716e+00	1.457305e+04	1.457388e+04	1.453826e+04	8.043835e+01	8.202872e+01
	567	336	141.750000	6.000000	1.330804e-04	1.005872e+05	1.774505e+00	1.349348e+01	1.449282e+04	1.449595e+04	1.443089e+04	8.748138e+01	8.084431e+01
	539	345	134.750000	3.750000	3.994815e-05	1.005652e+05	1.995751e+00	1.051749e+01	1.446214e+04	1.446523e+04	1.441514e+04	8.380949e+01	8.426483e+01
	538	346	134.500000	3.500000	3.994815e-05	1.005652e+05	1.995751e+00	1.024500e+01	1.446103e+04	1.446421e+04	1.441514e+04	8.400494e+01	8.451740e+01
	1275	347	318.750000	3.250000	1.541805e-04	1.010572e+05	1.513235e+00	1.093824e+01	1.484239e+04	1.484563e+04	1.475714e+04	9.048505e+01	8.535795e+01
	966	351	241.500000	2.250000	5.735084e-06	1.010012e+05	1.011285e+00	8.929248e+00	1.481006e+04	1.481134e+04	1.478076e+04	9.064320e+01	9.015381e+01
	450	354	112.500000	1.500000	2.403371e-05	8.953317e+04	9.478618e+03	7.783925e+00	1.469661e+04	1.469631e+04	1.464514e+04	8.783071e+01	8.679006e+01
	1234	355	308.500000	1.250000	7.222407e-05	9.692017e+04	3.782592e+03	8.281022e+00	1.488791e+04	1.488998e+04	1.481051e+04	8.701492e+01	8.612384e+01
	639	356	159.750000	1.000000	7.618777e-05	1.005312e+05	1.634048e+00	9.199864e+00	1.447880e+04	1.447881e+04	1.445989e+04	8.542864e+01	8.620306e+01
	929	356	232.250000	1.000000	2.427027e-06	1.010102e+05	9.107434e-01	9.595293e+00	1.478533e+04	1.478759e+04	1.476626e+04	9.002392e+01	8.956331e+01
	1059	356	264.750000	1.000000	1.345389e-05	1.010402e+05	1.413172e+00	6.020014e+00	1.478714e+04	1.478786e+04	1.477676e+04	8.469717e+01	8.778445e+01
	1061	356	265.250000	1.000000	1.345389e-05	1.009602e+05	2.860012e+00	5.904032e+00	1.478432e+04	1.478468e+04	1.477676e+04	8.576855e+01	8.820393e+01
	929	357	232.250000	0.750000	4.602596e-06	1.010092e+05	9.107434e-01	9.711559e+00	1.478451e+04	1.478678e+04	1.476626e+04	8.926070e+01	8.931956e+01
	1175	357	293.750000	0.750000	7.431023e-05	9.044817e+04	8.238647e+03	4.764390e+00	1.484401e+04	1.484824e+04	1.477676e+04	8.484388e+01	8.396278e+01
	1393	357	348.250000	0.750000	9.937212e-06	1.011862e+05	6.698610e-01	5.188737e+00	1.492184e+04	1.492216e+04	1.490764e+04	8.033193e+01	7.748173e+01
	815	358	203.750000	0.500000	1.068227e-05	1.008292e+05	4.949045e+00	1.000483e+01	1.466834e+04	1.467022e+04	1.464664e+04	7.618437e+01	7.883993e+01
	896	358	224.000000	0.500000	1.422875e-05	1.009602e+05	1.232426e+00	9.894438e+00	1.475876e+04	1.476044e+04	1.471001e+04	8.410564e+01	8.590553e+01
	928	358	232.000000	0.500000	8.685514e-06	1.010062e+05	5.893658e-01	9.711559e+00	1.478350e+04	1.478583e+04	1.476626e+04	8.854490e+01	8.908659e+01
	1002	359	250.500000	0.250000	7.195398e-06	1.010862e+05	1.212319e+00	8.904260e+00	1.484507e+04	1.484559e+04	1.483089e+04	9.052944e+01	8.910517e+01
	1200	360	300.000000	0.000000	2.561323e-05	9.574017e+04	4.364453e+03	4.577296e+00	1.487507e+04	1.487716e+04	1.481026e+04	8.563394e+01	8.339413e+01
2024	1	20	23	0
	100	181	25.000000	44.750000	2.985087e-04	8.421111e+04	1.547921e+04	1.097984e+01	1.410431e+04	1.411605e+04	1.393185e+04	8.729462e+01	7.764339e+01
	462	182	115.500000	44.500000	5.833295e-04	8.411211e+04	1.516853e+04	9.877903e+00	1.482409e+04	1.485666e+04	1.433498e+04	9.774767e+01	8.913187e+01
	818	200	204.500000	40.000000	3.578451e-04	9.809411e+04	2.377246e+00	1.859432e+01	1.206400e+04	1.208956e+04	1.164860e+04	8.071559e+01	7.685963e+01
	7	202	1.750000	39.500000	4.188505e-04	8.112011e+04	1.463575e+04	1.640025e+01	1.429082e+04	1.431289e+04	1.398698e+04	8.526196e+01	7.241676e+01
	916	202	229.000000	39.500000	2.879885e-04	9.915111e+04	5.006357e+00	1.753307e+01	1.297673e+04	1.303049e+04	1.252873e+04	8.461219e+01	8.049883e+01
	1189	204	297.250000	39.000000	8.163538e-04	9.850511e+04	1.273352e+00	2.496986e+01	1.284473e+04	1.289502e+04	1.225948e+04	8.983772e+01	8.331970e+01
	748	213	187.000000	36.750000	2.878692e-04	9.711411e+04	1.773558e+00	2.061129e+01	1.146254e+04	1.153228e+04	1.087635e+04	8.470622e+01	8.313133e+01
	491	225	122.750000	33.750000	2.066579e-04	1.005541e+05	3.343727e+01	1.352927e+01	1.477915e+04	1.479289e+04	1.459998e+04	9.807362e+01	9.433763e+01
	407	236	101.750000	31.000000	3.383425e-05	5.687211e+04	4.625653e+04	3.479093e+00	1.507007e+04	1.507596e+04	1.470098e+04	7.911697e+01	8.238982e+01
	1319	335	329.750000	6.250000	2.718833e-05	1.014441e+05	7.303230e-01	1.074765e+01	1.508593e+04	1.508866e+04	1.504673e+04	7.696279e+01	7.550118e+01
	388	346	97.000000	3.500000	6.071595e-05	8.261211e+04	2.103244e+04	4.908621e+00	1.484158e+04	1.484133e+04	1.481335e+04	8.303082e+01	7.787250e+01
	975	353	243.750000	1.750000	7.190974e-06	1.006761e+05	8.908572e-01	8.764755e+00	1.452887e+04	1.453052e+04	1.448260e+04	8.983098e+01	8.907391e+01
	645	356	161.250000	1.000000	2.209214e-05	1.007301e+05	1.634048e+00	9.203345e+00	1.462550e+04	1.462831e+04	1.459173e+04	8.429910e+01	8.512577e+01
	432	357	108.000000	0.750000	1.488414e-04	9.519711e+04	2.742021e+03	8.795171e+00	1.481595e+04	1.481974e+04	1.475848e+04	8.895111e+01	8.640894e+01
	1072	358	268.000000	0.500000	2.212194e-05	9.852811e+04	2.968146e+03	5.599543e+00	1.457346e+04	1.457415e+04	1.456648e+04	8.844747e+01	9.016346e+01
	530	359	132.500000	0.250000	5.064276e-05	8.267311e+04	1.706906e+04	5.905973e+00	1.467124e+04	1.467346e+04	1.464298e+04	8.652308e+01	8.402505e+01
	905	359	226.250000	0.250000	1.258519e-05	1.005621e+05	1.232426e+00	9.289503e+00	1.442022e+04	1.442268e+04	1.438885e+04	8.635626e+01	8.747963e+01
	1108	359	277.000000	0.250000	7.651118e-05	9.787211e+04	3.643116e+00	5.297054e+00	1.458812e+04	1.459200e+04	1.456623e+04	9.381827e+01	9.178130e+01
	1230	359	307.500000	0.250000	2.575782e-05	9.591011e+04	4.826799e+03	7.529039e+00	1.494047e+04	1.494186e+04	1.492110e+04	8.589075e+01	8.702242e+01
	833	360	208.250000	0.000000	1.127389e-05	1.005621e+05	1.192234e+00	9.013750e+00	1.443106e+04	1.443199e+04	1.442148e+04	8.293282e+01	8.428738e+01
	865	360	216.250000	0.000000	7.071765e-06	1.005291e+05	9.310293e-01	8.657257e+00	1.439335e+04	1.439685e+04	1.437798e+04	8.130547e+01	8.411330e+01
	1016	360	254.000000	0.000000	1.350907e-05	1.007311e+05	9.314079e-01	8.494072e+00	1.454160e+04	1.454411e+04	1.451748e+04	8.652080e+01	8.749679e+01
	1256	360	314.000000	0.000000	1.213816e-05	9.979011e+04	5.428191e+02	8.142754e+00	1.498588e+04	1.498781e+04	1.496760e+04	7.524254e+01	7.942863e+01
2024	1	20	31	6
	465	180	116.250000	45.000000	5.587609e-04	8.401553e+04	1.516853e+04	1.020084e+01	1.486822e+04	1.488963e+04	1.445311e+04	9.651038e+01	8.638378e+01
	856	190	214.000000	42.500000	6.114515e-04	9.813853e+04	2.880405e+00	1.639224e+01	1.221043e+04	1.224471e+04	1.168911e+04	8.496181e+01	8.173758e+01
	487	194	121.750000	41.500000	1.068385e-04	8.629453e+04	7.770467e+03	1.221925e+01	1.471194e+04	1.471709e+04	1.463311e+04	7.936658e+01	7.873679e+01
	488	194	122.000000	41.500000	1.108320e-04	8.837253e+04	7.770467e+03	1.221925e+01	1.471203e+04	1.471731e+04	1.463311e+04	7.960257e+01	7.852341e+01
	1214	194	303.500000	41.500000	1.208154e-03	9.752553e+04	1.513001e+00	2.793367e+01	1.219862e+04	1.226199e+04	1.134249e+04	8.672329e+01	8.178748e+01
	56	198	14.000000	40.500000	5.134614e-04	8.784653e+04	1.230759e+04	1.481635e+01	1.429199e+04	1.431653e+04	1.403049e+04	8.287469e+01	6.628577e+01
	922	199	230.500000	40.250000	2.622874e-04	9.924553e+04	5.351261e+00	1.701881e+01	1.304552e+04	1.309390e+04	1.258611e+04	8.470900e+01	8.264303e+01
	762	207	190.500000	38.250000	2.651485e-04	9.699153e+04	1.674568e+00	1.866684e+01	1.136453e+04	1.143849e+04	1.078324e+04	9.041821e+01	8.905083e+01
	495	225	123.750000	33.750000	2.495917e-04	9.929753e+04	3.230833e+01	1.497278e+01	1.457532e+04	1.459218e+04	1.439661e+04	9.654792e+01	9.393059e+01
	494	249	123.500000	27.750000	2.236040e-04	9.528753e+04	1.905239e+02	1.526934e+01	1.475267e+04	1.475590e+04	1.465299e+04	9.375280e+01	8.823534e+01
	322	331	80.500000	7.250000	9.473879e-05	8.818553e+04	1.438166e+04	9.811401e+00	1.505343e+04	1.505288e+04	1.502311e+04	7.980505e+01	7.378643e+01
	1024	332	256.000000	7.000000	1.689466e-04	1.009615e+05	1.553725e+00	9.437816e+00	1.479653e+04	1.480047e+04	1.473499e+04	9.011789e+01	8.697664e+01
	619	333	154.750000	6.750000	1.111347e-05	1.005075e+05	1.091509e+00	1.284448e+01	1.443217e+04	1.443356e+04	1.439324e+04	9.339506e+01	9.086191e+01
	850	336	212.500000	6.000000	1.892122e-04	1.007215e+05	8.305348e-01	1.304541e+01	1.463444e+04	1.464052e+04	1.452674e+04	9.204980e+01	8.462716e+01
	1058	337	264.500000	5.750000	3.306540e-04	1.009425e+05	2.298316e+00	8.626991e+00	1.476568e+04	1.476796e+04	1.471111e+04	8.578870e+01	8.157649e+01
	911	338	227.750000	5.500000	9.688456e-05	1.009065e+05	9.309615e-01	1.204921e+01	1.475044e+04	1.475190e+04	1.472461e+04	9.568841e+01	9.095762e+01
	1137	341	284.250000	4.750000	2.363594e-04	6.733453e+04	3.464610e+04	5.707912e+00	1.476086e+04	1.476315e+04	1.447111e+04	8.234250e+01	7.843378e+01
	1331	343	332.750000	4.250000	1.794370e-04	1.011235e+05	7.303221e-01	1.093700e+01	1.486427e+04	1.486702e+04	1.479211e+04	9.160748e+01	8.546137e+01
	570	344	142.500000	4.000000	1.755077e-05	1.004565e+05	1.754831e+00	1.098006e+01	1.440846e+04	1.441159e+04	1.436724e+04	9.065803e+01	8.016779e+01
	778	347	194.500000	3.250000	1.373608e-05	1.006585e+05	9.913462e-01	8.714408e+00	1.453636e+04	1.453833e+04	1.451199e+04	8.318772e+01	8.100491e+01
	803	348	200.750000	3.000000	1.814682e-05	1.006815e+05	1.272668e+00	1.128525e+01	1.455665e+04	1.455839e+04	1.454011e+04	9.060760e+01	8.589990e+01
	397	351	99.250000	2.250000	3.453810e-05	8.264653e+04	1.419478e+04	3.951640e+00	1.487721e+04	1.487677e+04	1.481586e+04	8.005426e+01	7.759561e+01
	993	356	248.250000	1.000000	6.225891e-06	1.010265e+05	1.293055e+00	8.184982e+00	1.479500e+04	1.479488e+04	1.478186e+04	9.372444e+01	8.998897e+01
	433	357	108.250000	0.750000	1.076730e-04	9.510153e+04	6.177788e+03	8.246584e+00	1.475569e+04	1.476036e+04	1.470011e+04	9.091654e+01	8.726784e+01
	986	357	246.500000	0.750000	9.682961e-06	1.010265e+05	1.293055e+00	8.683816e+00	1.479205e+04	1.479247e+04	1.478186e+04	9.300266e+01	9.036431e+01
	1288	357	322.000000	0.750000	4.735775e-06	1.010385e+05	1.393162e+00	7.283241e+00	1.481832e+04	1.482059e+04	1.477486e+04	8.047730e+01	7.824044e+01
	1289	357	322.250000	0.750000	4.497357e-06	1.010385e+05	1.393162e+00	7.297029e+00	1.481821e+04	1.482058e+04	1.477486e+04	8.112463e+01	7.843853e+01
	1290	357	322.500000	0.750000	5.033799e-06	1.010385e+05	1.393056e+00	7.830172e+00	1.481814e+04	1.482059e+04	1.477486e+04	8.178170e+01	7.866795e+01
	1229	358	307.250000	0.500000	2.500135e-05	9.587753e+04	4.826799e+03	6.962556e+00	1.482469e+04	1.482638e+04	1.480486e+04	8.852184e+01	8.893652e+01
	1390	358	347.500000	0.500000	3.531296e-05	1.012705e+05	6.698610e-01	6.173197e+00	1.497031e+04	1.497090e+04	1.495586e+04	8.273406e+01	7.793662e+01
	1430	359	357.500000	0.250000	1.063664e-05	1.012755e+05	1.855562e+00	5.100874e+00	1.499731e+04	1.499797e+04	1.498699e+04	7.833335e+01	7.369090e+01
2024	1	20	28	12
	468	181	117.000000	44.750000	3.421356e-04	8.423316e+04	1.516853e+04	8.299603e+00	1.500741e+04	1.501773e+04	1.473678e+04	9.921504e+01	9.032835e+01
	1239	183	309.750000	44.250000	1.099055e-03	9.712116e+04	1.853069e+00	2.403736e+01	1.177997e+04	1.185509e+04	1.067790e+04	8.293662e+01	8.243600e+01
	503	186	125.750000	43.500000	9.435904e-05	8.479816e+04	1.069174e+04	6.669595e+00	1.472216e+04	1.473597e+04	1.461053e+04	8.292011e+01	7.681776e+01
	861	186	215.250000	43.500000	4.884650e-04	9.813016e+04	2.880405e+00	1.428304e+01	1.217364e+04	1.220445e+04	1.166203e+04	9.200526e+01	8.634602e+01
	79	194	19.750000	41.500000	3.455330e-04	8.450316e+04	1.571282e+04	1.376116e+01	1.443225e+04	1.444771e+04	1.408453e+04	8.438354e+01	7.366790e+01
	927	194	231.750000	41.500000	2.177407e-04	9.857016e+04	1.226790e+01	1.722125e+01	1.295214e+04	1.299611e+04	1.251978e+04	8.458144e+01	8.247081e+01
	774	200	193.500000	40.000000	3.463675e-04	9.691916e+04	1.775948e+00	1.861008e+01	1.128320e+04	1.134628e+04	1.069153e+04	9.144331e+01	8.757426e+01
	735	210	183.750000	37.500000	1.432945e-04	9.793616e+04	1.773558e+00	1.445843e+01	1.178369e+04	1.180825e+04	1.161065e+04	8.554639e+01	8.310604e+01
	509	226	127.250000	33.500000	2.599407e-04	9.570916e+04	5.062174e+03	1.495099e+01	1.460511e+04	1.462471e+04	1.442290e+04	9.339344e+01	9.146622e+01
	510	226	127.500000	33.500000	2.599407e-04	9.541316e+04	5.062174e+03	1.495099e+01	1.460213e+04	1.462169e+04	1.442290e+04	9.341988e+01	9.153426e+01
	596	310	149.000000	12.500000	7.336261e-06	1.011192e+05	1.071587e+00	1.243195e+01	1.482513e+04	1.482815e+04	1.480528e+04	8.314198e+01	8.369794e+01
	668	320	167.000000	10.000000	9.030593e-05	1.008932e+05	1.332778e+00	1.105199e+01	1.467460e+04	1.467560e+04	1.464115e+04	9.186238e+01	8.663718e+01
	669	320	167.250000	10.000000	9.030593e-05	1.008932e+05	1.332778e+00	1.105199e+01	1.467372e+04	1.467466e+04	1.464115e+04	9.128355e+01	8.628848e+01
	1366	333	341.500000	6.750000	1.964022e-04	1.013672e+05	1.252504e+00	8.674653e+00	1.506098e+04	1.506348e+04	1.501815e+04	8.885603e+01	8.182224e+01
	466	336	116.500000	6.000000	7.892144e-05	8.698916e+04	1.352554e+04	6.051266e+00	1.488999e+04	1.488841e+04	1.483940e+04	8.053533e+01	7.877423e+01
	1287	336	321.750000	6.000000	2.342951e-05	1.014592e+05	1.393613e+00	1.219635e+01	1.511380e+04	1.511457e+04	1.507728e+04	8.659263e+01	8.359695e+01
	612	338	153.000000	5.500000	1.495006e-06	1.008082e+05	1.654209e+00	1.164182e+01	1.468112e+04	1.468450e+04	1.463953e+04	8.237843e+01	8.323658e+01
	1137	341	284.250000	4.750000	2.810408e-04	6.735416e+04	3.464610e+04	7.190005e+00	1.481012e+04	1.481494e+04	1.450465e+04	8.456555e+01	8.159847e+01
	540	342	135.000000	4.500000	4.494679e-05	1.008392e+05	1.995751e+00	1.011925e+01	1.472026e+04	1.472432e+04	1.468553e+04	8.916640e+01	8.477475e+01
	1321	342	330.250000	4.500000	1.728584e-04	1.014112e+05	8.707059e-01	1.048276e+01	1.508013e+04	1.508199e+04	1.503190e+04	9.381617e+01	8.644342e+01
	848	343	212.000000	4.250000	1.709510e-04	1.004932e+05	6.496806e-01	1.421618e+01	1.443002e+04	1.443595e+04	1.435803e+04	9.369323e+01	8.796567e+01
	641	344	160.250000	4.000000	3.785384e-05	1.007792e+05	1.473517e+00	1.109785e+01	1.465375e+04	1.465577e+04	1.460165e+04	9.161481e+01	9.000886e+01
	1039	347	259.750000	3.250000	4.832866e-06	1.007612e+05	1.493493e+00	7.061737e+00	1.457716e+04	1.457894e+04	1.455290e+04	9.541177e+01	9.142116e+01
	904	350	226.000000	2.500000	3.521563e-06	1.006052e+05	1.232426e+00	1.023365e+01	1.448328e+04	1.448682e+04	1.443853e+04	9.306791e+01	9.264394e+01
	875	353	218.750000	1.750000	3.283145e-06	1.005662e+05	1.152064e+00	1.013781e+01	1.445048e+04	1.445346e+04	1.442353e+04	8.967854e+01	9.066990e+01
	425	354	106.250000	1.500000	1.226116e-04	1.000262e+05	3.512205e+02	7.675351e+00	1.483358e+04	1.483748e+04	1.478740e+04	8.734644e+01	8.425076e+01
	511	354	127.750000	1.500000	1.429368e-04	9.632316e+04	5.294975e+03	1.017323e+01	1.477823e+04	1.477864e+04	1.473490e+04	8.981586e+01	8.775408e+01
	783	360	195.750000	0.000000	2.772105e-05	1.005562e+05	9.912879e-01	8.054512e+00	1.444072e+04	1.444668e+04	1.439328e+04	8.899632e+01	8.219618e+01
2024	1	20	30	18
	503	185	125.750000	43.750000	8.469773e-05	8.488428e+04	1.069174e+04	6.558145e+00	1.464802e+04	1.466389e+04	1.453438e+04	9.093677e+01	8.519154e+01
	868	186	217.000000	43.500000	3.004069e-04	9.852728e+04	3.203531e+00	1.297494e+01	1.228127e+04	1.230265e+04	1.194913e+04	8.596741e+01	8.294944e+01
	928	187	232.000000	43.250000	2.819891e-04	9.319128e+04	1.226790e+01	1.455141e+01	1.285128e+04	1.288612e+04	1.250275e+04	8.846939e+01	8.386974e+01
	307	190	76.750000	42.500000	1.525874e-04	5.765028e+04	4.055830e+04	5.121224e+00	1.523912e+04	1.525133e+04	1.479863e+04	7.961970e+01	7.098949e+01
	472	191	118.000000	42.250000	1.989598e-04	8.426328e+04	1.611941e+04	1.264846e+01	1.497556e+04	1.498311e+04	1.488675e+04	9.163358e+01	8.814285e+01
	782	197	195.500000	40.750000	4.235501e-04	9.687328e+04	1.976276e+00	1.977176e+01	1.118210e+04	1.123811e+04	1.061800e+04	8.979859e+01	8.771253e+01
	77	199	19.250000	40.250000	3.136988e-04	8.631828e+04	1.470677e+04	1.615223e+01	1.448509e+04	1.451022e+04	1.416138e+04	7.767820e+01	6.815042e+01
	737	199	184.250000	40.250000	3.966088e-04	9.816928e+04	9.713605e-01	1.484566e+01	1.176382e+04	1.178158e+04	1.155975e+04	9.020296e+01	8.503876e+01
	543	218	135.750000	35.500000	2.775784e-04	8.447928e+04	1.529114e+04	1.577671e+01	1.447122e+04	1.449898e+04	1.422288e+04	9.648303e+01	9.296783e+01
	504	331	126.000000	7.250000	7.563783e-05	8.781628e+04	1.381545e+04	8.383850e+00	1.471475e+04	1.471442e+04	1.467813e+04	7.794827e+01	7.979056e+01
	582	331	145.500000	7.250000	3.456604e-06	1.006883e+05	2.076308e+00	1.164127e+01	1.457292e+04	1.457517e+04	1.455700e+04	8.041287e+01	8.048151e+01
	1029	336	257.250000	6.000000	2.767439e-04	1.010123e+05	1.553725e+00	1.068975e+01	1.482591e+04	1.482868e+04	1.476925e+04	8.747495e+01	8.268432e+01
	1052	337	263.000000	5.750000	4.299278e-04	1.010053e+05	1.795075e+00	1.012492e+01	1.481527e+04	1.481496e+04	1.477125e+04	7.947868e+01	8.045309e+01
	713	338	178.250000	5.500000	3.444548e-04	1.006963e+05	1.332782e+00	9.206259e+00	1.458204e+04	1.458574e+04	1.452075e+04	9.206434e+01	8.644522e+01
	1052	338	263.000000	5.500000	4.299278e-04	1.010053e+05	1.795075e+00	1.012492e+01	1.481132e+04	1.481082e+04	1.477125e+04	8.125613e+01	8.145986e+01
	1137	341	284.250000	4.750000	2.991552e-04	6.732928e+04	3.464610e+04	5.633548e+00	1.475059e+04	1.475856e+04	1.445513e+04	7.500391e+01	7.731964e+01
	798	342	199.500000	4.500000	2.978439e-04	1.006983e+05	1.272668e+00	1.252390e+01	1.459432e+04	1.459742e+04	1.453825e+04	9.255775e+01	8.465322e+01
	554	344	138.500000	4.000000	2.574874e-05	1.006583e+05	2.498301e+00	1.042653e+01	1.454443e+04	1.454672e+04	1.450575e+04	8.780620e+01	8.266704e+01
	881	344	220.250000	4.000000	1.212354e-04	1.008213e+05	1.152067e+00	1.274510e+01	1.467470e+04	1.467810e+04	1.463025e+04	9.247753e+01	8.935119e+01
	903	346	225.750000	3.500000	2.872897e-05	1.008153e+05	1.232426e+00	1.306026e+01	1.471004e+04	1.471146e+04	1.462800e+04	9.233747e+01	9.085617e+01
	433	348	108.250000	3.000000	9.435369e-05	9.521628e+04	1.521403e+03	7.689077e+00	1.485051e+04	1.485484e+04	1.479525e+04	8.848209e+01	8.525209e+01
	1225	350	306.250000	2.500000	6.043864e-05	9.598828e+04	4.813707e+03	8.845497e+00	1.489123e+04	1.489160e+04	1.485663e+04	9.112190e+01	8.694032e+01
	1284	352	321.000000	2.000000	7.623388e-05	1.010603e+05	1.393162e+00	9.950951e+00	1.483692e+04	1.483946e+04	1.480163e+04	8.306840e+01	8.616140e+01
	853	355	213.250000	1.250000	4.469883e-06	1.007633e+05	9.712098e-01	1.015448e+01	1.463037e+04	1.463434e+04	1.458700e+04	8.875074e+01	9.002718e+01
	1084	355	271.000000	1.250000	1.972867e-05	9.867428e+04	9.415852e+01	6.451638e+00	1.470213e+04	1.470498e+04	1.466288e+04	9.277439e+01	9.171061e+01
	214	358	53.500000	0.500000	1.889421e-05	1.010903e+05	8.506241e-01	1.175318e+01	1.482016e+04	1.482459e+04	1.477175e+04	7.674647e+01	7.135630e+01
	369	359	92.250000	0.250000	6.222678e-05	1.011103e+05	2.839612e+00	5.842584e+00	1.493233e+04	1.493305e+04	1.491025e+04	7.615572e+01	7.342018e+01
	630	359	157.500000	0.250000	1.325007e-04	1.005553e+05	1.372980e+00	8.137594e+00	1.448807e+04	1.448860e+04	1.447400e+04	8.156650e+01	8.303055e+01
	982	359	245.500000	0.250000	4.112255e-06	1.010663e+05	9.715036e-01	8.803667e+00	1.481843e+04	1.481903e+04	1.481475e+04	9.329338e+01	9.191244e+01
	934	360	233.500000	0.000000	1.251651e-05	1.009763e+05	1.433130e+00	1.050446e+01	1.476224e+04	1.476337e+04	1.474425e+04	8.938546e+01	8.857357e+01
2024	1	21	31	0
	930	181	232.500000	44.750000	1.861784e-04	9.494647e+04	1.796516e+01	1.379095e+01	1.270473e+04	1.273253e+04	1.239211e+04	8.964684e+01	8.578920e+01
	509	185	127.250000	43.750000	8.121459e-05	8.458447e+04	1.602987e+04	8.059324e+00	1.455087e+04	1.456727e+04	1.446248e+04	9.737685e+01	8.908058e+01
	877	186	219.250000	43.500000	2.415809e-04	9.868447e+04	3.203531e+00	1.198568e+01	1.225535e+04	1.226940e+04	1.208048e+04	7.781394e+01	7.916678e+01
	1187	186	296.750000	43.500000	1.874897e-04	9.813847e+04	1.897346e+03	1.048254e+01	1.291416e+04	1.292951e+04	1.279398e+04	9.275338e+01	9.056984e+01
	307	190	76.750000	42.500000	1.221630e-04	5.751747e+04	4.055830e+04	4.765999e+00	1.515538e+04	1.517654e+04	1.459373e+04	8.451918e+01	7.323763e+01
	796	192	199.000000	42.000000	2.703103e-04	9.686947e+04	1.653934e+00	1.969252e+01	1.103602e+04	1.109250e+04	1.061161e+04	9.089523e+01	8.839507e+01
	134	198	33.500000	40.500000	3.722045e-04	8.144047e+04	1.588568e+04	1.208689e+01	1.459770e+04	1.461219e+04	1.438273e+04	8.915054e+01	7.661797e+01
	732	200	183.000000	40.000000	5.488726e-04	9.819347e+04	9.713605e-01	1.683103e+01	1.194439e+04	1.196581e+04	1.158898e+04	8.058625e+01	8.139128e+01
	462	201	115.500000	39.750000	2.156231e-04	8.251247e+04	1.852215e+04	9.997582e+00	1.520887e+04	1.521536e+04	1.499211e+04	8.043125e+01	8.217330e+01
	75	202	18.750000	39.500000	2.669725e-04	8.706647e+04	1.354022e+04	1.632246e+01	1.456178e+04	1.459256e+04	1.424311e+04	8.024596e+01	7.239512e+01
	75	203	18.750000	39.250000	2.669725e-04	8.706647e+04	1.354022e+04	1.632246e+01	1.454623e+04	1.457677e+04	1.424311e+04	8.101897e+01	7.278105e+01
	694	214	173.500000	36.500000	2.169046e-04	9.908547e+04	1.593337e+00	1.970487e+01	1.253371e+04	1.255664e+04	1.240473e+04	8.631888e+01	8.257639e+01
	550	219	137.500000	35.250000	4.912647e-04	8.419247e+04	1.606337e+04	1.781274e+01	1.442191e+04	1.445296e+04	1.412836e+04	9.428613e+01	9.120471e+01
	406	232	101.500000	32.000000	4.870025e-05	5.655147e+04	4.443617e+04	5.882494e+00	1.492073e+04	1.495615e+04	1.421686e+04	7.744997e+01	7.999039e+01
	491	335	122.750000	6.250000	5.153148e-05	8.802747e+04	8.073860e+03	7.224868e+00	1.492743e+04	1.493197e+04	1.487411e+04	7.878102e+01	7.834480e+01
	1343	335	335.750000	6.250000	3.856746e-05	1.014645e+05	1.553237e+00	8.318947e+00	1.511833e+04	1.511930e+04	1.508586e+04	8.454974e+01	7.898466e+01
	1017	338	254.250000	5.500000	3.858539e-04	1.008025e+05	1.674245e+00	1.145048e+01	1.466541e+04	1.466570e+04	1.459998e+04	9.374068e+01	8.735284e+01
	521	344	130.250000	4.000000	1.537534e-04	9.902047e+04	8.064232e+00	9.716869e+00	1.485361e+04	1.485772e+04	1.476436e+04	9.193520e+01	8.964338e+01
	416	345	104.000000	3.750000	1.136395e-04	9.076647e+04	5.366552e+03	7.404693e+00	1.490818e+04	1.491014e+04	1.486623e+04	7.973511e+01	7.437985e+01
	825	345	206.250000	3.750000	1.949403e-04	1.004695e+05	8.306346e-01	1.155230e+01	1.441146e+04	1.441213e+04	1.435186e+04	8.782792e+01	8.398348e+01
	892	345	223.000000	3.750000	4.768698e-05	1.004595e+05	9.712200e-01	1.230011e+01	1.437491e+04	1.437665e+04	1.432673e+04	9.318408e+01	9.127835e+01
	825	346	206.250000	3.500000	1.949403e-04	1.004695e+05	8.306346e-01	1.150490e+01	1.441082e+04	1.441154e+04	1.435186e+04	8.743285e+01	8.492616e+01
	786	347	196.500000	3.250000	1.495811e-04	1.005015e+05	1.192172e+00	1.078725e+01	1.440988e+04	1.441135e+04	1.437386e+04	9.197916e+01	8.633543e+01
	628	350	157.000000	2.500000	1.020762e-04	1.008455e+05	1.694440e+00	1.071241e+01	1.471792e+04	1.471899e+04	1.469411e+04	8.807423e+01	8.668726e+01
	870	350	217.500000	2.500000	5.099457e-06	1.004385e+05	1.152064e+00	1.223054e+01	1.435448e+04	1.435670e+04	1.431948e+04	8.875359e+01	8.944054e+01
	348	352	87.000000	2.000000	1.299707e-05	1.010515e+05	1.473507e+00	7.276766e+00	1.485844e+04	1.485978e+04	1.484423e+04	7.731406e+01	7.237569e+01
	1131	354	282.750000	1.500000	2.073082e-04	6.507647e+04	3.547566e+04	6.137982e+00	1.469522e+04	1.469685e+04	1.439798e+04	8.638146e+01	8.238425e+01
	1063	355	265.750000	1.250000	1.991121e-05	1.004225e+05	3.240910e+00	4.903581e+00	1.460197e+04	1.460133e+04	1.458761e+04	9.545254e+01	9.188052e+01
	984	358	246.000000	0.500000	-3.930647e-06	1.006635e+05	9.715036e-01	8.279437e+00	1.450247e+04	1.450497e+04	1.447836e+04	8.916329e+01	8.910857e+01
	1220	358	305.000000	0.500000	2.870290e-05	9.591747e+04	4.960025e+03	3.715632e+00	1.494650e+04	1.494795e+04	1.491786e+04	8.753941e+01	8.502391e+01
	909	359	227.250000	0.250000	8.198898e-06	1.004925e+05	1.031411e+00	1.066144e+01	1.436270e+04	1.436429e+04	1.433386e+04	8.918188e+01	8.810405e+01
2024	1	21	25	6
	514	193	128.500000	41.750000	1.895975e-04	8.343123e+04	1.738335e+04	1.164259e+01	1.444283e+04	1.445117e+04	1.432986e+04	9.176706e+01	9.059278e+01
	733	201	183.250000	39.750000	3.626298e-04	9.819523e+04	9.713605e-01	1.575420e+01	1.193340e+04	1.195617e+04	1.157874e+04	8.276012e+01	8.394699e+01
	561	214	140.250000	36.500000	7.643651e-04	8.400523e+04	1.606337e+04	2.100630e+01	1.414951e+04	1.419411e+04	1.368011e+04	9.310866e+01	9.160400e+01
	698	217	174.500000	35.750000	1.518081e-04	9.895323e+04	1.593337e+00	1.772124e+01	1.241347e+04	1.243907e+04	1.225074e+04	8.068478e+01	7.550319e+01
	1066	297	266.500000	15.750000	2.633284e-04	7.640123e+04	2.830908e+04	1.731669e+01	1.515553e+04	1.515851e+04	1.497086e+04	7.648992e+01	7.592996e+01
	713	329	178.250000	7.750000	1.852463e-04	1.007172e+05	1.372946e+00	1.005149e+01	1.460048e+04	1.460090e+04	1.454274e+04	8.913134e+01	8.642548e+01
	1013	339	253.250000	5.250000	2.466391e-04	1.009992e+05	1.674245e+00	1.141992e+01	1.480930e+04	1.481053e+04	1.475399e+04	8.930575e+01	8.566421e+01
	1137	341	284.250000	4.750000	2.940844e-04	6.738823e+04	3.464610e+04	4.983996e+00	1.480778e+04	1.481051e+04	1.453336e+04	8.269278e+01	7.912965e+01
	1352	342	338.000000	4.500000	8.280156e-06	1.012592e+05	1.653883e+00	7.804911e+00	1.495103e+04	1.495316e+04	1.492424e+04	9.096799e+01	8.739819e+01
	519	343	129.750000	4.250000	4.015516e-04	9.879423e+04	1.956036e+01	1.105963e+01	1.462233e+04	1.462472e+04	1.453349e+04	9.042778e+01	8.722446e+01
	1046	343	261.500000	4.250000	1.504372e-04	1.009482e+05	1.493493e+00	9.343566e+00	1.477264e+04	1.477602e+04	1.472261e+04	8.541666e+01	8.433498e+01
	692	345	173.000000	3.750000	1.030671e-05	1.007102e+05	1.292698e+00	7.487241e+00	1.459153e+04	1.459232e+04	1.457486e+04	8.222482e+01	7.871883e+01
	779	346	194.750000	3.500000	3.179263e-04	1.006252e+05	9.912842e-01	1.017265e+01	1.453055e+04	1.453465e+04	1.447061e+04	9.330736e+01	9.080724e+01
	855	350	213.750000	2.500000	8.041738e-06	1.007392e+05	9.510900e-01	1.149751e+01	1.459477e+04	1.459722e+04	1.456111e+04	8.969839e+01	8.932756e+01
	900	350	225.000000	2.500000	4.882691e-06	1.008112e+05	1.232426e+00	9.883929e+00	1.464326e+04	1.464427e+04	1.462911e+04	9.239898e+01	9.262559e+01
	1246	350	311.500000	2.500000	6.997096e-05	9.987023e+04	9.146603e+01	1.115788e+01	1.483413e+04	1.483622e+04	1.481186e+04	8.663413e+01	8.313277e+01
	1216	351	304.000000	2.250000	5.180715e-06	9.573723e+04	4.960025e+03	4.595640e+00	1.485150e+04	1.485457e+04	1.480736e+04	8.816467e+01	8.882323e+01
	203	354	50.750000	1.500000	3.987062e-05	1.012752e+05	1.634126e+00	1.303574e+01	1.494820e+04	1.494856e+04	1.492624e+04	8.069357e+01	7.681014e+01
	204	355	51.000000	1.250000	3.909576e-05	1.012662e+05	1.634126e+00	1.288450e+01	1.494546e+04	1.494552e+04	1.492624e+04	8.097948e+01	7.901829e+01
	366	355	91.500000	1.250000	5.554664e-05	1.011092e+05	2.839612e+00	6.797451e+00	1.492791e+04	1.492947e+04	1.490774e+04	8.223007e+01	7.887764e+01
	968	356	242.000000	1.000000	6.015180e-06	1.009272e+05	1.011285e+00	9.003553e+00	1.472103e+04	1.472266e+04	1.470536e+04	9.357442e+01	9.176810e+01
	756	357	189.000000	0.750000	7.140147e-05	1.006742e+05	1.674424e+00	6.785112e+00	1.455146e+04	1.455247e+04	1.454161e+04	9.100420e+01	8.577676e+01
	934	359	233.500000	0.250000	8.816598e-06	1.008702e+05	1.433130e+00	1.013085e+01	1.466104e+04	1.466328e+04	1.464461e+04	8.597482e+01	8.586560e+01
	607	360	151.750000	0.000000	1.757848e-05	1.000512e+05	5.108337e+00	9.344843e+00	1.448094e+04	1.448241e+04	1.445449e+04	7.833802e+01	8.010655e+01
	934	360	233.500000	0.000000	9.412644e-06	1.008702e+05	1.433130e+00	1.021163e+01	1.466061e+04	1.466290e+04	1.464461e+04	8.480061e+01	8.531943e+01
2024	1	21	28	12
	1203	180	300.750000	45.000000	9.247172e-05	9.620267e+04	4.064741e+03	1.114483e+01	1.292405e+04	1.295097e+04	1.274401e+04	9.162379e+01	8.938522e+01
	513	194	128.250000	41.500000	1.781236e-04	8.330967e+04	1.738335e+04	1.302257e+01	1.442320e+04	1.444122e+04	1.427289e+04	9.487283e+01	8.866914e+01
	738	202	184.500000	39.500000	3.046345e-04	9.823667e+04	1.372840e+00	1.380474e+01	1.191899e+04	1.194060e+04	1.161176e+04	8.288338e+01	8.391457e+01
	80	211	20.000000	37.250000	3.350924e-04	8.875567e+04	1.076801e+04	1.688328e+01	1.476324e+04	1.477707e+04	1.451939e+04	8.557597e+01	7.708784e+01
	569	214	142.250000	36.500000	7.564079e-04	8.733067e+04	7.972292e+03	2.108825e+01	1.415909e+04	1.419777e+04	1.354114e+04	8.732615e+01	8.718871e+01
	704	222	176.000000	34.500000	1.832496e-04	9.900067e+04	1.452312e+00	1.757590e+01	1.246458e+04	1.249014e+04	1.224051e+04	8.576578e+01	7.969003e+01
	438	260	109.500000	25.000000	8.758414e-05	8.803267e+04	1.128536e+04	5.323292e+00	1.508297e+04	1.508762e+04	1.499889e+04	9.731374e+01	9.469069e+01
	716	331	179.000000	7.250000	8.868682e-05	1.008487e+05	1.332782e+00	8.158755e+00	1.472646e+04	1.472719e+04	1.469939e+04	8.944102e+01	8.041028e+01
	717	331	179.250000	7.250000	8.868682e-05	1.008467e+05	1.332782e+00	8.158755e+00	1.472214e+04	1.472267e+04	1.469939e+04	8.954257e+01	8.022645e+01
	1329	336	332.250000	6.000000	4.413235e-05	1.014437e+05	9.511742e-01	9.832674e+00	1.511997e+04	1.512176e+04	1.507264e+04	8.969518e+01	8.338097e+01
	743	338	185.750000	5.500000	4.735540e-04	1.005727e+05	8.305691e-01	1.255768e+01	1.456952e+04	1.457541e+04	1.443114e+04	9.186653e+01	8.282462e+01
	1137	341	284.250000	4.750000	3.001045e-04	6.745267e+04	3.464610e+04	6.709527e+00	1.493043e+04	1.493436e+04	1.463076e+04	8.411124e+01	8.079819e+01
	825	343	206.250000	4.250000	8.159387e-05	1.005467e+05	1.212252e+00	1.021689e+01	1.446158e+04	1.446429e+04	1.441901e+04	9.362768e+01	9.067309e+01
	778	349	194.500000	2.750000	3.839610e-06	1.005827e+05	9.913462e-01	1.179852e+01	1.449898e+04	1.450197e+04	1.445526e+04	8.915939e+01	8.929499e+01
	802	350	200.500000	2.500000	5.486119e-05	1.005707e+05	1.272668e+00	9.386348e+00	1.446380e+04	1.446735e+04	1.442601e+04	8.858502e+01	8.994308e+01
	891	351	222.750000	2.250000	1.021731e-05	1.005457e+05	1.131940e+00	9.988893e+00	1.440681e+04	1.441052e+04	1.438151e+04	9.380554e+01	9.345591e+01
	586	354	146.500000	1.500000	1.188624e-05	1.008217e+05	2.357404e+00	1.053364e+01	1.472698e+04	1.473087e+04	1.468101e+04	8.607282e+01	7.833941e+01
	1067	354	266.750000	1.500000	9.360421e-05	9.867067e+04	1.341490e+01	6.310867e+00	1.467930e+04	1.468097e+04	1.465026e+04	9.658208e+01	9.275333e+01
	541	355	135.250000	1.250000	3.823149e-05	8.283267e+04	8.160069e+01	7.639346e+00	1.481001e+04	1.480978e+04	1.478564e+04	8.413879e+01	8.590238e+01
	984	355	246.000000	1.250000	1.233327e-05	1.006927e+05	9.715036e-01	8.418013e+00	1.451429e+04	1.451667e+04	1.449601e+04	9.629201e+01	9.530627e+01
	419	356	104.750000	1.000000	5.664933e-05	9.883467e+04	1.154640e+03	8.125852e+00	1.489086e+04	1.489091e+04	1.484751e+04	8.077069e+01	8.147955e+01
	1018	356	254.500000	1.000000	4.972098e-06	1.008037e+05	9.511032e-01	7.450277e+00	1.460124e+04	1.460155e+04	1.458589e+04	9.167427e+01	8.935973e+01
	380	357	95.000000	0.750000	5.211937e-05	9.966167e+04	9.800093e+00	4.580891e+00	1.485178e+04	1.485327e+04	1.483576e+04	7.667701e+01	7.640386e+01
	616	357	154.000000	0.750000	4.511583e-05	1.008737e+05	1.433083e+00	8.365520e+00	1.476000e+04	1.475948e+04	1.474151e+04	8.094203e+01	8.262243e+01
	914	357	228.500000	0.750000	1.406181e-05	1.005387e+05	8.103890e-01	9.696519e+00	1.438788e+04	1.439263e+04	1.434926e+04	8.863876e+01	8.919502e+01
	947	357	236.750000	0.750000	4.852889e-06	1.006027e+05	1.955514e+00	9.464824e+00	1.443082e+04	1.443385e+04	1.439726e+04	9.404580e+01	9.323238e+01
	1218	357	304.500000	0.750000	2.675760e-05	9.602367e+04	4.960025e+03	5.047459e+00	1.505747e+04	1.506064e+04	1.501314e+04	8.391423e+01	8.748273e+01
	984	358	246.000000	0.500000	1.155841e-05	1.006927e+05	9.715036e-01	8.470739e+00	1.450850e+04	1.451044e+04	1.449601e+04	9.560596e+01	9.535239e+01
2024	1	21	30	18
	899	181	224.750000	44.750000	1.254508e-04	9.877580e+04	6.334190e+00	8.036461e+00	1.228911e+04	1.230114e+04	1.218839e+04	8.626786e+01	8.530238e+01
	171	187	42.750000	43.250000	1.948902e-04	7.277580e+04	2.949020e+04	1.344434e+01	1.475757e+04	1.476518e+04	1.454914e+04	8.643913e+01	6.765660e+01
	543	195	135.750000	41.250000	1.881847e-04	9.254880e+04	6.392522e+01	1.670312e+01	1.422058e+04	1.423631e+04	1.410702e+04	8.567934e+01	8.879144e+01
	1223	196	305.750000	41.000000	1.065446e-03	9.920380e+04	1.755919e+00	2.162193e+01	1.292796e+04	1.296873e+04	1.237527e+04	8.112431e+01	8.130309e+01
	513	199	128.250000	40.250000	3.174373e-04	8.303180e+04	1.738335e+04	1.374581e+01	1.427354e+04	1.430030e+04	1.403639e+04	8.683732e+01	8.796368e+01
	743	202	185.750000	39.500000	2.118775e-04	9.813080e+04	1.372840e+00	1.226237e+01	1.178485e+04	1.180799e+04	1.153577e+04	8.073309e+01	8.243538e+01
	80	213	20.000000	36.750000	2.040395e-04	9.059780e+04	8.533211e+03	1.768703e+01	1.497648e+04	1.498752e+04	1.478752e+04	8.772261e+01	7.820050e+01
	579	216	144.750000	36.000000	5.256662e-04	1.001848e+05	3.802986e+00	2.130475e+01	1.398652e+04	1.403139e+04	1.348527e+04	7.871046e+01	8.346929e+01
	714	224	178.500000	34.000000	2.624521e-04	9.886380e+04	1.353749e+00	1.628282e+01	1.236379e+04	1.238692e+04	1.214927e+04	7.863905e+01	7.552419e+01
	403	240	100.750000	30.000000	5.237549e-05	5.670580e+04	4.722730e+04	5.061598e+00	1.513796e+04	1.515407e+04	1.449277e+04	8.050455e+01	7.935545e+01
	714	331	178.500000	7.250000	1.804063e-04	1.008668e+05	1.332782e+00	1.003668e+01	1.470808e+04	1.470880e+04	1.464439e+04	9.045187e+01	8.445737e+01
	793	337	198.250000	5.750000	1.472065e-04	1.007208e+05	1.272653e+00	1.169822e+01	1.460623e+04	1.460915e+04	1.456239e+04	9.226673e+01	9.076275e+01
	742	339	185.500000	5.250000	6.967911e-04	1.006458e+05	8.305691e-01	1.259052e+01	1.463971e+04	1.464421e+04	1.446877e+04	8.986827e+01	8.443574e+01
	1267	339	316.750000	5.250000	3.127544e-05	1.011588e+05	1.091758e+00	1.064523e+01	1.487738e+04	1.487991e+04	1.485014e+04	8.669481e+01	7.963580e+01
	881	347	220.250000	3.250000	1.440733e-05	1.008508e+05	9.712200e-01	1.232600e+01	1.470372e+04	1.470685e+04	1.464377e+04	9.273416e+01	9.259538e+01
	1135	347	283.750000	3.250000	1.829693e-04	6.745080e+04	3.408521e+04	4.941089e+00	1.490955e+04	1.491150e+04	1.457389e+04	7.995917e+01	7.952129e+01
	1295	348	323.750000	3.000000	3.085821e-05	1.011088e+05	1.594022e+00	9.662334e+00	1.486446e+04	1.486532e+04	1.483527e+04	8.929992e+01	8.671008e+01
	1227	349	306.750000	2.750000	6.158440e-05	9.607780e+04	4.348211e+03	8.707592e+00	1.493267e+04	1.493337e+04	1.489352e+04	9.248178e+01	8.713777e+01
	420	352	105.000000	2.000000	1.520345e-04	9.831080e+04	2.996215e+03	7.641565e+00	1.490340e+04	1.490524e+04	1.487364e+04	8.421951e+01	8.253013e+01
	563	353	140.750000	1.750000	9.609153e-06	1.005438e+05	1.573918e+00	1.078626e+01	1.452287e+04	1.453156e+04	1.441289e+04	9.013673e+01	8.288806e+01
	846	353	211.500000	1.750000	1.002639e-05	1.008218e+05	1.573924e+00	9.265321e+00	1.467098e+04	1.467272e+04	1.464289e+04	8.826026e+01	8.941563e+01
	207	354	51.750000	1.500000	6.826012e-05	1.010768e+05	1.634126e+00	1.315157e+01	1.487185e+04	1.487558e+04	1.481014e+04	9.301760e+01	8.269190e+01
	934	354	233.500000	1.500000	4.661968e-06	1.009188e+05	1.433130e+00	9.325251e+00	1.473598e+04	1.473748e+04	1.472289e+04	9.200473e+01	9.192385e+01
	612	355	153.000000	1.250000	8.378713e-05	1.005998e+05	1.352788e+00	9.528259e+00	1.453353e+04	1.453578e+04	1.448827e+04	7.781861e+01	8.194393e+01
	1093	357	273.250000	0.750000	3.058999e-05	1.009168e+05	2.516047e+00	5.537851e+00	1.476584e+04	1.476767e+04	1.473827e+04	9.006901e+01	8.834080e+01
	657	358	164.250000	0.500000	1.318543e-05	1.007408e+05	9.712926e-01	7.377388e+00	1.464412e+04	1.464481e+04	1.463327e+04	7.799576e+01	7.747816e+01
	1011	359	252.750000	0.250000	1.825183e-05	1.009918e+05	1.031206e+00	7.272694e+00	1.476964e+04	1.477056e+04	1.476052e+04	9.397878e+01	9.073570e+01
	991	360	247.750000	0.000000	9.936979e-06	1.009658e+05	1.293055e+00	8.721504e+00	1.473428e+04	1.473614e+04	1.470514e+04	9.168231e+01	9.190838e+01
	1172	360	293.000000	0.000000	1.153180e-04	9.362280e+04	8.238647e+03	3.782416e+00	1.493832e+04	1.494028e+04	1.491002e+04	8.635578e+01	8.400079e+01
	1196	360	299.000000	0.000000	3.857701e-05	9.522580e+04	4.325285e+03	4.941213e+00	1.490046e+04	1.490300e+04	1.486027e+04	8.720641e+01	8.546674e+01
2024	1	22	25	0
	1240	185	310.000000	43.750000	8.193799e-04	9.849503e+04	1.853069e+00	1.998780e+01	1.258675e+04	1.265006e+04	1.176940e+04	8.461526e+01	8.112436e+01
	924	187	231.000000	43.250000	4.776665e-04	9.880103e+04	6.974270e+00	1.523166e+01	1.260945e+04	1.263872e+04	1.221602e+04	8.287845e+01	8.513297e+01
	761	196	190.250000	41.000000	1.074621e-04	9.816303e+04	1.393408e+00	1.096545e+01	1.164944e+04	1.166562e+04	1.156077e+04	8.458511e+01	8.220708e+01
	172	198	43.000000	40.500000	9.718025e-05	7.273103e+04	2.585887e+04	1.233470e+01	1.477573e+04	1.478224e+04	1.456040e+04	9.106381e+01	8.205762e+01
	523	201	130.750000	39.750000	4.872927e-04	8.293303e+04	1.309406e+04	1.670993e+01	1.407634e+04	1.410228e+04	1.381365e+04	8.127974e+01	8.033290e+01
	598	216	149.500000	36.000000	6.778785e-04	1.003190e+05	2.698550e+00	1.988256e+01	1.396294e+04	1.400010e+04	1.362202e+04	8.553100e+01	8.143858e+01
	402	247	100.500000	28.250000	2.735341e-05	5.677703e+04	4.722730e+04	3.478033e+00	1.520159e+04	1.521250e+04	1.478840e+04	8.982864e+01	8.711044e+01
	437	269	109.250000	22.750000	1.656064e-04	9.155103e+04	7.206965e+03	1.445049e+01	1.517370e+04	1.518559e+04	1.500515e+04	9.694827e+01	9.062621e+01
	206	339	51.500000	5.250000	3.233040e-05	1.006070e+05	1.553905e+00	1.335971e+01	1.483917e+04	1.484349e+04	1.479752e+04	8.856915e+01	7.931284e+01
	606	340	151.500000	5.000000	6.746734e-05	1.008460e+05	1.614118e+00	1.305773e+01	1.474486e+04	1.474682e+04	1.469827e+04	8.735791e+01	8.394902e+01
	668	340	167.000000	5.000000	4.495028e-06	1.008970e+05	7.903063e-01	8.617800e+00	1.474853e+04	1.474957e+04	1.471752e+04	7.583710e+01	7.625928e+01
	705	344	176.250000	4.000000	3.113830e-05	1.008410e+05	1.573879e+00	7.690117e+00	1.471431e+04	1.471521e+04	1.467490e+04	7.646982e+01	8.116315e+01
	757	344	189.250000	4.000000	7.235492e-05	1.007850e+05	8.908575e-01	9.335974e+00	1.466799e+04	1.466630e+04	1.463952e+04	8.449871e+01	8.610837e+01
	429	346	107.250000	3.500000	5.778158e-05	1.004340e+05	4.434648e+02	9.353748e+00	1.494414e+04	1.494717e+04	1.490365e+04	8.468450e+01	8.140005e+01
	643	349	160.750000	2.750000	1.534307e-05	1.008180e+05	1.473517e+00	9.082706e+00	1.472620e+04	1.472908e+04	1.468027e+04	7.849168e+01	7.762727e+01
	994	349	248.500000	2.750000	1.102174e-05	1.006570e+05	5.292141e-01	7.940516e+00	1.451243e+04	1.451475e+04	1.449927e+04	8.326700e+01	8.432942e+01
	898	355	224.500000	1.250000	5.687121e-06	1.005150e+05	1.232426e+00	9.688142e+00	1.439142e+04	1.439539e+04	1.435590e+04	8.461542e+01	8.699775e+01
	575	356	143.750000	1.000000	1.528212e-04	1.008050e+05	2.176562e+00	1.106150e+01	1.473983e+04	1.473805e+04	1.466590e+04	8.904955e+01	8.340527e+01
	939	356	234.750000	1.000000	5.031470e-06	1.005990e+05	1.433130e+00	9.271874e+00	1.443782e+04	1.444099e+04	1.442577e+04	8.554103e+01	8.668334e+01
	939	357	234.750000	0.750000	5.031470e-06	1.005990e+05	1.433130e+00	9.271874e+00	1.443555e+04	1.443875e+04	1.442577e+04	8.496609e+01	8.616118e+01
	1290	358	322.500000	0.500000	4.733447e-06	1.013510e+05	1.393056e+00	8.840069e+00	1.511336e+04	1.511390e+04	1.510977e+04	7.596095e+01	7.729125e+01
	359	359	89.750000	0.250000	3.715837e-05	1.010500e+05	2.076263e+00	6.040661e+00	1.486402e+04	1.486552e+04	1.484152e+04	7.551730e+01	7.396749e+01
	792	359	198.000000	0.250000	2.881372e-05	1.005630e+05	9.913574e-01	7.162556e+00	1.447015e+04	1.447358e+04	1.444490e+04	8.828102e+01	8.642133e+01
	851	360	212.750000	0.000000	1.799548e-05	1.005130e+05	1.573924e+00	9.101624e+00	1.439416e+04	1.439633e+04	1.437152e+04	8.409569e+01	8.333968e+01
	1267	360	316.750000	0.000000	1.885975e-05	1.008330e+05	1.011411e+00	8.579423e+00	1.507580e+04	1.507763e+04	1.505477e+04	7.527303e+01	7.842410e+01
2024	1	22	30	6
	1251	180	312.750000	45.000000	8.395591e-04	9.742424e+04	1.853069e+00	2.477354e+01	1.217864e+04	1.226577e+04	1.087098e+04	7.769742e+01	7.734017e+01
	933	181	233.250000	44.750000	3.773549e-04	9.157624e+04	1.294475e+03	1.557688e+01	1.267600e+04	1.270713e+04	1.232773e+04	8.967294e+01	8.915859e+01
	537	195	134.250000	41.250000	3.060082e-04	9.192824e+04	3.997288e+03	1.930183e+01	1.366755e+04	1.370866e+04	1.339148e+04	8.334840e+01	8.710638e+01
	177	199	44.250000	40.250000	1.383999e-04	7.250524e+04	2.733970e+04	1.086482e+01	1.492267e+04	1.492972e+04	1.469461e+04	9.046944e+01	8.444167e+01
	511	204	127.750000	39.000000	3.462711e-04	8.285424e+04	1.738335e+04	1.602060e+01	1.403933e+04	1.406522e+04	1.378648e+04	8.153247e+01	8.170157e+01
	621	221	155.250000	34.750000	9.352842e-04	1.001102e+05	1.715662e+00	1.723651e+01	1.373016e+04	1.375456e+04	1.343286e+04	9.041222e+01	8.815948e+01
	443	270	110.750000	22.500000	1.404264e-04	9.444024e+04	7.206965e+03	1.620970e+01	1.509328e+04	1.510430e+04	1.498111e+04	9.604130e+01	9.277750e+01
	852	335	213.000000	6.250000	1.310089e-04	1.007672e+05	8.305348e-01	1.398619e+01	1.467135e+04	1.467251e+04	1.459573e+04	9.115971e+01	8.665526e+01
	742	337	185.500000	5.750000	2.644935e-04	1.008162e+05	8.305691e-01	8.702642e+00	1.474542e+04	1.474285e+04	1.467186e+04	7.544810e+01	7.804959e+01
	1042	338	260.500000	5.500000	3.796606e-05	1.009212e+05	1.714862e+00	1.027443e+01	1.475747e+04	1.476338e+04	1.471948e+04	7.804574e+01	8.089092e+01
	1137	341	284.250000	4.750000	2.759376e-04	6.749724e+04	3.464610e+04	6.361849e+00	1.489117e+04	1.489450e+04	1.458186e+04	7.890183e+01	7.524128e+01
	1311	342	327.750000	4.500000	1.133659e-04	1.012542e+05	8.707059e-01	1.040680e+01	1.496481e+04	1.496757e+04	1.491098e+04	8.971805e+01	8.403957e+01
	901	344	225.250000	4.000000	6.228476e-05	1.008072e+05	8.304797e-01	1.264247e+01	1.467926e+04	1.468490e+04	1.462336e+04	9.232632e+01	9.013835e+01
	1087	344	271.750000	4.000000	7.597497e-06	1.009062e+05	5.951065e+01	5.818998e+00	1.477850e+04	1.478082e+04	1.475136e+04	7.871738e+01	7.991273e+01
	816	345	204.000000	3.750000	4.556566e-05	1.007482e+05	6.498161e-01	9.805617e+00	1.463062e+04	1.463223e+04	1.459223e+04	9.100920e+01	9.063892e+01
	610	346	152.500000	3.500000	3.030687e-05	1.004912e+05	1.393022e+00	1.133728e+01	1.443772e+04	1.444270e+04	1.440136e+04	8.360857e+01	8.443791e+01
	814	346	203.500000	3.500000	1.936941e-05	1.007482e+05	4.949045e+00	9.805617e+00	1.463093e+04	1.463250e+04	1.459223e+04	8.979892e+01	9.002584e+01
	959	346	239.750000	3.500000	3.686338e-05	1.009602e+05	1.453177e+00	9.442465e+00	1.475872e+04	1.476066e+04	1.473261e+04	9.376355e+01	9.017828e+01
	1015	347	253.750000	3.250000	3.742962e-05	1.009322e+05	1.372568e+00	8.742276e+00	1.476036e+04	1.476398e+04	1.472498e+04	8.664942e+01	8.780193e+01
	1083	349	270.750000	2.750000	1.063733e-05	1.009112e+05	2.559104e+00	6.086457e+00	1.477350e+04	1.477569e+04	1.475136e+04	8.666264e+01	8.489090e+01
	467	350	116.750000	2.500000	2.634316e-05	8.683724e+04	1.251611e+04	6.787697e+00	1.479996e+04	1.480134e+04	1.473148e+04	8.425062e+01	7.962766e+01
	1375	354	343.750000	1.500000	2.312451e-05	1.013372e+05	1.272547e+00	4.469432e+00	1.504285e+04	1.504257e+04	1.502973e+04	7.644592e+01	7.673470e+01
	1375	355	343.750000	1.250000	2.312451e-05	1.013452e+05	1.272547e+00	4.585675e+00	1.504170e+04	1.504130e+04	1.502973e+04	7.669285e+01	7.709798e+01
	575	357	143.750000	0.750000	6.505528e-04	1.005762e+05	2.176562e+00	1.061008e+01	1.451138e+04	1.450975e+04	1.442948e+04	8.667323e+01	8.371690e+01
	844	357	211.000000	0.750000	2.285629e-05	1.007502e+05	1.573924e+00	9.455379e+00	1.461033e+04	1.461284e+04	1.458523e+04	8.631477e+01	8.422210e+01
	1230	359	307.500000	0.250000	2.503186e-05	9.597624e+04	4.826799e+03	6.660851e+00	1.494116e+04	1.494286e+04	1.492461e+04	9.308855e+01	9.163887e+01
	1270	359	317.500000	0.250000	1.525669e-05	1.010222e+05	1.011411e+00	8.185418e+00	1.493762e+04	1.493871e+04	1.492548e+04	7.782081e+01	8.034624e+01
	205	360	51.250000	0.000000	5.957275e-05	1.013072e+05	1.634126e+00	1.128900e+01	1.503384e+04	1.503399e+04	1.501223e+04	9.413730e+01	8.460345e+01
	527	360	131.750000	0.000000	3.021338e-04	8.261624e+04	1.273512e+04	1.148125e+01	1.458677e+04	1.459148e+04	1.450798e+04	8.996204e+01	8.411234e+01
	706	360	176.500000	0.000000	2.971082e-05	1.007482e+05	2.638664e+00	5.572830e+00	1.464690e+04	1.464773e+04	1.463648e+04	8.222842e+01	8.089216e+01
2024	1	22	23	12
	545	189	136.250000	42.750000	6.277992e-04	9.184406e+04	8.665004e+03	2.060913e+01	1.352120e+04	1.356973e+04	1.310037e+04	9.019941e+01	9.107071e+01
	178	207	44.500000	38.250000	2.736880e-04	7.432706e+04	2.733970e+04	7.235844e+00	1.484995e+04	1.485913e+04	1.465925e+04	7.730920e+01	7.495000e+01
	636	224	159.000000	34.000000	5.825593e-04	1.001211e+05	1.192523e+00	1.654216e+01	1.365526e+04	1.367247e+04	1.339687e+04	9.053122e+01	8.962034e+01
	478	260	119.500000	25.000000	2.957715e-04	7.968206e+04	2.229731e+04	1.916991e+01	1.521757e+04	1.521917e+04	1.514650e+04	9.658317e+01	9.306070e+01
	612	334	153.000000	6.500000	5.338923e-05	1.007571e+05	2.070258e+01	1.157809e+01	1.467195e+04	1.467772e+04	1.462137e+04	9.348437e+01	9.047687e+01
	1055	341	263.750000	4.750000	2.358691e-05	1.008251e+05	1.795075e+00	8.209012e+00	1.466128e+04	1.466589e+04	1.462050e+04	9.096428e+01	8.592499e+01
	1056	341	264.000000	4.750000	2.051727e-05	1.008251e+05	1.975143e+00	8.114374e+00	1.466171e+04	1.466648e+04	1.462050e+04	9.116570e+01	8.583407e+01
	1137	341	284.250000	4.750000	3.583862e-04	6.749206e+04	3.464610e+04	6.495543e+00	1.491897e+04	1.492412e+04	1.463750e+04	7.950995e+01	7.762780e+01
	426	344	106.500000	4.000000	3.729598e-05	1.008101e+05	4.434648e+02	8.498062e+00	1.494192e+04	1.494428e+04	1.490237e+04	8.221413e+01	7.805069e+01
	662	344	165.500000	4.000000	6.927410e-06	1.009111e+05	1.171999e+00	8.809232e+00	1.476773e+04	1.476934e+04	1.473450e+04	7.524158e+01	7.574757e+01
	898	346	224.500000	3.500000	5.404488e-05	1.005891e+05	1.232426e+00	1.371876e+01	1.449892e+04	1.450201e+04	1.441962e+04	9.138148e+01	8.900793e+01
	950	347	237.500000	3.250000	9.180442e-05	1.006731e+05	1.955514e+00	1.006078e+01	1.452158e+04	1.452289e+04	1.450312e+04	9.606567e+01	9.338511e+01
	196	352	49.000000	2.000000	5.103485e-05	9.830106e+04	2.196702e+00	1.217019e+01	1.483547e+04	1.483862e+04	1.480025e+04	9.456807e+01	8.310537e+01
	746	352	186.500000	2.000000	3.500143e-06	1.008111e+05	1.252468e+00	4.318182e+00	1.467010e+04	1.467188e+04	1.464662e+04	8.219882e+01	8.062234e+01
	823	354	205.750000	1.500000	4.751841e-06	1.005931e+05	9.711490e-01	8.129945e+00	1.449010e+04	1.449499e+04	1.444450e+04	8.751860e+01	8.925111e+01
	872	355	218.000000	1.250000	1.074211e-05	1.005521e+05	1.152064e+00	9.955686e+00	1.442956e+04	1.443418e+04	1.439050e+04	8.637630e+01	8.819211e+01
	1029	357	257.250000	0.750000	1.488463e-05	1.008291e+05	9.703523e-01	7.212959e+00	1.462691e+04	1.462949e+04	1.460212e+04	9.709435e+01	9.504601e+01
	362	358	90.500000	0.500000	2.489821e-05	1.010931e+05	2.297254e+00	7.983869e+00	1.492851e+04	1.492815e+04	1.491812e+04	7.520647e+01	6.973140e+01
	1390	358	347.500000	0.500000	2.200739e-05	1.014491e+05	6.698610e-01	5.686488e+00	1.514915e+04	1.515076e+04	1.512137e+04	8.312379e+01	8.039911e+01
	571	359	142.750000	0.250000	2.048148e-04	1.008791e+05	3.181108e+00	9.796528e+00	1.479859e+04	1.479770e+04	1.476875e+04	8.070420e+01	8.428409e+01
	1165	359	291.250000	0.250000	6.200210e-05	9.485506e+04	2.415806e+03	2.020442e+00	1.508967e+04	1.509076e+04	1.506387e+04	8.233891e+01	8.166582e+01
	968	360	242.000000	0.000000	1.515285e-05	1.007121e+05	1.011285e+00	8.075209e+00	1.452700e+04	1.452862e+04	1.452000e+04	9.796947e+01	9.550759e+01
	1254	360	313.500000	0.000000	1.446740e-05	1.000201e+05	6.578013e+02	9.043467e+00	1.513901e+04	1.514035e+04	1.513125e+04	7.860624e+01	8.342345e+01
2024	1	22	25	18
	547	189	136.750000	42.750000	8.546521e-04	9.158673e+04	7.589136e+03	2.070589e+01	1.315162e+04	1.321090e+04	1.252159e+04	8.565267e+01	8.831155e+01
	182	202	45.500000	39.500000	1.249125e-04	7.258873e+04	2.733970e+04	1.116441e+01	1.502339e+04	1.502874e+04	1.477909e+04	9.101605e+01	8.615569e+01
	791	213	197.750000	36.750000	8.806398e-04	9.770473e+04	1.875114e+00	2.139106e+01	1.202919e+04	1.207297e+04	1.137271e+04	8.616624e+01	7.951600e+01
	656	228	164.000000	33.000000	5.302241e-04	9.997773e+04	1.151560e+00	1.761384e+01	1.346790e+04	1.348484e+04	1.324159e+04	9.161922e+01	8.933421e+01
	1049	231	262.250000	32.250000	3.170182e-04	9.256173e+04	6.572387e+03	8.328610e+00	1.465409e+04	1.466328e+04	1.455834e+04	8.749428e+01	7.738669e+01
	1294	333	323.500000	6.750000	2.167723e-05	1.012457e+05	1.393613e+00	9.614648e+00	1.494142e+04	1.494314e+04	1.492196e+04	9.098192e+01	8.282769e+01
	803	336	200.750000	6.000000	2.842953e-04	1.008267e+05	1.272653e+00	1.330196e+01	1.471350e+04	1.471735e+04	1.462621e+04	9.472234e+01	8.620052e+01
	1298	336	324.500000	6.000000	3.294251e-05	1.012447e+05	1.051246e+00	9.424729e+00	1.494198e+04	1.494326e+04	1.492196e+04	9.004497e+01	8.745432e+01
	1299	337	324.750000	5.750000	2.596877e-05	1.012447e+05	1.051246e+00	9.053416e+00	1.494210e+04	1.494334e+04	1.492196e+04	8.962795e+01	8.797742e+01
	768	339	192.000000	5.250000	3.281643e-04	1.008997e+05	7.702211e-01	8.640255e+00	1.474160e+04	1.474131e+04	1.469434e+04	9.237216e+01	9.039874e+01
	1253	339	313.250000	5.250000	1.225970e-05	1.011727e+05	1.393351e+00	9.601355e+00	1.493541e+04	1.493761e+04	1.491859e+04	8.733167e+01	7.877956e+01
	596	344	149.000000	4.000000	6.583144e-04	1.005317e+05	2.458132e+00	1.275955e+01	1.450645e+04	1.451160e+04	1.439146e+04	9.031054e+01	8.738837e+01
	1026	348	256.500000	3.000000	9.350083e-05	1.009807e+05	1.252563e+00	7.650282e+00	1.478896e+04	1.479095e+04	1.476034e+04	9.181993e+01	8.974156e+01
	1031	348	257.750000	3.000000	9.695790e-05	1.009807e+05	1.252563e+00	7.922712e+00	1.478930e+04	1.479176e+04	1.476034e+04	9.325614e+01	9.001488e+01
	836	350	209.000000	2.500000	2.155802e-05	1.008257e+05	1.212252e+00	9.056911e+00	1.471000e+04	1.471230e+04	1.465059e+04	8.684132e+01	8.659161e+01
	859	351	214.750000	2.250000	-1.909235e-05	1.008487e+05	1.152015e+00	1.063960e+01	1.471515e+04	1.471623e+04	1.464809e+04	8.845263e+01	8.814815e+01
	697	353	174.250000	1.750000	8.683419e-06	1.008017e+05	1.373035e+00	5.644974e+00	1.464516e+04	1.464640e+04	1.462709e+04	8.062301e+01	7.817297e+01
	920	353	230.000000	1.750000	6.399653e-05	1.009797e+05	8.103890e-01	8.923872e+00	1.475401e+04	1.475572e+04	1.472946e+04	9.548297e+01	9.141673e+01
	986	356	246.500000	1.000000	1.311114e-04	1.010037e+05	1.293055e+00	8.323259e+00	1.478414e+04	1.478534e+04	1.474571e+04	9.164214e+01	9.057268e+01
	941	357	235.250000	0.750000	3.872416e-05	1.009827e+05	1.935542e+00	9.477737e+00	1.475270e+04	1.475469e+04	1.473084e+04	9.715460e+01	9.524061e+01
	187	358	46.750000	0.500000	4.516146e-05	9.912173e+04	3.379472e+01	1.224589e+01	1.505943e+04	1.506202e+04	1.501634e+04	8.598764e+01	7.557042e+01
	580	358	145.000000	0.500000	1.062562e-04	1.005077e+05	2.317262e+00	8.401168e+00	1.453115e+04	1.453160e+04	1.450509e+04	7.882682e+01	8.223068e+01
	1235	358	308.750000	0.500000	3.669760e-05	9.617973e+04	3.782592e+03	7.739279e+00	1.490306e+04	1.490430e+04	1.486109e+04	8.990575e+01	8.897473e+01
	1390	359	347.500000	0.250000	2.686284e-05	1.012207e+05	6.698610e-01	6.639717e+00	1.497078e+04	1.497163e+04	1.495534e+04	8.860515e+01	8.552438e+01
	889	360	222.250000	0.000000	1.464388e-05	1.008947e+05	1.192116e+00	1.090267e+01	1.473256e+04	1.473559e+04	1.467971e+04	8.726295e+01	8.556989e+01
2024	1	23	21	0
	550	186	137.500000	43.500000	7.876558e-04	8.925170e+04	7.084577e+03	2.229690e+01	1.293457e+04	1.299793e+04	1.212614e+04	8.549609e+01	8.761451e+01
	577	194	144.250000	41.500000	4.756553e-04	8.920970e+04	9.925008e+03	1.657763e+01	1.318799e+04	1.320246e+04	1.302927e+04	8.876591e+01	8.575597e+01
	806	203	201.500000	39.250000	9.306176e-04	9.710770e+04	1.535010e+00	2.257081e+01	1.172007e+04	1.177376e+04	1.087714e+04	8.787372e+01	8.272355e+01
	1064	220	266.000000	35.000000	1.920564e-04	9.568070e+04	5.467914e+03	6.166586e+00	1.472864e+04	1.473492e+04	1.457089e+04	9.067642e+01	8.268163e+01
	674	232	168.500000	32.000000	3.558202e-04	1.000817e+05	1.272799e+00	1.640023e+01	1.349408e+04	1.350727e+04	1.330327e+04	8.850589e+01	8.694563e+01
	474	310	118.500000	12.500000	4.155468e-05	9.368870e+04	5.837190e+02	9.121842e+00	1.512904e+04	1.513164e+04	1.509689e+04	8.649450e+01	8.378696e+01
	610	327	152.500000	8.250000	6.873440e-05	1.009237e+05	2.070258e+01	1.263908e+01	1.480410e+04	1.480737e+04	1.469177e+04	9.285271e+01	8.890876e+01
	556	328	139.000000	8.000000	2.710056e-05	1.011407e+05	1.746218e+01	9.484899e+00	1.489967e+04	1.490477e+04	1.485127e+04	7.611507e+01	7.414347e+01
	594	346	148.500000	3.500000	5.083485e-04	1.009067e+05	2.458132e+00	1.128070e+01	1.480413e+04	1.480782e+04	1.472102e+04	8.051633e+01	8.154297e+01
	1033	347	258.250000	3.250000	6.664824e-05	1.007297e+05	1.252563e+00	6.363372e+00	1.457321e+04	1.457508e+04	1.454764e+04	9.364098e+01	8.948331e+01
	708	351	177.000000	2.250000	7.341616e-06	1.008607e+05	1.573879e+00	4.779868e+00	1.471093e+04	1.471173e+04	1.468752e+04	8.279052e+01	8.097453e+01
	738	355	184.500000	1.250000	8.950941e-06	1.007407e+05	9.109490e-01	4.607885e+00	1.462429e+04	1.462761e+04	1.459064e+04	8.505822e+01	8.163814e+01
	1384	355	346.000000	1.250000	4.021358e-05	1.014427e+05	1.272547e+00	6.617446e+00	1.515474e+04	1.515475e+04	1.513764e+04	8.293417e+01	8.156946e+01
	738	356	184.500000	1.000000	1.270603e-05	1.007407e+05	9.109490e-01	4.607885e+00	1.462416e+04	1.462744e+04	1.459064e+04	8.437382e+01	8.133759e+01
	1095	356	273.750000	1.000000	1.234841e-05	1.007227e+05	2.516047e+00	6.100317e+00	1.458731e+04	1.458883e+04	1.456864e+04	8.666357e+01	8.637144e+01
	205	357	51.250000	0.750000	3.115367e-05	1.011277e+05	1.634126e+00	1.138189e+01	1.488900e+04	1.489103e+04	1.488002e+04	7.833538e+01	7.740961e+01
	763	357	190.750000	0.750000	9.606592e-06	1.007297e+05	1.111916e+00	4.925126e+00	1.460482e+04	1.460707e+04	1.456802e+04	8.922744e+01	8.848550e+01
	842	358	210.500000	0.500000	2.126209e-06	1.006437e+05	1.573924e+00	8.533730e+00	1.450388e+04	1.450640e+04	1.447827e+04	7.794004e+01	8.064169e+01
	871	358	217.750000	0.500000	2.549123e-05	1.005737e+05	1.111865e+00	9.200114e+00	1.444675e+04	1.445039e+04	1.441152e+04	8.923412e+01	8.629220e+01
	1165	359	291.250000	0.250000	2.969336e-05	9.457670e+04	2.415806e+03	2.867972e+00	1.490718e+04	1.490981e+04	1.488327e+04	7.867780e+01	7.272638e+01
	1256	360	314.000000	0.000000	7.073395e-06	9.985870e+04	5.428191e+02	9.119320e+00	1.503420e+04	1.503542e+04	1.501414e+04	7.639285e+01	8.158706e+01
2024	1	23	22	6
	554	185	138.500000	43.750000	5.523928e-04	8.885566e+04	6.316450e+03	2.249769e+01	1.258905e+04	1.264840e+04	1.178786e+04	8.729682e+01	8.633868e+01
	820	195	205.000000	41.250000	5.284019e-04	9.717866e+04	2.958807e+00	2.029196e+01	1.171256e+04	1.177475e+04	1.088723e+04	9.026362e+01	8.406504e+01
	975	215	243.750000	36.250000	2.488561e-04	7.080966e+04	3.051403e+04	4.375643e+00	1.407234e+04	1.408639e+04	1.394448e+04	9.545547e+01	8.926421e+01
	138	223	34.500000	34.250000	2.106198e-04	7.960066e+04	1.849215e+04	1.287915e+01	1.460515e+04	1.462570e+04	1.434373e+04	7.869018e+01	7.400609e+01
	695	234	173.750000	31.500000	3.286370e-04	9.981366e+04	1.914963e+00	1.780616e+01	1.327885e+04	1.329756e+04	1.312098e+04	8.545869e+01	8.211491e+01
	1084	268	271.000000	23.000000	3.121861e-04	1.007437e+05	1.617460e+02	1.516919e+01	1.522600e+04	1.523055e+04	1.510498e+04	8.212774e+01	7.918599e+01
	245	325	61.250000	8.750000	1.471110e-04	1.014317e+05	2.036064e+00	1.059608e+01	1.517796e+04	1.517763e+04	1.514823e+04	8.809727e+01	7.410535e+01
	1060	339	265.000000	5.250000	7.546740e-06	1.009617e+05	1.975143e+00	8.316008e+00	1.479920e+04	1.480236e+04	1.474236e+04	8.411082e+01	8.288393e+01
	856	340	214.000000	5.000000	2.475150e-04	1.009957e+05	8.104206e-01	1.171521e+01	1.481807e+04	1.481815e+04	1.478373e+04	9.088661e+01	8.548770e+01
	802	341	200.500000	4.750000	3.576644e-04	1.010057e+05	1.272668e+00	1.051002e+01	1.483585e+04	1.483369e+04	1.478511e+04	8.655714e+01	8.082710e+01
	1137	341	284.250000	4.750000	3.083416e-04	6.744566e+04	3.464610e+04	4.858602e+00	1.481143e+04	1.481892e+04	1.449311e+04	7.600599e+01	7.455811e+01
	207	347	51.750000	3.250000	4.602154e-05	1.013627e+05	1.493658e+00	1.172132e+01	1.511121e+04	1.511249e+04	1.510023e+04	8.384898e+01	7.802409e+01
	594	348	148.500000	3.000000	2.303191e-04	1.006657e+05	2.458132e+00	1.289894e+01	1.456724e+04	1.457107e+04	1.450398e+04	7.979317e+01	8.120642e+01
	942	348	235.500000	3.000000	2.429564e-05	1.010037e+05	1.433130e+00	9.904214e+00	1.480126e+04	1.480352e+04	1.477423e+04	9.365834e+01	9.243900e+01
	916	351	229.000000	2.250000	5.034287e-05	1.009537e+05	8.103890e-01	1.009420e+01	1.476725e+04	1.477041e+04	1.472598e+04	9.412847e+01	9.309495e+01
	1220	354	305.000000	1.500000	5.579670e-05	9.596966e+04	4.960025e+03	3.319279e+00	1.491309e+04	1.491472e+04	1.487973e+04	9.685509e+01	8.554351e+01
	738	356	184.500000	1.000000	6.175833e-06	1.008517e+05	9.109490e-01	4.826547e+00	1.470569e+04	1.470651e+04	1.468736e+04	8.665714e+01	8.441985e+01
	765	358	191.250000	0.500000	2.369960e-05	1.008647e+05	1.111916e+00	6.843440e+00	1.471119e+04	1.471333e+04	1.468398e+04	9.059110e+01	8.825290e+01
	1247	358	311.750000	0.500000	1.174887e-05	1.002517e+05	3.964949e+02	9.890123e+00	1.490650e+04	1.490819e+04	1.488886e+04	8.018231e+01	8.507693e+01
	630	359	157.500000	0.250000	1.550396e-05	1.005617e+05	1.372980e+00	7.708089e+00	1.451966e+04	1.452003e+04	1.450586e+04	7.724929e+01	7.703204e+01
	1340	360	335.000000	0.000000	1.297076e-05	1.012447e+05	1.212281e+00	6.597880e+00	1.494840e+04	1.494912e+04	1.493611e+04	8.050931e+01	8.005259e+01
	1368	360	342.000000	0.000000	2.092915e-06	1.012607e+05	1.071425e+00	6.362758e+00	1.496474e+04	1.496596e+04	1.494711e+04	8.364854e+01	8.398023e+01
2024	1	23	22	12
	834	183	208.500000	44.250000	4.253569e-04	9.722633e+04	2.075100e+00	1.980993e+01	1.152084e+04	1.159388e+04	1.085512e+04	8.922332e+01	7.917203e+01
	556	185	139.000000	43.750000	5.445960e-04	8.842733e+04	6.316450e+03	2.273219e+01	1.247215e+04	1.252839e+04	1.172112e+04	8.752249e+01	8.402571e+01
	519	192	129.750000	42.000000	1.068595e-04	8.260433e+04	1.738335e+04	1.891810e+01	1.346170e+04	1.346192e+04	1.333974e+04	8.379292e+01	8.454238e+01
	564	212	141.000000	37.000000	7.225899e-05	8.298433e+04	1.371170e+04	1.793734e+01	1.302068e+04	1.303426e+04	1.287874e+04	7.563432e+01	7.107304e+01
	156	217	39.000000	35.750000	1.836899e-04	8.360433e+04	9.993670e+03	1.115666e+01	1.441468e+04	1.443822e+04	1.426762e+04	7.537643e+01	7.042621e+01
	979	220	244.750000	35.000000	2.082470e-04	7.435933e+04	1.918805e+04	7.873692e+00	1.407370e+04	1.409182e+04	1.392099e+04	9.140219e+01	8.691866e+01
	853	341	213.250000	4.750000	1.256494e-05	1.007103e+05	8.104206e-01	1.099460e+01	1.461495e+04	1.461715e+04	1.458374e+04	9.097066e+01	8.893423e+01
	1137	341	284.250000	4.750000	3.852728e-04	6.747333e+04	3.464610e+04	6.920017e+00	1.489846e+04	1.490640e+04	1.461587e+04	7.598616e+01	7.489374e+01
	388	344	97.000000	4.000000	3.932742e-05	8.263233e+04	2.103244e+04	9.073827e+00	1.489319e+04	1.489486e+04	1.482762e+04	7.872660e+01	7.692612e+01
	597	344	149.250000	4.000000	1.775804e-04	1.009733e+05	2.458132e+00	1.172386e+01	1.481847e+04	1.482195e+04	1.474549e+04	8.657616e+01	8.328889e+01
	624	348	156.000000	3.000000	5.322974e-06	1.008823e+05	1.694440e+00	8.203237e+00	1.477454e+04	1.477772e+04	1.474562e+04	7.749771e+01	8.031891e+01
	784	348	196.000000	3.000000	2.335338e-05	1.008803e+05	1.192172e+00	9.419639e+00	1.474620e+04	1.474846e+04	1.471712e+04	8.027087e+01	8.276115e+01
	624	349	156.000000	2.750000	5.322974e-06	1.008823e+05	1.694440e+00	8.196809e+00	1.477308e+04	1.477614e+04	1.474562e+04	7.735319e+01	8.026929e+01
	418	350	104.500000	2.500000	6.078510e-05	9.585733e+04	2.996215e+03	8.699254e+00	1.495021e+04	1.495393e+04	1.486524e+04	8.094073e+01	7.945141e+01
	1377	352	344.250000	2.000000	3.232388e-05	1.013763e+05	1.272547e+00	5.494687e+00	1.510010e+04	1.510111e+04	1.507899e+04	7.895600e+01	7.823842e+01
	1043	355	260.750000	1.250000	-8.415896e-06	1.009233e+05	1.493493e+00	6.587985e+00	1.470192e+04	1.470223e+04	1.467624e+04	8.805317e+01	8.834792e+01
	488	357	122.000000	0.750000	6.459979e-05	8.725533e+04	1.010541e+04	8.915959e+00	1.493985e+04	1.493945e+04	1.491849e+04	8.437267e+01	8.343569e+01
	1414	357	353.500000	0.750000	1.852540e-05	1.013483e+05	9.712011e-01	6.501340e+00	1.509412e+04	1.509478e+04	1.508137e+04	7.599007e+01	7.631775e+01
	907	358	226.750000	0.500000	9.405892e-06	1.006533e+05	1.232426e+00	8.703484e+00	1.449296e+04	1.449830e+04	1.444937e+04	9.379431e+01	9.313179e+01
	975	358	243.750000	0.500000	3.140001e-05	1.008453e+05	8.908572e-01	8.043944e+00	1.463543e+04	1.463744e+04	1.460162e+04	9.136538e+01	8.986999e+01
	952	359	238.000000	0.250000	1.256494e-05	1.007883e+05	1.955514e+00	9.127411e+00	1.460967e+04	1.461041e+04	1.459549e+04	9.119619e+01	9.098496e+01
	738	360	184.500000	0.000000	1.336960e-05	1.009263e+05	9.109490e-01	4.728673e+00	1.475447e+04	1.475535e+04	1.474412e+04	8.826275e+01	8.543812e+01
2024	1	23	30	18
	846	182	211.500000	44.500000	3.889671e-04	9.736498e+04	1.976029e+00	2.086947e+01	1.170843e+04	1.179100e+04	1.094362e+04	9.242383e+01	8.515588e+01
	555	188	138.750000	43.000000	3.837815e-04	8.967298e+04	6.316450e+03	2.215826e+01	1.234619e+04	1.239458e+04	1.165712e+04	8.826728e+01	8.177757e+01
	519	192	129.750000	42.000000	1.006892e-04	8.265898e+04	1.738335e+04	1.805044e+01	1.348851e+04	1.349146e+04	1.336688e+04	8.272544e+01	8.310541e+01
	1084	194	271.000000	41.500000	1.751056e-04	9.789498e+04	3.184189e+03	6.168606e+00	1.473336e+04	1.475178e+04	1.454075e+04	9.623442e+01	9.397961e+01
	584	209	146.000000	37.750000	5.788973e-04	9.912998e+04	3.341689e+00	2.086212e+01	1.254499e+04	1.256792e+04	1.223450e+04	7.785832e+01	7.153326e+01
	161	213	40.250000	36.750000	2.059808e-04	7.381398e+04	1.414644e+04	6.124465e+00	1.438579e+04	1.441642e+04	1.417038e+04	8.379079e+01	8.162581e+01
	1003	223	250.750000	34.250000	1.551083e-04	7.464298e+04	2.708984e+04	6.156248e+00	1.429310e+04	1.430133e+04	1.411450e+04	8.378979e+01	7.877902e+01
	1290	230	322.500000	32.500000	1.569858e-04	1.021200e+05	1.272329e+00	1.130693e+01	1.517859e+04	1.518291e+04	1.511000e+04	8.152156e+01	7.743656e+01
	737	237	184.250000	30.750000	2.967885e-04	9.930898e+04	1.353358e+00	1.759616e+01	1.303900e+04	1.307011e+04	1.277225e+04	8.221504e+01	7.999901e+01
	1260	331	315.000000	7.250000	4.934380e-06	1.011370e+05	1.373049e+00	8.649532e+00	1.488494e+04	1.488762e+04	1.485112e+04	7.604926e+01	7.058055e+01
	601	338	150.250000	5.500000	3.203026e-04	1.007370e+05	1.995848e+00	1.081900e+01	1.467491e+04	1.468148e+04	1.454600e+04	8.750463e+01	8.343425e+01
	948	342	237.000000	4.500000	1.017919e-04	1.009420e+05	1.011674e+00	1.279258e+01	1.481270e+04	1.481614e+04	1.473725e+04	8.908846e+01	8.638912e+01
	405	343	101.250000	4.250000	8.334429e-05	8.873698e+04	1.057952e+04	8.958945e+00	1.499162e+04	1.499283e+04	1.492662e+04	8.360867e+01	8.114043e+01
	753	344	188.250000	4.000000	1.663438e-04	1.008920e+05	8.908575e-01	9.722501e+00	1.476376e+04	1.476677e+04	1.470650e+04	8.919118e+01	8.612660e+01
	842	345	210.500000	3.750000	1.733215e-05	1.010670e+05	6.496806e-01	9.309369e+00	1.484498e+04	1.484537e+04	1.483300e+04	9.231760e+01	9.242099e+01
	842	346	210.500000	3.500000	1.733215e-05	1.010670e+05	6.698674e-01	8.882687e+00	1.484418e+04	1.484457e+04	1.483300e+04	9.202129e+01	9.248614e+01
	910	348	227.500000	3.000000	9.207637e-05	1.009130e+05	9.109956e-01	1.338460e+01	1.475403e+04	1.475984e+04	1.470975e+04	9.459862e+01	9.172562e+01
	803	349	200.750000	2.750000	8.808682e-06	1.010160e+05	4.627659e+00	8.611107e+00	1.483080e+04	1.483297e+04	1.479938e+04	8.782026e+01	8.488544e+01
	190	350	47.500000	2.500000	2.737553e-05	9.751098e+04	3.008859e+03	1.203346e+01	1.505437e+04	1.505785e+04	1.500488e+04	7.678465e+01	6.767060e+01
	1045	351	261.250000	2.250000	1.572282e-05	1.010000e+05	1.493493e+00	7.400783e+00	1.480394e+04	1.480704e+04	1.474600e+04	8.830190e+01	8.695708e+01
	1280	352	320.000000	2.000000	7.348368e-06	1.010940e+05	1.393162e+00	8.130354e+00	1.486041e+04	1.486127e+04	1.484925e+04	7.725513e+01	7.753143e+01
	675	357	168.750000	0.750000	1.113326e-05	1.008620e+05	2.176599e+00	6.892911e+00	1.474006e+04	1.474112e+04	1.471412e+04	7.943754e+01	7.629948e+01
	1237	357	309.250000	0.750000	2.955110e-05	9.697998e+04	3.782592e+03	7.819424e+00	1.487496e+04	1.487618e+04	1.484188e+04	8.784605e+01	8.855911e+01
	625	358	156.250000	0.500000	1.169951e-05	1.008080e+05	1.694440e+00	8.530724e+00	1.469595e+04	1.469608e+04	1.468562e+04	8.032366e+01	8.216799e+01
	1165	358	291.250000	0.500000	7.330091e-05	9.466298e+04	2.395733e+03	3.797067e+00	1.494754e+04	1.495101e+04	1.490438e+04	8.078387e+01	7.694146e+01
	1372	358	343.000000	0.500000	2.290518e-05	1.011510e+05	1.071425e+00	6.727812e+00	1.488082e+04	1.488124e+04	1.487662e+04	8.345794e+01	8.350146e+01
	1009	359	252.250000	0.250000	2.520392e-06	1.010900e+05	1.031206e+00	7.337509e+00	1.484400e+04	1.484444e+04	1.483250e+04	9.098862e+01	9.201221e+01
	1344	359	336.000000	0.250000	4.099915e-06	1.010970e+05	1.212281e+00	5.836845e+00	1.485664e+04	1.485818e+04	1.483700e+04	8.500178e+01	8.050488e+01
	1009	360	252.250000	0.000000	1.805136e-06	1.010920e+05	1.212319e+00	7.506836e+00	1.484403e+04	1.484442e+04	1.483250e+04	9.092403e+01	9.195781e+01
	1205	360	301.250000	0.000000	7.446320e-05	9.586398e+04	5.031323e+03	4.193080e+00	1.493132e+04	1.493213e+04	1.492150e+04	8.480269e+01	8.288969e+01
2024	1	24	23	0
	608	189	152.000000	42.750000	8.134760e-04	9.835345e+04	2.438268e+00	1.705723e+01	1.218468e+04	1.221919e+04	1.168046e+04	7.580214e+01	7.374188e+01
	608	190	152.000000	42.500000	8.134760e-04	9.835345e+04	2.438268e+00	1.705723e+01	1.217851e+04	1.221631e+04	1.168046e+04	7.652419e+01	7.383002e+01
	1091	190	272.750000	42.500000	1.490631e-04	9.744845e+04	3.574906e+03	7.288218e+00	1.481360e+04	1.482695e+04	1.466308e+04	9.119352e+01	9.185190e+01
	519	192	129.750000	42.000000	9.512086e-05	8.276845e+04	1.738335e+04	1.892743e+01	1.361495e+04	1.361943e+04	1.349958e+04	8.075056e+01	7.963403e+01
	560	193	140.000000	41.750000	5.411126e-04	8.794245e+04	7.425483e+03	1.977298e+01	1.233165e+04	1.236931e+04	1.178821e+04	7.962835e+01	7.672068e+01
	173	207	43.250000	38.250000	1.115419e-04	7.350845e+04	2.695555e+04	5.502208e+00	1.432867e+04	1.436585e+04	1.393071e+04	9.029791e+01	8.834158e+01
	991	220	247.750000	35.000000	8.364697e-05	7.466045e+04	2.431568e+04	4.802821e+00	1.423606e+04	1.425117e+04	1.409846e+04	8.006066e+01	7.635168e+01
	401	231	100.250000	32.250000	3.456254e-05	5.633545e+04	4.647374e+04	3.644406e+00	1.498934e+04	1.504345e+04	1.416408e+04	7.975872e+01	8.406079e+01
	756	231	189.000000	32.250000	2.362945e-04	9.895245e+04	1.151703e+00	1.745369e+01	1.274260e+04	1.277870e+04	1.240646e+04	8.334435e+01	8.098401e+01
	556	338	139.000000	5.500000	7.065316e-05	1.011265e+05	1.774505e+00	8.103090e+00	1.492927e+04	1.493338e+04	1.488508e+04	8.068906e+01	7.953127e+01
	598	340	149.500000	5.000000	3.853061e-04	1.011415e+05	1.995705e+00	1.056696e+01	1.497113e+04	1.497230e+04	1.488471e+04	8.795541e+01	8.369086e+01
	904	347	226.000000	3.250000	2.946176e-04	1.006685e+05	1.232426e+00	1.228340e+01	1.452562e+04	1.452689e+04	1.447146e+04	9.456658e+01	9.089367e+01
	1037	348	259.250000	3.000000	3.754278e-05	1.007255e+05	1.252563e+00	7.418303e+00	1.458936e+04	1.459069e+04	1.453146e+04	8.537381e+01	8.512438e+01
	1285	349	321.250000	2.750000	1.083990e-05	1.012665e+05	1.594022e+00	9.141786e+00	1.499993e+04	1.500233e+04	1.498321e+04	8.238424e+01	7.854012e+01
	1382	352	345.500000	2.000000	3.456254e-05	1.013005e+05	1.272547e+00	6.793525e+00	1.503665e+04	1.503867e+04	1.501583e+04	8.188811e+01	8.054649e+01
	1111	356	277.750000	1.000000	4.055281e-05	9.785545e+04	8.766176e+00	6.844279e+00	1.456721e+04	1.457602e+04	1.453621e+04	9.239474e+01	8.810445e+01
	954	357	238.500000	0.750000	6.816583e-06	1.006655e+05	1.955514e+00	8.247222e+00	1.451521e+04	1.451716e+04	1.448646e+04	8.296178e+01	8.454199e+01
	727	358	181.750000	0.500000	1.083990e-05	1.009285e+05	9.109490e-01	5.346101e+00	1.478313e+04	1.478379e+04	1.477396e+04	8.570829e+01	8.366267e+01
	954	358	238.500000	0.500000	1.149555e-05	1.006655e+05	1.955514e+00	8.247222e+00	1.451469e+04	1.451674e+04	1.448646e+04	8.260190e+01	8.415804e+01
	995	358	248.750000	0.500000	-5.445909e-07	1.007175e+05	1.293055e+00	7.954058e+00	1.454557e+04	1.454621e+04	1.454058e+04	9.004269e+01	9.047806e+01
	406	359	101.500000	0.250000	7.092138e-05	8.761445e+04	1.304338e+04	6.633416e+00	1.496311e+04	1.496592e+04	1.491083e+04	7.916361e+01	7.995040e+01
	806	360	201.500000	0.000000	1.152535e-05	1.007655e+05	1.212288e+00	6.440923e+00	1.461322e+04	1.461530e+04	1.459683e+04	8.345038e+01	8.015752e+01
	1236	360	309.000000	0.000000	1.450558e-05	9.634745e+04	3.782592e+03	7.943695e+00	1.495807e+04	1.495825e+04	1.494683e+04	8.832117e+01	8.948227e+01
2024	1	24	21	6
	608	184	152.000000	44.000000	5.082961e-04	9.713619e+04	2.092300e+01	1.853383e+01	1.157891e+04	1.164338e+04	1.076031e+04	7.730107e+01	7.596998e+01
	742	197	185.500000	40.750000	1.218196e-04	9.920519e+04	1.090804e+00	9.132229e+00	1.236415e+04	1.237590e+04	1.229343e+04	7.872306e+01	7.878019e+01
	173	208	43.250000	38.000000	2.367373e-04	7.339819e+04	2.695555e+04	7.050087e+00	1.435696e+04	1.439662e+04	1.392693e+04	8.516946e+01	8.272348e+01
	1067	215	266.750000	36.250000	2.629932e-04	9.543819e+04	5.467914e+03	5.382558e+00	1.470795e+04	1.471859e+04	1.457893e+04	8.882713e+01	8.959068e+01
	773	224	193.250000	34.000000	2.427276e-04	9.841919e+04	1.292155e+00	1.779648e+01	1.244913e+04	1.250374e+04	1.203643e+04	8.544524e+01	8.291210e+01
	1013	226	253.250000	33.500000	1.770433e-04	7.233819e+04	2.418915e+04	4.935484e+00	1.443228e+04	1.443918e+04	1.434681e+04	8.784415e+01	8.672031e+01
	433	322	108.250000	9.500000	-2.664747e-06	8.779519e+04	7.174810e+03	1.510563e+01	1.508627e+04	1.508694e+04	1.503968e+04	7.728365e+01	7.885374e+01
	596	341	149.000000	4.750000	2.072628e-04	1.007782e+05	2.458132e+00	9.299600e+00	1.469826e+04	1.470394e+04	1.461593e+04	8.326147e+01	8.137696e+01
	376	344	94.000000	4.000000	3.142911e-05	8.598519e+04	5.099379e+03	8.326655e+00	1.494373e+04	1.494559e+04	1.491231e+04	7.939371e+01	7.293712e+01
	462	345	115.500000	3.750000	8.248049e-05	8.698119e+04	1.352554e+04	6.735814e+00	1.494851e+04	1.495030e+04	1.488056e+04	8.271822e+01	8.045382e+01
	974	346	243.500000	3.500000	4.501897e-05	1.010902e+05	6.899548e-01	8.359311e+00	1.485820e+04	1.485847e+04	1.483893e+04	9.280450e+01	9.136881e+01
	1026	347	256.500000	3.250000	1.855965e-04	1.010152e+05	1.252563e+00	8.748275e+00	1.483320e+04	1.483436e+04	1.476756e+04	8.437946e+01	8.579245e+01
	841	348	210.250000	3.000000	4.397589e-05	1.010322e+05	1.011366e+00	1.099957e+01	1.483668e+04	1.483635e+04	1.480893e+04	9.339251e+01	8.713929e+01
	877	348	219.250000	3.000000	3.304656e-04	1.010612e+05	1.152064e+00	1.223556e+01	1.485329e+04	1.485757e+04	1.479018e+04	9.123950e+01	8.639393e+01
	560	349	140.000000	2.750000	1.938897e-05	1.008422e+05	2.176662e+00	7.257792e+00	1.468732e+04	1.468824e+04	1.465731e+04	8.615687e+01	8.265866e+01
	925	352	231.250000	2.000000	1.837569e-05	1.010322e+05	6.300617e-01	9.974409e+00	1.483656e+04	1.483851e+04	1.480643e+04	9.102580e+01	8.885544e+01
	769	353	192.250000	1.750000	6.514369e-06	1.008952e+05	9.913462e-01	5.991036e+00	1.475002e+04	1.475186e+04	1.472693e+04	7.844129e+01	7.998791e+01
	1202	354	300.500000	1.500000	2.859789e-05	9.573219e+04	5.031323e+03	5.375832e+00	1.484772e+04	1.484996e+04	1.481268e+04	7.526653e+01	7.414980e+01
	1052	356	263.000000	1.000000	3.452878e-07	1.009952e+05	1.453045e+00	3.326120e+00	1.479179e+04	1.479266e+04	1.477693e+04	8.405972e+01	8.544963e+01
	806	359	201.500000	0.250000	2.591568e-05	1.009322e+05	4.949045e+00	6.112625e+00	1.475780e+04	1.475982e+04	1.474468e+04	8.592448e+01	8.233313e+01
	709	360	177.250000	0.000000	1.861411e-05	1.008052e+05	2.638664e+00	5.611398e+00	1.469671e+04	1.469841e+04	1.467293e+04	7.890327e+01	7.955072e+01
2024	1	24	23	12
	654	206	163.500000	38.500000	6.582565e-04	9.880774e+04	1.654162e+00	1.739823e+01	1.280951e+04	1.282160e+04	1.252250e+04	9.137264e+01	8.736139e+01
	1075	206	268.750000	38.500000	2.303845e-04	9.573074e+04	4.430824e+03	4.759510e+00	1.465628e+04	1.466787e+04	1.447437e+04	9.425968e+01	9.171978e+01
	175	208	43.750000	38.000000	1.036352e-04	7.353474e+04	2.695555e+04	8.688305e+00	1.441381e+04	1.443928e+04	1.407775e+04	7.800924e+01	7.638071e+01
	783	214	195.750000	36.500000	8.952147e-04	9.754874e+04	2.356878e+00	1.923632e+01	1.206186e+04	1.213689e+04	1.127200e+04	8.945248e+01	8.539190e+01
	86	234	21.500000	31.500000	2.365536e-04	9.506874e+04	6.231350e+03	1.254757e+01	1.496674e+04	1.498717e+04	1.473312e+04	8.506038e+01	8.083725e+01
	827	243	206.750000	29.250000	3.243750e-05	1.002567e+05	1.633933e+00	1.688021e+01	1.426368e+04	1.426489e+04	1.404350e+04	8.022312e+01	7.568433e+01
	820	281	205.000000	19.750000	2.682931e-04	7.624274e+04	2.549661e+04	1.169342e+01	1.483445e+04	1.482994e+04	1.475312e+04	7.620276e+01	6.813657e+01
	543	335	135.750000	6.250000	2.856320e-05	1.011747e+05	1.959272e+02	1.084202e+01	1.498002e+04	1.498371e+04	1.492725e+04	8.012740e+01	7.509383e+01
	465	337	116.250000	5.750000	1.799590e-04	8.712874e+04	1.352554e+04	8.602164e+00	1.506766e+04	1.506738e+04	1.499037e+04	8.007471e+01	7.807880e+01
	374	344	93.500000	4.000000	4.140800e-05	9.145974e+04	2.752683e+01	7.964240e+00	1.489773e+04	1.490032e+04	1.487062e+04	7.931532e+01	7.848812e+01
	921	344	230.250000	4.000000	1.527793e-04	1.008277e+05	1.151974e+00	1.270830e+01	1.467851e+04	1.468055e+04	1.460687e+04	9.098115e+01	8.538462e+01
	841	348	210.250000	3.000000	1.342720e-04	1.008507e+05	1.011366e+00	1.073809e+01	1.469622e+04	1.469867e+04	1.464087e+04	8.912094e+01	8.128617e+01
	948	353	237.000000	1.750000	2.576178e-05	1.008387e+05	1.955514e+00	8.739450e+00	1.464653e+04	1.464939e+04	1.460887e+04	8.839299e+01	8.820396e+01
	663	356	165.750000	1.000000	1.011556e-05	1.010367e+05	5.350978e+00	8.134819e+00	1.490228e+04	1.490370e+04	1.488450e+04	7.526553e+01	7.773206e+01
	1027	356	256.750000	1.000000	2.009328e-06	1.008387e+05	9.703523e-01	5.498180e+00	1.464752e+04	1.464995e+04	1.462562e+04	8.701672e+01	8.548721e+01
	484	359	121.000000	0.250000	8.873409e-05	8.476974e+04	1.366159e+04	6.524876e+00	1.501086e+04	1.501118e+04	1.499575e+04	7.860640e+01	7.548241e+01
	693	359	173.250000	0.250000	1.345342e-05	1.010337e+05	1.332845e+00	6.921607e+00	1.488832e+04	1.488843e+04	1.487937e+04	7.729560e+01	8.045800e+01
	1007	359	251.750000	0.250000	-8.218922e-07	1.008387e+05	1.212319e+00	6.616868e+00	1.464902e+04	1.465054e+04	1.463600e+04	8.582511e+01	8.669410e+01
	743	360	185.750000	0.000000	7.761177e-06	1.009057e+05	7.301455e-01	4.636494e+00	1.475653e+04	1.475888e+04	1.473800e+04	8.290385e+01	8.196277e+01
	774	360	193.500000	0.000000	1.353677e-06	1.009247e+05	6.898191e-01	6.246773e+00	1.476007e+04	1.476212e+04	1.473475e+04	7.827417e+01	7.656616e+01
	887	360	221.750000	0.000000	1.226133e-05	1.008577e+05	1.192116e+00	8.935439e+00	1.467130e+04	1.467484e+04	1.463537e+04	8.640550e+01	8.775983e+01
	1217	360	304.250000	0.000000	6.265705e-05	9.591874e+04	4.642964e+03	5.162736e+00	1.496006e+04	1.496413e+04	1.492100e+04	9.072047e+01	9.026658e+01
	1324	360	331.000000	0.000000	9.102281e-06	1.013227e+05	1.373240e+00	7.071643e+00	1.502041e+04	1.502100e+04	1.500950e+04	7.817344e+01	7.384319e+01
2024	1	24	18	18
	657	196	164.250000	41.000000	6.031662e-04	9.845181e+04	9.706354e-01	1.829929e+01	1.227950e+04	1.230745e+04	1.199446e+04	8.637595e+01	8.459632e+01
	1080	200	270.000000	40.000000	1.597374e-04	9.731781e+04	2.710877e+03	5.026892e+00	1.463831e+04	1.464948e+04	1.449996e+04	9.181773e+01	9.034061e+01
	788	210	197.000000	37.500000	7.495850e-04	9.705181e+04	2.356878e+00	2.071482e+01	1.171603e+04	1.179887e+04	1.080884e+04	9.199542e+01	8.685339e+01
	89	238	22.250000	30.500000	2.003878e-04	9.528481e+04	4.337114e+03	1.124888e+01	1.505205e+04	1.506797e+04	1.485634e+04	8.146544e+01	7.758811e+01
	826	246	206.500000	28.500000	4.897981e-04	1.000628e+05	1.633933e+00	1.770640e+01	1.417602e+04	1.417777e+04	1.410309e+04	7.710489e+01	7.480298e+01
	705	330	176.250000	7.500000	1.704390e-05	1.009608e+05	1.312910e+00	9.240467e+00	1.478152e+04	1.478241e+04	1.475721e+04	8.291648e+01	8.140331e+01
	890	342	222.500000	4.500000	6.138976e-05	1.012008e+05	9.712200e-01	1.205438e+01	1.496326e+04	1.496452e+04	1.492746e+04	8.719819e+01	7.700719e+01
	890	343	222.500000	4.250000	6.138976e-05	1.012008e+05	9.712200e-01	1.205438e+01	1.496218e+04	1.496338e+04	1.492746e+04	8.846848e+01	7.872466e+01
	729	345	182.250000	3.750000	1.310378e-04	1.008828e+05	7.903677e-01	8.760270e+00	1.475972e+04	1.476251e+04	1.470071e+04	9.161922e+01	8.853117e+01
	819	349	204.750000	2.750000	4.827674e-05	1.010578e+05	6.496817e-01	9.197020e+00	1.488546e+04	1.488563e+04	1.485971e+04	9.006291e+01	8.242091e+01
	565	350	141.250000	2.500000	1.459687e-04	1.009318e+05	1.573918e+00	5.600400e+00	1.474232e+04	1.474252e+04	1.471334e+04	8.620396e+01	8.384564e+01
	932	351	233.000000	2.250000	2.661045e-05	1.011318e+05	1.011448e+00	8.187410e+00	1.494689e+04	1.494943e+04	1.490784e+04	8.128678e+01	8.530236e+01
	932	352	233.000000	2.000000	2.872641e-05	1.011318e+05	1.433130e+00	8.187410e+00	1.494477e+04	1.494733e+04	1.490784e+04	8.082107e+01	8.514668e+01
	963	352	240.750000	2.000000	8.314382e-07	1.011548e+05	1.453177e+00	8.268590e+00	1.493301e+04	1.493313e+04	1.488121e+04	9.132349e+01	8.859750e+01
	1202	354	300.500000	1.500000	1.528829e-04	9.571181e+04	5.031323e+03	4.954670e+00	1.488018e+04	1.488104e+04	1.483534e+04	8.222107e+01	7.987340e+01
	1174	357	293.500000	0.750000	8.848007e-05	9.131681e+04	8.238647e+03	3.207597e+00	1.488373e+04	1.488662e+04	1.483746e+04	7.555196e+01	7.590422e+01
	664	359	166.000000	0.250000	7.417751e-06	1.009228e+05	5.350978e+00	7.332425e+00	1.477014e+04	1.477127e+04	1.475496e+04	8.158469e+01	8.249477e+01
	1233	359	308.250000	0.250000	2.783234e-05	9.576581e+04	3.782592e+03	7.449620e+00	1.480646e+04	1.480816e+04	1.479846e+04	8.706388e+01	8.796630e+01
2024	1	25	22	0
	660	192	165.000000	42.000000	5.629798e-04	9.850498e+04	1.292996e+00	1.793161e+01	1.219680e+04	1.223395e+04	1.184548e+04	7.989491e+01	7.889903e+01
	799	204	199.750000	39.000000	3.499230e-04	9.673898e+04	1.515454e+00	2.044737e+01	1.135842e+04	1.145429e+04	1.053860e+04	8.961649e+01	8.845074e+01
	169	214	42.250000	36.500000	2.107164e-04	7.384798e+04	2.695555e+04	3.730967e+00	1.462942e+04	1.463806e+04	1.447435e+04	7.617974e+01	7.950700e+01
	402	231	100.500000	32.250000	4.701223e-05	5.625098e+04	4.631438e+04	4.160785e+00	1.508916e+04	1.512819e+04	1.431460e+04	8.751532e+01	8.386060e+01
	763	337	190.750000	5.750000	2.746191e-05	1.008860e+05	6.899808e-01	9.114663e+00	1.473044e+04	1.473208e+04	1.469935e+04	9.012720e+01	8.699534e+01
	593	342	148.250000	4.500000	1.321575e-04	1.010830e+05	2.458132e+00	9.418173e+00	1.492952e+04	1.493452e+04	1.487660e+04	7.563941e+01	7.470695e+01
	999	343	249.750000	4.250000	3.711786e-05	1.008430e+05	7.901209e-01	7.311097e+00	1.467112e+04	1.467241e+04	1.463473e+04	8.672836e+01	8.611906e+01
	726	345	181.500000	3.750000	3.424427e-04	1.008620e+05	7.903677e-01	8.808193e+00	1.475405e+04	1.475588e+04	1.468898e+04	8.960272e+01	8.763437e+01
	418	350	104.500000	2.500000	4.522409e-05	9.595498e+04	2.996215e+03	1.077128e+01	1.505923e+04	1.506075e+04	1.498085e+04	7.749979e+01	7.972431e+01
	978	350	244.500000	2.500000	1.896825e-05	1.008400e+05	8.107553e-01	8.526956e+00	1.466564e+04	1.466583e+04	1.463535e+04	9.376724e+01	9.107783e+01
	828	351	207.000000	2.250000	1.182398e-04	1.008070e+05	1.192234e+00	8.795216e+00	1.466331e+04	1.466402e+04	1.462998e+04	8.248339e+01	8.084762e+01
	544	355	136.000000	1.250000	3.914442e-05	1.001640e+05	5.709496e+02	7.027008e+00	1.498044e+04	1.498231e+04	1.495923e+04	8.258544e+01	8.402309e+01
	1034	355	258.500000	1.250000	1.023617e-05	1.008040e+05	9.916025e-01	4.061048e+00	1.460490e+04	1.460682e+04	1.458560e+04	9.243988e+01	9.219211e+01
	1257	355	314.250000	1.250000	8.030795e-06	1.006710e+05	1.392974e+00	9.074147e+00	1.492829e+04	1.493147e+04	1.489385e+04	7.861822e+01	7.681282e+01
	697	356	174.250000	1.000000	1.861714e-06	1.009090e+05	1.332845e+00	6.787252e+00	1.479748e+04	1.479969e+04	1.476235e+04	7.930474e+01	7.976905e+01
	875	357	218.750000	0.750000	1.440849e-05	1.008400e+05	9.109685e-01	8.298144e+00	1.466341e+04	1.466500e+04	1.464073e+04	8.590693e+01	8.747695e+01
	931	357	232.750000	0.750000	1.360383e-05	1.008750e+05	9.107434e-01	8.106395e+00	1.465769e+04	1.465885e+04	1.464485e+04	8.502394e+01	8.518320e+01
	1075	358	268.750000	0.500000	2.156105e-05	9.849398e+04	2.968146e+03	5.660940e+00	1.458320e+04	1.458537e+04	1.456685e+04	9.207863e+01	9.102292e+01
	650	359	162.500000	0.250000	1.765694e-05	1.010830e+05	1.252460e+00	6.528738e+00	1.492286e+04	1.492350e+04	1.489198e+04	7.540134e+01	7.916457e+01
	765	359	191.250000	0.250000	1.127925e-05	1.008690e+05	1.111916e+00	6.496308e+00	1.470481e+04	1.470493e+04	1.469385e+04	8.023741e+01	7.829593e+01
	650	360	162.500000	0.000000	1.765694e-05	1.010830e+05	1.252460e+00	6.238554e+00	1.492358e+04	1.492420e+04	1.489198e+04	7.522861e+01	7.908130e+01
	808	360	202.000000	0.000000	9.669922e-06	1.008130e+05	4.949045e+00	7.487429e+00	1.465806e+04	1.466010e+04	1.463723e+04	8.848861e+01	8.301756e+01
2024	1	25	21	6
	593	183	148.250000	44.250000	3.192227e-04	9.478439e+04	2.086011e+03	2.052490e+01	1.129150e+04	1.137406e+04	1.054471e+04	9.094795e+01	8.234106e+01
	802	197	200.500000	40.750000	2.906125e-04	9.660439e+04	1.653934e+00	1.866864e+01	1.112326e+04	1.122393e+04	1.038996e+04	9.464254e+01	9.241872e+01
	1029	211	257.250000	37.250000	1.749496e-04	7.008139e+04	3.007396e+04	5.777461e+00	1.448941e+04	1.449910e+04	1.436496e+04	8.091543e+01	8.112882e+01
	1055	243	263.750000	29.250000	2.390842e-04	9.428839e+04	3.502181e+03	9.684285e+00	1.485854e+04	1.486453e+04	1.474884e+04	8.030706e+01	7.913407e+01
	1099	318	274.750000	10.500000	1.890461e-04	8.223839e+04	2.245480e+04	1.082180e+01	1.483644e+04	1.483870e+04	1.472446e+04	7.811105e+01	7.685794e+01
	606	334	151.500000	6.500000	-2.135755e-06	1.008914e+05	2.070258e+01	8.812447e+00	1.475954e+04	1.476016e+04	1.473671e+04	7.515976e+01	7.631638e+01
	582	339	145.500000	5.250000	7.326412e-05	1.008684e+05	2.076308e+00	7.723786e+00	1.473013e+04	1.473398e+04	1.468859e+04	8.399588e+01	8.395387e+01
	408	342	102.000000	4.500000	2.081196e-04	9.100939e+04	1.057952e+04	1.169474e+01	1.513181e+04	1.513210e+04	1.507559e+04	8.598611e+01	8.338661e+01
	637	342	159.250000	4.500000	7.922458e-05	1.007704e+05	3.161280e+00	9.387329e+00	1.474133e+04	1.474405e+04	1.464959e+04	8.551214e+01	7.842694e+01
	675	343	168.750000	4.250000	1.002359e-05	1.008384e+05	7.502871e-01	8.848952e+00	1.472975e+04	1.473087e+04	1.470434e+04	8.401083e+01	8.353889e+01
	722	345	180.500000	3.750000	3.386240e-04	1.008474e+05	7.903677e-01	8.223150e+00	1.472492e+04	1.472603e+04	1.468721e+04	8.799972e+01	8.654222e+01
	1085	345	271.250000	3.750000	1.830559e-04	1.008694e+05	2.559104e+00	5.494917e+00	1.472708e+04	1.472970e+04	1.468971e+04	8.874710e+01	8.453361e+01
	541	349	135.250000	2.750000	4.796195e-05	1.008614e+05	1.875548e+00	8.764935e+00	1.475326e+04	1.475717e+04	1.471959e+04	8.743436e+01	8.430112e+01
	1038	352	259.500000	2.000000	1.296501e-04	1.010184e+05	1.252510e+00	4.671146e+00	1.480382e+04	1.480487e+04	1.477609e+04	9.287183e+01	9.121347e+01
	466	354	116.500000	1.500000	6.626057e-05	8.708839e+04	1.174930e+04	7.018966e+00	1.499811e+04	1.500020e+04	1.493421e+04	8.107486e+01	7.943562e+01
	1202	354	300.500000	1.500000	2.358365e-05	9.569439e+04	5.031323e+03	5.130411e+00	1.481547e+04	1.481692e+04	1.478196e+04	7.720736e+01	8.036665e+01
	756	355	189.000000	1.250000	6.864476e-05	1.008744e+05	1.674424e+00	6.378572e+00	1.471787e+04	1.471874e+04	1.470021e+04	8.453412e+01	8.124034e+01
	954	356	238.500000	1.000000	8.503674e-06	1.011614e+05	1.955514e+00	7.000351e+00	1.489164e+04	1.489278e+04	1.487521e+04	9.000178e+01	8.726373e+01
	833	359	208.250000	0.250000	1.362967e-05	1.009674e+05	1.192234e+00	8.054156e+00	1.479724e+04	1.479873e+04	1.478971e+04	9.121732e+01	8.839967e+01
	1356	359	339.000000	0.250000	1.619337e-06	1.011234e+05	9.309898e-01	7.823432e+00	1.485868e+04	1.486021e+04	1.484896e+04	7.797714e+01	7.812072e+01
	1231	360	307.750000	0.000000	2.265978e-05	9.580039e+04	4.826799e+03	7.492617e+00	1.477049e+04	1.477228e+04	1.473834e+04	8.801187e+01	8.978917e+01
2024	1	25	30	12
	595	185	148.750000	43.750000	3.211936e-04	9.549602e+04	1.743928e+03	1.974842e+01	1.159907e+04	1.166565e+04	1.097468e+04	8.874844e+01	7.515639e+01
	804	192	201.000000	42.000000	2.959212e-04	9.645702e+04	2.377246e+00	1.847697e+01	1.098767e+04	1.109187e+04	1.027243e+04	9.621984e+01	9.267999e+01
	271	219	67.750000	35.250000	4.558172e-05	5.860002e+04	3.923507e+04	7.474921e+00	1.477798e+04	1.478122e+04	1.448030e+04	7.985552e+01	7.129263e+01
	1271	225	317.750000	33.750000	3.197631e-04	1.023720e+05	1.233462e+00	1.331274e+01	1.527309e+04	1.527839e+04	1.518393e+04	9.056761e+01	9.006793e+01
	1074	232	268.500000	32.000000	4.157266e-04	9.891002e+04	1.389746e+03	8.432704e+00	1.483028e+04	1.483892e+04	1.471843e+04	9.007457e+01	8.571391e+01
	1299	254	324.750000	26.500000	1.039347e-04	1.018910e+05	7.298173e-01	1.069256e+01	1.520393e+04	1.521428e+04	1.511868e+04	7.893188e+01	7.211608e+01
	1299	255	324.750000	26.250000	1.039347e-04	1.018900e+05	7.905287e-01	1.069256e+01	1.520166e+04	1.521263e+04	1.511868e+04	7.823946e+01	7.147328e+01
	731	338	182.750000	5.500000	2.214154e-04	1.009330e+05	8.305880e-01	1.016618e+01	1.480656e+04	1.480929e+04	1.476380e+04	9.275871e+01	8.338440e+01
	731	339	182.750000	5.250000	2.214154e-04	1.009300e+05	8.305880e-01	1.016618e+01	1.480535e+04	1.480835e+04	1.476380e+04	9.339613e+01	8.433593e+01
	1137	341	284.250000	4.750000	2.116403e-04	6.735302e+04	3.464610e+04	6.018073e+00	1.482843e+04	1.483212e+04	1.459555e+04	7.625600e+01	7.029428e+01
	647	342	161.750000	4.500000	2.007093e-05	1.011460e+05	1.225988e+02	8.944623e+00	1.498235e+04	1.498198e+04	1.494768e+04	8.488406e+01	8.043745e+01
	902	344	225.500000	4.000000	2.615061e-05	1.008400e+05	8.304797e-01	1.093031e+01	1.465095e+04	1.465283e+04	1.462243e+04	8.341370e+01	8.402087e+01
	456	345	114.000000	3.750000	8.813944e-05	8.717702e+04	1.352554e+04	1.037608e+01	1.513020e+04	1.513274e+04	1.508618e+04	7.871420e+01	7.924868e+01
	762	345	190.500000	3.750000	1.399126e-05	1.008860e+05	1.031448e+00	8.314832e+00	1.473618e+04	1.473968e+04	1.470705e+04	8.873969e+01	8.721056e+01
	902	345	225.500000	3.750000	2.251472e-05	1.008400e+05	9.109956e-01	1.093031e+01	1.464810e+04	1.465021e+04	1.462243e+04	8.275779e+01	8.416262e+01
	388	346	97.000000	3.500000	9.189453e-05	8.280102e+04	2.103244e+04	8.345806e+00	1.504106e+04	1.504092e+04	1.499293e+04	7.882924e+01	7.842461e+01
	540	347	135.000000	3.250000	5.642977e-05	1.011750e+05	1.875548e+00	9.291475e+00	1.497771e+04	1.498164e+04	1.493668e+04	8.719538e+01	8.321091e+01
	568	348	142.000000	3.000000	3.509130e-05	1.011230e+05	1.795066e+00	6.702311e+00	1.495320e+04	1.495641e+04	1.491668e+04	8.121634e+01	8.125071e+01
	1044	349	261.000000	2.750000	8.021202e-05	1.008870e+05	1.493493e+00	4.711901e+00	1.468604e+04	1.468689e+04	1.465880e+04	9.130320e+01	8.978466e+01
	799	352	199.750000	2.000000	3.932323e-05	1.008780e+05	1.212288e+00	8.482755e+00	1.471330e+04	1.471475e+04	1.469568e+04	9.105161e+01	8.825932e+01
	800	352	200.000000	2.000000	3.932323e-05	1.008780e+05	1.212288e+00	8.487371e+00	1.471313e+04	1.471436e+04	1.469568e+04	9.097507e+01	8.807925e+01
	883	352	220.750000	2.000000	2.785586e-06	1.007900e+05	9.109685e-01	8.534450e+00	1.461739e+04	1.462188e+04	1.457918e+04	8.579182e+01	8.568747e+01
	1333	352	333.250000	2.000000	3.262423e-06	1.012660e+05	1.212281e+00	7.754248e+00	1.498734e+04	1.498851e+04	1.497318e+04	7.860406e+01	7.699446e+01
	883	353	220.750000	1.750000	3.417954e-07	1.007900e+05	9.109685e-01	8.147710e+00	1.461696e+04	1.462142e+04	1.457918e+04	8.537589e+01	8.538377e+01
	954	356	238.500000	1.000000	9.974465e-07	1.008900e+05	1.955514e+00	6.183635e+00	1.465703e+04	1.465880e+04	1.464093e+04	9.372652e+01	9.185455e+01
	1204	356	301.000000	1.000000	1.744833e-05	9.591302e+04	5.031323e+03	6.458459e+00	1.494323e+04	1.494568e+04	1.490993e+04	8.115413e+01	8.287744e+01
	1383	356	345.750000	1.000000	1.411047e-05	1.012840e+05	1.272547e+00	7.331447e+00	1.501748e+04	1.502077e+04	1.498755e+04	8.031528e+01	7.887033e+01
	954	357	238.500000	0.750000	9.974465e-07	1.008910e+05	1.955514e+00	6.245886e+00	1.465659e+04	1.465838e+04	1.464093e+04	9.346543e+01	9.171201e+01
	1016	360	254.000000	0.000000	9.580515e-06	1.009130e+05	9.314079e-01	4.420926e+00	1.467370e+04	1.467504e+04	1.465893e+04	8.967330e+01	9.179691e+01
	1177	360	294.250000	0.000000	8.567236e-06	9.367802e+04	8.238647e+03	3.048414e+00	1.490817e+04	1.490922e+04	1.488143e+04	7.767848e+01	7.823586e+01
2024	1	25	20	18
	600	188	150.000000	43.000000	3.478136e-04	9.771132e+04	1.598742e+01	1.954917e+01	1.171196e+04	1.177087e+04	1.116246e+04	8.217538e+01	7.184986e+01
	804	188	201.000000	43.000000	3.317501e-04	9.652332e+04	1.653934e+00	1.750572e+01	1.095024e+04	1.103850e+04	1.028459e+04	9.688153e+01	9.136403e+01
	697	197	174.250000	40.750000	4.244354e-04	9.857232e+04	1.796151e+00	1.465793e+01	1.211875e+04	1.214454e+04	1.186234e+04	7.821838e+01	7.571269e+01
	1087	220	271.750000	35.000000	3.708210e-04	9.560632e+04	3.856693e+03	6.383789e+00	1.478611e+04	1.480020e+04	1.464134e+04	9.063846e+01	8.797285e+01
	405	236	101.250000	31.000000	4.523061e-05	5.682232e+04	4.722730e+04	3.706708e+00	1.521023e+04	1.523691e+04	1.455309e+04	7.908123e+01	8.195358e+01
	1299	251	324.750000	27.250000	5.616806e-05	1.015743e+05	8.908983e-01	8.447253e+00	1.493614e+04	1.494825e+04	1.484346e+04	8.373724e+01	7.542421e+01
	504	331	126.000000	7.250000	1.602080e-04	8.820532e+04	1.381545e+04	1.005364e+01	1.506300e+04	1.506221e+04	1.501909e+04	7.963539e+01	7.485989e+01
	729	337	182.250000	5.750000	5.235579e-04	1.008823e+05	8.305880e-01	1.095406e+01	1.474226e+04	1.474403e+04	1.465521e+04	8.904617e+01	8.345608e+01
	559	338	139.750000	5.500000	5.250238e-05	1.009723e+05	1.774505e+00	1.063976e+01	1.479368e+04	1.479716e+04	1.475246e+04	8.794010e+01	8.844059e+01
	1389	346	347.250000	3.500000	9.765849e-06	1.010493e+05	1.132180e+00	7.835226e+00	1.482772e+04	1.482943e+04	1.481409e+04	8.287115e+01	7.912141e+01
	749	347	187.250000	3.250000	2.129935e-05	1.009133e+05	8.908575e-01	8.908562e+00	1.475103e+04	1.475300e+04	1.471459e+04	9.120284e+01	8.849323e+01
	898	348	224.500000	3.000000	1.662038e-05	1.011713e+05	1.232426e+00	7.937690e+00	1.493053e+04	1.493152e+04	1.490534e+04	8.130753e+01	8.472648e+01
	660	349	165.000000	2.750000	1.775287e-05	1.009433e+05	1.111828e+00	8.399463e+00	1.478612e+04	1.478762e+04	1.474496e+04	9.040716e+01	8.692028e+01
	945	350	236.250000	2.500000	1.448002e-04	1.011503e+05	1.955514e+00	7.461540e+00	1.492803e+04	1.493104e+04	1.487371e+04	9.413606e+01	9.331862e+01
	859	351	214.750000	2.250000	1.689419e-06	1.011333e+05	1.152015e+00	8.441469e+00	1.491971e+04	1.492117e+04	1.489534e+04	8.522606e+01	8.796481e+01
	984	351	246.000000	2.250000	2.785586e-05	1.012033e+05	7.902615e-01	6.640148e+00	1.495356e+04	1.495532e+04	1.492321e+04	9.320591e+01	9.291316e+01
	367	354	91.750000	1.500000	1.498125e-05	1.012843e+05	2.839612e+00	4.431061e+00	1.506675e+04	1.506926e+04	1.505021e+04	7.829980e+01	7.334689e+01
	368	356	92.000000	1.000000	1.095794e-05	1.012843e+05	2.839612e+00	4.086925e+00	1.506695e+04	1.506916e+04	1.505021e+04	7.729523e+01	7.347153e+01
	697	356	174.250000	1.000000	1.784228e-05	1.008873e+05	1.332845e+00	6.710473e+00	1.473228e+04	1.473278e+04	1.471059e+04	8.709061e+01	8.657916e+01
	1233	357	308.250000	0.750000	4.609488e-05	9.573932e+04	3.782592e+03	6.461618e+00	1.478352e+04	1.478338e+04	1.476359e+04	8.988371e+01	8.400949e+01
2024	1	26	30	0
	807	186	201.750000	43.500000	3.092664e-04	9.658107e+04	2.138685e+00	1.880832e+01	1.094299e+04	1.101469e+04	1.032349e+04	9.429240e+01	8.977351e+01
	307	190	76.750000	42.500000	7.087761e-05	5.756707e+04	4.055830e+04	6.476425e+00	1.478045e+04	1.477520e+04	1.449099e+04	7.613760e+01	6.436217e+01
	605	191	151.250000	42.250000	3.134387e-04	9.840707e+04	2.579128e+00	1.752821e+01	1.191353e+04	1.197127e+04	1.141549e+04	7.867886e+01	7.458964e+01
	713	199	178.250000	40.250000	3.177004e-04	9.836807e+04	1.633668e+00	1.427965e+01	1.193859e+04	1.196867e+04	1.171512e+04	8.140485e+01	7.675907e+01
	1075	202	268.750000	39.500000	3.040212e-04	9.636807e+04	3.625602e+03	4.594072e+00	1.430913e+04	1.432394e+04	1.412787e+04	9.440160e+01	8.853468e+01
	1271	230	317.750000	32.500000	2.906101e-04	1.020751e+05	1.111819e+00	1.409238e+01	1.510629e+04	1.511661e+04	1.497037e+04	8.249667e+01	7.751501e+01
	391	233	97.750000	31.750000	3.776723e-05	5.443707e+04	4.888860e+04	5.453554e+00	1.520276e+04	1.520502e+04	1.464849e+04	9.370266e+01	8.484432e+01
	386	335	96.500000	6.250000	1.147466e-04	8.285507e+04	1.437509e+04	1.027435e+01	1.506299e+04	1.506706e+04	1.501612e+04	8.013521e+01	7.894697e+01
	990	338	247.500000	5.500000	6.057555e-06	1.008531e+05	9.103631e-01	7.553982e+00	1.468940e+04	1.469250e+04	1.463099e+04	8.712328e+01	8.661803e+01
	571	339	142.750000	5.250000	5.666190e-05	1.012111e+05	1.754831e+00	1.069801e+01	1.501916e+04	1.502266e+04	1.496837e+04	8.466119e+01	8.601368e+01
	992	339	248.000000	5.250000	5.759532e-06	1.008531e+05	9.103631e-01	7.553982e+00	1.468730e+04	1.469046e+04	1.463099e+04	8.716305e+01	8.655580e+01
	1091	341	272.750000	4.750000	9.895139e-05	1.008021e+05	5.951065e+01	6.519634e+00	1.469993e+04	1.470221e+04	1.466474e+04	8.896507e+01	8.251251e+01
	879	343	219.750000	4.250000	3.261142e-05	1.008151e+05	1.152067e+00	1.018238e+01	1.464567e+04	1.464772e+04	1.462074e+04	8.947392e+01	8.714937e+01
	778	348	194.500000	3.000000	3.136927e-06	1.008041e+05	9.913462e-01	8.707275e+00	1.466506e+04	1.466589e+04	1.465274e+04	8.846690e+01	8.357178e+01
	538	349	134.500000	2.750000	1.127201e-04	1.011401e+05	2.277088e+00	9.714873e+00	1.507098e+04	1.507159e+04	1.501699e+04	8.992986e+01	8.537533e+01
	778	349	194.500000	2.750000	3.136927e-06	1.008001e+05	9.913462e-01	8.707275e+00	1.466293e+04	1.466379e+04	1.465274e+04	8.831679e+01	8.358855e+01
	948	349	237.000000	2.750000	3.749900e-05	1.008561e+05	1.955514e+00	7.633885e+00	1.464352e+04	1.464427e+04	1.462324e+04	9.584858e+01	9.293822e+01
	724	353	181.000000	1.750000	1.557404e-06	1.008131e+05	7.903677e-01	7.300777e+00	1.470218e+04	1.470270e+04	1.467962e+04	8.544267e+01	8.590346e+01
	590	354	147.500000	1.500000	2.501183e-05	1.011901e+05	2.357404e+00	4.859330e+00	1.502423e+04	1.502436e+04	1.501174e+04	8.078494e+01	8.017622e+01
	11	356	2.750000	1.000000	5.312497e-06	1.012621e+05	1.614064e+00	4.858395e+00	1.502972e+04	1.502971e+04	1.502237e+04	8.050513e+01	6.587701e+01
	1209	357	302.250000	0.750000	3.669434e-05	9.579607e+04	5.031323e+03	3.858396e+00	1.492410e+04	1.492541e+04	1.490162e+04	8.719154e+01	8.237609e+01
	1369	357	342.250000	0.750000	5.431706e-06	1.013001e+05	1.072042e+00	8.646169e+00	1.502445e+04	1.502752e+04	1.500087e+04	7.790309e+01	7.664515e+01
	1020	358	255.000000	0.500000	2.116733e-05	1.008931e+05	9.308511e-01	4.313983e+00	1.468488e+04	1.468609e+04	1.466799e+04	8.963297e+01	8.903294e+01
	829	359	207.250000	0.250000	5.968148e-06	1.007911e+05	1.192234e+00	8.330352e+00	1.463779e+04	1.464090e+04	1.461362e+04	8.649057e+01	8.565006e+01
	833	359	208.250000	0.250000	9.037787e-06	1.007911e+05	1.192234e+00	8.330352e+00	1.463756e+04	1.464065e+04	1.461362e+04	8.557133e+01	8.473471e+01
	1018	359	254.500000	0.250000	1.866394e-05	1.008931e+05	9.314079e-01	4.277133e+00	1.468296e+04	1.468388e+04	1.466799e+04	8.818365e+01	8.897394e+01
	1242	359	310.500000	0.250000	1.475983e-05	9.842407e+04	7.748242e+02	9.236076e+00	1.494170e+04	1.494322e+04	1.492387e+04	8.449851e+01	8.408884e+01
	1272	359	318.000000	0.250000	8.084113e-06	1.010331e+05	1.011411e+00	8.564235e+00	1.495843e+04	1.495980e+04	1.495387e+04	7.626981e+01	7.313877e+01
	925	360	231.250000	0.000000	2.451474e-06	1.008471e+05	6.899517e-01	7.379450e+00	1.462017e+04	1.462031e+04	1.460362e+04	9.301076e+01	8.900098e+01
	977	360	244.250000	0.000000	-6.479677e-07	1.008671e+05	8.908572e-01	6.596540e+00	1.465276e+04	1.465275e+04	1.463837e+04	9.342674e+01	9.333672e+01
2024	1	26	29	6
	811	184	202.750000	44.000000	2.741243e-04	9.671878e+04	2.419683e+00	1.900130e+01	1.099519e+04	1.105685e+04	1.042288e+04	9.237145e+01	8.824249e+01
	1101	194	275.250000	41.500000	3.455307e-04	9.658678e+04	3.703619e+03	1.008037e+01	1.420316e+04	1.423970e+04	1.390500e+04	9.192072e+01	8.941573e+01
	738	200	184.500000	40.000000	3.441896e-04	9.807378e+04	1.372840e+00	1.473126e+01	1.167333e+04	1.170389e+04	1.146550e+04	8.303308e+01	7.923729e+01
	135	216	33.750000	36.000000	3.306593e-04	7.780578e+04	2.353409e+04	1.156927e+01	1.425083e+04	1.427218e+04	1.403975e+04	8.097935e+01	8.148283e+01
	1024	218	256.000000	35.500000	3.427293e-04	6.845078e+04	3.028019e+04	5.541630e+00	1.443573e+04	1.445404e+04	1.421725e+04	7.533307e+01	7.064149e+01
	558	222	139.500000	34.500000	2.692963e-04	8.412078e+04	1.606337e+04	1.698903e+01	1.412540e+04	1.412796e+04	1.394550e+04	7.517672e+01	8.129899e+01
	1300	241	325.000000	29.750000	4.992145e-05	1.014978e+05	1.231832e+00	8.733027e+00	1.479716e+04	1.481106e+04	1.473163e+04	7.990562e+01	8.032815e+01
	571	317	142.750000	10.750000	5.247770e-06	1.009228e+05	1.654033e+00	1.143858e+01	1.479054e+04	1.479214e+04	1.476313e+04	8.069762e+01	7.895559e+01
	394	318	98.500000	10.500000	1.195329e-05	9.491978e+04	3.960154e+03	1.016689e+01	1.523310e+04	1.523300e+04	1.519100e+04	7.887418e+01	7.923757e+01
	504	331	126.000000	7.250000	2.247419e-04	8.808578e+04	1.381545e+04	1.291438e+01	1.499781e+04	1.499766e+04	1.496525e+04	8.442873e+01	7.863019e+01
	563	336	140.750000	6.000000	5.918997e-05	1.008378e+05	1.774505e+00	1.103172e+01	1.469370e+04	1.469803e+04	1.465275e+04	8.791586e+01	8.697745e+01
	979	340	244.750000	5.000000	1.397985e-05	1.012048e+05	9.510859e-01	7.962242e+00	1.494418e+04	1.494499e+04	1.491625e+04	8.923533e+01	8.822619e+01
	1137	340	284.250000	5.000000	1.260366e-04	6.740378e+04	3.464610e+04	4.440033e+00	1.486043e+04	1.486456e+04	1.463775e+04	7.702292e+01	7.008583e+01
	1083	341	270.750000	4.750000	3.244604e-04	1.010018e+05	2.559104e+00	7.092064e+00	1.484094e+04	1.484482e+04	1.477863e+04	8.855663e+01	8.234587e+01
	703	343	175.750000	4.250000	1.663226e-05	1.007638e+05	1.573879e+00	7.375301e+00	1.464008e+04	1.464207e+04	1.460213e+04	7.991223e+01	8.307832e+01
	1348	345	337.000000	3.750000	6.261049e-06	1.011578e+05	1.131927e+00	7.957528e+00	1.489236e+04	1.489452e+04	1.486913e+04	8.656769e+01	8.339830e+01
	389	346	97.250000	3.500000	1.208212e-04	8.281578e+04	2.103244e+04	8.534424e+00	1.510025e+04	1.510437e+04	1.502863e+04	7.515530e+01	7.863618e+01
	938	347	234.500000	3.250000	1.302983e-04	1.011708e+05	1.151998e+00	9.101490e+00	1.490721e+04	1.490659e+04	1.488775e+04	9.436006e+01	9.228648e+01
	1053	347	263.250000	3.250000	1.357223e-04	1.010858e+05	1.493493e+00	6.174407e+00	1.487684e+04	1.487752e+04	1.483338e+04	8.830461e+01	8.417746e+01
	1276	347	319.000000	3.250000	1.433748e-05	1.010718e+05	1.513235e+00	8.809354e+00	1.481706e+04	1.481895e+04	1.480088e+04	8.080127e+01	7.737857e+01
	658	353	164.500000	1.750000	3.218974e-04	1.008038e+05	1.111828e+00	7.782239e+00	1.469339e+04	1.469783e+04	1.463863e+04	8.939754e+01	8.594052e+01
	591	354	147.750000	1.500000	2.452987e-05	1.007948e+05	2.357404e+00	3.359912e+00	1.470287e+04	1.470293e+04	1.468775e+04	8.010588e+01	8.144646e+01
	767	356	191.750000	1.000000	3.370224e-06	1.008008e+05	1.031448e+00	7.203595e+00	1.465876e+04	1.465989e+04	1.464263e+04	7.798024e+01	7.730846e+01
	1018	356	254.500000	1.000000	1.058239e-05	1.012058e+05	9.511032e-01	4.924692e+00	1.492989e+04	1.492988e+04	1.491875e+04	9.168719e+01	8.933597e+01
	767	357	191.750000	0.750000	4.204689e-06	1.008008e+05	7.903340e-01	7.203595e+00	1.465809e+04	1.465928e+04	1.464263e+04	7.688564e+01	7.637002e+01
	768	357	192.000000	0.750000	4.204689e-06	1.008008e+05	7.903340e-01	7.203595e+00	1.465749e+04	1.465873e+04	1.464263e+04	7.766061e+01	7.695612e+01
	1018	357	254.500000	0.750000	1.842040e-05	1.012058e+05	9.511032e-01	4.931250e+00	1.492944e+04	1.492942e+04	1.491875e+04	9.112269e+01	8.938651e+01
	571	359	142.750000	0.250000	3.674882e-05	1.006498e+05	3.181108e+00	7.421185e+00	1.467026e+04	1.467117e+04	1.466675e+04	7.862315e+01	8.036758e+01
	1231	360	307.750000	0.000000	2.643722e-05	9.589778e+04	4.826799e+03	7.010937e+00	1.483712e+04	1.483756e+04	1.483075e+04	9.248917e+01	8.767456e+01
2024	1	26	31	12
	817	181	204.250000	44.750000	2.495775e-04	9.677303e+04	1.775272e+00	1.838983e+01	1.100011e+04	1.105762e+04	1.044509e+04	9.027470e+01	8.633140e+01
	1118	188	279.500000	43.000000	5.892345e-04	9.375203e+04	6.010640e+03	1.108491e+01	1.425051e+04	1.427873e+04	1.387372e+04	9.489429e+01	9.146535e+01
	620	193	155.000000	41.750000	2.427527e-04	9.868003e+04	2.417426e+00	1.656414e+01	1.215323e+04	1.220992e+04	1.171097e+04	7.865414e+01	7.523391e+01
	759	197	189.750000	40.750000	2.761015e-04	9.775103e+04	1.393408e+00	1.418772e+01	1.146954e+04	1.148777e+04	1.125409e+04	7.783651e+01	7.712168e+01
	728	201	182.000000	39.750000	4.323849e-04	9.779803e+04	1.090837e+00	1.501029e+01	1.151763e+04	1.155205e+04	1.122347e+04	8.212215e+01	7.995678e+01
	146	215	36.500000	36.250000	3.624090e-04	7.767303e+04	1.949023e+04	1.280719e+01	1.402824e+04	1.405791e+04	1.373409e+04	8.529699e+01	7.979748e+01
	1300	228	325.000000	33.000000	1.250634e-04	1.015730e+05	1.051066e+00	1.046796e+01	1.483277e+04	1.484489e+04	1.475859e+04	7.595776e+01	7.448119e+01
	181	241	45.250000	29.750000	1.125166e-04	9.268503e+04	6.187605e+03	8.581712e+00	1.441596e+04	1.443286e+04	1.428509e+04	8.008602e+01	6.631625e+01
	182	241	45.500000	29.750000	1.069733e-04	9.269603e+04	5.791571e+03	9.187504e+00	1.441866e+04	1.443709e+04	1.428509e+04	7.976732e+01	6.624573e+01
	1072	301	268.000000	14.750000	7.472723e-05	7.626103e+04	2.830908e+04	9.800828e+00	1.497652e+04	1.497717e+04	1.492459e+04	7.825193e+01	7.452543e+01
	560	336	140.000000	6.000000	7.651537e-05	1.010670e+05	1.774505e+00	1.127283e+01	1.491267e+04	1.491928e+04	1.484447e+04	8.639529e+01	8.680259e+01
	403	338	100.750000	5.500000	1.273283e-04	9.094603e+04	1.057952e+04	1.056665e+01	1.508632e+04	1.508592e+04	1.501159e+04	8.098782e+01	7.902098e+01
	1085	339	271.250000	5.250000	3.945658e-04	1.008850e+05	5.951065e+01	9.187571e+00	1.474853e+04	1.475092e+04	1.467859e+04	8.561745e+01	8.122810e+01
	1137	341	284.250000	4.750000	2.043077e-04	6.742003e+04	3.464610e+04	6.765479e+00	1.491558e+04	1.491789e+04	1.465822e+04	7.857448e+01	7.133176e+01
	945	343	236.250000	4.250000	2.468913e-05	1.008360e+05	1.112122e+00	9.499308e+00	1.463886e+04	1.464106e+04	1.460184e+04	9.486649e+01	9.271374e+01
	945	344	236.250000	4.000000	3.011315e-05	1.008360e+05	1.112122e+00	9.451032e+00	1.463633e+04	1.463867e+04	1.460184e+04	9.556224e+01	9.314332e+01
	770	346	192.500000	3.500000	2.069166e-06	1.007930e+05	9.913462e-01	8.013569e+00	1.464813e+04	1.464898e+04	1.462409e+04	8.684337e+01	8.228978e+01
	870	347	217.500000	3.250000	1.622131e-06	1.007670e+05	1.152064e+00	8.363832e+00	1.460406e+04	1.460558e+04	1.457684e+04	8.183198e+01	8.596944e+01
	535	349	133.750000	2.750000	6.042211e-05	1.010450e+05	2.839759e+00	1.206017e+01	1.498125e+04	1.498217e+04	1.494009e+04	8.108018e+01	8.267017e+01
	745	349	186.250000	2.750000	2.397387e-05	1.008230e+05	8.908575e-01	4.094671e+00	1.469314e+04	1.469693e+04	1.464259e+04	7.874270e+01	8.087484e+01
	637	350	159.250000	2.500000	1.595744e-04	1.011540e+05	1.473517e+00	5.594012e+00	1.494142e+04	1.493862e+04	1.491259e+04	7.553654e+01	7.285546e+01
	744	350	186.000000	2.500000	2.343743e-05	1.008230e+05	8.908540e-01	4.094671e+00	1.469572e+04	1.469967e+04	1.464259e+04	7.810171e+01	8.021990e+01
	1305	352	326.250000	2.000000	6.926944e-06	1.012920e+05	1.051780e+00	7.593628e+00	1.503578e+04	1.503741e+04	1.501072e+04	7.771574e+01	8.026028e+01
	659	353	164.750000	1.750000	5.132088e-04	1.010880e+05	1.111828e+00	8.737922e+00	1.490338e+04	1.490006e+04	1.484747e+04	9.018077e+01	8.276675e+01
	916	353	229.000000	1.750000	4.713028e-05	1.008880e+05	8.103890e-01	6.921777e+00	1.463792e+04	1.463857e+04	1.461672e+04	9.613401e+01	9.376542e+01
	889	355	222.250000	1.250000	6.956747e-06	1.008300e+05	1.131940e+00	7.738036e+00	1.461625e+04	1.461694e+04	1.459872e+04	8.356232e+01	8.182724e+01
	1204	356	301.000000	1.000000	2.120226e-05	9.595303e+04	5.031323e+03	6.483551e+00	1.502205e+04	1.502510e+04	1.498097e+04	7.836630e+01	8.013958e+01
	398	358	99.500000	0.500000	6.319373e-05	8.716803e+04	1.323839e+04	6.598973e+00	1.502672e+04	1.502755e+04	1.497634e+04	7.776573e+01	7.691440e+01
	442	358	110.500000	0.500000	6.885617e-05	9.343803e+04	6.177788e+03	8.471257e+00	1.505641e+04	1.505518e+04	1.502884e+04	7.961361e+01	7.696371e+01
	819	359	204.750000	0.250000	1.118868e-05	1.007250e+05	6.499004e-01	8.243478e+00	1.456705e+04	1.456914e+04	1.454934e+04	8.228451e+01	8.128560e+01
	1023	360	255.750000	0.000000	1.795380e-05	1.009790e+05	9.308511e-01	5.106670e+00	1.472212e+04	1.472291e+04	1.470847e+04	8.812608e+01	8.806503e+01
2024	1	26	31	18
	1134	185	283.500000	43.750000	3.621150e-04	9.339460e+04	7.031919e+03	1.061729e+01	1.425672e+04	1.428229e+04	1.396100e+04	9.349628e+01	8.969323e+01
	307	190	76.750000	42.500000	9.162910e-05	5.772160e+04	4.055830e+04	3.212485e+00	1.511040e+04	1.511080e+04	1.483737e+04	7.518291e+01	6.506256e+01
	623	193	155.750000	41.750000	2.032090e-04	9.887160e+04	2.417426e+00	1.495625e+01	1.227637e+04	1.232660e+04	1.188600e+04	7.787020e+01	7.218832e+01
	1101	195	275.250000	41.250000	2.145935e-04	9.751060e+04	3.703619e+03	6.451474e+00	1.456542e+04	1.457262e+04	1.444387e+04	9.068784e+01	8.995416e+01
	737	201	184.250000	39.750000	2.802182e-04	9.760560e+04	1.372840e+00	1.614270e+01	1.137237e+04	1.140460e+04	1.109187e+04	8.661307e+01	7.878480e+01
	154	210	38.500000	37.500000	2.766419e-04	7.581760e+04	1.969123e+04	8.781029e+00	1.398774e+04	1.401929e+04	1.367425e+04	8.758604e+01	8.326196e+01
	1305	226	326.250000	33.500000	8.286722e-05	1.011456e+05	1.211952e+00	1.071555e+01	1.450711e+04	1.452246e+04	1.441125e+04	8.301879e+01	7.617143e+01
	1031	227	257.750000	33.250000	2.130438e-04	7.764960e+04	1.405832e+04	8.942065e+00	1.467972e+04	1.470194e+04	1.448200e+04	7.781958e+01	7.263410e+01
	1305	227	326.250000	33.250000	8.322485e-05	1.011456e+05	1.211952e+00	1.080314e+01	1.450988e+04	1.452550e+04	1.441125e+04	8.341603e+01	7.634998e+01
	408	235	102.000000	31.250000	2.481230e-05	5.680360e+04	4.446984e+04	2.839352e+00	1.517346e+04	1.518948e+04	1.459575e+04	7.587669e+01	7.533652e+01
	189	236	47.250000	31.000000	1.408625e-04	7.377560e+04	1.176387e+04	1.081409e+01	1.450807e+04	1.451805e+04	1.438800e+04	8.015723e+01	7.317869e+01
	878	248	219.500000	28.000000	3.931094e-04	1.011276e+05	1.754514e+00	1.405380e+01	1.477759e+04	1.477567e+04	1.469412e+04	8.085033e+01	7.638046e+01
	504	331	126.000000	7.250000	1.682211e-04	8.814360e+04	1.381545e+04	1.249396e+01	1.498167e+04	1.498156e+04	1.492225e+04	7.651517e+01	7.870573e+01
	544	331	136.000000	7.250000	4.275013e-04	1.008346e+05	1.959272e+02	1.445430e+01	1.473683e+04	1.474401e+04	1.461512e+04	8.739008e+01	8.520422e+01
	815	335	203.750000	6.250000	3.294516e-04	1.009076e+05	1.011581e+00	8.908817e+00	1.476386e+04	1.476567e+04	1.470225e+04	9.305981e+01	8.909383e+01
	748	337	187.000000	5.750000	1.921821e-04	1.008426e+05	8.105052e-01	9.361142e+00	1.467576e+04	1.467793e+04	1.462912e+04	9.045699e+01	8.502906e+01
	1087	339	271.750000	5.250000	3.738571e-04	1.010756e+05	5.951065e+01	7.785112e+00	1.490483e+04	1.490369e+04	1.485887e+04	8.459016e+01	8.090347e+01
	718	340	179.500000	5.000000	1.180340e-04	1.007986e+05	1.332782e+00	6.293955e+00	1.466559e+04	1.466651e+04	1.463937e+04	8.475489e+01	8.383711e+01
	461	342	115.250000	4.500000	1.235176e-04	8.715960e+04	1.352554e+04	1.130901e+01	1.507753e+04	1.507890e+04	1.503487e+04	7.946004e+01	8.099622e+01
	1272	345	318.000000	3.750000	7.526949e-06	1.010656e+05	1.513235e+00	7.820321e+00	1.481658e+04	1.481897e+04	1.479475e+04	8.721799e+01	7.879133e+01
	1003	346	250.750000	3.500000	1.664646e-05	1.011566e+05	1.071313e+00	6.713184e+00	1.493165e+04	1.493360e+04	1.490000e+04	8.967911e+01	8.866780e+01
	1363	348	340.750000	3.000000	3.810413e-05	1.010476e+05	1.393263e+00	8.150244e+00	1.484611e+04	1.484849e+04	1.479900e+04	8.200803e+01	7.717714e+01
	664	351	166.000000	2.250000	6.428529e-04	1.008286e+05	1.111828e+00	1.098285e+01	1.472832e+04	1.472962e+04	1.459312e+04	8.451075e+01	7.840305e+01
	1037	351	259.250000	2.250000	3.017671e-05	1.011626e+05	1.252510e+00	5.919231e+00	1.492003e+04	1.492211e+04	1.489312e+04	9.086313e+01	8.643684e+01
	445	356	111.250000	1.000000	7.356890e-05	9.172060e+04	6.177788e+03	8.765496e+00	1.506692e+04	1.506976e+04	1.503225e+04	8.511279e+01	8.065077e+01
	934	356	233.500000	1.000000	2.314337e-05	1.011466e+05	1.433130e+00	7.354964e+00	1.488241e+04	1.488349e+04	1.486200e+04	9.497245e+01	9.271609e+01
	704	357	176.000000	0.750000	9.061582e-05	1.007856e+05	1.272560e+00	6.252843e+00	1.465141e+04	1.465300e+04	1.461625e+04	8.952148e+01	8.554993e+01
	1202	358	300.500000	0.500000	1.706369e-05	9.572660e+04	5.031323e+03	4.663353e+00	1.487602e+04	1.487684e+04	1.486362e+04	8.380820e+01	7.988277e+01
	398	359	99.500000	0.250000	1.255441e-04	8.732260e+04	1.304338e+04	8.022902e+00	1.514459e+04	1.514425e+04	1.511837e+04	8.592066e+01	8.100795e+01
	1177	359	294.250000	0.250000	6.880052e-05	9.041860e+04	8.238647e+03	3.616257e+00	1.485839e+04	1.486177e+04	1.482800e+04	7.826127e+01	7.535258e+01
	1421	360	355.250000	0.000000	1.563318e-05	1.011306e+05	9.105405e-01	6.773183e+00	1.488219e+04	1.488260e+04	1.487125e+04	7.784487e+01	7.471420e+01
2024	1	27	24	0
	762	180	190.500000	45.000000	2.864117e-04	9.760902e+04	1.734871e+00	1.563380e+01	1.117902e+04	1.120321e+04	1.091497e+04	8.781021e+01	8.711249e+01
	1148	182	287.000000	44.500000	1.532550e-04	9.372802e+04	7.065133e+03	8.849216e+00	1.432995e+04	1.434989e+04	1.415947e+04	9.183078e+01	8.740312e+01
	307	190	76.750000	42.500000	9.305426e-05	5.774601e+04	4.055830e+04	3.888189e+00	1.516366e+04	1.516377e+04	1.490310e+04	8.049463e+01	6.974649e+01
	626	195	156.500000	41.250000	2.096409e-04	9.917902e+04	1.736826e+00	1.552190e+01	1.247683e+04	1.252685e+04	1.210810e+04	7.849855e+01	7.546082e+01
	744	200	186.000000	40.000000	2.502615e-04	9.765702e+04	1.372840e+00	1.548632e+01	1.137712e+04	1.139943e+04	1.112597e+04	7.785686e+01	7.622644e+01
	160	208	40.000000	38.000000	2.763385e-04	7.320302e+04	2.291946e+04	6.987070e+00	1.383451e+04	1.386569e+04	1.346422e+04	8.792181e+01	8.465128e+01
	1313	222	328.250000	34.500000	1.225884e-04	1.010090e+05	1.715729e+00	1.152881e+01	1.443534e+04	1.445331e+04	1.427085e+04	8.691164e+01	7.685726e+01
	390	234	97.500000	31.500000	4.724809e-05	5.450001e+04	5.160266e+04	3.661945e+00	1.518214e+04	1.517948e+04	1.466747e+04	9.605653e+01	8.606463e+01
	1062	239	265.500000	30.250000	2.102072e-04	9.831902e+04	1.390284e+03	1.204930e+01	1.477156e+04	1.478406e+04	1.459110e+04	8.032750e+01	7.324245e+01
	356	243	89.000000	29.250000	6.399699e-05	5.026201e+04	5.506624e+04	3.230757e+00	1.499627e+04	1.500460e+04	1.461260e+04	8.126147e+01	7.566502e+01
	590	328	147.500000	8.000000	3.617490e-06	1.012610e+05	1.433334e+00	8.122410e+00	1.502806e+04	1.503067e+04	1.499222e+04	8.801900e+01	8.373026e+01
	532	334	133.000000	6.500000	1.729245e-04	1.010460e+05	1.959272e+02	1.298562e+01	1.500047e+04	1.500682e+04	1.486397e+04	7.717637e+01	8.430710e+01
	820	335	205.000000	6.250000	3.256316e-04	1.007400e+05	1.011581e+00	9.266367e+00	1.459990e+04	1.460178e+04	1.454222e+04	8.939916e+01	8.739186e+01
	1087	339	271.750000	5.250000	2.165849e-04	1.009260e+05	5.951065e+01	6.899607e+00	1.479152e+04	1.479327e+04	1.473160e+04	8.300084e+01	8.066705e+01
	381	340	95.250000	5.000000	1.114423e-04	8.278902e+04	1.501496e+04	9.405565e+00	1.502144e+04	1.502533e+04	1.497810e+04	8.588905e+01	8.194609e+01
	757	345	189.250000	3.750000	1.547881e-05	1.008320e+05	1.031448e+00	8.021181e+00	1.467657e+04	1.467547e+04	1.465172e+04	9.026320e+01	8.499680e+01
	1039	347	259.750000	3.250000	1.453871e-04	1.009320e+05	1.493493e+00	5.914601e+00	1.472906e+04	1.472950e+04	1.469960e+04	9.006826e+01	8.538027e+01
	954	351	238.500000	2.250000	2.179691e-05	1.007810e+05	1.955514e+00	6.692304e+00	1.458127e+04	1.458264e+04	1.456085e+04	9.012046e+01	9.103336e+01
	668	352	167.000000	2.000000	6.483013e-04	1.009600e+05	1.111828e+00	1.252132e+01	1.487119e+04	1.487319e+04	1.472085e+04	8.432251e+01	7.924400e+01
	450	353	112.500000	1.750000	5.580136e-05	8.929102e+04	8.814143e+03	8.679814e+00	1.507534e+04	1.507846e+04	1.504660e+04	8.384295e+01	8.179902e+01
	616	358	154.000000	0.500000	1.684972e-05	1.012180e+05	1.754545e+00	4.051855e+00	1.502690e+04	1.502705e+04	1.501010e+04	7.584043e+01	7.826472e+01
	801	359	200.250000	0.250000	9.846175e-06	1.007180e+05	1.212288e+00	8.061930e+00	1.458492e+04	1.458751e+04	1.456535e+04	7.786445e+01	7.765331e+01
	914	359	228.500000	0.250000	1.890608e-05	1.007270e+05	8.103890e-01	7.051329e+00	1.452960e+04	1.453161e+04	1.449772e+04	9.104635e+01	8.603389e+01
	1413	359	353.250000	0.250000	7.760013e-06	1.012930e+05	9.712011e-01	6.997968e+00	1.502484e+04	1.502750e+04	1.499822e+04	7.768088e+01	7.385780e+01
2024	1	27	24	6
	103	180	25.750000	45.000000	1.424786e-04	8.660888e+04	1.547921e+04	7.557273e+00	1.431937e+04	1.433485e+04	1.417809e+04	7.952677e+01	7.855587e+01
	759	182	189.750000	44.500000	2.548632e-04	9.755088e+04	1.734871e+00	1.620273e+01	1.116530e+04	1.118907e+04	1.088272e+04	8.945585e+01	8.802076e+01
	1190	189	297.500000	42.750000	2.396938e-04	9.955788e+04	2.901602e+02	1.458656e+01	1.427731e+04	1.429969e+04	1.406997e+04	9.107691e+01	8.903081e+01
	1191	189	297.750000	42.750000	2.614197e-04	9.955788e+04	1.223421e+02	1.458656e+01	1.427812e+04	1.430039e+04	1.406997e+04	9.149860e+01	8.843473e+01
	161	207	40.250000	38.250000	2.537009e-04	7.312188e+04	2.346830e+04	6.830079e+00	1.388554e+04	1.390836e+04	1.357234e+04	8.079042e+01	7.963548e+01
	1319	215	329.750000	36.250000	2.689299e-04	1.000969e+05	9.689945e+00	1.208279e+01	1.411706e+04	1.413665e+04	1.394534e+04	8.387688e+01	7.653383e+01
	1068	229	267.000000	32.750000	3.128287e-04	9.702788e+04	3.676180e+03	5.344493e+00	1.477312e+04	1.479427e+04	1.450147e+04	8.454414e+01	7.831751e+01
	577	334	144.250000	6.500000	6.907550e-05	1.008789e+05	2.076308e+00	7.653175e+00	1.472992e+04	1.473101e+04	1.470584e+04	8.468316e+01	8.621915e+01
	577	335	144.250000	6.250000	3.527966e-05	1.008789e+05	2.076308e+00	7.450549e+00	1.472843e+04	1.472941e+04	1.470584e+04	8.419332e+01	8.596885e+01
	542	338	135.500000	5.500000	2.993580e-04	1.007549e+05	4.406010e+00	1.341462e+01	1.468587e+04	1.469237e+04	1.459672e+04	8.232825e+01	8.453921e+01
	784	340	196.000000	5.000000	6.636349e-05	1.008009e+05	1.031385e+00	1.022323e+01	1.471831e+04	1.472180e+04	1.464472e+04	8.772765e+01	8.052325e+01
	836	341	209.000000	4.750000	9.473879e-07	1.009449e+05	1.212252e+00	1.080583e+01	1.479696e+04	1.479955e+04	1.476784e+04	8.407998e+01	8.050960e+01
	388	342	97.000000	4.500000	1.080271e-04	8.280488e+04	2.103244e+04	8.623303e+00	1.508362e+04	1.508604e+04	1.501934e+04	8.684438e+01	8.409652e+01
	1037	344	259.250000	4.000000	1.749631e-04	1.011439e+05	1.252563e+00	6.704535e+00	1.491696e+04	1.491845e+04	1.489472e+04	8.773909e+01	8.471353e+01
	967	345	241.750000	3.750000	1.766649e-05	1.011249e+05	1.252741e+00	8.058129e+00	1.488298e+04	1.488455e+04	1.486072e+04	9.136159e+01	8.879973e+01
	1330	346	332.500000	3.500000	1.721319e-04	1.011999e+05	7.303221e-01	9.258554e+00	1.492691e+04	1.492799e+04	1.488859e+04	8.096432e+01	7.158917e+01
	1246	348	311.500000	3.000000	5.199877e-05	1.001239e+05	7.575311e+01	1.001235e+01	1.485230e+04	1.485378e+04	1.482984e+04	8.313202e+01	8.310865e+01
	700	349	175.000000	2.750000	6.669101e-04	1.007549e+05	1.573879e+00	1.017740e+01	1.463770e+04	1.464126e+04	1.456359e+04	8.987199e+01	8.960717e+01
	999	350	249.750000	2.500000	2.690521e-05	1.011169e+05	5.896644e-01	7.549727e+00	1.487836e+04	1.488074e+04	1.486022e+04	9.112930e+01	8.839935e+01
	454	351	113.500000	2.250000	1.882550e-04	8.760488e+04	1.164235e+04	9.246509e+00	1.495167e+04	1.495454e+04	1.491109e+04	7.910757e+01	7.900472e+01
	867	355	216.750000	1.250000	9.441050e-06	1.010139e+05	1.111865e+00	7.931791e+00	1.480510e+04	1.480548e+04	1.479509e+04	7.985423e+01	7.539057e+01
	1404	357	351.000000	0.750000	2.145139e-05	1.011169e+05	8.107274e-01	7.202602e+00	1.485319e+04	1.485618e+04	1.482909e+04	8.799070e+01	7.924200e+01
	398	360	99.500000	0.000000	1.258489e-04	8.716788e+04	1.304338e+04	3.756796e+00	1.504081e+04	1.504115e+04	1.500322e+04	8.550765e+01	8.176039e+01
	555	360	138.750000	0.000000	5.852547e-05	9.392888e+04	8.223976e+02	8.989556e+00	1.469158e+04	1.469533e+04	1.467047e+04	8.554719e+01	8.314205e+01
2024	1	27	27	12
	900	181	225.000000	44.750000	3.705767e-04	9.989072e+04	6.334190e+00	1.475254e+01	1.343271e+04	1.345198e+04	1.316296e+04	8.231980e+01	7.950990e+01
	759	185	189.750000	43.750000	2.727655e-04	9.741772e+04	1.734871e+00	1.615860e+01	1.110870e+04	1.114284e+04	1.078734e+04	9.087560e+01	8.946381e+01
	1196	192	299.000000	42.000000	2.088991e-04	1.008667e+05	1.716479e+00	1.478268e+01	1.424004e+04	1.426846e+04	1.397871e+04	7.576051e+01	8.293030e+01
	100	195	25.000000	41.250000	2.329794e-04	8.491872e+04	1.600965e+04	1.027880e+01	1.469092e+04	1.469881e+04	1.457321e+04	7.798454e+01	7.156218e+01
	183	200	45.750000	40.000000	2.658812e-04	7.147172e+04	2.733970e+04	6.763618e+00	1.380010e+04	1.382080e+04	1.351484e+04	8.062350e+01	7.708585e+01
	633	202	158.250000	39.500000	1.446751e-04	9.938272e+04	1.634544e+00	1.720491e+01	1.263062e+04	1.267051e+04	1.233871e+04	7.668716e+01	7.447429e+01
	1327	202	331.750000	39.500000	8.167473e-04	9.962572e+04	1.868094e+03	1.468695e+01	1.391161e+04	1.393600e+04	1.358671e+04	8.377681e+01	7.773385e+01
	1074	223	268.500000	34.250000	4.098264e-04	9.561872e+04	4.746015e+03	5.993592e+00	1.460715e+04	1.463511e+04	1.429184e+04	9.006047e+01	8.257360e+01
	430	329	107.500000	7.750000	3.173715e-06	1.010677e+05	6.559803e+01	1.409704e+01	1.504689e+04	1.504932e+04	1.501009e+04	7.991970e+01	7.745612e+01
	539	334	134.750000	6.500000	3.179756e-04	1.011357e+05	1.959272e+02	1.417754e+01	1.498439e+04	1.498764e+04	1.491971e+04	8.549884e+01	8.543422e+01
	599	334	149.750000	6.500000	8.627540e-06	1.012267e+05	8.986553e+00	6.500968e+00	1.499373e+04	1.499472e+04	1.495859e+04	8.609335e+01	8.119275e+01
	736	335	184.000000	6.250000	1.268832e-04	1.008717e+05	8.305880e-01	8.083406e+00	1.473512e+04	1.473623e+04	1.469696e+04	8.529327e+01	8.422717e+01
	1137	341	284.250000	4.750000	1.546589e-04	6.748472e+04	3.464610e+04	4.706026e+00	1.499738e+04	1.499661e+04	1.481546e+04	7.932476e+01	7.548586e+01
	515	342	128.750000	4.500000	7.273233e-05	9.921772e+04	4.178180e+02	1.305201e+01	1.500984e+04	1.501369e+04	1.496371e+04	9.205312e+01	8.282633e+01
	909	343	227.250000	4.250000	6.958609e-06	1.008197e+05	8.304797e-01	9.541405e+00	1.462218e+04	1.462402e+04	1.459409e+04	9.384344e+01	9.039843e+01
	972	344	243.000000	4.000000	1.682318e-05	1.008317e+05	1.252741e+00	8.376534e+00	1.463476e+04	1.463746e+04	1.460371e+04	9.183502e+01	9.105284e+01
	762	348	190.500000	3.000000	1.244224e-05	1.008467e+05	1.111916e+00	6.555721e+00	1.468121e+04	1.468387e+04	1.463421e+04	9.129379e+01	8.536971e+01
	697	349	174.250000	2.750000	3.414897e-04	1.009147e+05	1.373035e+00	1.070541e+01	1.477207e+04	1.477610e+04	1.469196e+04	9.183639e+01	9.069562e+01
	799	350	199.750000	2.500000	-3.442401e-06	1.007507e+05	1.272668e+00	8.612217e+00	1.463005e+04	1.463413e+04	1.456921e+04	7.551181e+01	7.679005e+01
	1271	353	317.750000	1.750000	4.216796e-06	1.013197e+05	1.513235e+00	8.285458e+00	1.506923e+04	1.507131e+04	1.505934e+04	7.565152e+01	7.811933e+01
	1354	353	338.500000	1.750000	1.750863e-05	1.014187e+05	9.510966e-01	7.155865e+00	1.510910e+04	1.510882e+04	1.508934e+04	7.967434e+01	7.228674e+01
	927	355	231.750000	1.250000	5.200272e-06	1.008227e+05	5.895541e-01	7.721612e+00	1.461021e+04	1.461268e+04	1.459496e+04	9.339034e+01	9.156403e+01
	438	356	109.500000	1.000000	6.221212e-05	9.533372e+04	6.177788e+03	8.532871e+00	1.496326e+04	1.496599e+04	1.494396e+04	7.700607e+01	7.791027e+01
	389	357	97.250000	0.750000	3.959215e-05	8.414472e+04	8.219895e+03	5.166296e+00	1.497059e+04	1.497236e+04	1.493371e+04	8.256469e+01	8.174284e+01
	1229	358	307.250000	0.500000	3.381050e-05	9.616572e+04	4.826799e+03	7.833646e+00	1.507106e+04	1.507271e+04	1.503346e+04	8.455413e+01	8.650433e+01
	479	359	119.750000	0.250000	4.859245e-05	8.473972e+04	1.348911e+04	8.384209e+00	1.502865e+04	1.502861e+04	1.501209e+04	7.685361e+01	7.628667e+01
	557	360	139.250000	0.000000	3.750599e-05	9.428472e+04	2.827706e+02	8.272361e+00	1.498714e+04	1.499118e+04	1.496984e+04	7.864636e+01	7.951947e+01
2024	1	27	31	18
	103	180	25.750000	45.000000	1.286641e-04	8.714442e+04	1.547921e+04	9.467612e+00	1.464410e+04	1.464991e+04	1.456105e+04	8.515271e+01	8.557765e+01
	761	186	190.250000	43.500000	2.738908e-04	9.744942e+04	1.734871e+00	1.827342e+01	1.117391e+04	1.121167e+04	1.082518e+04	9.175707e+01	8.916424e+01
	1337	190	334.250000	42.500000	4.922524e-04	9.963242e+04	2.056166e+00	1.920199e+01	1.348509e+04	1.352449e+04	1.305618e+04	8.399607e+01	7.792677e+01
	1209	193	302.250000	41.750000	2.161935e-04	1.006744e+05	1.513001e+00	1.441556e+01	1.407405e+04	1.410993e+04	1.378655e+04	7.720031e+01	7.889015e+01
	1210	193	302.500000	41.750000	2.161935e-04	1.006744e+05	1.513001e+00	1.441556e+01	1.407141e+04	1.410726e+04	1.378655e+04	7.750247e+01	7.837933e+01
	193	207	48.250000	38.250000	1.271740e-04	7.254342e+04	2.764312e+04	8.020250e+00	1.400223e+04	1.401566e+04	1.384643e+04	8.408851e+01	7.979307e+01
	794	217	198.500000	35.750000	6.006137e-04	9.810442e+04	1.594998e+00	1.863321e+01	1.199091e+04	1.201393e+04	1.168655e+04	8.570123e+01	7.835080e+01
	1081	218	270.250000	35.500000	5.621985e-04	9.596742e+04	2.701633e+03	8.454849e+00	1.439089e+04	1.443431e+04	1.388130e+04	9.501868e+01	8.794405e+01
	405	237	101.250000	30.750000	2.304465e-05	5.689343e+04	4.722730e+04	2.757213e+00	1.522396e+04	1.523392e+04	1.479005e+04	8.289774e+01	8.196411e+01
	361	319	90.250000	10.250000	3.041700e-04	1.013424e+05	2.759322e+00	1.097180e+01	1.514552e+04	1.514745e+04	1.506980e+04	8.744458e+01	7.868769e+01
	1104	321	276.000000	9.750000	1.758412e-04	8.238342e+04	2.245480e+04	1.036277e+01	1.501747e+04	1.501936e+04	1.495605e+04	7.790380e+01	7.493864e+01
	540	341	135.000000	4.750000	2.001002e-04	1.008884e+05	1.995751e+00	1.243535e+01	1.477112e+04	1.477685e+04	1.468355e+04	8.462797e+01	8.459522e+01
	513	342	128.250000	4.500000	1.345053e-04	9.905742e+04	5.836708e+02	1.183035e+01	1.486118e+04	1.486263e+04	1.482893e+04	9.072366e+01	8.596622e+01
	460	343	115.000000	4.250000	9.451061e-05	8.708642e+04	1.352554e+04	1.056131e+01	1.501332e+04	1.501470e+04	1.497243e+04	8.602598e+01	8.292716e+01
	353	345	88.250000	3.750000	2.972037e-05	1.013624e+05	1.975576e+00	5.647286e+00	1.510446e+04	1.510620e+04	1.508855e+04	8.050645e+01	8.081635e+01
	873	346	218.250000	3.500000	7.913262e-05	1.010464e+05	1.152064e+00	1.050862e+01	1.482302e+04	1.482405e+04	1.480430e+04	9.414983e+01	8.891517e+01
	351	347	87.750000	3.250000	3.582984e-05	1.013624e+05	1.975576e+00	5.647286e+00	1.510543e+04	1.510735e+04	1.508855e+04	8.083414e+01	8.000864e+01
	1273	347	318.250000	3.250000	1.326948e-05	1.011074e+05	1.513235e+00	8.702153e+00	1.489048e+04	1.489233e+04	1.487030e+04	8.315417e+01	8.394205e+01
	760	348	190.000000	3.000000	4.664809e-05	1.008924e+05	1.111916e+00	8.637550e+00	1.475232e+04	1.475391e+04	1.467768e+04	9.039699e+01	8.663487e+01
	694	349	173.500000	2.750000	3.641322e-04	1.007584e+05	1.312749e+00	1.223248e+01	1.468079e+04	1.468440e+04	1.457243e+04	9.126202e+01	8.631767e+01
	695	349	173.750000	2.750000	3.641322e-04	1.007584e+05	1.373035e+00	1.223248e+01	1.468008e+04	1.468354e+04	1.457243e+04	9.149832e+01	8.733131e+01
	610	350	152.500000	2.500000	2.522022e-05	1.009764e+05	1.352788e+00	5.693614e+00	1.481344e+04	1.481351e+04	1.479418e+04	8.072998e+01	8.200164e+01
	1346	351	336.500000	2.250000	1.881272e-05	1.011534e+05	1.192219e+00	6.780997e+00	1.490161e+04	1.490244e+04	1.487568e+04	8.337676e+01	7.424713e+01
	390	353	97.500000	1.750000	1.477674e-04	8.288342e+04	1.881755e+04	4.091495e+00	1.510726e+04	1.510770e+04	1.505568e+04	9.001842e+01	8.534029e+01
	961	356	240.250000	1.000000	8.322299e-06	1.011524e+05	1.613883e+00	7.074756e+00	1.489209e+04	1.489379e+04	1.487405e+04	9.028323e+01	8.880444e+01
	963	356	240.750000	1.000000	1.005083e-05	1.011524e+05	1.613883e+00	7.074756e+00	1.489093e+04	1.489273e+04	1.487405e+04	9.068990e+01	8.892957e+01
	1374	356	343.500000	1.000000	7.994473e-06	1.011604e+05	1.272547e+00	5.978704e+00	1.490455e+04	1.490477e+04	1.489443e+04	8.461546e+01	7.938792e+01
	232	358	58.000000	0.500000	3.326684e-05	1.014104e+05	1.875327e+00	5.340906e+00	1.514575e+04	1.514618e+04	1.512718e+04	7.797552e+01	7.339946e+01
	1172	358	293.000000	0.500000	1.201108e-04	9.365942e+04	8.238647e+03	2.907490e+00	1.490514e+04	1.490853e+04	1.484418e+04	8.381646e+01	7.814262e+01
	1252	358	313.000000	0.500000	1.461059e-05	9.969242e+04	4.398277e+02	8.122342e+00	1.487782e+04	1.487873e+04	1.486343e+04	8.424078e+01	8.405320e+01
	1034	359	258.500000	0.250000	-4.552305e-06	1.011534e+05	9.703523e-01	7.556655e+00	1.488635e+04	1.488935e+04	1.486393e+04	8.153645e+01	8.318555e+01
2024	1	28	21	0
	763	188	190.750000	43.000000	2.614744e-04	9.766320e+04	1.734871e+00	1.338625e+01	1.130413e+04	1.133754e+04	1.100897e+04	8.703609e+01	8.640256e+01
	204	192	51.000000	42.000000	1.084991e-04	7.279820e+04	1.210538e+04	1.115247e+01	1.398465e+04	1.399753e+04	1.391409e+04	8.410271e+01	7.832163e+01
	1228	193	307.000000	41.750000	3.501959e-04	1.004922e+05	1.432155e+00	1.636082e+01	1.396894e+04	1.400578e+04	1.365409e+04	8.433604e+01	7.607807e+01
	810	212	202.500000	37.000000	7.100590e-04	9.765820e+04	1.050962e+00	1.908414e+01	1.177227e+04	1.180765e+04	1.131884e+04	8.301214e+01	7.798893e+01
	1091	212	272.750000	37.000000	5.009659e-04	9.454520e+04	5.117937e+03	7.174417e+00	1.416999e+04	1.421994e+04	1.361009e+04	9.141534e+01	9.007384e+01
	405	254	101.250000	26.500000	5.551055e-05	5.937920e+04	3.791679e+04	2.885235e+00	1.519041e+04	1.519576e+04	1.489234e+04	9.233780e+01	8.946083e+01
	530	339	132.500000	5.250000	2.340265e-04	1.011042e+05	1.996006e+00	1.238349e+01	1.497171e+04	1.497874e+04	1.489734e+04	8.428873e+01	8.415688e+01
	582	339	145.500000	5.250000	2.430752e-05	1.012542e+05	2.076308e+00	6.291828e+00	1.503820e+04	1.503924e+04	1.502184e+04	8.124673e+01	8.218504e+01
	881	343	220.250000	4.250000	2.842024e-05	1.007132e+05	1.152067e+00	1.023491e+01	1.453854e+04	1.453884e+04	1.450872e+04	9.368288e+01	8.731622e+01
	453	345	113.250000	3.750000	9.201840e-05	8.715920e+04	9.578227e+03	1.010812e+01	1.508062e+04	1.508139e+04	1.504247e+04	8.374929e+01	8.298747e+01
	802	345	200.500000	3.750000	7.230788e-06	1.007172e+05	1.272668e+00	7.669817e+00	1.460612e+04	1.460764e+04	1.459159e+04	7.567017e+01	7.253395e+01
	333	347	83.250000	3.250000	4.257634e-05	1.011792e+05	1.473417e+00	9.750022e+00	1.494912e+04	1.495119e+04	1.492122e+04	7.566790e+01	7.403687e+01
	689	348	172.250000	3.000000	1.754351e-04	1.009432e+05	1.292698e+00	1.093255e+01	1.481699e+04	1.482076e+04	1.472847e+04	8.162969e+01	7.497196e+01
	757	348	189.250000	3.000000	1.032539e-04	1.008942e+05	1.111916e+00	6.584435e+00	1.472900e+04	1.472701e+04	1.468284e+04	9.200209e+01	8.451853e+01
	510	349	127.500000	2.750000	2.817996e-04	9.660520e+04	5.294975e+03	1.072740e+01	1.502546e+04	1.502625e+04	1.498872e+04	8.999247e+01	8.287533e+01
	950	353	237.500000	1.750000	6.753951e-06	1.007632e+05	1.955514e+00	6.492478e+00	1.457128e+04	1.457423e+04	1.453372e+04	9.156642e+01	8.984658e+01
	397	356	99.250000	1.000000	1.400001e-04	8.701820e+04	1.419478e+04	7.487761e+00	1.503679e+04	1.503587e+04	1.497534e+04	8.482304e+01	8.287003e+01
	1111	356	277.750000	1.000000	1.247600e-05	9.804920e+04	8.766176e+00	4.790009e+00	1.474194e+04	1.474777e+04	1.470947e+04	8.331696e+01	8.472226e+01
	993	359	248.250000	0.250000	5.085021e-06	1.008372e+05	1.293055e+00	7.680818e+00	1.461756e+04	1.461826e+04	1.460734e+04	8.978017e+01	8.839684e+01
	1048	359	262.000000	0.250000	3.386289e-06	1.008952e+05	1.453045e+00	6.701861e+00	1.467647e+04	1.467837e+04	1.465622e+04	7.971909e+01	8.339725e+01
	916	360	229.000000	0.000000	1.590326e-05	1.007552e+05	8.103890e-01	7.264929e+00	1.454652e+04	1.454763e+04	1.453647e+04	8.932874e+01	8.754581e+01
2024	1	28	28	6
	797	187	199.250000	43.250000	2.229852e-04	9.769725e+04	1.653934e+00	1.170138e+01	1.127207e+04	1.129099e+04	1.112213e+04	7.889737e+01	8.236261e+01
	765	190	191.250000	42.500000	2.328795e-04	9.792925e+04	1.734871e+00	1.476939e+01	1.151808e+04	1.154877e+04	1.123788e+04	8.465990e+01	8.444413e+01
	1241	194	310.250000	41.500000	3.853184e-04	9.995825e+04	1.732668e+00	1.623636e+01	1.371941e+04	1.376807e+04	1.324626e+04	8.676025e+01	8.106921e+01
	251	203	62.750000	39.250000	2.259654e-04	9.053625e+04	3.865725e+03	1.188071e+01	1.399549e+04	1.402092e+04	1.382788e+04	7.854953e+01	7.269519e+01
	825	207	206.250000	38.250000	6.667715e-04	9.739625e+04	1.715270e+00	2.027483e+01	1.169151e+04	1.173604e+04	1.109576e+04	8.441933e+01	7.585816e+01
	1098	208	274.500000	38.000000	3.076834e-04	8.956325e+04	5.346062e+03	7.873027e+00	1.389131e+04	1.394527e+04	1.338013e+04	9.726456e+01	9.447774e+01
	504	331	126.000000	7.250000	1.691622e-04	8.802625e+04	1.381545e+04	1.173328e+01	1.492379e+04	1.492503e+04	1.487226e+04	8.709077e+01	8.612227e+01
	784	333	196.000000	6.750000	3.361446e-04	1.010542e+05	1.312859e+00	7.985734e+00	1.486726e+04	1.486680e+04	1.481451e+04	7.718320e+01	7.165599e+01
	526	337	131.500000	5.750000	2.190811e-04	1.009332e+05	2.317568e+00	1.292742e+01	1.480819e+04	1.481249e+04	1.470313e+04	9.035344e+01	8.747504e+01
	337	341	84.250000	4.750000	4.941644e-05	1.013642e+05	1.473417e+00	1.037867e+01	1.510748e+04	1.511105e+04	1.505926e+04	8.598717e+01	8.326802e+01
	1137	341	284.250000	4.750000	8.637132e-05	6.745025e+04	3.464610e+04	3.493046e+00	1.492079e+04	1.492088e+04	1.470426e+04	7.968509e+01	7.385523e+01
	1030	344	257.500000	4.000000	1.112861e-04	1.011402e+05	1.252563e+00	7.364136e+00	1.489579e+04	1.489722e+04	1.486626e+04	9.299190e+01	8.882632e+01
	1030	345	257.500000	3.750000	1.112861e-04	1.011402e+05	1.252563e+00	7.330457e+00	1.489407e+04	1.489542e+04	1.486626e+04	9.263169e+01	8.901376e+01
	872	346	218.000000	3.500000	5.349936e-05	1.008972e+05	1.152064e+00	9.616669e+00	1.479622e+04	1.479669e+04	1.475113e+04	9.296584e+01	9.120229e+01
	982	347	245.500000	3.250000	2.086582e-05	1.010932e+05	7.502371e-01	7.351046e+00	1.486645e+04	1.486811e+04	1.483601e+04	9.180296e+01	9.053131e+01
	747	350	186.750000	2.500000	3.701868e-05	1.009582e+05	1.252468e+00	7.079552e+00	1.479803e+04	1.480041e+04	1.474213e+04	8.959256e+01	8.658040e+01
	1318	350	329.500000	2.500000	3.889622e-05	1.011732e+05	6.896696e-01	7.478013e+00	1.488762e+04	1.488930e+04	1.487201e+04	8.195280e+01	7.460054e+01
	258	353	64.500000	1.750000	3.073830e-06	1.013892e+05	1.232302e+00	7.768203e+00	1.512475e+04	1.512619e+04	1.510763e+04	8.002062e+01	8.001073e+01
	259	353	64.750000	1.750000	3.073830e-06	1.013892e+05	1.232302e+00	7.768203e+00	1.512544e+04	1.512689e+04	1.510763e+04	8.004076e+01	7.988623e+01
	454	354	113.500000	1.500000	1.123589e-04	8.805025e+04	1.091337e+04	8.640742e+00	1.497132e+04	1.497387e+04	1.492526e+04	8.343550e+01	8.270399e+01
	509	354	127.250000	1.500000	2.512378e-04	9.637025e+04	5.294975e+03	9.383384e+00	1.486373e+04	1.486518e+04	1.481251e+04	8.880122e+01	8.258901e+01
	1084	355	271.000000	1.250000	1.269998e-05	9.890525e+04	9.415852e+01	5.230077e+00	1.487234e+04	1.487277e+04	1.485663e+04	8.938721e+01	8.547031e+01
	1086	355	271.500000	1.250000	1.085224e-05	9.960325e+04	1.310312e+01	5.230077e+00	1.487265e+04	1.487309e+04	1.485663e+04	8.908418e+01	8.561439e+01
	24	356	6.000000	1.000000	4.315795e-05	1.004372e+05	2.287427e+03	5.438650e+00	1.490218e+04	1.490228e+04	1.488151e+04	7.993024e+01	6.990016e+01
	602	357	150.500000	0.750000	2.140226e-05	1.006922e+05	9.368683e+00	6.135170e+00	1.475233e+04	1.475324e+04	1.473413e+04	8.443803e+01	8.510108e+01
	1373	357	343.250000	0.750000	2.098503e-05	1.012352e+05	1.272547e+00	6.062202e+00	1.493409e+04	1.493532e+04	1.492201e+04	8.968107e+01	8.354266e+01
	1374	357	343.500000	0.750000	2.098503e-05	1.012352e+05	1.272547e+00	5.970072e+00	1.493447e+04	1.493569e+04	1.492201e+04	8.972807e+01	8.303881e+01
	398	359	99.500000	0.250000	1.216275e-04	8.721725e+04	1.304338e+04	4.373057e+00	1.507186e+04	1.507218e+04	1.503863e+04	8.355886e+01	8.273704e+01
2024	1	28	29	12
	153	180	38.250000	45.000000	1.150405e-04	7.778623e+04	1.548282e+04	8.079257e+00	1.455136e+04	1.456304e+04	1.442475e+04	8.702882e+01	8.590022e+01
	1370	187	342.500000	43.250000	6.452834e-04	1.008002e+05	2.337615e+00	1.424132e+01	1.432071e+04	1.435133e+04	1.398263e+04	8.124350e+01	7.002515e+01
	212	190	53.000000	42.500000	1.243388e-04	9.589023e+04	3.009940e+03	1.059957e+01	1.414968e+04	1.416448e+04	1.403750e+04	8.170845e+01	7.445648e+01
	768	193	192.000000	41.750000	2.019440e-04	9.818023e+04	1.976276e+00	1.584709e+01	1.170240e+04	1.172948e+04	1.142663e+04	8.840343e+01	8.738101e+01
	1249	193	312.250000	41.750000	4.406606e-04	9.969523e+04	1.732668e+00	1.724067e+01	1.361940e+04	1.367254e+04	1.305238e+04	8.721463e+01	8.004713e+01
	839	199	209.750000	40.250000	1.105372e-03	9.701823e+04	2.339053e+00	2.220512e+01	1.143329e+04	1.147484e+04	1.076913e+04	8.530856e+01	7.814717e+01
	256	201	64.000000	39.750000	2.732014e-04	7.099623e+04	8.832318e+03	8.617796e+00	1.394407e+04	1.396609e+04	1.370900e+04	8.578185e+01	7.612926e+01
	1104	206	276.000000	38.500000	2.036130e-04	8.943423e+04	6.979178e+03	7.466630e+00	1.375357e+04	1.379782e+04	1.336563e+04	9.696281e+01	9.123041e+01
	1274	210	318.500000	37.500000	4.813706e-04	1.003452e+05	1.373159e+00	1.766199e+01	1.435806e+04	1.436532e+04	1.421625e+04	9.015761e+01	8.499957e+01
	573	226	143.250000	33.500000	2.317165e-04	1.016722e+05	3.842085e+00	1.354105e+01	1.456494e+04	1.457220e+04	1.443150e+04	8.160366e+01	7.728392e+01
	545	316	136.250000	11.000000	1.681482e-04	1.012472e+05	1.673228e+00	1.467348e+01	1.508625e+04	1.509062e+04	1.502638e+04	9.633233e+01	9.400986e+01
	908	327	227.000000	8.250000	1.073233e-05	1.008242e+05	1.131906e+00	8.597555e+00	1.464922e+04	1.464985e+04	1.462613e+04	8.479672e+01	8.274064e+01
	783	332	195.750000	7.000000	1.685952e-04	1.009792e+05	1.312859e+00	9.433737e+00	1.484030e+04	1.483966e+04	1.478588e+04	7.546024e+01	6.861233e+01
	312	334	78.000000	6.500000	4.437915e-05	8.811223e+04	1.467669e+03	9.860410e+00	1.494761e+04	1.494795e+04	1.491713e+04	7.745246e+01	7.262586e+01
	367	338	91.750000	5.500000	8.461229e-05	1.009572e+05	2.819384e+00	7.957714e+00	1.496771e+04	1.497123e+04	1.492613e+04	8.474512e+01	8.025108e+01
	1137	341	284.250000	4.750000	1.367365e-04	6.745923e+04	3.464610e+04	6.886535e+00	1.495827e+04	1.495987e+04	1.473375e+04	8.425017e+01	7.792918e+01
	525	342	131.250000	4.500000	4.775261e-04	1.011582e+05	2.196874e+00	1.093857e+01	1.499822e+04	1.500218e+04	1.489725e+04	8.596529e+01	8.357838e+01
	460	343	115.000000	4.250000	5.907170e-05	8.708323e+04	1.352554e+04	1.082441e+01	1.501755e+04	1.502099e+04	1.497888e+04	8.053035e+01	7.852203e+01
	336	346	84.000000	3.500000	4.545203e-05	1.011222e+05	1.473417e+00	9.613438e+00	1.491553e+04	1.491803e+04	1.489050e+04	7.907862e+01	7.924591e+01
	1240	346	310.000000	3.500000	3.716699e-05	9.936123e+04	1.328414e+03	8.423185e+00	1.513728e+04	1.513895e+04	1.511400e+04	8.956963e+01	8.344550e+01
	885	347	221.250000	3.250000	1.633517e-05	1.007632e+05	9.712200e-01	9.966999e+00	1.458417e+04	1.458622e+04	1.455963e+04	9.555994e+01	9.059396e+01
	936	347	234.000000	3.250000	1.553050e-05	1.008042e+05	1.131945e+00	7.190374e+00	1.460088e+04	1.460254e+04	1.458588e+04	9.414956e+01	9.029948e+01
	430	350	107.500000	2.500000	3.934256e-05	9.536123e+04	4.434648e+02	1.090727e+01	1.497954e+04	1.498321e+04	1.495950e+04	8.135075e+01	8.005145e+01
	614	351	153.500000	2.250000	1.693121e-05	1.012312e+05	1.694440e+00	7.460563e+00	1.503400e+04	1.503437e+04	1.500150e+04	8.393863e+01	7.652323e+01
	700	354	175.000000	1.500000	6.756536e-05	1.010002e+05	1.373035e+00	1.128845e+01	1.484195e+04	1.484607e+04	1.479413e+04	8.249883e+01	7.713988e+01
	1345	356	336.250000	1.000000	3.460562e-06	1.013802e+05	1.212281e+00	7.829540e+00	1.506242e+04	1.506506e+04	1.503463e+04	8.276750e+01	8.018102e+01
	1018	357	254.500000	0.750000	1.314632e-05	1.009482e+05	9.511032e-01	6.912943e+00	1.471688e+04	1.471791e+04	1.470738e+04	8.948024e+01	8.837877e+01
	1061	359	265.250000	0.250000	9.927666e-06	1.008482e+05	2.560401e+00	5.529910e+00	1.477779e+04	1.478024e+04	1.475600e+04	8.360417e+01	8.574348e+01
	386	360	96.500000	0.000000	3.844849e-05	9.692723e+04	1.927246e+03	4.637658e+00	1.497097e+04	1.497153e+04	1.496238e+04	7.592813e+01	7.703724e+01
2024	1	28	26	18
	152	181	38.000000	44.750000	1.545497e-04	7.794977e+04	1.548282e+04	9.125463e+00	1.473465e+04	1.474737e+04	1.458460e+04	8.800380e+01	8.841539e+01
	1263	191	315.750000	42.250000	4.288801e-04	9.960077e+04	1.551452e+00	1.778832e+01	1.347493e+04	1.353183e+04	1.298523e+04	8.614837e+01	8.386542e+01
	775	195	193.750000	41.250000	1.763054e-04	9.838877e+04	1.976276e+00	1.492432e+01	1.184055e+04	1.186174e+04	1.161373e+04	8.790993e+01	8.711884e+01
	742	198	185.500000	40.500000	1.404234e-04	9.873877e+04	1.090804e+00	1.584990e+01	1.207415e+04	1.208984e+04	1.194785e+04	8.026318e+01	8.431500e+01
	1141	199	285.250000	40.250000	2.182373e-04	9.308077e+04	6.755939e+03	1.657755e+01	1.353506e+04	1.356540e+04	1.325360e+04	9.263597e+01	8.946552e+01
	782	330	195.500000	7.500000	7.438147e-05	1.010808e+05	1.312859e+00	8.241740e+00	1.488395e+04	1.488475e+04	1.485223e+04	7.956271e+01	6.877375e+01
	361	336	90.250000	6.000000	6.949389e-05	1.013738e+05	1.674412e+00	6.800767e+00	1.510504e+04	1.510683e+04	1.507598e+04	8.506174e+01	8.253752e+01
	1008	336	252.000000	6.000000	8.666003e-05	1.011138e+05	1.674245e+00	1.050158e+01	1.491717e+04	1.492285e+04	1.485760e+04	9.316405e+01	8.914357e+01
	405	342	101.250000	4.500000	8.505071e-05	9.099277e+04	1.057952e+04	9.110217e+00	1.509675e+04	1.509673e+04	1.505035e+04	7.757482e+01	7.875411e+01
	525	344	131.250000	4.000000	4.048594e-04	1.006148e+05	2.196874e+00	8.393681e+00	1.483277e+04	1.483464e+04	1.475410e+04	8.502825e+01	8.611343e+01
	1230	344	307.500000	4.000000	8.430565e-05	9.686477e+04	2.718614e+03	7.599852e+00	1.499668e+04	1.499589e+04	1.494923e+04	8.827537e+01	8.151483e+01
	326	346	81.500000	3.500000	6.749714e-05	9.916077e+04	2.578475e+00	1.054934e+01	1.508833e+04	1.509095e+04	1.506373e+04	8.345116e+01	8.130177e+01
	821	346	205.250000	3.500000	2.216049e-04	1.009998e+05	8.104999e-01	1.097505e+01	1.484799e+04	1.485184e+04	1.477798e+04	8.995879e+01	8.201306e+01
	326	347	81.500000	3.250000	6.350363e-05	1.004168e+05	2.578475e+00	1.054934e+01	1.508822e+04	1.509067e+04	1.506373e+04	8.254942e+01	8.052728e+01
	869	348	217.250000	3.000000	2.702558e-05	1.010668e+05	1.152064e+00	9.446613e+00	1.485941e+04	1.486046e+04	1.484048e+04	9.521901e+01	8.851359e+01
	870	348	217.500000	3.000000	2.702558e-05	1.010708e+05	1.152064e+00	9.494326e+00	1.486065e+04	1.486166e+04	1.484048e+04	9.514330e+01	8.857232e+01
	911	349	227.750000	2.750000	5.657319e-06	1.011328e+05	9.109956e-01	7.282818e+00	1.488802e+04	1.488871e+04	1.487260e+04	8.529234e+01	8.830622e+01
	912	349	228.000000	2.750000	5.657319e-06	1.011328e+05	9.109956e-01	7.282818e+00	1.488765e+04	1.488831e+04	1.487260e+04	8.522754e+01	8.818292e+01
	726	350	181.500000	2.500000	3.396953e-05	1.010118e+05	7.903677e-01	6.233484e+00	1.483823e+04	1.483559e+04	1.479735e+04	8.372045e+01	8.558514e+01
	1343	350	335.750000	2.500000	3.510201e-05	1.011548e+05	1.212281e+00	5.674113e+00	1.490054e+04	1.490248e+04	1.486510e+04	8.875393e+01	7.964951e+01
	849	352	212.250000	2.000000	1.108134e-05	1.010168e+05	9.712098e-01	8.401509e+00	1.482903e+04	1.483140e+04	1.478310e+04	9.553850e+01	9.176911e+01
	1072	354	268.000000	1.500000	7.670606e-05	9.889177e+04	2.968146e+03	5.836587e+00	1.490938e+04	1.491160e+04	1.488273e+04	8.890282e+01	8.535329e+01
	603	355	150.750000	1.250000	3.388012e-05	1.009118e+05	2.136161e+00	6.870435e+00	1.482850e+04	1.482890e+04	1.479110e+04	8.640720e+01	8.472158e+01
	27	358	6.750000	0.500000	1.131543e-04	1.000248e+05	2.287427e+03	6.824326e+00	1.487538e+04	1.487657e+04	1.479560e+04	8.585074e+01	7.578058e+01
	1256	358	314.000000	0.500000	5.448237e-08	1.000818e+05	4.398277e+02	6.744419e+00	1.494888e+04	1.495016e+04	1.493498e+04	8.086431e+01	8.322174e+01
	939	360	234.750000	0.000000	1.269067e-05	1.011178e+05	1.433130e+00	8.167644e+00	1.486648e+04	1.486846e+04	1.484785e+04	8.232249e+01	8.491499e+01
2024	1	29	27	0
	153	184	38.250000	44.000000	1.740530e-04	7.413795e+04	2.001215e+04	1.011218e+01	1.477071e+04	1.478341e+04	1.464332e+04	8.719125e+01	8.796743e+01
	1275	188	318.750000	43.000000	2.802685e-04	9.979995e+04	1.551452e+00	1.609842e+01	1.360701e+04	1.364798e+04	1.318957e+04	8.605137e+01	8.440829e+01
	783	196	195.750000	41.000000	1.807883e-04	9.846295e+04	1.976276e+00	1.385601e+01	1.188860e+04	1.190825e+04	1.167720e+04	8.736098e+01	8.734559e+01
	1147	199	286.750000	40.250000	2.390221e-04	9.289895e+04	6.755939e+03	1.282011e+01	1.336206e+04	1.339733e+04	1.308370e+04	8.753983e+01	8.785098e+01
	1295	204	323.750000	39.000000	4.665926e-04	1.000790e+05	2.237525e+00	1.835522e+01	1.405331e+04	1.408391e+04	1.379095e+04	9.041210e+01	8.522818e+01
	741	210	185.250000	37.500000	7.123500e-05	9.879495e+04	1.773558e+00	1.007032e+01	1.215748e+04	1.217729e+04	1.205307e+04	7.938668e+01	8.110313e+01
	140	218	35.000000	35.500000	1.620129e-04	7.832295e+04	2.353409e+04	8.467450e+00	1.466789e+04	1.468073e+04	1.456007e+04	7.692269e+01	7.735271e+01
	141	218	35.250000	35.500000	1.620129e-04	7.832295e+04	2.353409e+04	8.467450e+00	1.466790e+04	1.468075e+04	1.456007e+04	7.681145e+01	7.735738e+01
	579	301	144.750000	14.750000	1.578405e-04	1.014500e+05	3.270372e+02	1.123515e+01	1.515728e+04	1.516030e+04	1.512307e+04	8.356243e+01	8.619402e+01
	362	333	90.500000	6.750000	1.002625e-04	1.012340e+05	1.674412e+00	7.934824e+00	1.500357e+04	1.500430e+04	1.497120e+04	8.852747e+01	8.230405e+01
	569	333	142.250000	6.750000	3.374368e-05	1.013430e+05	1.895674e+00	9.778159e+00	1.512512e+04	1.512546e+04	1.508282e+04	8.250254e+01	8.342491e+01
	1010	335	252.500000	6.250000	3.107861e-04	1.008220e+05	1.674245e+00	1.014589e+01	1.469995e+04	1.470290e+04	1.460920e+04	8.785487e+01	8.360300e+01
	526	344	131.500000	4.000000	2.304390e-04	1.012080e+05	2.196874e+00	8.521128e+00	1.504728e+04	1.505173e+04	1.498432e+04	8.094868e+01	8.337234e+01
	453	345	113.250000	3.750000	5.353242e-05	8.713095e+04	9.578227e+03	9.778401e+00	1.505187e+04	1.505518e+04	1.501770e+04	8.361621e+01	8.123354e+01
	846	345	211.500000	3.750000	1.558140e-04	1.007280e+05	6.496806e-01	9.650131e+00	1.458002e+04	1.458261e+04	1.454270e+04	8.910091e+01	8.095634e+01
	420	349	105.000000	2.750000	3.428012e-05	9.697595e+04	2.996215e+03	1.007918e+01	1.502711e+04	1.502987e+04	1.497995e+04	7.963850e+01	7.874515e+01
	695	349	173.750000	2.750000	8.416921e-05	1.009780e+05	1.373035e+00	6.966046e+00	1.480083e+04	1.480225e+04	1.475870e+04	8.301891e+01	7.684961e+01
	696	349	174.000000	2.750000	8.655339e-05	1.009780e+05	1.373035e+00	6.966046e+00	1.480125e+04	1.480274e+04	1.475870e+04	8.325662e+01	7.747011e+01
	420	350	105.000000	2.500000	3.428012e-05	9.703395e+04	2.996215e+03	9.966039e+00	1.502582e+04	1.502855e+04	1.497995e+04	7.996649e+01	7.915946e+01
	1015	355	253.750000	1.250000	-3.688037e-06	1.008040e+05	1.071313e+00	7.521460e+00	1.462815e+04	1.463095e+04	1.459082e+04	7.798582e+01	8.274927e+01
	1109	356	277.250000	1.000000	1.532584e-05	9.886595e+04	3.643116e+00	6.751451e+00	1.475916e+04	1.476443e+04	1.472507e+04	8.522457e+01	8.469590e+01
	1357	356	339.250000	1.000000	-2.376735e-06	1.013840e+05	9.309898e-01	6.197791e+00	1.508280e+04	1.508400e+04	1.506582e+04	8.797807e+01	8.503817e+01
	1358	356	339.500000	1.000000	-2.376735e-06	1.013840e+05	9.309898e-01	6.177097e+00	1.508206e+04	1.508316e+04	1.506582e+04	8.787863e+01	8.478767e+01
	246	359	61.500000	0.250000	5.438924e-07	1.010680e+05	1.252458e+00	6.771457e+00	1.485630e+04	1.485961e+04	1.483895e+04	8.105424e+01	8.231792e+01
	871	359	217.750000	0.250000	4.954636e-06	1.007450e+05	7.301515e-01	7.417383e+00	1.457900e+04	1.458076e+04	1.455770e+04	8.672088e+01	8.568044e+01
	400	360	100.000000	0.000000	3.451854e-05	8.730795e+04	1.304338e+04	6.987863e+00	1.500295e+04	1.500348e+04	1.496195e+04	8.643999e+01	8.409417e+01
	1236	360	309.000000	0.000000	5.007535e-05	9.640695e+04	3.782592e+03	7.344953e+00	1.504418e+04	1.504625e+04	1.503120e+04	8.550215e+01	8.773122e+01
2024	1	29	27	6
	159	191	39.750000	42.250000	1.420144e-04	7.268148e+04	2.549482e+04	1.050223e+01	1.484164e+04	1.484416e+04	1.474753e+04	8.682843e+01	8.698756e+01
	1288	192	322.000000	42.000000	1.353982e-04	1.000165e+05	1.635059e+00	1.549494e+01	1.362153e+04	1.367213e+04	1.333640e+04	7.618730e+01	7.859128e+01
	1166	193	291.500000	41.750000	3.372792e-04	9.634248e+04	3.078773e+02	1.439149e+01	1.301244e+04	1.305338e+04	1.271728e+04	8.298603e+01	8.682173e+01
	788	198	197.000000	40.500000	1.533392e-04	9.871248e+04	1.493051e+00	1.286783e+01	1.208447e+04	1.210024e+04	1.190003e+04	8.599554e+01	8.533299e+01
	1120	212	280.000000	37.000000	1.067582e-04	8.915448e+04	1.021991e+04	8.379282e+00	1.383786e+04	1.385017e+04	1.361590e+04	8.978115e+01	8.687408e+01
	750	215	187.500000	36.250000	9.471807e-05	9.884448e+04	1.773558e+00	9.545908e+00	1.225921e+04	1.227774e+04	1.214453e+04	8.179045e+01	7.992380e+01
	126	221	31.500000	34.750000	1.761976e-04	8.168248e+04	1.502221e+04	1.132969e+01	1.464339e+04	1.466627e+04	1.449790e+04	7.640877e+01	7.663107e+01
	1066	297	266.500000	15.750000	2.552930e-04	7.644948e+04	2.830908e+04	2.011592e+01	1.527302e+04	1.527502e+04	1.499365e+04	7.737762e+01	7.238930e+01
	667	327	166.750000	8.250000	6.649527e-05	1.009055e+05	1.433385e+00	7.300627e+00	1.467918e+04	1.468122e+04	1.465115e+04	7.753088e+01	8.057644e+01
	1002	335	250.500000	6.250000	4.282359e-04	1.011535e+05	1.534594e+00	1.280992e+01	1.492763e+04	1.493217e+04	1.482365e+04	8.835059e+01	8.301657e+01
	1137	341	284.250000	4.750000	1.414183e-04	6.743648e+04	3.464610e+04	6.658658e+00	1.489853e+04	1.489871e+04	1.465603e+04	8.141058e+01	7.215393e+01
	958	342	239.500000	4.500000	2.590450e-05	1.011435e+05	1.252741e+00	9.121853e+00	1.491666e+04	1.491807e+04	1.488453e+04	9.228947e+01	8.950169e+01
	692	344	173.000000	4.000000	6.279978e-05	1.007825e+05	1.292698e+00	8.161002e+00	1.465306e+04	1.465712e+04	1.461128e+04	8.767836e+01	7.940536e+01
	525	345	131.250000	3.750000	1.837376e-04	1.003245e+05	2.216755e+00	7.679025e+00	1.479030e+04	1.479418e+04	1.475628e+04	8.309461e+01	8.473998e+01
	1257	349	314.250000	2.750000	1.067552e-05	1.012165e+05	1.514030e+00	1.068443e+01	1.493645e+04	1.493978e+04	1.491153e+04	9.155252e+01	8.450713e+01
	395	350	98.750000	2.500000	1.050595e-04	8.280348e+04	2.103244e+04	7.486900e+00	1.504629e+04	1.504699e+04	1.500353e+04	8.320746e+01	8.129794e+01
	742	350	185.500000	2.500000	2.265605e-05	1.009285e+05	8.908540e-01	4.552655e+00	1.474398e+04	1.474480e+04	1.472390e+04	8.636610e+01	7.922717e+01
	1341	350	335.250000	2.500000	6.542238e-05	1.012285e+05	1.212281e+00	5.353080e+00	1.494277e+04	1.494451e+04	1.491465e+04	8.933038e+01	8.271902e+01
	742	351	185.500000	2.250000	1.595053e-05	1.009255e+05	8.908540e-01	4.552655e+00	1.474355e+04	1.474440e+04	1.472390e+04	8.580607e+01	7.939462e+01
	1067	351	266.750000	2.250000	1.571211e-05	1.001055e+05	1.117684e+01	5.380555e+00	1.482836e+04	1.482982e+04	1.481015e+04	8.815984e+01	8.402890e+01
	458	354	114.500000	1.500000	2.524885e-05	8.758148e+04	1.174930e+04	6.828246e+00	1.492705e+04	1.492854e+04	1.490040e+04	8.185152e+01	8.027181e+01
	826	354	206.500000	1.500000	2.261165e-04	1.009135e+05	9.711490e-01	8.539664e+00	1.473920e+04	1.473988e+04	1.469578e+04	9.333708e+01	8.425710e+01
	232	357	58.000000	0.750000	1.028809e-05	1.013265e+05	1.875327e+00	6.185627e+00	1.507848e+04	1.507891e+04	1.507128e+04	8.372638e+01	8.180379e+01
	1386	358	346.500000	0.500000	1.016888e-05	1.012445e+05	1.272547e+00	4.511240e+00	1.495163e+04	1.495248e+04	1.493553e+04	7.792602e+01	7.588189e+01
	1388	358	347.000000	0.500000	7.516472e-06	1.012395e+05	6.698610e-01	4.594335e+00	1.495171e+04	1.495261e+04	1.493553e+04	7.727203e+01	7.539352e+01
	912	360	228.000000	0.000000	2.906355e-05	1.011125e+05	1.031411e+00	7.459695e+00	1.487793e+04	1.487792e+04	1.486303e+04	7.811092e+01	8.372717e+01
	1000	360	250.000000	0.000000	6.920425e-06	1.011515e+05	1.252049e+00	7.870648e+00	1.488321e+04	1.488285e+04	1.486353e+04	8.157885e+01	8.254844e+01
2024	1	29	25	12
	1189	186	297.250000	43.500000	4.366555e-04	9.776643e+04	1.875741e+03	1.652124e+01	1.284336e+04	1.289379e+04	1.237374e+04	8.456447e+01	8.950511e+01
	1309	193	327.250000	41.750000	4.403510e-04	1.002764e+05	1.892772e+00	1.678859e+01	1.392818e+04	1.396953e+04	1.355736e+04	8.310141e+01	7.787968e+01
	791	203	197.750000	39.250000	1.380362e-04	9.873643e+04	1.875114e+00	1.374840e+01	1.211998e+04	1.213453e+04	1.197336e+04	8.427623e+01	8.726153e+01
	905	208	226.250000	38.000000	6.998696e-04	1.001064e+05	2.659007e+00	1.701751e+01	1.390672e+04	1.391327e+04	1.375174e+04	8.098355e+01	7.286276e+01
	651	310	162.750000	12.500000	7.330556e-05	1.012714e+05	1.292665e+00	6.955807e+00	1.490570e+04	1.490870e+04	1.486086e+04	7.795724e+01	8.096244e+01
	652	310	163.000000	12.500000	7.330556e-05	1.012714e+05	1.292665e+00	6.911912e+00	1.490303e+04	1.490585e+04	1.486086e+04	7.860735e+01	8.119166e+01
	553	325	138.250000	8.750000	2.216478e-05	1.013174e+05	1.746218e+01	1.269671e+01	1.509133e+04	1.509257e+04	1.504874e+04	7.837198e+01	7.841232e+01
	612	336	153.000000	6.000000	5.917926e-05	1.013024e+05	2.070258e+01	6.238953e+00	1.504112e+04	1.504255e+04	1.501136e+04	8.202718e+01	8.397894e+01
	977	337	244.250000	5.750000	9.243865e-05	1.009394e+05	1.031486e+00	1.195727e+01	1.474282e+04	1.474853e+04	1.465761e+04	9.211517e+01	8.827316e+01
	1137	340	284.250000	5.000000	1.348772e-04	6.743443e+04	3.464610e+04	9.734208e+00	1.491077e+04	1.491349e+04	1.467211e+04	8.211544e+01	7.308566e+01
	687	341	171.750000	4.750000	7.944484e-05	1.009204e+05	1.292698e+00	8.254215e+00	1.479354e+04	1.479831e+04	1.474974e+04	8.984712e+01	8.021486e+01
	1240	342	310.000000	4.500000	8.336501e-06	9.930743e+04	6.171169e+02	1.090241e+01	1.510602e+04	1.510832e+04	1.506524e+04	8.867944e+01	8.059225e+01
	524	344	131.000000	4.000000	1.303472e-04	9.937243e+04	2.216755e+00	9.769481e+00	1.501562e+04	1.501934e+04	1.496399e+04	8.198359e+01	8.329048e+01
	525	344	131.250000	4.000000	1.303472e-04	1.007704e+05	2.196874e+00	9.769481e+00	1.501672e+04	1.502030e+04	1.496399e+04	8.105087e+01	8.264381e+01
	816	349	204.000000	2.750000	4.326482e-05	1.008074e+05	4.949045e+00	8.396224e+00	1.466976e+04	1.467222e+04	1.461224e+04	7.592063e+01	7.664738e+01
	845	350	211.250000	2.500000	1.948990e-04	1.008124e+05	9.712098e-01	8.858306e+00	1.463961e+04	1.464107e+04	1.460711e+04	9.168082e+01	8.502534e+01
	845	351	211.250000	2.250000	1.124062e-04	1.008124e+05	9.712098e-01	8.675400e+00	1.463849e+04	1.464015e+04	1.460711e+04	9.190079e+01	8.618869e+01
	1345	352	336.250000	2.000000	2.496620e-05	1.013634e+05	1.212281e+00	5.290240e+00	1.509438e+04	1.509554e+04	1.506224e+04	8.990723e+01	8.461255e+01
	16	355	4.000000	1.250000	3.480096e-05	1.005064e+05	6.154302e+00	5.791852e+00	1.496770e+04	1.496695e+04	1.495199e+04	7.593675e+01	6.999742e+01
	422	355	105.500000	1.250000	3.879447e-05	9.891243e+04	9.713903e+02	8.835586e+00	1.494174e+04	1.494424e+04	1.490111e+04	8.425008e+01	8.223382e+01
	16	356	4.000000	1.000000	2.699276e-05	1.005064e+05	6.154302e+00	5.791852e+00	1.496697e+04	1.496621e+04	1.495199e+04	7.877912e+01	7.154086e+01
	959	356	239.750000	1.000000	7.978873e-06	1.008984e+05	1.613883e+00	8.251924e+00	1.467195e+04	1.467329e+04	1.465199e+04	8.020919e+01	8.270012e+01
	1272	358	318.000000	0.500000	5.356269e-06	1.013814e+05	1.011411e+00	8.926598e+00	1.512990e+04	1.513122e+04	1.510324e+04	8.537185e+01	8.088494e+01
	257	360	64.250000	0.000000	1.209159e-05	1.010114e+05	1.111762e+00	7.818575e+00	1.480764e+04	1.480892e+04	1.478811e+04	8.247214e+01	7.867129e+01
	1086	360	271.500000	0.000000	1.590629e-05	9.879743e+04	6.448661e+02	6.616371e+00	1.478910e+04	1.479003e+04	1.476799e+04	9.015386e+01	8.917008e+01
2024	1	29	26	18
	460	180	115.000000	45.000000	6.228103e-05	8.387080e+04	1.411776e+04	6.163431e+00	1.425087e+04	1.426808e+04	1.416684e+04	7.506870e+01	7.349647e+01
	1206	181	301.500000	44.750000	5.216540e-04	9.625180e+04	8.713953e+02	1.717172e+01	1.272337e+04	1.277342e+04	1.221709e+04	8.859200e+01	8.577754e+01
	1314	189	328.500000	42.750000	2.866329e-04	1.003918e+05	1.674668e+00	1.564579e+01	1.402308e+04	1.405058e+04	1.369384e+04	7.787424e+01	7.602223e+01
	1178	194	294.500000	41.500000	2.414526e-04	9.871380e+04	7.555350e+01	1.704227e+01	1.276700e+04	1.281150e+04	1.245984e+04	9.301532e+01	8.900359e+01
	687	195	171.750000	41.250000	1.438202e-04	1.001258e+05	1.795608e+00	7.862377e+00	1.307200e+04	1.308100e+04	1.300584e+04	8.760814e+01	8.371265e+01
	822	212	205.500000	37.000000	5.620660e-04	9.816380e+04	1.715270e+00	2.121628e+01	1.211506e+04	1.216168e+04	1.173059e+04	9.197120e+01	8.852451e+01
	575	322	143.750000	9.500000	8.957996e-05	1.011568e+05	1.573753e+00	1.288647e+01	1.492677e+04	1.492937e+04	1.486521e+04	9.231812e+01	8.881316e+01
	322	331	80.500000	7.250000	1.030506e-04	8.825680e+04	1.438166e+04	1.057170e+01	1.509635e+04	1.509702e+04	1.505621e+04	8.593384e+01	8.083182e+01
	942	338	235.500000	5.500000	3.216804e-04	1.011668e+05	1.312772e+00	1.327421e+01	1.494875e+04	1.494819e+04	1.488846e+04	8.996723e+01	8.629539e+01
	981	338	245.250000	5.500000	1.424493e-04	1.012118e+05	8.911253e-01	1.254908e+01	1.495973e+04	1.495996e+04	1.488684e+04	8.648431e+01	8.252865e+01
	875	341	218.750000	4.750000	2.349557e-04	1.010838e+05	1.152067e+00	1.137485e+01	1.487407e+04	1.487697e+04	1.483834e+04	8.383434e+01	8.437920e+01
	679	343	169.750000	4.250000	2.280416e-04	1.008338e+05	7.502871e-01	8.338739e+00	1.470345e+04	1.470636e+04	1.461684e+04	8.299617e+01	7.708405e+01
	521	345	130.250000	3.750000	1.058520e-04	9.850980e+04	2.729244e+02	9.963675e+00	1.484598e+04	1.485090e+04	1.479184e+04	8.344200e+01	8.572216e+01
	1305	349	326.250000	2.750000	7.855310e-05	1.011608e+05	9.712852e-01	6.804023e+00	1.491459e+04	1.491602e+04	1.488609e+04	8.356184e+01	7.424803e+01
	1334	349	333.500000	2.750000	1.197399e-04	1.011708e+05	1.212281e+00	5.256433e+00	1.491697e+04	1.491775e+04	1.489221e+04	8.949364e+01	7.900780e+01
	1366	350	341.500000	2.500000	1.716032e-05	1.011268e+05	1.292343e+00	3.569885e+00	1.489429e+04	1.489546e+04	1.487134e+04	8.083957e+01	7.788348e+01
	828	351	207.000000	2.250000	1.033486e-04	1.010598e+05	1.192234e+00	9.128085e+00	1.484599e+04	1.484761e+04	1.480659e+04	8.934885e+01	8.431864e+01
	438	353	109.500000	1.750000	1.825632e-04	9.538580e+04	6.177788e+03	8.382924e+00	1.499052e+04	1.499206e+04	1.495159e+04	8.798492e+01	8.248158e+01
	612	357	153.000000	0.750000	5.715503e-05	1.009978e+05	1.433083e+00	7.699153e+00	1.483369e+04	1.483482e+04	1.481521e+04	7.602290e+01	7.390375e+01
	808	357	202.000000	0.750000	4.910841e-05	1.011038e+05	4.949045e+00	6.784452e+00	1.485184e+04	1.485194e+04	1.481671e+04	8.815823e+01	7.894045e+01
	912	359	228.000000	0.250000	1.346483e-05	1.011498e+05	1.031411e+00	7.910044e+00	1.490374e+04	1.490376e+04	1.489396e+04	7.828404e+01	7.897452e+01
	1039	359	259.750000	0.250000	8.815667e-06	1.011838e+05	1.453045e+00	7.387996e+00	1.491001e+04	1.491130e+04	1.489534e+04	8.736551e+01	8.580610e+01
	1081	359	270.250000	0.250000	1.489534e-05	9.884280e+04	2.968146e+03	6.540380e+00	1.487362e+04	1.487475e+04	1.485546e+04	8.926719e+01	8.643868e+01
	1215	359	303.750000	0.250000	1.507415e-05	9.573680e+04	4.778888e+03	3.570221e+00	1.493809e+04	1.493902e+04	1.492971e+04	8.208692e+01	8.318262e+01
	242	360	60.500000	0.000000	7.206341e-06	1.013468e+05	1.875327e+00	7.220082e+00	1.508041e+04	1.508185e+04	1.505734e+04	8.563844e+01	8.601427e+01
	1171	360	292.750000	0.000000	3.396883e-05	9.360580e+04	8.238647e+03	2.895721e+00	1.489879e+04	1.490280e+04	1.485734e+04	7.894488e+01	7.497901e+01
2024	1	30	27	0
	456	181	114.000000	44.750000	8.368748e-05	8.450711e+04	1.411776e+04	5.303022e+00	1.427040e+04	1.428140e+04	1.417880e+04	9.086481e+01	8.804086e+01
	1192	192	298.000000	42.000000	1.716639e-04	9.933711e+04	1.875529e+00	1.823327e+01	1.287344e+04	1.291708e+04	1.261555e+04	9.185153e+01	8.170019e+01
	1193	192	298.250000	42.000000	1.776244e-04	9.933711e+04	1.875529e+00	1.823327e+01	1.286834e+04	1.291194e+04	1.261555e+04	9.193870e+01	8.209431e+01
	689	193	172.250000	41.750000	1.711275e-04	1.001241e+05	1.795608e+00	1.005345e+01	1.307490e+04	1.308590e+04	1.298280e+04	8.705674e+01	8.429787e+01
	1191	193	297.750000	41.750000	1.842405e-04	9.933711e+04	1.652222e+00	1.823327e+01	1.287730e+04	1.292236e+04	1.261555e+04	9.216464e+01	8.263126e+01
	842	206	210.500000	38.500000	1.011434e-03	9.733211e+04	2.339053e+00	1.983280e+01	1.195021e+04	1.202194e+04	1.105130e+04	9.061649e+01	8.640018e+01
	498	245	124.500000	28.750000	2.831246e-04	9.862411e+04	7.718304e+00	1.103854e+01	1.532987e+04	1.533000e+04	1.525618e+04	9.417899e+01	8.569749e+01
	595	328	148.750000	8.000000	2.535607e-04	1.013441e+05	1.995848e+00	1.053428e+01	1.509047e+04	1.509082e+04	1.506105e+04	9.126724e+01	8.364742e+01
	934	338	233.500000	5.500000	5.188610e-04	1.008451e+05	1.292632e+00	1.204662e+01	1.467460e+04	1.467567e+04	1.460655e+04	8.586105e+01	8.355932e+01
	970	339	242.500000	5.250000	1.449611e-04	1.009051e+05	1.252741e+00	1.046065e+01	1.470187e+04	1.470317e+04	1.465118e+04	8.407741e+01	8.157127e+01
	785	341	196.250000	4.750000	-1.725974e-06	1.009311e+05	1.031385e+00	7.766164e+00	1.475395e+04	1.475504e+04	1.472405e+04	8.368158e+01	7.302947e+01
	678	342	169.500000	4.500000	5.566503e-04	1.009141e+05	7.502871e-01	1.171628e+01	1.480624e+04	1.480957e+04	1.467180e+04	8.601894e+01	8.037155e+01
	841	343	210.250000	4.250000	3.144767e-04	1.008301e+05	1.212252e+00	8.751461e+00	1.466039e+04	1.466291e+04	1.461130e+04	8.834558e+01	8.006735e+01
	529	347	132.250000	3.250000	3.010291e-05	1.011751e+05	2.277088e+00	6.576648e+00	1.504673e+04	1.505008e+04	1.500505e+04	7.954855e+01	8.060608e+01
	505	349	126.250000	2.750000	3.927972e-04	9.609411e+04	3.426586e+03	9.438165e+00	1.507502e+04	1.507647e+04	1.500443e+04	8.931575e+01	8.621082e+01
	440	351	110.000000	2.250000	8.541602e-05	9.543411e+04	6.177788e+03	9.153697e+00	1.502358e+04	1.502489e+04	1.498830e+04	8.717188e+01	8.214661e+01
	1375	354	343.750000	1.500000	3.552693e-05	1.013641e+05	1.272547e+00	4.172444e+00	1.507679e+04	1.507812e+04	1.506630e+04	8.008103e+01	7.699027e+01
	255	357	63.750000	0.750000	1.991051e-05	1.010781e+05	1.111762e+00	7.350055e+00	1.484913e+04	1.485053e+04	1.483055e+04	7.906009e+01	7.708387e+01
	1095	357	273.750000	0.750000	6.916700e-06	1.008851e+05	2.516047e+00	5.436638e+00	1.471467e+04	1.471738e+04	1.468818e+04	8.031956e+01	7.883289e+01
	1014	359	253.500000	0.250000	7.155119e-06	1.008641e+05	9.511032e-01	6.897238e+00	1.465984e+04	1.466110e+04	1.464618e+04	8.359659e+01	8.542414e+01
	1043	359	260.750000	0.250000	1.567858e-05	1.008631e+05	1.453045e+00	7.047466e+00	1.466665e+04	1.466880e+04	1.464593e+04	9.187035e+01	8.819039e+01
	38	360	9.500000	0.000000	6.559072e-06	9.359211e+04	6.811179e+03	4.800521e+00	1.496338e+04	1.496518e+04	1.494968e+04	8.567718e+01	7.804095e+01
	419	360	104.750000	0.000000	3.111619e-05	9.904111e+04	6.375573e+02	8.230446e+00	1.500624e+04	1.500646e+04	1.498543e+04	8.379977e+01	8.433806e+01
	702	360	175.500000	0.000000	2.753991e-05	1.009451e+05	2.638664e+00	6.706666e+00	1.478312e+04	1.478355e+04	1.476230e+04	8.000496e+01	7.729766e+01
	878	360	219.500000	0.000000	1.031416e-05	1.007611e+05	9.109685e-01	7.691920e+00	1.459701e+04	1.459883e+04	1.457793e+04	8.218908e+01	8.196623e+01
	1165	360	291.250000	0.000000	1.853961e-05	9.449011e+04	2.163010e+03	2.666945e+00	1.482953e+04	1.483217e+04	1.479768e+04	7.754936e+01	7.201748e+01
	1251	360	312.750000	0.000000	6.797491e-06	9.998211e+04	6.271570e+02	8.848928e+00	1.507841e+04	1.507856e+04	1.505843e+04	8.732119e+01	8.784764e+01
2024	1	30	26	6
	1216	185	304.000000	43.750000	2.018118e-04	9.937113e+04	1.875749e+00	1.725840e+01	1.289702e+04	1.293563e+04	1.262585e+04	9.337921e+01	8.386708e+01
	471	186	117.750000	43.500000	1.578832e-04	8.349113e+04	1.611941e+04	7.106881e+00	1.427677e+04	1.429149e+04	1.416260e+04	8.847443e+01	8.297692e+01
	1343	191	335.750000	42.250000	2.351904e-04	1.011461e+05	2.216175e+00	1.321943e+01	1.456253e+04	1.458425e+04	1.429035e+04	7.616373e+01	7.555444e+01
	690	192	172.500000	42.000000	2.282762e-04	9.996413e+04	1.795608e+00	1.012912e+01	1.299044e+04	1.300377e+04	1.286235e+04	8.546780e+01	8.259344e+01
	691	192	172.750000	42.000000	2.282762e-04	9.996413e+04	1.795608e+00	1.003010e+01	1.298730e+04	1.300061e+04	1.286235e+04	8.607981e+01	8.292435e+01
	848	198	212.000000	40.500000	1.030436e-03	9.649413e+04	2.616680e+00	2.128709e+01	1.174539e+04	1.183478e+04	1.034310e+04	9.202369e+01	8.818303e+01
	698	318	174.500000	10.500000	1.713538e-04	1.009541e+05	1.232418e+00	1.015437e+01	1.480317e+04	1.480227e+04	1.476672e+04	9.261171e+01	8.831393e+01
	352	324	88.000000	9.000000	5.500554e-05	1.013491e+05	2.839782e+00	6.842552e+00	1.509874e+04	1.510059e+04	1.507285e+04	7.971092e+01	7.972769e+01
	926	338	231.500000	5.500000	3.929043e-04	1.010891e+05	1.292632e+00	1.150314e+01	1.491849e+04	1.492016e+04	1.484522e+04	8.449454e+01	8.231152e+01
	838	341	209.500000	4.750000	4.973316e-04	1.010731e+05	1.212252e+00	9.567292e+00	1.487231e+04	1.487420e+04	1.480922e+04	8.498623e+01	7.526567e+01
	1137	341	284.250000	4.750000	1.466179e-04	6.739313e+04	3.464610e+04	1.081803e+01	1.485281e+04	1.485500e+04	1.461835e+04	8.094704e+01	7.092606e+01
	679	343	169.750000	4.250000	7.203126e-04	1.007281e+05	7.502871e-01	1.369758e+01	1.473464e+04	1.473883e+04	1.455160e+04	8.294187e+01	7.679300e+01
	732	343	183.000000	4.250000	2.776622e-05	1.009341e+05	8.305691e-01	7.657820e+00	1.477450e+04	1.477657e+04	1.473897e+04	8.500879e+01	7.548376e+01
	1345	346	336.250000	3.500000	2.469921e-04	1.011741e+05	1.131927e+00	6.584653e+00	1.490915e+04	1.491136e+04	1.484622e+04	8.599395e+01	7.358265e+01
	1067	347	266.750000	3.250000	1.188421e-04	1.010361e+05	1.117684e+01	8.735783e+00	1.483316e+04	1.483441e+04	1.481360e+04	9.273845e+01	8.690568e+01
	709	348	177.250000	3.000000	1.161336e-05	1.008911e+05	1.573879e+00	5.468091e+00	1.474068e+04	1.474232e+04	1.471647e+04	8.678675e+01	8.465141e+01
	1221	350	305.250000	2.500000	7.807254e-05	9.609613e+04	4.960025e+03	3.238597e+00	1.489934e+04	1.490133e+04	1.487072e+04	9.256438e+01	9.082355e+01
	514	354	128.500000	1.500000	4.987954e-05	9.627813e+04	5.294975e+03	8.435478e+00	1.480779e+04	1.480990e+04	1.476897e+04	8.425645e+01	8.296738e+01
	973	355	243.250000	1.250000	1.894473e-05	1.011751e+05	1.011285e+00	1.030111e+01	1.491753e+04	1.491799e+04	1.489710e+04	7.903310e+01	8.206713e+01
	1097	356	274.250000	1.000000	1.727580e-05	1.009911e+05	2.538855e+00	5.451628e+00	1.481615e+04	1.481686e+04	1.479047e+04	7.539951e+01	7.953815e+01
	242	357	60.500000	0.750000	1.918315e-05	1.013781e+05	1.875327e+00	8.264818e+00	1.512957e+04	1.513012e+04	1.512435e+04	8.575340e+01	8.254583e+01
	451	358	112.750000	0.500000	4.290580e-05	8.966613e+04	9.493301e+03	6.310839e+00	1.492963e+04	1.493036e+04	1.489422e+04	8.752245e+01	8.323179e+01
	541	358	135.250000	0.500000	2.556085e-05	8.279613e+04	5.484117e+03	3.601466e+00	1.476844e+04	1.476864e+04	1.476210e+04	7.972977e+01	7.928133e+01
	18	359	4.500000	0.250000	2.017012e-06	1.005461e+05	2.287427e+03	5.504632e+00	1.492043e+04	1.492206e+04	1.486835e+04	8.741659e+01	7.920502e+01
	398	359	99.500000	0.250000	5.524396e-05	8.712213e+04	1.304338e+04	3.808284e+00	1.501165e+04	1.501253e+04	1.496735e+04	8.194981e+01	8.187522e+01
	815	359	203.750000	0.250000	1.948117e-05	1.010971e+05	4.949045e+00	4.920892e+00	1.487387e+04	1.487555e+04	1.484585e+04	8.109978e+01	8.365082e+01
2024	1	30	25	12
	1092	182	273.000000	44.500000	1.181180e-04	9.496838e+04	5.004114e+03	8.684757e+00	1.371030e+04	1.374517e+04	1.352642e+04	9.884505e+01	9.078876e+01
	1225	185	306.250000	43.750000	2.901966e-04	9.977338e+04	1.875749e+00	1.762044e+01	1.317639e+04	1.321462e+04	1.286530e+04	8.897697e+01	7.664584e+01
	854	196	213.500000	41.000000	7.158334e-04	9.632738e+04	2.880405e+00	2.350281e+01	1.151066e+04	1.161288e+04	1.015580e+04	9.405083e+01	8.949909e+01
	711	198	177.750000	40.500000	1.365955e-04	9.975838e+04	1.854332e+00	1.138391e+01	1.292533e+04	1.294805e+04	1.276792e+04	8.965418e+01	8.629707e+01
	1197	205	299.250000	38.750000	3.050978e-04	9.980938e+04	1.273248e+00	1.750349e+01	1.333656e+04	1.336749e+04	1.306630e+04	8.755913e+01	8.448981e+01
	1223	212	305.750000	37.000000	3.753717e-04	9.985738e+04	1.995553e+00	1.784725e+01	1.377009e+04	1.378092e+04	1.362892e+04	7.874187e+01	7.621910e+01
	132	223	33.000000	34.250000	3.170187e-04	7.943138e+04	7.016549e+03	1.781673e+01	1.447310e+04	1.450387e+04	1.408792e+04	7.890338e+01	7.351531e+01
	695	319	173.750000	10.250000	4.193003e-04	1.011494e+05	1.031654e+00	1.056638e+01	1.493626e+04	1.493654e+04	1.489267e+04	9.201632e+01	8.750710e+01
	586	334	146.500000	6.500000	8.897134e-05	1.012044e+05	2.076308e+00	1.012567e+01	1.500144e+04	1.500209e+04	1.496630e+04	8.679826e+01	8.370142e+01
	677	340	169.250000	5.000000	4.117901e-04	1.010174e+05	7.903063e-01	1.255738e+01	1.491779e+04	1.491841e+04	1.483455e+04	7.544685e+01	7.026933e+01
	1137	340	284.250000	5.000000	1.603181e-04	6.741538e+04	3.464610e+04	8.892926e+00	1.489891e+04	1.490016e+04	1.462255e+04	8.095358e+01	7.202414e+01
	723	346	180.750000	3.500000	3.210851e-05	1.010814e+05	7.903677e-01	6.871409e+00	1.487539e+04	1.487720e+04	1.483767e+04	9.061270e+01	8.241347e+01
	866	346	216.500000	3.500000	-9.614741e-06	1.008774e+05	1.152064e+00	1.040063e+01	1.471909e+04	1.472138e+04	1.468467e+04	7.871069e+01	8.365070e+01
	414	348	103.500000	3.000000	4.581758e-05	9.149638e+04	6.361365e+03	8.033981e+00	1.499086e+04	1.499260e+04	1.495417e+04	7.937347e+01	7.893977e+01
	508	350	127.000000	2.500000	8.110353e-05	9.645638e+04	5.294975e+03	9.803967e+00	1.497450e+04	1.497956e+04	1.492292e+04	8.625257e+01	8.545371e+01
	889	350	222.250000	2.500000	-4.607951e-06	1.008564e+05	1.131940e+00	6.714024e+00	1.468634e+04	1.468849e+04	1.465055e+04	7.733860e+01	8.401331e+01
	913	350	228.250000	2.500000	1.047202e-05	1.008204e+05	9.109956e-01	7.396086e+00	1.466960e+04	1.467293e+04	1.460967e+04	8.324416e+01	8.190446e+01
	1056	351	264.000000	2.250000	7.556030e-05	1.009044e+05	1.413172e+00	7.837945e+00	1.471087e+04	1.471366e+04	1.468780e+04	9.523564e+01	9.019727e+01
	1219	351	304.750000	2.250000	3.604242e-05	9.609138e+04	4.960025e+03	4.431231e+00	1.507676e+04	1.507806e+04	1.504880e+04	9.396239e+01	9.125056e+01
	571	352	142.750000	2.000000	3.920146e-05	1.011694e+05	1.795066e+00	7.262406e+00	1.499506e+04	1.499518e+04	1.497867e+04	7.707130e+01	7.888988e+01
	939	355	234.750000	1.250000	2.292939e-05	1.008854e+05	1.433130e+00	6.604590e+00	1.465604e+04	1.465748e+04	1.463330e+04	8.539285e+01	7.919492e+01
	1268	357	317.000000	0.750000	-1.031673e-06	1.013484e+05	1.011424e+00	8.620659e+00	1.510480e+04	1.510576e+04	1.508542e+04	7.753175e+01	7.371352e+01
	481	358	120.250000	0.500000	7.800409e-05	8.477938e+04	1.299458e+04	7.770484e+00	1.502875e+04	1.502825e+04	1.501542e+04	7.966559e+01	7.916344e+01
	961	360	240.250000	0.000000	4.474469e-05	1.008634e+05	1.613883e+00	7.046102e+00	1.465036e+04	1.465336e+04	1.462592e+04	7.540829e+01	7.900726e+01
	1328	360	332.000000	0.000000	8.266652e-06	1.013474e+05	1.373240e+00	4.819175e+00	1.505257e+04	1.505524e+04	1.501955e+04	8.493320e+01	8.558344e+01
2024	1	30	23	18
	1095	187	273.750000	43.250000	1.288403e-04	9.550216e+04	3.927597e+03	9.236669e+00	1.381598e+04	1.384196e+04	1.365610e+04	9.714133e+01	8.984982e+01
	711	192	177.750000	42.000000	3.180851e-04	9.951116e+04	1.854332e+00	1.369245e+01	1.281969e+04	1.284773e+04	1.255397e+04	8.908138e+01	8.519944e+01
	863	197	215.750000	40.750000	5.430330e-04	9.628716e+04	2.880405e+00	2.406282e+01	1.139955e+04	1.150139e+04	1.009372e+04	8.991598e+01	8.691203e+01
	1203	207	300.750000	38.250000	3.726829e-04	9.977616e+04	1.273248e+00	1.750781e+01	1.332697e+04	1.335700e+04	1.305785e+04	8.676522e+01	8.632827e+01
	1202	208	300.500000	38.000000	3.726829e-04	9.977616e+04	1.273248e+00	1.750781e+01	1.334332e+04	1.337363e+04	1.305785e+04	8.603758e+01	8.596158e+01
	272	228	68.000000	33.000000	1.007665e-04	6.291815e+04	3.377461e+04	5.355200e+00	1.490733e+04	1.492127e+04	1.471235e+04	7.635404e+01	7.374619e+01
	1126	279	281.500000	20.250000	1.941074e-04	9.690816e+04	4.790120e+03	8.986376e+00	1.502072e+04	1.502440e+04	1.493685e+04	7.620027e+01	7.978084e+01
	679	312	169.750000	12.000000	4.971516e-05	1.010822e+05	1.332787e+00	1.082988e+01	1.480649e+04	1.480869e+04	1.477372e+04	8.313548e+01	8.299951e+01
	849	331	212.250000	7.250000	5.150330e-05	1.011772e+05	8.305348e-01	1.152116e+01	1.494554e+04	1.494653e+04	1.490035e+04	8.349818e+01	7.223268e+01
	883	337	220.750000	5.750000	8.452428e-05	1.011392e+05	1.292815e+00	1.194027e+01	1.495023e+04	1.495324e+04	1.490085e+04	9.104772e+01	8.473445e+01
	678	338	169.500000	5.500000	4.796435e-04	1.008502e+05	1.252531e+00	1.345196e+01	1.475381e+04	1.475408e+04	1.466260e+04	7.652685e+01	7.100967e+01
	701	343	175.250000	4.250000	8.062017e-05	1.009302e+05	1.573879e+00	7.521533e+00	1.477060e+04	1.477435e+04	1.471310e+04	8.926962e+01	8.480200e+01
	515	345	128.750000	3.750000	5.627167e-05	9.639716e+04	3.445446e+03	9.799088e+00	1.484771e+04	1.485181e+04	1.481472e+04	8.721231e+01	8.940519e+01
	298	347	74.500000	3.250000	2.724421e-05	1.013932e+05	2.739393e+00	7.372127e+00	1.512371e+04	1.512461e+04	1.510310e+04	7.986790e+01	7.357877e+01
	984	353	246.000000	1.750000	1.362455e-05	1.011082e+05	9.715036e-01	7.801675e+00	1.487716e+04	1.487988e+04	1.484822e+04	8.290604e+01	8.320718e+01
	1058	353	264.500000	1.750000	9.724987e-05	1.011222e+05	1.413172e+00	7.776474e+00	1.489366e+04	1.489462e+04	1.486385e+04	9.486093e+01	9.175294e+01
	794	356	198.500000	1.000000	1.565111e-05	1.011862e+05	1.212288e+00	7.205801e+00	1.494171e+04	1.494158e+04	1.493222e+04	8.194670e+01	7.655907e+01
	1167	356	291.750000	1.000000	2.962840e-05	9.355216e+04	2.149086e+03	3.423218e+00	1.485945e+04	1.486303e+04	1.480397e+04	7.792654e+01	7.536830e+01
	1027	357	256.750000	0.750000	5.406630e-05	1.011212e+05	9.703523e-01	7.486966e+00	1.489675e+04	1.489867e+04	1.486660e+04	9.142450e+01	8.804021e+01
	1199	357	299.750000	0.750000	6.020558e-05	9.570316e+04	4.364453e+03	5.298628e+00	1.489188e+04	1.489346e+04	1.485847e+04	8.780118e+01	8.492482e+01
	844	359	211.000000	0.250000	2.882374e-05	1.011122e+05	1.573924e+00	6.798339e+00	1.490867e+04	1.491151e+04	1.484635e+04	9.132290e+01	8.417496e+01
	928	359	232.000000	0.250000	2.000225e-05	1.011952e+05	1.091637e+00	6.761870e+00	1.491209e+04	1.491522e+04	1.488385e+04	7.657447e+01	7.734681e+01
	395	360	98.750000	0.000000	7.290137e-05	8.720516e+04	1.064093e+04	2.907536e+00	1.504136e+04	1.504114e+04	1.503347e+04	7.773511e+01	8.023240e+01
2024	1	31	33	0
	1107	186	276.750000	43.500000	1.052874e-04	9.577209e+04	4.044752e+03	8.400839e+00	1.395243e+04	1.396351e+04	1.385617e+04	9.199040e+01	8.752681e+01
	1106	187	276.500000	43.250000	1.052874e-04	9.577209e+04	3.927597e+03	8.400839e+00	1.395653e+04	1.396843e+04	1.385617e+04	9.210458e+01	8.807297e+01
	712	189	178.000000	42.750000	3.404277e-04	9.930509e+04	1.854332e+00	1.262655e+01	1.275637e+04	1.279021e+04	1.239267e+04	8.917262e+01	8.493731e+01
	1242	189	310.500000	42.750000	6.183642e-04	9.982309e+04	1.732668e+00	1.650584e+01	1.353915e+04	1.357359e+04	1.316429e+04	9.353231e+01	8.379808e+01
	307	190	76.750000	42.500000	2.100426e-04	5.719409e+04	4.055830e+04	5.457248e+00	1.460914e+04	1.460054e+04	1.432479e+04	7.902612e+01	7.705540e+01
	514	192	128.500000	42.000000	2.001184e-04	8.350009e+04	1.738335e+04	8.688582e+00	1.436306e+04	1.436912e+04	1.428929e+04	8.058571e+01	7.610515e+01
	877	196	219.250000	41.000000	5.326527e-04	9.620109e+04	2.859871e+00	2.344748e+01	1.111079e+04	1.120467e+04	1.002717e+04	8.472430e+01	8.319980e+01
	922	200	230.500000	40.000000	4.736441e-04	9.817009e+04	5.351261e+00	2.024876e+01	1.285613e+04	1.287362e+04	1.266829e+04	8.709620e+01	7.874731e+01
	1206	210	301.500000	37.500000	4.449743e-04	9.981509e+04	1.273248e+00	1.859373e+01	1.348753e+04	1.351712e+04	1.313092e+04	8.229346e+01	8.370714e+01
	167	216	41.750000	36.000000	1.909691e-04	7.428309e+04	2.092225e+04	5.057823e+00	1.494938e+04	1.496253e+04	1.483429e+04	7.924797e+01	7.795509e+01
	129	220	32.250000	35.000000	3.927606e-04	7.831309e+04	1.709702e+04	1.437250e+01	1.458923e+04	1.461797e+04	1.421354e+04	7.764159e+01	7.630743e+01
	512	231	128.000000	32.250000	2.225894e-04	9.376009e+04	2.522030e+03	1.172933e+01	1.517489e+04	1.517851e+04	1.506567e+04	7.995934e+01	8.339626e+01
	1125	282	281.250000	19.500000	2.647596e-04	9.695709e+04	5.580151e+03	9.162876e+00	1.503467e+04	1.503690e+04	1.494817e+04	7.643253e+01	8.212438e+01
	504	331	126.000000	7.250000	2.481597e-04	8.819009e+04	1.381545e+04	1.031043e+01	1.507905e+04	1.508045e+04	1.501054e+04	9.321770e+01	9.047961e+01
	527	336	131.750000	6.000000	1.099962e-04	1.012951e+05	2.317568e+00	1.082520e+01	1.506732e+04	1.507013e+04	1.502979e+04	8.780933e+01	8.779070e+01
	606	339	151.500000	5.250000	1.009088e-06	1.011671e+05	8.986553e+00	1.053356e+01	1.494451e+04	1.494899e+04	1.490942e+04	8.016299e+01	8.026136e+01
	864	339	216.000000	5.250000	8.934317e-05	1.007521e+05	1.152015e+00	1.086857e+01	1.463141e+04	1.463319e+04	1.458804e+04	9.088696e+01	8.124594e+01
	963	339	240.750000	5.250000	2.279459e-05	1.008011e+05	1.252741e+00	7.332770e+00	1.462263e+04	1.462477e+04	1.459392e+04	9.048463e+01	8.977490e+01
	1055	346	263.750000	3.500000	1.085657e-04	1.009241e+05	1.413172e+00	1.069135e+01	1.472013e+04	1.472276e+04	1.468129e+04	9.384740e+01	8.701534e+01
	436	353	109.000000	1.750000	7.929979e-05	9.541909e+04	6.177788e+03	7.343394e+00	1.504515e+04	1.504681e+04	1.500767e+04	8.701569e+01	8.461951e+01
	457	353	114.250000	1.750000	5.203066e-05	8.716009e+04	1.174930e+04	7.141239e+00	1.505210e+04	1.505432e+04	1.501404e+04	8.556683e+01	8.382504e+01
	839	353	209.750000	1.750000	1.051980e-04	1.008251e+05	1.192325e+00	7.188302e+00	1.468503e+04	1.468602e+04	1.463129e+04	9.114169e+01	8.545064e+01
	916	353	229.000000	1.750000	9.234529e-06	1.007891e+05	8.103890e-01	6.410444e+00	1.458979e+04	1.459079e+04	1.457329e+04	8.280779e+01	8.071633e+01
	1095	353	273.750000	1.750000	-1.434702e-06	1.008931e+05	2.538855e+00	6.347201e+00	1.474654e+04	1.474739e+04	1.472054e+04	7.995399e+01	7.717693e+01
	699	354	174.750000	1.500000	8.070050e-05	1.010251e+05	1.373035e+00	7.668146e+00	1.485686e+04	1.485664e+04	1.480804e+04	8.016048e+01	7.478640e+01
	384	357	96.000000	0.750000	1.176773e-05	9.145709e+04	1.927246e+03	4.337080e+00	1.498834e+04	1.499120e+04	1.496142e+04	7.871652e+01	7.955743e+01
	943	357	235.750000	0.750000	4.346948e-06	1.007911e+05	1.955514e+00	6.411671e+00	1.458940e+04	1.459122e+04	1.457117e+04	8.523280e+01	8.447146e+01
	1174	357	293.500000	0.750000	7.694541e-05	9.128309e+04	8.238647e+03	3.539160e+00	1.482367e+04	1.482479e+04	1.478267e+04	7.657760e+01	7.760987e+01
	484	359	121.000000	0.250000	7.611094e-05	8.480109e+04	1.366159e+04	6.243446e+00	1.504797e+04	1.504774e+04	1.503004e+04	8.723359e+01	8.455480e+01
	796	359	199.000000	0.250000	2.127467e-05	1.009291e+05	1.212288e+00	7.516727e+00	1.473467e+04	1.473509e+04	1.472554e+04	8.135562e+01	7.440022e+01
	1229	359	307.250000	0.250000	4.326878e-05	9.587909e+04	4.826799e+03	6.467068e+00	1.493300e+04	1.493483e+04	1.491542e+04	7.988088e+01	8.206376e+01
	1349	359	337.250000	0.250000	1.754146e-06	1.013311e+05	1.152577e+00	4.939879e+00	1.503274e+04	1.503476e+04	1.501604e+04	8.167655e+01	8.330994e+01
	1420	359	355.000000	0.250000	1.740037e-05	1.013381e+05	9.105405e-01	4.886018e+00	1.507640e+04	1.507657e+04	1.506642e+04	8.140851e+01	7.531734e+01
2024	1	31	29	6
	1245	182	311.250000	44.500000	4.116818e-04	9.963855e+04	1.853069e+00	1.735984e+01	1.334277e+04	1.338953e+04	1.295555e+04	8.978562e+01	7.990919e+01
	716	189	179.000000	42.750000	3.661439e-04	9.914755e+04	1.854332e+00	1.420997e+01	1.261925e+04	1.266244e+04	1.227093e+04	9.138618e+01	8.594117e+01
	891	191	222.750000	42.250000	4.724786e-04	9.617255e+04	3.803971e+00	2.112891e+01	1.088805e+04	1.097964e+04	1.000093e+04	8.472053e+01	8.332680e+01
	1108	200	277.000000	40.000000	1.628622e-04	8.951555e+04	3.802297e+03	3.807785e+00	1.409325e+04	1.410665e+04	1.397530e+04	9.334106e+01	9.059734e+01
	1108	201	277.000000	39.750000	1.628622e-04	8.951555e+04	3.804481e+03	3.626985e+00	1.409762e+04	1.411123e+04	1.397530e+04	9.372417e+01	9.052184e+01
	1213	212	303.250000	37.000000	4.511401e-04	9.975555e+04	1.593710e+00	1.929734e+01	1.344759e+04	1.348109e+04	1.307943e+04	7.945300e+01	8.147330e+01
	167	215	41.750000	36.250000	1.232550e-04	7.428855e+04	2.520541e+04	5.688709e+00	1.499389e+04	1.500397e+04	1.487593e+04	7.688177e+01	7.517225e+01
	129	220	32.250000	35.000000	2.996847e-04	7.838355e+04	1.709702e+04	1.417665e+01	1.462877e+04	1.465162e+04	1.429568e+04	7.565240e+01	7.611022e+01
	504	331	126.000000	7.250000	3.264174e-04	8.796455e+04	1.381545e+04	1.015712e+01	1.488379e+04	1.488648e+04	1.482105e+04	9.260596e+01	8.990850e+01
	673	333	168.250000	6.750000	2.416298e-04	1.008425e+05	1.252531e+00	1.178485e+01	1.473751e+04	1.473896e+04	1.468080e+04	7.945159e+01	7.762118e+01
	610	337	152.500000	5.750000	9.023398e-05	1.008835e+05	2.070258e+01	1.015481e+01	1.468763e+04	1.469240e+04	1.464155e+04	7.699931e+01	8.062203e+01
	1137	341	284.250000	4.750000	1.365468e-04	6.744255e+04	3.464610e+04	8.735686e+00	1.489720e+04	1.489668e+04	1.469243e+04	7.915292e+01	7.423888e+01
	1049	345	262.250000	3.750000	4.722103e-04	1.010715e+05	1.493493e+00	1.121848e+01	1.488144e+04	1.488394e+04	1.480180e+04	9.013882e+01	8.595397e+01
	390	346	97.500000	3.500000	5.035847e-05	8.280455e+04	2.103244e+04	7.050681e+00	1.504846e+04	1.504917e+04	1.500530e+04	7.633900e+01	7.458923e+01
	1337	348	334.250000	3.000000	1.234040e-04	1.011965e+05	1.212281e+00	5.998117e+00	1.489617e+04	1.489780e+04	1.487368e+04	8.908544e+01	7.697546e+01
	813	349	203.250000	2.750000	4.010648e-05	1.010025e+05	4.949045e+00	8.936145e+00	1.479611e+04	1.479693e+04	1.477343e+04	8.631043e+01	7.710726e+01
	460	350	115.000000	2.500000	3.575534e-05	8.695855e+04	1.352554e+04	7.911994e+00	1.491792e+04	1.492140e+04	1.486405e+04	8.118787e+01	8.148286e+01
	813	350	203.250000	2.500000	4.010648e-05	1.010025e+05	4.949045e+00	8.936145e+00	1.479460e+04	1.479532e+04	1.477343e+04	8.597418e+01	7.823196e+01
	855	352	213.750000	2.000000	1.072139e-05	1.010055e+05	9.510900e-01	6.232814e+00	1.483246e+04	1.483379e+04	1.477968e+04	7.912962e+01	8.462629e+01
	302	353	75.500000	1.750000	2.246350e-05	1.014525e+05	2.739393e+00	5.506506e+00	1.517209e+04	1.517268e+04	1.515318e+04	7.714635e+01	7.449800e+01
	513	354	128.250000	1.500000	8.576363e-05	9.631455e+04	5.294975e+03	5.716618e+00	1.481258e+04	1.481651e+04	1.476130e+04	8.936444e+01	8.837861e+01
	1	359	0.250000	0.250000	8.188188e-06	1.011885e+05	1.614064e+00	5.838869e+00	1.496047e+04	1.496268e+04	1.493368e+04	8.344140e+01	7.820724e+01
	2	359	0.500000	0.250000	4.045665e-06	1.011905e+05	1.614064e+00	5.838869e+00	1.496106e+04	1.496312e+04	1.493368e+04	8.361136e+01	7.827946e+01
	548	359	137.000000	0.250000	1.426786e-05	9.653455e+04	1.181800e+03	6.225814e+00	1.478805e+04	1.478903e+04	1.475668e+04	7.971877e+01	8.252325e+01
	916	359	229.000000	0.250000	5.625188e-06	1.010715e+05	8.103890e-01	7.013736e+00	1.481224e+04	1.481399e+04	1.479918e+04	8.001349e+01	7.840353e+01
	1170	359	292.500000	0.250000	4.517287e-05	9.355955e+04	8.238647e+03	3.054539e+00	1.484118e+04	1.484514e+04	1.479818e+04	8.169418e+01	7.996725e+01
	916	360	229.000000	0.000000	5.625188e-06	1.010715e+05	8.103890e-01	7.013736e+00	1.481148e+04	1.481329e+04	1.479918e+04	7.855397e+01	7.766832e+01
	968	360	242.000000	0.000000	3.828853e-05	1.011055e+05	1.011285e+00	8.137613e+00	1.484663e+04	1.484770e+04	1.483218e+04	8.107469e+01	8.743258e+01
	1242	360	310.500000	0.000000	1.170486e-05	9.882355e+04	5.749417e+02	8.819408e+00	1.484060e+04	1.484248e+04	1.481630e+04	8.169266e+01	8.150546e+01
2024	1	31	25	12
	898	182	224.500000	44.500000	3.903580e-04	9.620508e+04	5.448839e+00	1.937707e+01	1.072753e+04	1.082025e+04	9.989438e+03	8.525509e+01	8.419943e+01
	1244	182	311.000000	44.500000	2.093387e-04	9.951508e+04	1.853069e+00	2.004417e+01	1.320616e+04	1.324413e+04	1.291081e+04	8.680675e+01	7.863697e+01
	722	183	180.500000	44.250000	3.029180e-04	9.901508e+04	2.497427e+00	1.584044e+01	1.252412e+04	1.257458e+04	1.216969e+04	9.264372e+01	8.776500e+01
	128	220	32.000000	35.000000	3.781093e-04	7.844208e+04	1.709702e+04	1.364694e+01	1.464805e+04	1.466474e+04	1.434331e+04	7.760000e+01	7.558643e+01
	1117	223	279.250000	34.250000	1.395417e-04	8.928808e+04	9.787460e+03	8.156685e+00	1.427794e+04	1.429714e+04	1.409831e+04	7.784734e+01	7.537345e+01
	471	229	117.750000	32.750000	1.175774e-04	9.335908e+04	4.771616e+03	1.197893e+01	1.483539e+04	1.484665e+04	1.473906e+04	9.785968e+01	9.261396e+01
	782	240	195.500000	30.000000	1.628471e-04	1.008031e+05	1.573504e+00	1.217889e+01	1.416394e+04	1.417417e+04	1.410356e+04	8.315324e+01	7.647018e+01
	633	331	158.250000	7.250000	6.846315e-05	1.010271e+05	4.042177e+02	1.143473e+01	1.493619e+04	1.493814e+04	1.490894e+04	7.588902e+01	7.659499e+01
	634	331	158.500000	7.250000	7.299311e-05	1.010271e+05	4.042177e+02	1.132070e+01	1.493603e+04	1.493803e+04	1.490894e+04	7.561806e+01	7.645014e+01
	1137	341	284.250000	4.750000	1.192165e-04	6.742308e+04	3.464610e+04	9.384146e+00	1.490870e+04	1.490966e+04	1.469256e+04	8.451220e+01	7.984206e+01
	933	342	233.250000	4.500000	1.014001e-05	1.008561e+05	1.292632e+00	6.914088e+00	1.465217e+04	1.465468e+04	1.462706e+04	8.624094e+01	8.805122e+01
	979	342	244.750000	4.500000	1.049764e-05	1.008261e+05	8.911253e-01	7.151239e+00	1.462546e+04	1.463003e+04	1.458044e+04	9.063437e+01	8.825394e+01
	1048	342	262.000000	4.500000	2.257598e-04	1.008731e+05	1.714862e+00	1.093079e+01	1.469189e+04	1.469683e+04	1.464844e+04	8.925964e+01	8.408228e+01
	483	343	120.750000	4.250000	5.740649e-05	9.848608e+04	7.322139e+02	9.288473e+00	1.502872e+04	1.503160e+04	1.498331e+04	8.204704e+01	8.360007e+01
	1307	343	326.750000	4.250000	2.864725e-05	1.013981e+05	1.051246e+00	7.603924e+00	1.506891e+04	1.507027e+04	1.503994e+04	8.111122e+01	7.031637e+01
	1389	343	347.250000	4.250000	3.941124e-06	1.011451e+05	1.553767e+00	5.619440e+00	1.506052e+04	1.506131e+04	1.503369e+04	7.680801e+01	6.860662e+01
	839	348	209.750000	3.000000	2.240313e-04	1.008691e+05	1.212252e+00	7.880754e+00	1.470196e+04	1.470307e+04	1.466744e+04	8.403291e+01	8.453976e+01
	594	350	148.500000	2.500000	1.178456e-04	1.011211e+05	2.458132e+00	9.460224e+00	1.492346e+04	1.492547e+04	1.485819e+04	8.750918e+01	8.082101e+01
	223	355	55.750000	1.250000	2.346165e-05	1.011381e+05	1.312810e+00	5.190375e+00	1.493073e+04	1.493190e+04	1.491656e+04	7.807664e+01	6.872601e+01
	224	355	56.000000	1.250000	2.331263e-05	1.011381e+05	1.312810e+00	5.144241e+00	1.493071e+04	1.493173e+04	1.491656e+04	7.832774e+01	6.869104e+01
	514	356	128.500000	1.000000	5.895621e-05	9.655008e+04	5.294975e+03	6.236022e+00	1.498300e+04	1.498478e+04	1.496656e+04	8.932703e+01	8.775826e+01
	1204	356	301.000000	1.000000	1.419312e-05	9.591408e+04	5.031323e+03	5.597582e+00	1.498721e+04	1.498927e+04	1.495369e+04	8.730467e+01	8.519720e+01
	1204	357	301.000000	0.750000	1.413352e-05	9.591408e+04	5.031323e+03	5.494249e+00	1.498498e+04	1.498725e+04	1.495369e+04	8.706780e+01	8.501308e+01
	538	360	134.500000	0.000000	2.721674e-05	8.300008e+04	1.706906e+04	6.415605e+00	1.497218e+04	1.497219e+04	1.495019e+04	8.305611e+01	8.277708e+01
	894	360	223.500000	0.000000	-1.274282e-06	1.008941e+05	1.131940e+00	7.320411e+00	1.467195e+04	1.467441e+04	1.464894e+04	7.657378e+01	7.937455e+01
